4588
n34-m289 60 15 18 15 2 2 2 2 2 2 2 2 3 3 3 3 3 3 3 18 1 1 1 1 1 1 1 2 2 2 2 2 3 3 3 3 3 3
n34-m289 66 15 18 15 1 2 2 2 2 2 2 3 3 3 3 3 3 3 3 18 1 1 1 1 1 1 1 1 2 2 2 3 3 3 3 3 3 3
n34-m289 77 15 18 15 2 2 2 2 2 2 2 3 3 3 3 3 3 3 3 18 1 1 1 1 1 1 1 2 2 2 2 3 3 3 3 3 3 3
n34-m289 97 15 18 15 1 2 2 2 2 2 3 3 3 3 3 3 3 3 3 18 1 1 1 1 1 1 1 1 2 2 2 3 3 3 3 3 3 4
n34-m289 98 15 18 15 1 2 2 2 2 2 3 3 3 3 3 3 3 3 3 18 1 1 1 1 1 1 1 1 2 2 3 3 3 3 3 3 3 3
n34-m289 121 15 18 15 2 2 2 2 2 2 3 3 3 3 3 3 3 3 3 18 1 1 1 1 1 1 1 2 2 2 2 3 3 3 3 3 3 4
n34-m289 122 15 18 15 2 2 2 2 2 2 3 3 3 3 3 3 3 3 3 18 1 1 1 1 1 1 1 2 2 2 3 3 3 3 3 3 3 3
n34-m289 124 15 18 15 1 1 1 2 2 3 3 3 3 3 3 3 3 3 3 18 1 1 1 1 1 1 1 1 1 2 3 3 3 3 3 3 3 3
n34-m289 129 15 18 15 1 1 2 2 2 3 3 3 3 3 3 3 3 3 3 18 1 1 1 1 1 1 1 1 2 2 3 3 3 3 3 3 3 3
n34-m289 141 15 18 15 1 2 2 2 2 3 3 3 3 3 3 3 3 3 3 18 1 1 1 1 1 1 1 1 2 2 3 3 3 3 3 3 3 4
n34-m289 142 15 18 15 1 2 2 2 2 3 3 3 3 3 3 3 3 3 3 18 1 1 1 1 1 1 1 1 2 3 3 3 3 3 3 3 3 3
n34-m289 143 15 18 15 1 2 2 2 2 3 3 3 3 3 3 3 3 3 3 18 1 1 1 1 1 1 1 2 2 2 3 3 3 3 3 3 3 3
n34-m289 152 15 18 15 2 2 2 2 2 3 3 3 3 3 3 3 3 3 3 18 1 1 1 1 1 1 1 2 2 2 3 3 3 3 3 3 3 4
n34-m289 153 15 18 15 2 2 2 2 2 3 3 3 3 3 3 3 3 3 3 18 1 1 1 1 1 1 1 2 2 3 3 3 3 3 3 3 3 3
n34-m289 154 15 18 15 2 2 2 2 2 3 3 3 3 3 3 3 3 3 3 18 1 1 1 1 1 1 2 2 2 2 3 3 3 3 3 3 3 3
n34-m289 159 15 18 15 1 1 1 2 3 3 3 3 3 3 3 3 3 3 3 18 1 1 1 1 1 1 1 1 1 3 3 3 3 3 3 3 3 3
n34-m289 174 15 18 15 1 1 2 2 3 3 3 3 3 3 3 3 3 3 3 18 1 1 1 1 1 1 1 1 2 3 3 3 3 3 3 3 3 3
n34-m289 184 15 18 15 0 2 2 2 3 3 3 3 3 3 3 3 3 3 3 18 1 1 1 1 1 1 1 1 2 3 3 3 3 3 3 3 3 3
n34-m289 202 15 18 15 1 2 2 2 3 3 3 3 3 3 3 3 3 3 3 18 1 1 1 1 1 1 1 1 2 3 3 3 3 3 3 3 3 4
n34-m289 203 15 18 15 1 2 2 2 3 3 3 3 3 3 3 3 3 3 3 18 1 1 1 1 1 1 1 1 3 3 3 3 3 3 3 3 3 3
n34-m289 206 15 18 15 1 2 2 2 3 3 3 3 3 3 3 3 3 3 3 18 1 1 1 1 1 1 1 2 2 3 3 3 3 3 3 3 3 3
n34-m289 223 15 18 15 2 2 2 2 3 3 3 3 3 3 3 3 3 3 3 18 1 1 1 1 1 1 1 2 2 2 3 3 3 3 3 3 3 5
n34-m289 224 15 18 15 2 2 2 2 3 3 3 3 3 3 3 3 3 3 3 18 1 1 1 1 1 1 1 2 2 2 3 3 3 3 3 3 4 4
n34-m289 226 15 18 15 2 2 2 2 3 3 3 3 3 3 3 3 3 3 3 18 1 1 1 1 1 1 1 2 2 3 3 3 3 3 3 3 3 4
n34-m289 227 15 18 15 2 2 2 2 3 3 3 3 3 3 3 3 3 3 3 18 1 1 1 1 1 1 1 2 3 3 3 3 3 3 3 3 3 3
n34-m289 229 15 18 15 2 2 2 2 3 3 3 3 3 3 3 3 3 3 3 18 1 1 1 1 1 1 2 2 2 2 3 3 3 3 3 3 3 4
n34-m289 230 15 18 15 2 2 2 2 3 3 3 3 3 3 3 3 3 3 3 18 1 1 1 1 1 1 2 2 2 3 3 3 3 3 3 3 3 3
n34-m289 231 15 18 15 2 2 2 2 3 3 3 3 3 3 3 3 3 3 3 18 1 1 1 1 1 2 2 2 2 2 3 3 3 3 3 3 3 3
n34-m289 232 15 18 15 0 1 1 3 3 3 3 3 3 3 3 3 3 3 3 18 1 1 1 1 1 1 1 1 1 3 3 3 3 3 3 3 3 3
n34-m289 234 15 18 15 1 1 1 3 3 3 3 3 3 3 3 3 3 3 3 18 1 1 1 1 1 1 1 1 1 3 3 3 3 3 3 3 3 4
n34-m289 235 15 18 15 1 1 1 3 3 3 3 3 3 3 3 3 3 3 3 18 1 1 1 1 1 1 1 1 2 3 3 3 3 3 3 3 3 3
n34-m289 239 15 18 15 0 1 2 3 3 3 3 3 3 3 3 3 3 3 3 18 1 1 1 1 1 1 1 1 2 3 3 3 3 3 3 3 3 3
n34-m289 245 15 18 15 1 1 2 3 3 3 3 3 3 3 3 3 3 3 3 18 1 1 1 1 1 1 1 1 2 3 3 3 3 3 3 3 3 4
n34-m289 246 15 18 15 1 1 2 3 3 3 3 3 3 3 3 3 3 3 3 18 1 1 1 1 1 1 1 1 3 3 3 3 3 3 3 3 3 3
n34-m289 247 15 18 15 1 1 2 3 3 3 3 3 3 3 3 3 3 3 3 18 1 1 1 1 1 1 1 2 2 3 3 3 3 3 3 3 3 3
n34-m289 249 15 18 15 0 2 2 3 3 3 3 3 3 3 3 3 3 3 3 18 1 1 1 1 1 1 1 1 2 3 3 3 3 3 3 3 3 4
n34-m289 250 15 18 15 0 2 2 3 3 3 3 3 3 3 3 3 3 3 3 18 1 1 1 1 1 1 1 1 3 3 3 3 3 3 3 3 3 3
n34-m289 251 15 18 15 0 2 2 3 3 3 3 3 3 3 3 3 3 3 3 18 1 1 1 1 1 1 1 2 2 3 3 3 3 3 3 3 3 3
n34-m289 254 15 18 15 1 2 2 3 3 3 3 3 3 3 3 3 3 3 3 18 1 1 1 1 1 1 1 1 2 3 3 3 3 3 3 3 3 5
n34-m289 255 15 18 15 1 2 2 3 3 3 3 3 3 3 3 3 3 3 3 18 1 1 1 1 1 1 1 1 2 3 3 3 3 3 3 3 4 4
n34-m289 257 15 18 15 1 2 2 3 3 3 3 3 3 3 3 3 3 3 3 18 1 1 1 1 1 1 1 1 3 3 3 3 3 3 3 3 3 4
n34-m289 259 15 18 15 1 2 2 3 3 3 3 3 3 3 3 3 3 3 3 18 1 1 1 1 1 1 1 2 2 3 3 3 3 3 3 3 3 4
n34-m289 260 15 18 15 1 2 2 3 3 3 3 3 3 3 3 3 3 3 3 18 1 1 1 1 1 1 1 2 3 3 3 3 3 3 3 3 3 3
n34-m289 261 15 18 15 1 2 2 3 3 3 3 3 3 3 3 3 3 3 3 18 1 1 1 1 1 1 2 2 2 3 3 3 3 3 3 3 3 3
n34-m289 278 15 18 15 2 2 2 3 3 3 3 3 3 3 3 3 3 3 3 18 1 1 1 1 1 1 1 2 3 3 3 3 3 3 3 3 3 4
n34-m289 279 15 18 15 2 2 2 3 3 3 3 3 3 3 3 3 3 3 3 18 1 1 1 1 1 1 1 3 3 3 3 3 3 3 3 3 3 3
n34-m289 281 15 18 15 2 2 2 3 3 3 3 3 3 3 3 3 3 3 3 18 1 1 1 1 1 1 2 2 2 3 3 3 3 3 3 3 3 4
n34-m289 282 15 18 15 2 2 2 3 3 3 3 3 3 3 3 3 3 3 3 18 1 1 1 1 1 1 2 2 3 3 3 3 3 3 3 3 3 3
n34-m289 283 15 18 15 2 2 2 3 3 3 3 3 3 3 3 3 3 3 3 18 1 1 1 1 1 2 2 2 2 3 3 3 3 3 3 3 3 3
n34-m289 293 15 18 15 0 1 3 3 3 3 3 3 3 3 3 3 3 3 3 18 1 1 1 1 1 1 1 1 3 3 3 3 3 3 3 3 3 3
n34-m289 307 15 18 15 1 1 3 3 3 3 3 3 3 3 3 3 3 3 3 18 1 1 1 1 1 1 1 1 3 3 3 3 3 3 3 3 3 4
n34-m289 310 15 18 15 1 1 3 3 3 3 3 3 3 3 3 3 3 3 3 18 1 1 1 1 1 1 1 2 3 3 3 3 3 3 3 3 3 3
n34-m289 316 15 18 15 0 2 3 3 3 3 3 3 3 3 3 3 3 3 3 18 1 1 1 1 1 1 1 1 3 3 3 3 3 3 3 3 3 3
n34-m289 317 15 18 15 0 2 3 3 3 3 3 3 3 3 3 3 3 3 3 18 1 1 1 1 1 1 1 1 3 3 3 3 3 3 3 3 3 4
n34-m289 320 15 18 15 0 2 3 3 3 3 3 3 3 3 3 3 3 3 3 18 1 1 1 1 1 1 1 2 3 3 3 3 3 3 3 3 3 3
n34-m289 331 15 18 15 1 2 3 3 3 3 3 3 3 3 3 3 3 3 3 18 1 1 1 1 1 1 1 1 3 3 3 3 3 3 3 3 3 5
n34-m289 332 15 18 15 1 2 3 3 3 3 3 3 3 3 3 3 3 3 3 18 1 1 1 1 1 1 1 1 3 3 3 3 3 3 3 3 4 4
n34-m289 338 15 18 15 1 2 3 3 3 3 3 3 3 3 3 3 3 3 3 18 1 1 1 1 1 1 1 2 3 3 3 3 3 3 3 3 3 4
n34-m289 339 15 18 15 1 2 3 3 3 3 3 3 3 3 3 3 3 3 3 18 1 1 1 1 1 1 1 3 3 3 3 3 3 3 3 3 3 3
n34-m289 342 15 18 15 1 2 3 3 3 3 3 3 3 3 3 3 3 3 3 18 1 1 1 1 1 1 2 2 3 3 3 3 3 3 3 3 3 3
n34-m289 375 15 18 15 2 2 3 3 3 3 3 3 3 3 3 3 3 3 3 18 1 1 1 1 1 1 1 3 3 3 3 3 3 3 3 3 3 4
n34-m289 381 15 18 15 2 2 3 3 3 3 3 3 3 3 3 3 3 3 3 18 1 1 1 1 1 1 2 2 3 3 3 3 3 3 3 3 3 4
n34-m289 382 15 18 15 2 2 3 3 3 3 3 3 3 3 3 3 3 3 3 18 1 1 1 1 1 1 2 3 3 3 3 3 3 3 3 3 3 3
n34-m289 385 15 18 15 2 2 3 3 3 3 3 3 3 3 3 3 3 3 3 18 1 1 1 1 1 2 2 2 3 3 3 3 3 3 3 3 3 3
n34-m289 404 15 18 15 0 3 3 3 3 3 3 3 3 3 3 3 3 3 3 18 1 1 1 1 1 1 1 3 3 3 3 3 3 3 3 3 3 3
n34-m289 440 15 18 15 1 3 3 3 3 3 3 3 3 3 3 3 3 3 3 18 1 1 1 1 1 1 1 3 3 3 3 3 3 3 3 3 3 4
n34-m289 447 15 18 15 1 3 3 3 3 3 3 3 3 3 3 3 3 3 3 18 1 1 1 1 1 1 2 3 3 3 3 3 3 3 3 3 3 3
n34-m289 518 15 18 15 2 3 3 3 3 3 3 3 3 3 3 3 3 3 3 18 1 1 1 1 1 1 2 3 3 3 3 3 3 3 3 3 3 4
n34-m289 519 15 18 15 2 3 3 3 3 3 3 3 3 3 3 3 3 3 3 18 1 1 1 1 1 1 3 3 3 3 3 3 3 3 3 3 3 3
n34-m289 526 15 18 15 2 3 3 3 3 3 3 3 3 3 3 3 3 3 3 18 1 1 1 1 1 2 2 3 3 3 3 3 3 3 3 3 3 3
n34-m289 588 15 18 15 3 3 3 3 3 3 3 3 3 3 3 3 3 3 3 18 1 1 1 1 1 2 3 3 3 3 3 3 3 3 3 3 3 3
n34-m289 620 15 18 15 1 2 2 3 3 3 3 3 3 3 3 3 3 4 4 18 1 1 1 1 1 1 1 1 2 3 3 3 3 3 4 4 4 4
n34-m289 625 15 18 15 2 2 2 3 3 3 3 3 3 3 3 3 3 4 4 18 1 1 1 1 1 1 1 2 2 3 3 3 3 3 4 4 4 4
n34-m289 631 15 18 15 1 2 3 3 3 3 3 3 3 3 3 3 3 4 4 18 1 1 1 1 1 1 1 1 3 3 3 3 3 3 4 4 4 4
n34-m289 646 15 18 15 2 2 3 3 3 3 3 3 3 3 3 3 3 4 4 18 1 1 1 1 1 1 1 2 3 3 3 3 3 3 4 4 4 4
n34-m289 663 15 18 15 2 3 3 3 3 3 3 3 3 3 3 3 3 4 4 18 1 1 1 1 1 1 1 3 3 3 3 3 3 3 4 4 4 4
n34-m289 699 15 18 15 1 2 2 2 2 3 3 3 3 3 3 3 4 4 4 18 1 1 1 1 1 1 1 1 2 2 3 3 3 3 4 4 4 4
n34-m289 704 15 18 15 2 2 2 2 2 3 3 3 3 3 3 3 4 4 4 18 1 1 1 1 1 1 1 2 2 2 3 3 3 3 4 4 4 4
n34-m289 705 15 18 15 1 2 2 2 3 3 3 3 3 3 3 3 4 4 4 18 1 1 1 1 1 1 1 1 2 3 3 3 3 3 4 4 4 4
n34-m289 710 15 18 15 2 2 2 2 3 3 3 3 3 3 3 3 4 4 4 18 1 1 1 1 1 1 1 2 2 3 3 3 3 3 4 4 4 4
n34-m289 712 15 18 15 1 1 2 3 3 3 3 3 3 3 3 3 4 4 4 18 1 1 1 1 1 1 1 1 2 3 3 3 3 3 4 4 4 4
n34-m289 713 15 18 15 0 2 2 3 3 3 3 3 3 3 3 3 4 4 4 18 1 1 1 1 1 1 1 1 2 3 3 3 3 3 4 4 4 4
n34-m289 715 15 18 15 1 2 2 3 3 3 3 3 3 3 3 3 4 4 4 18 1 1 1 1 1 1 1 1 2 3 3 3 3 3 4 4 4 5
n34-m289 716 15 18 15 1 2 2 3 3 3 3 3 3 3 3 3 4 4 4 18 1 1 1 1 1 1 1 1 2 3 3 3 3 4 4 4 4 4
n34-m289 717 15 18 15 1 2 2 3 3 3 3 3 3 3 3 3 4 4 4 18 1 1 1 1 1 1 1 1 3 3 3 3 3 3 4 4 4 4
n34-m289 718 15 18 15 1 2 2 3 3 3 3 3 3 3 3 3 4 4 4 18 1 1 1 1 1 1 1 2 2 3 3 3 3 3 4 4 4 4
n34-m289 730 15 18 15 2 2 2 3 3 3 3 3 3 3 3 3 4 4 4 18 1 1 1 1 1 1 1 2 2 3 3 3 3 3 4 4 4 5
n34-m289 731 15 18 15 2 2 2 3 3 3 3 3 3 3 3 3 4 4 4 18 1 1 1 1 1 1 1 2 2 3 3 3 3 4 4 4 4 4
n34-m289 732 15 18 15 2 2 2 3 3 3 3 3 3 3 3 3 4 4 4 18 1 1 1 1 1 1 1 2 3 3 3 3 3 3 4 4 4 4
n34-m289 733 15 18 15 2 2 2 3 3 3 3 3 3 3 3 3 4 4 4 18 1 1 1 1 1 1 2 2 2 3 3 3 3 3 4 4 4 4
n34-m289 738 15 18 15 1 1 3 3 3 3 3 3 3 3 3 3 4 4 4 18 1 1 1 1 1 1 1 1 3 3 3 3 3 3 4 4 4 4
n34-m289 743 15 18 15 0 2 3 3 3 3 3 3 3 3 3 3 4 4 4 18 1 1 1 1 1 1 1 1 3 3 3 3 3 3 4 4 4 4
n34-m289 753 15 18 15 1 2 3 3 3 3 3 3 3 3 3 3 4 4 4 18 1 1 1 1 1 1 1 1 3 3 3 3 3 3 4 4 4 5
n34-m289 754 15 18 15 1 2 3 3 3 3 3 3 3 3 3 3 4 4 4 18 1 1 1 1 1 1 1 1 3 3 3 3 3 4 4 4 4 4
n34-m289 758 15 18 15 1 2 3 3 3 3 3 3 3 3 3 3 4 4 4 18 1 1 1 1 1 1 1 2 3 3 3 3 3 3 4 4 4 4
n34-m289 789 15 18 15 2 2 3 3 3 3 3 3 3 3 3 3 4 4 4 18 1 1 1 1 1 1 1 2 3 3 3 3 3 3 4 4 4 5
n34-m289 790 15 18 15 2 2 3 3 3 3 3 3 3 3 3 3 4 4 4 18 1 1 1 1 1 1 1 2 3 3 3 3 3 4 4 4 4 4
n34-m289 791 15 18 15 2 2 3 3 3 3 3 3 3 3 3 3 4 4 4 18 1 1 1 1 1 1 1 3 3 3 3 3 3 3 4 4 4 4
n34-m289 795 15 18 15 2 2 3 3 3 3 3 3 3 3 3 3 4 4 4 18 1 1 1 1 1 1 2 2 3 3 3 3 3 3 4 4 4 4
n34-m289 811 15 18 15 1 3 3 3 3 3 3 3 3 3 3 3 4 4 4 18 1 1 1 1 1 1 1 3 3 3 3 3 3 3 4 4 4 4
n34-m289 835 15 18 15 2 3 3 3 3 3 3 3 3 3 3 3 4 4 4 18 1 1 1 1 1 1 1 3 3 3 3 3 3 3 4 4 4 5
n34-m289 836 15 18 15 2 3 3 3 3 3 3 3 3 3 3 3 4 4 4 18 1 1 1 1 1 1 1 3 3 3 3 3 3 4 4 4 4 4
n34-m289 840 15 18 15 2 3 3 3 3 3 3 3 3 3 3 3 4 4 4 18 1 1 1 1 1 1 2 3 3 3 3 3 3 3 4 4 4 4
n34-m289 899 15 18 15 3 3 3 3 3 3 3 3 3 3 3 3 4 4 4 18 1 1 1 1 1 1 3 3 3 3 3 3 3 3 4 4 4 4
n34-m289 911 15 18 15 1 2 2 2 2 2 3 3 3 3 3 4 4 4 4 18 1 1 1 1 1 1 1 1 2 2 3 3 3 3 4 4 4 4
n34-m289 916 15 18 15 2 2 2 2 2 2 3 3 3 3 3 4 4 4 4 18 1 1 1 1 1 1 1 2 2 2 3 3 3 3 4 4 4 4
n34-m289 923 15 18 15 1 2 2 2 2 3 3 3 3 3 3 4 4 4 4 18 1 1 1 1 1 1 1 1 2 3 3 3 3 3 4 4 4 4
n34-m289 939 15 18 15 2 2 2 2 2 3 3 3 3 3 3 4 4 4 4 18 1 1 1 1 1 1 1 2 2 3 3 3 3 3 4 4 4 4
n34-m289 942 15 18 15 1 1 2 2 3 3 3 3 3 3 3 4 4 4 4 18 1 1 1 1 1 1 1 1 2 3 3 3 3 3 4 4 4 4
n34-m289 943 15 18 15 0 2 2 2 3 3 3 3 3 3 3 4 4 4 4 18 1 1 1 1 1 1 1 1 2 3 3 3 3 3 4 4 4 4
n34-m289 945 15 18 15 1 2 2 2 3 3 3 3 3 3 3 4 4 4 4 18 1 1 1 1 1 1 1 1 2 3 3 3 3 3 4 4 4 5
n34-m289 946 15 18 15 1 2 2 2 3 3 3 3 3 3 3 4 4 4 4 18 1 1 1 1 1 1 1 1 2 3 3 3 3 4 4 4 4 4
n34-m289 947 15 18 15 1 2 2 2 3 3 3 3 3 3 3 4 4 4 4 18 1 1 1 1 1 1 1 1 3 3 3 3 3 3 4 4 4 4
n34-m289 948 15 18 15 1 2 2 2 3 3 3 3 3 3 3 4 4 4 4 18 1 1 1 1 1 1 1 2 2 3 3 3 3 3 4 4 4 4
n34-m289 960 15 18 15 2 2 2 2 3 3 3 3 3 3 3 4 4 4 4 18 1 1 1 1 1 1 1 2 2 3 3 3 3 3 4 4 4 5
n34-m289 961 15 18 15 2 2 2 2 3 3 3 3 3 3 3 4 4 4 4 18 1 1 1 1 1 1 1 2 2 3 3 3 3 4 4 4 4 4
n34-m289 962 15 18 15 2 2 2 2 3 3 3 3 3 3 3 4 4 4 4 18 1 1 1 1 1 1 1 2 3 3 3 3 3 3 4 4 4 4
n34-m289 963 15 18 15 2 2 2 2 3 3 3 3 3 3 3 4 4 4 4 18 1 1 1 1 1 1 2 2 2 3 3 3 3 3 4 4 4 4
n34-m289 964 15 18 15 1 1 1 3 3 3 3 3 3 3 3 4 4 4 4 18 1 1 1 1 1 1 1 1 2 3 3 3 3 3 4 4 4 4
n34-m289 965 15 18 15 0 1 2 3 3 3 3 3 3 3 3 4 4 4 4 18 1 1 1 1 1 1 1 1 2 3 3 3 3 3 4 4 4 4
n34-m289 967 15 18 15 1 1 2 3 3 3 3 3 3 3 3 4 4 4 4 18 1 1 1 1 1 1 1 1 2 3 3 3 3 3 4 4 4 5
n34-m289 968 15 18 15 1 1 2 3 3 3 3 3 3 3 3 4 4 4 4 18 1 1 1 1 1 1 1 1 2 3 3 3 3 4 4 4 4 4
n34-m289 969 15 18 15 1 1 2 3 3 3 3 3 3 3 3 4 4 4 4 18 1 1 1 1 1 1 1 1 3 3 3 3 3 3 4 4 4 4
n34-m289 970 15 18 15 1 1 2 3 3 3 3 3 3 3 3 4 4 4 4 18 1 1 1 1 1 1 1 2 2 3 3 3 3 3 4 4 4 4
n34-m289 971 15 18 15 0 2 2 3 3 3 3 3 3 3 3 4 4 4 4 18 1 1 1 1 1 1 1 1 2 3 3 3 3 3 4 4 4 4
n34-m289 972 15 18 15 0 2 2 3 3 3 3 3 3 3 3 4 4 4 4 18 1 1 1 1 1 1 1 1 2 3 3 3 3 3 4 4 4 5
n34-m289 973 15 18 15 0 2 2 3 3 3 3 3 3 3 3 4 4 4 4 18 1 1 1 1 1 1 1 1 2 3 3 3 3 4 4 4 4 4
n34-m289 974 15 18 15 0 2 2 3 3 3 3 3 3 3 3 4 4 4 4 18 1 1 1 1 1 1 1 1 3 3 3 3 3 3 4 4 4 4
n34-m289 975 15 18 15 0 2 2 3 3 3 3 3 3 3 3 4 4 4 4 18 1 1 1 1 1 1 1 2 2 3 3 3 3 3 4 4 4 4
n34-m289 978 15 18 15 1 2 2 3 3 3 3 3 3 3 3 4 4 4 4 18 1 1 1 1 1 1 1 1 2 3 3 3 3 3 4 4 4 6
n34-m289 979 15 18 15 1 2 2 3 3 3 3 3 3 3 3 4 4 4 4 18 1 1 1 1 1 1 1 1 2 3 3 3 3 3 4 4 5 5
n34-m289 981 15 18 15 1 2 2 3 3 3 3 3 3 3 3 4 4 4 4 18 1 1 1 1 1 1 1 1 2 3 3 3 3 4 4 4 4 5
n34-m289 982 15 18 15 1 2 2 3 3 3 3 3 3 3 3 4 4 4 4 18 1 1 1 1 1 1 1 1 2 3 3 3 4 4 4 4 4 4
n34-m289 984 15 18 15 1 2 2 3 3 3 3 3 3 3 3 4 4 4 4 18 1 1 1 1 1 1 1 1 3 3 3 3 3 3 4 4 4 5
n34-m289 985 15 18 15 1 2 2 3 3 3 3 3 3 3 3 4 4 4 4 18 1 1 1 1 1 1 1 1 3 3 3 3 3 4 4 4 4 4
n34-m289 987 15 18 15 1 2 2 3 3 3 3 3 3 3 3 4 4 4 4 18 1 1 1 1 1 1 1 2 2 3 3 3 3 3 4 4 4 5
n34-m289 988 15 18 15 1 2 2 3 3 3 3 3 3 3 3 4 4 4 4 18 1 1 1 1 1 1 1 2 2 3 3 3 3 4 4 4 4 4
n34-m289 989 15 18 15 1 2 2 3 3 3 3 3 3 3 3 4 4 4 4 18 1 1 1 1 1 1 1 2 3 3 3 3 3 3 4 4 4 4
n34-m289 990 15 18 15 1 2 2 3 3 3 3 3 3 3 3 4 4 4 4 18 1 1 1 1 1 1 2 2 2 3 3 3 3 3 4 4 4 4
n34-m289 1014 15 18 15 2 2 2 3 3 3 3 3 3 3 3 4 4 4 4 18 1 1 1 1 1 1 1 2 2 3 3 3 3 3 4 4 4 6
n34-m289 1015 15 18 15 2 2 2 3 3 3 3 3 3 3 3 4 4 4 4 18 1 1 1 1 1 1 1 2 2 3 3 3 3 3 4 4 5 5
n34-m289 1017 15 18 15 2 2 2 3 3 3 3 3 3 3 3 4 4 4 4 18 1 1 1 1 1 1 1 2 2 3 3 3 3 4 4 4 4 5
n34-m289 1018 15 18 15 2 2 2 3 3 3 3 3 3 3 3 4 4 4 4 18 1 1 1 1 1 1 1 2 2 3 3 3 4 4 4 4 4 4
n34-m289 1020 15 18 15 2 2 2 3 3 3 3 3 3 3 3 4 4 4 4 18 1 1 1 1 1 1 1 2 3 3 3 3 3 3 4 4 4 5
n34-m289 1021 15 18 15 2 2 2 3 3 3 3 3 3 3 3 4 4 4 4 18 1 1 1 1 1 1 1 2 3 3 3 3 3 4 4 4 4 4
n34-m289 1022 15 18 15 2 2 2 3 3 3 3 3 3 3 3 4 4 4 4 18 1 1 1 1 1 1 1 3 3 3 3 3 3 3 4 4 4 4
n34-m289 1024 15 18 15 2 2 2 3 3 3 3 3 3 3 3 4 4 4 4 18 1 1 1 1 1 1 2 2 2 3 3 3 3 3 4 4 4 5
n34-m289 1025 15 18 15 2 2 2 3 3 3 3 3 3 3 3 4 4 4 4 18 1 1 1 1 1 1 2 2 2 3 3 3 3 4 4 4 4 4
n34-m289 1026 15 18 15 2 2 2 3 3 3 3 3 3 3 3 4 4 4 4 18 1 1 1 1 1 1 2 2 3 3 3 3 3 3 4 4 4 4
n34-m289 1027 15 18 15 2 2 2 3 3 3 3 3 3 3 3 4 4 4 4 18 1 1 1 1 1 2 2 2 2 3 3 3 3 3 4 4 4 4
n34-m289 1028 15 18 15 0 1 3 3 3 3 3 3 3 3 3 4 4 4 4 18 1 1 1 1 1 1 1 1 3 3 3 3 3 3 4 4 4 4
n34-m289 1030 15 18 15 1 1 3 3 3 3 3 3 3 3 3 4 4 4 4 18 1 1 1 1 1 1 1 1 3 3 3 3 3 3 4 4 4 5
n34-m289 1031 15 18 15 1 1 3 3 3 3 3 3 3 3 3 4 4 4 4 18 1 1 1 1 1 1 1 1 3 3 3 3 3 4 4 4 4 4
n34-m289 1032 15 18 15 1 1 3 3 3 3 3 3 3 3 3 4 4 4 4 18 1 1 1 1 1 1 1 2 3 3 3 3 3 3 4 4 4 4
n34-m289 1033 15 18 15 0 2 3 3 3 3 3 3 3 3 3 4 4 4 4 18 1 1 1 1 1 1 1 1 3 3 3 3 3 3 4 4 4 4
n34-m289 1034 15 18 15 0 2 3 3 3 3 3 3 3 3 3 4 4 4 4 18 1 1 1 1 1 1 1 1 3 3 3 3 3 3 4 4 4 5
n34-m289 1035 15 18 15 0 2 3 3 3 3 3 3 3 3 3 4 4 4 4 18 1 1 1 1 1 1 1 1 3 3 3 3 3 4 4 4 4 4
n34-m289 1036 15 18 15 0 2 3 3 3 3 3 3 3 3 3 4 4 4 4 18 1 1 1 1 1 1 1 2 3 3 3 3 3 3 4 4 4 4
n34-m289 1039 15 18 15 1 2 3 3 3 3 3 3 3 3 3 4 4 4 4 18 1 1 1 1 1 1 1 1 3 3 3 3 3 3 4 4 4 6
n34-m289 1040 15 18 15 1 2 3 3 3 3 3 3 3 3 3 4 4 4 4 18 1 1 1 1 1 1 1 1 3 3 3 3 3 3 4 4 5 5
n34-m289 1042 15 18 15 1 2 3 3 3 3 3 3 3 3 3 4 4 4 4 18 1 1 1 1 1 1 1 1 3 3 3 3 3 4 4 4 4 5
n34-m289 1043 15 18 15 1 2 3 3 3 3 3 3 3 3 3 4 4 4 4 18 1 1 1 1 1 1 1 1 3 3 3 3 4 4 4 4 4 4
n34-m289 1045 15 18 15 1 2 3 3 3 3 3 3 3 3 3 4 4 4 4 18 1 1 1 1 1 1 1 2 3 3 3 3 3 3 4 4 4 5
n34-m289 1046 15 18 15 1 2 3 3 3 3 3 3 3 3 3 4 4 4 4 18 1 1 1 1 1 1 1 2 3 3 3 3 3 4 4 4 4 4
n34-m289 1047 15 18 15 1 2 3 3 3 3 3 3 3 3 3 4 4 4 4 18 1 1 1 1 1 1 1 3 3 3 3 3 3 3 4 4 4 4
n34-m289 1048 15 18 15 1 2 3 3 3 3 3 3 3 3 3 4 4 4 4 18 1 1 1 1 1 1 2 2 3 3 3 3 3 3 4 4 4 4
n34-m289 1065 15 18 15 2 2 3 3 3 3 3 3 3 3 3 4 4 4 4 18 1 1 1 1 1 1 1 2 3 3 3 3 3 3 4 4 4 6
n34-m289 1066 15 18 15 2 2 3 3 3 3 3 3 3 3 3 4 4 4 4 18 1 1 1 1 1 1 1 2 3 3 3 3 3 3 4 4 5 5
n34-m289 1068 15 18 15 2 2 3 3 3 3 3 3 3 3 3 4 4 4 4 18 1 1 1 1 1 1 1 2 3 3 3 3 3 4 4 4 4 5
n34-m289 1069 15 18 15 2 2 3 3 3 3 3 3 3 3 3 4 4 4 4 18 1 1 1 1 1 1 1 2 3 3 3 3 4 4 4 4 4 4
n34-m289 1071 15 18 15 2 2 3 3 3 3 3 3 3 3 3 4 4 4 4 18 1 1 1 1 1 1 1 3 3 3 3 3 3 3 4 4 4 5
n34-m289 1072 15 18 15 2 2 3 3 3 3 3 3 3 3 3 4 4 4 4 18 1 1 1 1 1 1 1 3 3 3 3 3 3 4 4 4 4 4
n34-m289 1074 15 18 15 2 2 3 3 3 3 3 3 3 3 3 4 4 4 4 18 1 1 1 1 1 1 2 2 3 3 3 3 3 3 4 4 4 5
n34-m289 1075 15 18 15 2 2 3 3 3 3 3 3 3 3 3 4 4 4 4 18 1 1 1 1 1 1 2 2 3 3 3 3 3 4 4 4 4 4
n34-m289 1076 15 18 15 2 2 3 3 3 3 3 3 3 3 3 4 4 4 4 18 1 1 1 1 1 1 2 3 3 3 3 3 3 3 4 4 4 4
n34-m289 1077 15 18 15 2 2 3 3 3 3 3 3 3 3 3 4 4 4 4 18 1 1 1 1 1 2 2 2 3 3 3 3 3 3 4 4 4 4
n34-m289 1088 15 18 15 0 3 3 3 3 3 3 3 3 3 3 4 4 4 4 18 1 1 1 1 1 1 1 3 3 3 3 3 3 3 4 4 4 4
n34-m289 1112 15 18 15 1 3 3 3 3 3 3 3 3 3 3 4 4 4 4 18 1 1 1 1 1 1 1 3 3 3 3 3 3 3 4 4 4 5
n34-m289 1113 15 18 15 1 3 3 3 3 3 3 3 3 3 3 4 4 4 4 18 1 1 1 1 1 1 1 3 3 3 3 3 3 4 4 4 4 4
n34-m289 1117 15 18 15 1 3 3 3 3 3 3 3 3 3 3 4 4 4 4 18 1 1 1 1 1 1 2 3 3 3 3 3 3 3 4 4 4 4
n34-m289 1161 15 18 15 2 3 3 3 3 3 3 3 3 3 3 4 4 4 4 18 1 1 1 1 1 1 1 3 3 3 3 3 3 3 4 4 4 6
n34-m289 1162 15 18 15 2 3 3 3 3 3 3 3 3 3 3 4 4 4 4 18 1 1 1 1 1 1 1 3 3 3 3 3 3 3 4 4 5 5
n34-m289 1164 15 18 15 2 3 3 3 3 3 3 3 3 3 3 4 4 4 4 18 1 1 1 1 1 1 1 3 3 3 3 3 3 4 4 4 4 5
n34-m289 1165 15 18 15 2 3 3 3 3 3 3 3 3 3 3 4 4 4 4 18 1 1 1 1 1 1 1 3 3 3 3 3 4 4 4 4 4 4
n34-m289 1174 15 18 15 2 3 3 3 3 3 3 3 3 3 3 4 4 4 4 18 1 1 1 1 1 1 2 3 3 3 3 3 3 3 4 4 4 5
n34-m289 1175 15 18 15 2 3 3 3 3 3 3 3 3 3 3 4 4 4 4 18 1 1 1 1 1 1 2 3 3 3 3 3 3 4 4 4 4 4
n34-m289 1176 15 18 15 2 3 3 3 3 3 3 3 3 3 3 4 4 4 4 18 1 1 1 1 1 1 3 3 3 3 3 3 3 3 4 4 4 4
n34-m289 1180 15 18 15 2 3 3 3 3 3 3 3 3 3 3 4 4 4 4 18 1 1 1 1 1 2 2 3 3 3 3 3 3 3 4 4 4 4
n34-m289 1244 15 18 15 3 3 3 3 3 3 3 3 3 3 3 4 4 4 4 18 1 1 1 1 1 1 3 3 3 3 3 3 3 3 4 4 4 5
n34-m289 1245 15 18 15 3 3 3 3 3 3 3 3 3 3 3 4 4 4 4 18 1 1 1 1 1 1 3 3 3 3 3 3 3 4 4 4 4 4
n34-m289 1256 15 18 15 3 3 3 3 3 3 3 3 3 3 3 4 4 4 4 18 1 1 1 1 1 2 3 3 3 3 3 3 3 3 4 4 4 4
n34-m289 1264 15 18 15 1 2 2 2 2 2 3 3 3 3 4 4 4 4 4 18 1 1 1 1 1 1 1 1 2 2 3 3 3 4 4 4 4 4
n34-m289 1269 15 18 15 2 2 2 2 2 2 3 3 3 3 4 4 4 4 4 18 1 1 1 1 1 1 1 2 2 2 3 3 3 4 4 4 4 4
n34-m289 1270 15 18 15 1 2 2 2 2 3 3 3 3 3 4 4 4 4 4 18 1 1 1 1 1 1 1 1 2 3 3 3 3 4 4 4 4 4
n34-m289 1275 15 18 15 2 2 2 2 2 3 3 3 3 3 4 4 4 4 4 18 1 1 1 1 1 1 1 2 2 3 3 3 3 4 4 4 4 4
n34-m289 1276 15 18 15 1 1 2 2 3 3 3 3 3 3 4 4 4 4 4 18 1 1 1 1 1 1 1 1 2 3 3 3 3 4 4 4 4 4
n34-m289 1277 15 18 15 0 2 2 2 3 3 3 3 3 3 4 4 4 4 4 18 1 1 1 1 1 1 1 1 2 3 3 3 3 4 4 4 4 4
n34-m289 1279 15 18 15 1 2 2 2 3 3 3 3 3 3 4 4 4 4 4 18 1 1 1 1 1 1 1 1 2 3 3 3 3 4 4 4 4 5
n34-m289 1280 15 18 15 1 2 2 2 3 3 3 3 3 3 4 4 4 4 4 18 1 1 1 1 1 1 1 1 2 3 3 3 4 4 4 4 4 4
n34-m289 1281 15 18 15 1 2 2 2 3 3 3 3 3 3 4 4 4 4 4 18 1 1 1 1 1 1 1 1 3 3 3 3 3 4 4 4 4 4
n34-m289 1282 15 18 15 1 2 2 2 3 3 3 3 3 3 4 4 4 4 4 18 1 1 1 1 1 1 1 2 2 3 3 3 3 4 4 4 4 4
n34-m289 1294 15 18 15 2 2 2 2 3 3 3 3 3 3 4 4 4 4 4 18 1 1 1 1 1 1 1 2 2 3 3 3 3 4 4 4 4 5
n34-m289 1295 15 18 15 2 2 2 2 3 3 3 3 3 3 4 4 4 4 4 18 1 1 1 1 1 1 1 2 2 3 3 3 4 4 4 4 4 4
n34-m289 1296 15 18 15 2 2 2 2 3 3 3 3 3 3 4 4 4 4 4 18 1 1 1 1 1 1 1 2 3 3 3 3 3 4 4 4 4 4
n34-m289 1297 15 18 15 2 2 2 2 3 3 3 3 3 3 4 4 4 4 4 18 1 1 1 1 1 1 2 2 2 3 3 3 3 4 4 4 4 4
n34-m289 1301 15 18 15 1 1 2 3 3 3 3 3 3 3 4 4 4 4 4 18 1 1 1 1 1 1 1 1 2 3 3 3 3 4 4 4 4 5
n34-m289 1302 15 18 15 1 1 2 3 3 3 3 3 3 3 4 4 4 4 4 18 1 1 1 1 1 1 1 1 2 3 3 3 4 4 4 4 4 4
n34-m289 1303 15 18 15 1 1 2 3 3 3 3 3 3 3 4 4 4 4 4 18 1 1 1 1 1 1 1 1 3 3 3 3 3 4 4 4 4 4
n34-m289 1304 15 18 15 1 1 2 3 3 3 3 3 3 3 4 4 4 4 4 18 1 1 1 1 1 1 1 2 2 3 3 3 3 4 4 4 4 4
n34-m289 1306 15 18 15 0 2 2 3 3 3 3 3 3 3 4 4 4 4 4 18 1 1 1 1 1 1 1 1 2 3 3 3 3 4 4 4 4 5
n34-m289 1307 15 18 15 0 2 2 3 3 3 3 3 3 3 4 4 4 4 4 18 1 1 1 1 1 1 1 1 2 3 3 3 4 4 4 4 4 4
n34-m289 1308 15 18 15 0 2 2 3 3 3 3 3 3 3 4 4 4 4 4 18 1 1 1 1 1 1 1 1 3 3 3 3 3 4 4 4 4 4
n34-m289 1309 15 18 15 0 2 2 3 3 3 3 3 3 3 4 4 4 4 4 18 1 1 1 1 1 1 1 2 2 3 3 3 3 4 4 4 4 4
n34-m289 1312 15 18 15 1 2 2 3 3 3 3 3 3 3 4 4 4 4 4 18 1 1 1 1 1 1 1 1 2 3 3 3 3 4 4 4 4 6
n34-m289 1313 15 18 15 1 2 2 3 3 3 3 3 3 3 4 4 4 4 4 18 1 1 1 1 1 1 1 1 2 3 3 3 3 4 4 4 5 5
n34-m289 1315 15 18 15 1 2 2 3 3 3 3 3 3 3 4 4 4 4 4 18 1 1 1 1 1 1 1 1 2 3 3 3 4 4 4 4 4 5
n34-m289 1316 15 18 15 1 2 2 3 3 3 3 3 3 3 4 4 4 4 4 18 1 1 1 1 1 1 1 1 2 3 3 4 4 4 4 4 4 4
n34-m289 1318 15 18 15 1 2 2 3 3 3 3 3 3 3 4 4 4 4 4 18 1 1 1 1 1 1 1 1 3 3 3 3 3 4 4 4 4 5
n34-m289 1319 15 18 15 1 2 2 3 3 3 3 3 3 3 4 4 4 4 4 18 1 1 1 1 1 1 1 1 3 3 3 3 4 4 4 4 4 4
n34-m289 1321 15 18 15 1 2 2 3 3 3 3 3 3 3 4 4 4 4 4 18 1 1 1 1 1 1 1 2 2 3 3 3 3 4 4 4 4 5
n34-m289 1322 15 18 15 1 2 2 3 3 3 3 3 3 3 4 4 4 4 4 18 1 1 1 1 1 1 1 2 2 3 3 3 4 4 4 4 4 4
n34-m289 1323 15 18 15 1 2 2 3 3 3 3 3 3 3 4 4 4 4 4 18 1 1 1 1 1 1 1 2 3 3 3 3 3 4 4 4 4 4
n34-m289 1324 15 18 15 1 2 2 3 3 3 3 3 3 3 4 4 4 4 4 18 1 1 1 1 1 1 2 2 2 3 3 3 3 4 4 4 4 4
n34-m289 1348 15 18 15 2 2 2 3 3 3 3 3 3 3 4 4 4 4 4 18 1 1 1 1 1 1 1 2 2 3 3 3 3 4 4 4 4 6
n34-m289 1349 15 18 15 2 2 2 3 3 3 3 3 3 3 4 4 4 4 4 18 1 1 1 1 1 1 1 2 2 3 3 3 3 4 4 4 5 5
n34-m289 1351 15 18 15 2 2 2 3 3 3 3 3 3 3 4 4 4 4 4 18 1 1 1 1 1 1 1 2 2 3 3 3 4 4 4 4 4 5
n34-m289 1352 15 18 15 2 2 2 3 3 3 3 3 3 3 4 4 4 4 4 18 1 1 1 1 1 1 1 2 2 3 3 4 4 4 4 4 4 4
n34-m289 1354 15 18 15 2 2 2 3 3 3 3 3 3 3 4 4 4 4 4 18 1 1 1 1 1 1 1 2 3 3 3 3 3 4 4 4 4 5
n34-m289 1355 15 18 15 2 2 2 3 3 3 3 3 3 3 4 4 4 4 4 18 1 1 1 1 1 1 1 2 3 3 3 3 4 4 4 4 4 4
n34-m289 1356 15 18 15 2 2 2 3 3 3 3 3 3 3 4 4 4 4 4 18 1 1 1 1 1 1 1 3 3 3 3 3 3 4 4 4 4 4
n34-m289 1358 15 18 15 2 2 2 3 3 3 3 3 3 3 4 4 4 4 4 18 1 1 1 1 1 1 2 2 2 3 3 3 3 4 4 4 4 5
n34-m289 1359 15 18 15 2 2 2 3 3 3 3 3 3 3 4 4 4 4 4 18 1 1 1 1 1 1 2 2 2 3 3 3 4 4 4 4 4 4
n34-m289 1360 15 18 15 2 2 2 3 3 3 3 3 3 3 4 4 4 4 4 18 1 1 1 1 1 1 2 2 3 3 3 3 3 4 4 4 4 4
n34-m289 1361 15 18 15 2 2 2 3 3 3 3 3 3 3 4 4 4 4 4 18 1 1 1 1 1 2 2 2 2 3 3 3 3 4 4 4 4 4
n34-m289 1362 15 18 15 0 1 3 3 3 3 3 3 3 3 4 4 4 4 4 18 1 1 1 1 1 1 1 1 3 3 3 3 3 4 4 4 4 4
n34-m289 1364 15 18 15 1 1 3 3 3 3 3 3 3 3 4 4 4 4 4 18 1 1 1 1 1 1 1 1 3 3 3 3 3 4 4 4 4 5
n34-m289 1365 15 18 15 1 1 3 3 3 3 3 3 3 3 4 4 4 4 4 18 1 1 1 1 1 1 1 1 3 3 3 3 4 4 4 4 4 4
n34-m289 1366 15 18 15 1 1 3 3 3 3 3 3 3 3 4 4 4 4 4 18 1 1 1 1 1 1 1 2 3 3 3 3 3 4 4 4 4 4
n34-m289 1367 15 18 15 0 2 3 3 3 3 3 3 3 3 4 4 4 4 4 18 1 1 1 1 1 1 1 1 3 3 3 3 3 4 4 4 4 4
n34-m289 1368 15 18 15 0 2 3 3 3 3 3 3 3 3 4 4 4 4 4 18 1 1 1 1 1 1 1 1 3 3 3 3 3 4 4 4 4 5
n34-m289 1369 15 18 15 0 2 3 3 3 3 3 3 3 3 4 4 4 4 4 18 1 1 1 1 1 1 1 1 3 3 3 3 4 4 4 4 4 4
n34-m289 1370 15 18 15 0 2 3 3 3 3 3 3 3 3 4 4 4 4 4 18 1 1 1 1 1 1 1 2 3 3 3 3 3 4 4 4 4 4
n34-m289 1373 15 18 15 1 2 3 3 3 3 3 3 3 3 4 4 4 4 4 18 1 1 1 1 1 1 1 1 3 3 3 3 3 4 4 4 4 6
n34-m289 1374 15 18 15 1 2 3 3 3 3 3 3 3 3 4 4 4 4 4 18 1 1 1 1 1 1 1 1 3 3 3 3 3 4 4 4 5 5
n34-m289 1376 15 18 15 1 2 3 3 3 3 3 3 3 3 4 4 4 4 4 18 1 1 1 1 1 1 1 1 3 3 3 3 4 4 4 4 4 5
n34-m289 1377 15 18 15 1 2 3 3 3 3 3 3 3 3 4 4 4 4 4 18 1 1 1 1 1 1 1 1 3 3 3 4 4 4 4 4 4 4
n34-m289 1379 15 18 15 1 2 3 3 3 3 3 3 3 3 4 4 4 4 4 18 1 1 1 1 1 1 1 2 3 3 3 3 3 4 4 4 4 5
n34-m289 1380 15 18 15 1 2 3 3 3 3 3 3 3 3 4 4 4 4 4 18 1 1 1 1 1 1 1 2 3 3 3 3 4 4 4 4 4 4
n34-m289 1381 15 18 15 1 2 3 3 3 3 3 3 3 3 4 4 4 4 4 18 1 1 1 1 1 1 1 3 3 3 3 3 3 4 4 4 4 4
n34-m289 1382 15 18 15 1 2 3 3 3 3 3 3 3 3 4 4 4 4 4 18 1 1 1 1 1 1 2 2 3 3 3 3 3 4 4 4 4 4
n34-m289 1399 15 18 15 2 2 3 3 3 3 3 3 3 3 4 4 4 4 4 18 1 1 1 1 1 1 1 2 3 3 3 3 3 4 4 4 4 6
n34-m289 1400 15 18 15 2 2 3 3 3 3 3 3 3 3 4 4 4 4 4 18 1 1 1 1 1 1 1 2 3 3 3 3 3 4 4 4 5 5
n34-m289 1402 15 18 15 2 2 3 3 3 3 3 3 3 3 4 4 4 4 4 18 1 1 1 1 1 1 1 2 3 3 3 3 4 4 4 4 4 5
n34-m289 1403 15 18 15 2 2 3 3 3 3 3 3 3 3 4 4 4 4 4 18 1 1 1 1 1 1 1 2 3 3 3 4 4 4 4 4 4 4
n34-m289 1405 15 18 15 2 2 3 3 3 3 3 3 3 3 4 4 4 4 4 18 1 1 1 1 1 1 1 3 3 3 3 3 3 4 4 4 4 5
n34-m289 1406 15 18 15 2 2 3 3 3 3 3 3 3 3 4 4 4 4 4 18 1 1 1 1 1 1 1 3 3 3 3 3 4 4 4 4 4 4
n34-m289 1408 15 18 15 2 2 3 3 3 3 3 3 3 3 4 4 4 4 4 18 1 1 1 1 1 1 2 2 3 3 3 3 3 4 4 4 4 5
n34-m289 1409 15 18 15 2 2 3 3 3 3 3 3 3 3 4 4 4 4 4 18 1 1 1 1 1 1 2 2 3 3 3 3 4 4 4 4 4 4
n34-m289 1410 15 18 15 2 2 3 3 3 3 3 3 3 3 4 4 4 4 4 18 1 1 1 1 1 1 2 3 3 3 3 3 3 4 4 4 4 4
n34-m289 1411 15 18 15 2 2 3 3 3 3 3 3 3 3 4 4 4 4 4 18 1 1 1 1 1 2 2 2 3 3 3 3 3 4 4 4 4 4
n34-m289 1422 15 18 15 0 3 3 3 3 3 3 3 3 3 4 4 4 4 4 18 1 1 1 1 1 1 1 3 3 3 3 3 3 4 4 4 4 4
n34-m289 1446 15 18 15 1 3 3 3 3 3 3 3 3 3 4 4 4 4 4 18 1 1 1 1 1 1 1 3 3 3 3 3 3 4 4 4 4 5
n34-m289 1447 15 18 15 1 3 3 3 3 3 3 3 3 3 4 4 4 4 4 18 1 1 1 1 1 1 1 3 3 3 3 3 4 4 4 4 4 4
n34-m289 1451 15 18 15 1 3 3 3 3 3 3 3 3 3 4 4 4 4 4 18 1 1 1 1 1 1 2 3 3 3 3 3 3 4 4 4 4 4
n34-m289 1469 15 18 15 2 3 3 3 3 3 3 3 3 3 4 4 4 4 4 18 1 1 1 1 1 1 1 3 3 3 3 3 3 4 4 4 4 6
n34-m289 1470 15 18 15 2 3 3 3 3 3 3 3 3 3 4 4 4 4 4 18 1 1 1 1 1 1 1 3 3 3 3 3 3 4 4 4 5 5
n34-m289 1472 15 18 15 2 3 3 3 3 3 3 3 3 3 4 4 4 4 4 18 1 1 1 1 1 1 1 3 3 3 3 3 4 4 4 4 4 5
n34-m289 1473 15 18 15 2 3 3 3 3 3 3 3 3 3 4 4 4 4 4 18 1 1 1 1 1 1 1 3 3 3 3 4 4 4 4 4 4 4
n34-m289 1482 15 18 15 2 3 3 3 3 3 3 3 3 3 4 4 4 4 4 18 1 1 1 1 1 1 2 3 3 3 3 3 3 4 4 4 4 5
n34-m289 1483 15 18 15 2 3 3 3 3 3 3 3 3 3 4 4 4 4 4 18 1 1 1 1 1 1 2 3 3 3 3 3 4 4 4 4 4 4
n34-m289 1484 15 18 15 2 3 3 3 3 3 3 3 3 3 4 4 4 4 4 18 1 1 1 1 1 1 3 3 3 3 3 3 3 4 4 4 4 4
n34-m289 1488 15 18 15 2 3 3 3 3 3 3 3 3 3 4 4 4 4 4 18 1 1 1 1 1 2 2 3 3 3 3 3 3 4 4 4 4 4
n34-m289 1552 15 18 15 3 3 3 3 3 3 3 3 3 3 4 4 4 4 4 18 1 1 1 1 1 1 3 3 3 3 3 3 3 4 4 4 4 5
n34-m289 1553 15 18 15 3 3 3 3 3 3 3 3 3 3 4 4 4 4 4 18 1 1 1 1 1 1 3 3 3 3 3 3 4 4 4 4 4 4
n34-m289 1564 15 18 15 3 3 3 3 3 3 3 3 3 3 4 4 4 4 4 18 1 1 1 1 1 2 3 3 3 3 3 3 3 4 4 4 4 4
n34-m289 1572 15 18 15 1 2 2 2 2 2 3 3 3 4 4 4 4 4 4 18 1 1 1 1 1 1 1 1 2 2 3 3 4 4 4 4 4 4
n34-m289 1577 15 18 15 2 2 2 2 2 2 3 3 3 4 4 4 4 4 4 18 1 1 1 1 1 1 1 2 2 2 3 3 4 4 4 4 4 4
n34-m289 1578 15 18 15 1 2 2 2 2 3 3 3 3 4 4 4 4 4 4 18 1 1 1 1 1 1 1 1 2 3 3 3 4 4 4 4 4 4
n34-m289 1583 15 18 15 2 2 2 2 2 3 3 3 3 4 4 4 4 4 4 18 1 1 1 1 1 1 1 2 2 3 3 3 4 4 4 4 4 4
n34-m289 1584 15 18 15 1 1 2 2 3 3 3 3 3 4 4 4 4 4 4 18 1 1 1 1 1 1 1 1 2 3 3 3 4 4 4 4 4 4
n34-m289 1585 15 18 15 0 2 2 2 3 3 3 3 3 4 4 4 4 4 4 18 1 1 1 1 1 1 1 1 2 3 3 3 4 4 4 4 4 4
n34-m289 1587 15 18 15 1 2 2 2 3 3 3 3 3 4 4 4 4 4 4 18 1 1 1 1 1 1 1 1 2 3 3 3 4 4 4 4 4 5
n34-m289 1588 15 18 15 1 2 2 2 3 3 3 3 3 4 4 4 4 4 4 18 1 1 1 1 1 1 1 1 2 3 3 4 4 4 4 4 4 4
n34-m289 1589 15 18 15 1 2 2 2 3 3 3 3 3 4 4 4 4 4 4 18 1 1 1 1 1 1 1 1 3 3 3 3 4 4 4 4 4 4
n34-m289 1590 15 18 15 1 2 2 2 3 3 3 3 3 4 4 4 4 4 4 18 1 1 1 1 1 1 1 2 2 3 3 3 4 4 4 4 4 4
n34-m289 1594 15 18 15 2 2 2 2 3 3 3 3 3 4 4 4 4 4 4 18 1 1 1 1 1 1 1 1 2 3 3 3 4 4 4 4 5 5
n34-m289 1596 15 18 15 2 2 2 2 3 3 3 3 3 4 4 4 4 4 4 18 1 1 1 1 1 1 1 1 2 3 3 4 4 4 4 4 4 5
n34-m289 1602 15 18 15 2 2 2 2 3 3 3 3 3 4 4 4 4 4 4 18 1 1 1 1 1 1 1 2 2 3 3 3 4 4 4 4 4 5
n34-m289 1603 15 18 15 2 2 2 2 3 3 3 3 3 4 4 4 4 4 4 18 1 1 1 1 1 1 1 2 2 3 3 4 4 4 4 4 4 4
n34-m289 1604 15 18 15 2 2 2 2 3 3 3 3 3 4 4 4 4 4 4 18 1 1 1 1 1 1 1 2 3 3 3 3 4 4 4 4 4 4
n34-m289 1605 15 18 15 2 2 2 2 3 3 3 3 3 4 4 4 4 4 4 18 1 1 1 1 1 1 2 2 2 3 3 3 4 4 4 4 4 4
n34-m289 1611 15 18 15 1 1 2 3 3 3 3 3 3 4 4 4 4 4 4 18 1 1 1 1 1 1 1 1 3 3 3 3 4 4 4 4 4 4
n34-m289 1616 15 18 15 0 2 2 3 3 3 3 3 3 4 4 4 4 4 4 18 1 1 1 1 1 1 1 1 3 3 3 3 4 4 4 4 4 4
n34-m289 1626 15 18 15 1 2 2 3 3 3 3 3 3 4 4 4 4 4 4 18 1 1 1 1 1 1 1 1 3 3 3 3 4 4 4 4 4 5
n34-m289 1627 15 18 15 1 2 2 3 3 3 3 3 3 4 4 4 4 4 4 18 1 1 1 1 1 1 1 1 3 3 3 4 4 4 4 4 4 4
n34-m289 1631 15 18 15 1 2 2 3 3 3 3 3 3 4 4 4 4 4 4 18 1 1 1 1 1 1 1 2 3 3 3 3 4 4 4 4 4 4
n34-m289 1662 15 18 15 2 2 2 3 3 3 3 3 3 4 4 4 4 4 4 18 1 1 1 1 1 1 1 2 3 3 3 3 4 4 4 4 4 5
n34-m289 1663 15 18 15 2 2 2 3 3 3 3 3 3 4 4 4 4 4 4 18 1 1 1 1 1 1 1 2 3 3 3 4 4 4 4 4 4 4
n34-m289 1664 15 18 15 2 2 2 3 3 3 3 3 3 4 4 4 4 4 4 18 1 1 1 1 1 1 1 3 3 3 3 3 4 4 4 4 4 4
n34-m289 1668 15 18 15 2 2 2 3 3 3 3 3 3 4 4 4 4 4 4 18 1 1 1 1 1 1 2 2 3 3 3 3 4 4 4 4 4 4
n34-m289 1670 15 18 15 0 1 3 3 3 3 3 3 3 4 4 4 4 4 4 18 1 1 1 1 1 1 1 1 3 3 3 3 4 4 4 4 4 4
n34-m289 1672 15 18 15 1 1 3 3 3 3 3 3 3 4 4 4 4 4 4 18 1 1 1 1 1 1 1 1 3 3 3 3 4 4 4 4 4 5
n34-m289 1673 15 18 15 1 1 3 3 3 3 3 3 3 4 4 4 4 4 4 18 1 1 1 1 1 1 1 1 3 3 3 4 4 4 4 4 4 4
n34-m289 1674 15 18 15 1 1 3 3 3 3 3 3 3 4 4 4 4 4 4 18 1 1 1 1 1 1 1 2 3 3 3 3 4 4 4 4 4 4
n34-m289 1675 15 18 15 0 2 3 3 3 3 3 3 3 4 4 4 4 4 4 18 1 1 1 1 1 1 1 1 3 3 3 3 4 4 4 4 4 4
n34-m289 1676 15 18 15 0 2 3 3 3 3 3 3 3 4 4 4 4 4 4 18 1 1 1 1 1 1 1 1 3 3 3 3 4 4 4 4 4 5
n34-m289 1677 15 18 15 0 2 3 3 3 3 3 3 3 4 4 4 4 4 4 18 1 1 1 1 1 1 1 1 3 3 3 4 4 4 4 4 4 4
n34-m289 1678 15 18 15 0 2 3 3 3 3 3 3 3 4 4 4 4 4 4 18 1 1 1 1 1 1 1 2 3 3 3 3 4 4 4 4 4 4
n34-m289 1681 15 18 15 1 2 3 3 3 3 3 3 3 4 4 4 4 4 4 18 1 1 1 1 1 1 1 1 3 3 3 3 4 4 4 4 4 6
n34-m289 1682 15 18 15 1 2 3 3 3 3 3 3 3 4 4 4 4 4 4 18 1 1 1 1 1 1 1 1 3 3 3 3 4 4 4 4 5 5
n34-m289 1684 15 18 15 1 2 3 3 3 3 3 3 3 4 4 4 4 4 4 18 1 1 1 1 1 1 1 1 3 3 3 4 4 4 4 4 4 5
n34-m289 1685 15 18 15 1 2 3 3 3 3 3 3 3 4 4 4 4 4 4 18 1 1 1 1 1 1 1 1 3 3 4 4 4 4 4 4 4 4
n34-m289 1687 15 18 15 1 2 3 3 3 3 3 3 3 4 4 4 4 4 4 18 1 1 1 1 1 1 1 2 3 3 3 3 4 4 4 4 4 5
n34-m289 1688 15 18 15 1 2 3 3 3 3 3 3 3 4 4 4 4 4 4 18 1 1 1 1 1 1 1 2 3 3 3 4 4 4 4 4 4 4
n34-m289 1689 15 18 15 1 2 3 3 3 3 3 3 3 4 4 4 4 4 4 18 1 1 1 1 1 1 1 3 3 3 3 3 4 4 4 4 4 4
n34-m289 1690 15 18 15 1 2 3 3 3 3 3 3 3 4 4 4 4 4 4 18 1 1 1 1 1 1 2 2 3 3 3 3 4 4 4 4 4 4
n34-m289 1693 15 18 15 2 2 3 3 3 3 3 3 3 4 4 4 4 4 4 18 1 1 1 1 1 1 1 2 3 3 3 3 4 4 4 4 4 6
n34-m289 1694 15 18 15 2 2 3 3 3 3 3 3 3 4 4 4 4 4 4 18 1 1 1 1 1 1 1 2 3 3 3 3 4 4 4 4 5 5
n34-m289 1696 15 18 15 2 2 3 3 3 3 3 3 3 4 4 4 4 4 4 18 1 1 1 1 1 1 1 2 3 3 3 4 4 4 4 4 4 5
n34-m289 1697 15 18 15 2 2 3 3 3 3 3 3 3 4 4 4 4 4 4 18 1 1 1 1 1 1 1 2 3 3 4 4 4 4 4 4 4 4
n34-m289 1699 15 18 15 2 2 3 3 3 3 3 3 3 4 4 4 4 4 4 18 1 1 1 1 1 1 1 3 3 3 3 3 4 4 4 4 4 5
n34-m289 1700 15 18 15 2 2 3 3 3 3 3 3 3 4 4 4 4 4 4 18 1 1 1 1 1 1 1 3 3 3 3 4 4 4 4 4 4 4
n34-m289 1702 15 18 15 2 2 3 3 3 3 3 3 3 4 4 4 4 4 4 18 1 1 1 1 1 1 2 2 3 3 3 3 4 4 4 4 4 5
n34-m289 1703 15 18 15 2 2 3 3 3 3 3 3 3 4 4 4 4 4 4 18 1 1 1 1 1 1 2 2 3 3 3 4 4 4 4 4 4 4
n34-m289 1704 15 18 15 2 2 3 3 3 3 3 3 3 4 4 4 4 4 4 18 1 1 1 1 1 1 2 3 3 3 3 3 4 4 4 4 4 4
n34-m289 1705 15 18 15 2 2 3 3 3 3 3 3 3 4 4 4 4 4 4 18 1 1 1 1 1 2 2 2 3 3 3 3 4 4 4 4 4 4
n34-m289 1716 15 18 15 0 3 3 3 3 3 3 3 3 4 4 4 4 4 4 18 1 1 1 1 1 1 1 3 3 3 3 3 4 4 4 4 4 4
n34-m289 1740 15 18 15 1 3 3 3 3 3 3 3 3 4 4 4 4 4 4 18 1 1 1 1 1 1 1 3 3 3 3 3 4 4 4 4 4 5
n34-m289 1741 15 18 15 1 3 3 3 3 3 3 3 3 4 4 4 4 4 4 18 1 1 1 1 1 1 1 3 3 3 3 4 4 4 4 4 4 4
n34-m289 1745 15 18 15 1 3 3 3 3 3 3 3 3 4 4 4 4 4 4 18 1 1 1 1 1 1 2 3 3 3 3 3 4 4 4 4 4 4
n34-m289 1763 15 18 15 2 3 3 3 3 3 3 3 3 4 4 4 4 4 4 18 1 1 1 1 1 1 1 3 3 3 3 3 4 4 4 4 4 6
n34-m289 1764 15 18 15 2 3 3 3 3 3 3 3 3 4 4 4 4 4 4 18 1 1 1 1 1 1 1 3 3 3 3 3 4 4 4 4 5 5
n34-m289 1766 15 18 15 2 3 3 3 3 3 3 3 3 4 4 4 4 4 4 18 1 1 1 1 1 1 1 3 3 3 3 4 4 4 4 4 4 5
n34-m289 1767 15 18 15 2 3 3 3 3 3 3 3 3 4 4 4 4 4 4 18 1 1 1 1 1 1 1 3 3 3 4 4 4 4 4 4 4 4
n34-m289 1776 15 18 15 2 3 3 3 3 3 3 3 3 4 4 4 4 4 4 18 1 1 1 1 1 1 2 3 3 3 3 3 4 4 4 4 4 5
n34-m289 1777 15 18 15 2 3 3 3 3 3 3 3 3 4 4 4 4 4 4 18 1 1 1 1 1 1 2 3 3 3 3 4 4 4 4 4 4 4
n34-m289 1778 15 18 15 2 3 3 3 3 3 3 3 3 4 4 4 4 4 4 18 1 1 1 1 1 1 3 3 3 3 3 3 4 4 4 4 4 4
n34-m289 1782 15 18 15 2 3 3 3 3 3 3 3 3 4 4 4 4 4 4 18 1 1 1 1 1 2 2 3 3 3 3 3 4 4 4 4 4 4
n34-m289 1846 15 18 15 3 3 3 3 3 3 3 3 3 4 4 4 4 4 4 18 1 1 1 1 1 1 3 3 3 3 3 3 4 4 4 4 4 5
n34-m289 1847 15 18 15 3 3 3 3 3 3 3 3 3 4 4 4 4 4 4 18 1 1 1 1 1 1 3 3 3 3 3 4 4 4 4 4 4 4
n34-m289 1858 15 18 15 3 3 3 3 3 3 3 3 3 4 4 4 4 4 4 18 1 1 1 1 1 2 3 3 3 3 3 3 4 4 4 4 4 4
n34-m289 1871 15 18 15 1 2 2 2 2 3 3 3 4 4 4 4 4 4 4 18 1 1 1 1 1 1 1 1 2 3 3 4 4 4 4 4 4 4
n34-m289 1873 15 18 15 2 2 2 2 2 3 3 3 4 4 4 4 4 4 4 18 1 1 1 1 1 1 1 1 2 3 3 4 4 4 4 4 4 5
n34-m289 1876 15 18 15 2 2 2 2 2 3 3 3 4 4 4 4 4 4 4 18 1 1 1 1 1 1 1 2 2 3 3 4 4 4 4 4 4 4
n34-m289 1877 15 18 15 1 1 2 2 3 3 3 3 4 4 4 4 4 4 4 18 1 1 1 1 1 1 1 1 2 3 3 4 4 4 4 4 4 4
n34-m289 1878 15 18 15 0 2 2 2 3 3 3 3 4 4 4 4 4 4 4 18 1 1 1 1 1 1 1 1 2 3 3 4 4 4 4 4 4 4
n34-m289 1880 15 18 15 1 2 2 2 3 3 3 3 4 4 4 4 4 4 4 18 1 1 1 1 1 1 1 1 2 3 3 4 4 4 4 4 4 5
n34-m289 1881 15 18 15 1 2 2 2 3 3 3 3 4 4 4 4 4 4 4 18 1 1 1 1 1 1 1 1 2 3 4 4 4 4 4 4 4 4
n34-m289 1882 15 18 15 1 2 2 2 3 3 3 3 4 4 4 4 4 4 4 18 1 1 1 1 1 1 1 1 3 3 3 4 4 4 4 4 4 4
n34-m289 1883 15 18 15 1 2 2 2 3 3 3 3 4 4 4 4 4 4 4 18 1 1 1 1 1 1 1 2 2 3 3 4 4 4 4 4 4 4
n34-m289 1895 15 18 15 2 2 2 2 3 3 3 3 4 4 4 4 4 4 4 18 1 1 1 1 1 1 1 2 2 3 3 4 4 4 4 4 4 5
n34-m289 1896 15 18 15 2 2 2 2 3 3 3 3 4 4 4 4 4 4 4 18 1 1 1 1 1 1 1 2 2 3 4 4 4 4 4 4 4 4
n34-m289 1897 15 18 15 2 2 2 2 3 3 3 3 4 4 4 4 4 4 4 18 1 1 1 1 1 1 1 2 3 3 3 4 4 4 4 4 4 4
n34-m289 1898 15 18 15 2 2 2 2 3 3 3 3 4 4 4 4 4 4 4 18 1 1 1 1 1 1 2 2 2 3 3 4 4 4 4 4 4 4
n34-m289 1899 15 18 15 1 1 2 3 3 3 3 3 4 4 4 4 4 4 4 18 1 1 1 1 1 1 1 1 3 3 3 4 4 4 4 4 4 4
n34-m289 1900 15 18 15 0 2 2 3 3 3 3 3 4 4 4 4 4 4 4 18 1 1 1 1 1 1 1 1 3 3 3 4 4 4 4 4 4 4
n34-m289 1902 15 18 15 1 2 2 3 3 3 3 3 4 4 4 4 4 4 4 18 1 1 1 1 1 1 1 1 3 3 3 4 4 4 4 4 4 5
n34-m289 1903 15 18 15 1 2 2 3 3 3 3 3 4 4 4 4 4 4 4 18 1 1 1 1 1 1 1 1 3 3 4 4 4 4 4 4 4 4
n34-m289 1904 15 18 15 1 2 2 3 3 3 3 3 4 4 4 4 4 4 4 18 1 1 1 1 1 1 1 2 3 3 3 4 4 4 4 4 4 4
n34-m289 1906 15 18 15 2 2 2 3 3 3 3 3 4 4 4 4 4 4 4 18 1 1 1 1 1 1 1 2 3 3 3 4 4 4 4 4 4 5
n34-m289 1907 15 18 15 2 2 2 3 3 3 3 3 4 4 4 4 4 4 4 18 1 1 1 1 1 1 1 2 3 3 4 4 4 4 4 4 4 4
n34-m289 1908 15 18 15 2 2 2 3 3 3 3 3 4 4 4 4 4 4 4 18 1 1 1 1 1 1 1 3 3 3 3 4 4 4 4 4 4 4
n34-m289 1909 15 18 15 2 2 2 3 3 3 3 3 4 4 4 4 4 4 4 18 1 1 1 1 1 1 2 2 3 3 3 4 4 4 4 4 4 4
n34-m289 1910 15 18 15 0 1 3 3 3 3 3 3 4 4 4 4 4 4 4 18 1 1 1 1 1 1 1 1 3 3 3 4 4 4 4 4 4 4
n34-m289 1912 15 18 15 1 1 3 3 3 3 3 3 4 4 4 4 4 4 4 18 1 1 1 1 1 1 1 1 3 3 3 4 4 4 4 4 4 5
n34-m289 1913 15 18 15 1 1 3 3 3 3 3 3 4 4 4 4 4 4 4 18 1 1 1 1 1 1 1 1 3 3 4 4 4 4 4 4 4 4
n34-m289 1914 15 18 15 1 1 3 3 3 3 3 3 4 4 4 4 4 4 4 18 1 1 1 1 1 1 1 2 3 3 3 4 4 4 4 4 4 4
n34-m289 1918 15 18 15 0 2 3 3 3 3 3 3 4 4 4 4 4 4 4 18 1 1 1 1 1 1 1 2 3 3 3 4 4 4 4 4 4 4
n34-m289 1927 15 18 15 1 2 3 3 3 3 3 3 4 4 4 4 4 4 4 18 1 1 1 1 1 1 1 2 3 3 3 4 4 4 4 4 4 5
n34-m289 1928 15 18 15 1 2 3 3 3 3 3 3 4 4 4 4 4 4 4 18 1 1 1 1 1 1 1 2 3 3 4 4 4 4 4 4 4 4
n34-m289 1929 15 18 15 1 2 3 3 3 3 3 3 4 4 4 4 4 4 4 18 1 1 1 1 1 1 1 3 3 3 3 4 4 4 4 4 4 4
n34-m289 1930 15 18 15 1 2 3 3 3 3 3 3 4 4 4 4 4 4 4 18 1 1 1 1 1 1 2 2 3 3 3 4 4 4 4 4 4 4
n34-m289 1933 15 18 15 2 2 3 3 3 3 3 3 4 4 4 4 4 4 4 18 1 1 1 1 1 1 1 2 3 3 3 4 4 4 4 4 4 6
n34-m289 1934 15 18 15 2 2 3 3 3 3 3 3 4 4 4 4 4 4 4 18 1 1 1 1 1 1 1 2 3 3 3 4 4 4 4 4 5 5
n34-m289 1936 15 18 15 2 2 3 3 3 3 3 3 4 4 4 4 4 4 4 18 1 1 1 1 1 1 1 2 3 3 4 4 4 4 4 4 4 5
n34-m289 1937 15 18 15 2 2 3 3 3 3 3 3 4 4 4 4 4 4 4 18 1 1 1 1 1 1 1 2 3 4 4 4 4 4 4 4 4 4
n34-m289 1939 15 18 15 2 2 3 3 3 3 3 3 4 4 4 4 4 4 4 18 1 1 1 1 1 1 1 3 3 3 3 4 4 4 4 4 4 5
n34-m289 1940 15 18 15 2 2 3 3 3 3 3 3 4 4 4 4 4 4 4 18 1 1 1 1 1 1 1 3 3 3 4 4 4 4 4 4 4 4
n34-m289 1942 15 18 15 2 2 3 3 3 3 3 3 4 4 4 4 4 4 4 18 1 1 1 1 1 1 2 2 3 3 3 4 4 4 4 4 4 5
n34-m289 1943 15 18 15 2 2 3 3 3 3 3 3 4 4 4 4 4 4 4 18 1 1 1 1 1 1 2 2 3 3 4 4 4 4 4 4 4 4
n34-m289 1944 15 18 15 2 2 3 3 3 3 3 3 4 4 4 4 4 4 4 18 1 1 1 1 1 1 2 3 3 3 3 4 4 4 4 4 4 4
n34-m289 1945 15 18 15 2 2 3 3 3 3 3 3 4 4 4 4 4 4 4 18 1 1 1 1 1 2 2 2 3 3 3 4 4 4 4 4 4 4
n34-m289 1949 15 18 15 0 3 3 3 3 3 3 3 4 4 4 4 4 4 4 18 1 1 1 1 1 1 1 3 3 3 3 4 4 4 4 4 4 4
n34-m289 1959 15 18 15 1 3 3 3 3 3 3 3 4 4 4 4 4 4 4 18 1 1 1 1 1 1 1 3 3 3 3 4 4 4 4 4 4 5
n34-m289 1960 15 18 15 1 3 3 3 3 3 3 3 4 4 4 4 4 4 4 18 1 1 1 1 1 1 1 3 3 3 4 4 4 4 4 4 4 4
n34-m289 1964 15 18 15 1 3 3 3 3 3 3 3 4 4 4 4 4 4 4 18 1 1 1 1 1 1 2 3 3 3 3 4 4 4 4 4 4 4
n34-m289 1982 15 18 15 2 3 3 3 3 3 3 3 4 4 4 4 4 4 4 18 1 1 1 1 1 1 1 3 3 3 3 4 4 4 4 4 4 6
n34-m289 1983 15 18 15 2 3 3 3 3 3 3 3 4 4 4 4 4 4 4 18 1 1 1 1 1 1 1 3 3 3 3 4 4 4 4 4 5 5
n34-m289 1985 15 18 15 2 3 3 3 3 3 3 3 4 4 4 4 4 4 4 18 1 1 1 1 1 1 1 3 3 3 4 4 4 4 4 4 4 5
n34-m289 1986 15 18 15 2 3 3 3 3 3 3 3 4 4 4 4 4 4 4 18 1 1 1 1 1 1 1 3 3 4 4 4 4 4 4 4 4 4
n34-m289 1995 15 18 15 2 3 3 3 3 3 3 3 4 4 4 4 4 4 4 18 1 1 1 1 1 1 2 3 3 3 3 4 4 4 4 4 4 5
n34-m289 1996 15 18 15 2 3 3 3 3 3 3 3 4 4 4 4 4 4 4 18 1 1 1 1 1 1 2 3 3 3 4 4 4 4 4 4 4 4
n34-m289 1997 15 18 15 2 3 3 3 3 3 3 3 4 4 4 4 4 4 4 18 1 1 1 1 1 1 3 3 3 3 3 4 4 4 4 4 4 4
n34-m289 2001 15 18 15 2 3 3 3 3 3 3 3 4 4 4 4 4 4 4 18 1 1 1 1 1 2 2 3 3 3 3 4 4 4 4 4 4 4
n34-m289 2025 15 18 15 3 3 3 3 3 3 3 3 4 4 4 4 4 4 4 18 1 1 1 1 1 1 3 3 3 3 3 4 4 4 4 4 4 5
n34-m289 2026 15 18 15 3 3 3 3 3 3 3 3 4 4 4 4 4 4 4 18 1 1 1 1 1 1 3 3 3 3 4 4 4 4 4 4 4 4
n34-m289 2030 15 18 15 3 3 3 3 3 3 3 3 4 4 4 4 4 4 4 18 1 1 1 1 1 2 3 3 3 3 3 4 4 4 4 4 4 4
n34-m289 2034 15 18 15 1 2 2 2 2 3 3 4 4 4 4 4 4 4 4 18 1 1 1 1 1 1 1 1 2 3 4 4 4 4 4 4 4 4
n34-m289 2039 15 18 15 2 2 2 2 2 3 3 4 4 4 4 4 4 4 4 18 1 1 1 1 1 1 1 2 2 3 4 4 4 4 4 4 4 4
n34-m289 2040 15 18 15 1 1 2 2 3 3 3 4 4 4 4 4 4 4 4 18 1 1 1 1 1 1 1 1 2 3 4 4 4 4 4 4 4 4
n34-m289 2041 15 18 15 0 2 2 2 3 3 3 4 4 4 4 4 4 4 4 18 1 1 1 1 1 1 1 1 2 3 4 4 4 4 4 4 4 4
n34-m289 2043 15 18 15 1 2 2 2 3 3 3 4 4 4 4 4 4 4 4 18 1 1 1 1 1 1 1 1 2 3 4 4 4 4 4 4 4 5
n34-m289 2044 15 18 15 1 2 2 2 3 3 3 4 4 4 4 4 4 4 4 18 1 1 1 1 1 1 1 1 2 4 4 4 4 4 4 4 4 4
n34-m289 2045 15 18 15 1 2 2 2 3 3 3 4 4 4 4 4 4 4 4 18 1 1 1 1 1 1 1 1 3 3 4 4 4 4 4 4 4 4
n34-m289 2046 15 18 15 1 2 2 2 3 3 3 4 4 4 4 4 4 4 4 18 1 1 1 1 1 1 1 2 2 3 4 4 4 4 4 4 4 4
n34-m289 2048 15 18 15 2 2 2 2 3 3 3 4 4 4 4 4 4 4 4 18 1 1 1 1 1 1 1 2 2 3 4 4 4 4 4 4 4 5
n34-m289 2049 15 18 15 2 2 2 2 3 3 3 4 4 4 4 4 4 4 4 18 1 1 1 1 1 1 1 2 2 4 4 4 4 4 4 4 4 4
n34-m289 2050 15 18 15 2 2 2 2 3 3 3 4 4 4 4 4 4 4 4 18 1 1 1 1 1 1 1 2 3 3 4 4 4 4 4 4 4 4
n34-m289 2051 15 18 15 2 2 2 2 3 3 3 4 4 4 4 4 4 4 4 18 1 1 1 1 1 1 2 2 2 3 4 4 4 4 4 4 4 4
n34-m289 2052 15 18 15 1 1 2 3 3 3 3 4 4 4 4 4 4 4 4 18 1 1 1 1 1 1 1 1 3 3 4 4 4 4 4 4 4 4
n34-m289 2057 15 18 15 1 2 2 3 3 3 3 4 4 4 4 4 4 4 4 18 1 1 1 1 1 1 1 2 3 3 4 4 4 4 4 4 4 4
n34-m289 2059 15 18 15 2 2 2 3 3 3 3 4 4 4 4 4 4 4 4 18 1 1 1 1 1 1 1 2 3 3 4 4 4 4 4 4 4 5
n34-m289 2060 15 18 15 2 2 2 3 3 3 3 4 4 4 4 4 4 4 4 18 1 1 1 1 1 1 1 2 3 4 4 4 4 4 4 4 4 4
n34-m289 2061 15 18 15 2 2 2 3 3 3 3 4 4 4 4 4 4 4 4 18 1 1 1 1 1 1 1 3 3 3 4 4 4 4 4 4 4 4
n34-m289 2062 15 18 15 2 2 2 3 3 3 3 4 4 4 4 4 4 4 4 18 1 1 1 1 1 1 2 2 3 3 4 4 4 4 4 4 4 4
n34-m289 2063 15 18 15 0 1 3 3 3 3 3 4 4 4 4 4 4 4 4 18 1 1 1 1 1 1 1 1 3 3 4 4 4 4 4 4 4 4
n34-m289 2065 15 18 15 1 1 3 3 3 3 3 4 4 4 4 4 4 4 4 18 1 1 1 1 1 1 1 1 3 3 4 4 4 4 4 4 4 5
n34-m289 2066 15 18 15 1 1 3 3 3 3 3 4 4 4 4 4 4 4 4 18 1 1 1 1 1 1 1 1 3 4 4 4 4 4 4 4 4 4
n34-m289 2067 15 18 15 1 1 3 3 3 3 3 4 4 4 4 4 4 4 4 18 1 1 1 1 1 1 1 2 3 3 4 4 4 4 4 4 4 4
n34-m289 2068 15 18 15 0 2 3 3 3 3 3 4 4 4 4 4 4 4 4 18 1 1 1 1 1 1 1 2 3 3 4 4 4 4 4 4 4 4
n34-m289 2070 15 18 15 1 2 3 3 3 3 3 4 4 4 4 4 4 4 4 18 1 1 1 1 1 1 1 2 3 3 4 4 4 4 4 4 4 5
n34-m289 2071 15 18 15 1 2 3 3 3 3 3 4 4 4 4 4 4 4 4 18 1 1 1 1 1 1 1 2 3 4 4 4 4 4 4 4 4 4
n34-m289 2072 15 18 15 1 2 3 3 3 3 3 4 4 4 4 4 4 4 4 18 1 1 1 1 1 1 1 3 3 3 4 4 4 4 4 4 4 4
n34-m289 2073 15 18 15 1 2 3 3 3 3 3 4 4 4 4 4 4 4 4 18 1 1 1 1 1 1 2 2 3 3 4 4 4 4 4 4 4 4
n34-m289 2076 15 18 15 2 2 3 3 3 3 3 4 4 4 4 4 4 4 4 18 1 1 1 1 1 1 1 2 3 3 4 4 4 4 4 4 4 6
n34-m289 2077 15 18 15 2 2 3 3 3 3 3 4 4 4 4 4 4 4 4 18 1 1 1 1 1 1 1 2 3 3 4 4 4 4 4 4 5 5
n34-m289 2079 15 18 15 2 2 3 3 3 3 3 4 4 4 4 4 4 4 4 18 1 1 1 1 1 1 1 2 3 4 4 4 4 4 4 4 4 5
n34-m289 2080 15 18 15 2 2 3 3 3 3 3 4 4 4 4 4 4 4 4 18 1 1 1 1 1 1 1 2 4 4 4 4 4 4 4 4 4 4
n34-m289 2082 15 18 15 2 2 3 3 3 3 3 4 4 4 4 4 4 4 4 18 1 1 1 1 1 1 1 3 3 3 4 4 4 4 4 4 4 5
n34-m289 2083 15 18 15 2 2 3 3 3 3 3 4 4 4 4 4 4 4 4 18 1 1 1 1 1 1 1 3 3 4 4 4 4 4 4 4 4 4
n34-m289 2085 15 18 15 2 2 3 3 3 3 3 4 4 4 4 4 4 4 4 18 1 1 1 1 1 1 2 2 3 3 4 4 4 4 4 4 4 5
n34-m289 2086 15 18 15 2 2 3 3 3 3 3 4 4 4 4 4 4 4 4 18 1 1 1 1 1 1 2 2 3 4 4 4 4 4 4 4 4 4
n34-m289 2087 15 18 15 2 2 3 3 3 3 3 4 4 4 4 4 4 4 4 18 1 1 1 1 1 1 2 3 3 3 4 4 4 4 4 4 4 4
n34-m289 2088 15 18 15 2 2 3 3 3 3 3 4 4 4 4 4 4 4 4 18 1 1 1 1 1 2 2 2 3 3 4 4 4 4 4 4 4 4
n34-m289 2092 15 18 15 0 3 3 3 3 3 3 4 4 4 4 4 4 4 4 18 1 1 1 1 1 1 1 3 3 3 4 4 4 4 4 4 4 4
n34-m289 2102 15 18 15 1 3 3 3 3 3 3 4 4 4 4 4 4 4 4 18 1 1 1 1 1 1 1 3 3 3 4 4 4 4 4 4 4 5
n34-m289 2103 15 18 15 1 3 3 3 3 3 3 4 4 4 4 4 4 4 4 18 1 1 1 1 1 1 1 3 3 4 4 4 4 4 4 4 4 4
n34-m289 2107 15 18 15 1 3 3 3 3 3 3 4 4 4 4 4 4 4 4 18 1 1 1 1 1 1 2 3 3 3 4 4 4 4 4 4 4 4
n34-m289 2124 15 18 15 2 3 3 3 3 3 3 4 4 4 4 4 4 4 4 18 1 1 1 1 1 1 1 3 3 3 4 4 4 4 4 4 4 6
n34-m289 2125 15 18 15 2 3 3 3 3 3 3 4 4 4 4 4 4 4 4 18 1 1 1 1 1 1 1 3 3 3 4 4 4 4 4 4 5 5
n34-m289 2127 15 18 15 2 3 3 3 3 3 3 4 4 4 4 4 4 4 4 18 1 1 1 1 1 1 1 3 3 4 4 4 4 4 4 4 4 5
n34-m289 2128 15 18 15 2 3 3 3 3 3 3 4 4 4 4 4 4 4 4 18 1 1 1 1 1 1 1 3 4 4 4 4 4 4 4 4 4 4
n34-m289 2137 15 18 15 2 3 3 3 3 3 3 4 4 4 4 4 4 4 4 18 1 1 1 1 1 1 2 3 3 3 4 4 4 4 4 4 4 5
n34-m289 2138 15 18 15 2 3 3 3 3 3 3 4 4 4 4 4 4 4 4 18 1 1 1 1 1 1 2 3 3 4 4 4 4 4 4 4 4 4
n34-m289 2139 15 18 15 2 3 3 3 3 3 3 4 4 4 4 4 4 4 4 18 1 1 1 1 1 1 3 3 3 3 4 4 4 4 4 4 4 4
n34-m289 2143 15 18 15 2 3 3 3 3 3 3 4 4 4 4 4 4 4 4 18 1 1 1 1 1 2 2 3 3 3 4 4 4 4 4 4 4 4
n34-m289 2167 15 18 15 3 3 3 3 3 3 3 4 4 4 4 4 4 4 4 18 1 1 1 1 1 1 3 3 3 3 4 4 4 4 4 4 4 5
n34-m289 2168 15 18 15 3 3 3 3 3 3 3 4 4 4 4 4 4 4 4 18 1 1 1 1 1 1 3 3 3 4 4 4 4 4 4 4 4 4
n34-m289 2172 15 18 15 3 3 3 3 3 3 3 4 4 4 4 4 4 4 4 18 1 1 1 1 1 2 3 3 3 3 4 4 4 4 4 4 4 4
n34-m289 2174 15 18 15 1 2 2 2 2 2 4 4 4 4 4 4 4 4 4 18 1 1 1 1 1 1 1 1 2 3 4 4 4 4 4 4 4 4
n34-m289 2179 15 18 15 2 2 2 2 2 2 4 4 4 4 4 4 4 4 4 18 1 1 1 1 1 1 1 2 2 3 4 4 4 4 4 4 4 4
n34-m289 2180 15 18 15 1 1 2 2 2 3 4 4 4 4 4 4 4 4 4 18 1 1 1 1 1 1 1 1 2 3 4 4 4 4 4 4 4 4
n34-m289 2181 15 18 15 0 2 2 2 2 3 4 4 4 4 4 4 4 4 4 18 1 1 1 1 1 1 1 1 2 3 4 4 4 4 4 4 4 4
n34-m289 2183 15 18 15 1 2 2 2 2 3 4 4 4 4 4 4 4 4 4 18 1 1 1 1 1 1 1 1 2 3 4 4 4 4 4 4 4 5
n34-m289 2184 15 18 15 1 2 2 2 2 3 4 4 4 4 4 4 4 4 4 18 1 1 1 1 1 1 1 1 2 4 4 4 4 4 4 4 4 4
n34-m289 2185 15 18 15 1 2 2 2 2 3 4 4 4 4 4 4 4 4 4 18 1 1 1 1 1 1 1 1 3 3 4 4 4 4 4 4 4 4
n34-m289 2186 15 18 15 1 2 2 2 2 3 4 4 4 4 4 4 4 4 4 18 1 1 1 1 1 1 1 2 2 3 4 4 4 4 4 4 4 4
n34-m289 2188 15 18 15 2 2 2 2 2 3 4 4 4 4 4 4 4 4 4 18 1 1 1 1 1 1 1 2 2 3 4 4 4 4 4 4 4 5
n34-m289 2189 15 18 15 2 2 2 2 2 3 4 4 4 4 4 4 4 4 4 18 1 1 1 1 1 1 1 2 2 4 4 4 4 4 4 4 4 4
n34-m289 2190 15 18 15 2 2 2 2 2 3 4 4 4 4 4 4 4 4 4 18 1 1 1 1 1 1 1 2 3 3 4 4 4 4 4 4 4 4
n34-m289 2191 15 18 15 2 2 2 2 2 3 4 4 4 4 4 4 4 4 4 18 1 1 1 1 1 1 2 2 2 3 4 4 4 4 4 4 4 4
n34-m289 2197 15 18 15 1 1 2 2 3 3 4 4 4 4 4 4 4 4 4 18 1 1 1 1 1 1 1 1 3 3 4 4 4 4 4 4 4 4
n34-m289 2216 15 18 15 1 2 2 2 3 3 4 4 4 4 4 4 4 4 4 18 1 1 1 1 1 1 1 2 3 3 4 4 4 4 4 4 4 4
n34-m289 2225 15 18 15 2 2 2 2 3 3 4 4 4 4 4 4 4 4 4 18 1 1 1 1 1 1 1 2 3 3 4 4 4 4 4 4 4 5
n34-m289 2226 15 18 15 2 2 2 2 3 3 4 4 4 4 4 4 4 4 4 18 1 1 1 1 1 1 1 2 3 4 4 4 4 4 4 4 4 4
n34-m289 2227 15 18 15 2 2 2 2 3 3 4 4 4 4 4 4 4 4 4 18 1 1 1 1 1 1 1 3 3 3 4 4 4 4 4 4 4 4
n34-m289 2231 15 18 15 2 2 2 2 3 3 4 4 4 4 4 4 4 4 4 18 1 1 1 1 1 1 2 2 3 3 4 4 4 4 4 4 4 4
n34-m289 2233 15 18 15 1 1 1 3 3 3 4 4 4 4 4 4 4 4 4 18 1 1 1 1 1 1 1 1 3 3 4 4 4 4 4 4 4 4
n34-m289 2234 15 18 15 0 1 2 3 3 3 4 4 4 4 4 4 4 4 4 18 1 1 1 1 1 1 1 1 3 3 4 4 4 4 4 4 4 4
n34-m289 2236 15 18 15 1 1 2 3 3 3 4 4 4 4 4 4 4 4 4 18 1 1 1 1 1 1 1 1 3 3 4 4 4 4 4 4 4 5
n34-m289 2237 15 18 15 1 1 2 3 3 3 4 4 4 4 4 4 4 4 4 18 1 1 1 1 1 1 1 1 3 4 4 4 4 4 4 4 4 4
n34-m289 2238 15 18 15 1 1 2 3 3 3 4 4 4 4 4 4 4 4 4 18 1 1 1 1 1 1 1 2 3 3 4 4 4 4 4 4 4 4
n34-m289 2239 15 18 15 0 2 2 3 3 3 4 4 4 4 4 4 4 4 4 18 1 1 1 1 1 1 1 2 3 3 4 4 4 4 4 4 4 4
n34-m289 2241 15 18 15 1 2 2 3 3 3 4 4 4 4 4 4 4 4 4 18 1 1 1 1 1 1 1 2 3 3 4 4 4 4 4 4 4 5
n34-m289 2242 15 18 15 1 2 2 3 3 3 4 4 4 4 4 4 4 4 4 18 1 1 1 1 1 1 1 2 3 4 4 4 4 4 4 4 4 4
n34-m289 2243 15 18 15 1 2 2 3 3 3 4 4 4 4 4 4 4 4 4 18 1 1 1 1 1 1 1 3 3 3 4 4 4 4 4 4 4 4
n34-m289 2244 15 18 15 1 2 2 3 3 3 4 4 4 4 4 4 4 4 4 18 1 1 1 1 1 1 2 2 3 3 4 4 4 4 4 4 4 4
n34-m289 2247 15 18 15 2 2 2 3 3 3 4 4 4 4 4 4 4 4 4 18 1 1 1 1 1 1 1 2 3 3 4 4 4 4 4 4 4 6
n34-m289 2248 15 18 15 2 2 2 3 3 3 4 4 4 4 4 4 4 4 4 18 1 1 1 1 1 1 1 2 3 3 4 4 4 4 4 4 5 5
n34-m289 2250 15 18 15 2 2 2 3 3 3 4 4 4 4 4 4 4 4 4 18 1 1 1 1 1 1 1 2 3 4 4 4 4 4 4 4 4 5
n34-m289 2251 15 18 15 2 2 2 3 3 3 4 4 4 4 4 4 4 4 4 18 1 1 1 1 1 1 1 2 4 4 4 4 4 4 4 4 4 4
n34-m289 2253 15 18 15 2 2 2 3 3 3 4 4 4 4 4 4 4 4 4 18 1 1 1 1 1 1 1 3 3 3 4 4 4 4 4 4 4 5
n34-m289 2254 15 18 15 2 2 2 3 3 3 4 4 4 4 4 4 4 4 4 18 1 1 1 1 1 1 1 3 3 4 4 4 4 4 4 4 4 4
n34-m289 2256 15 18 15 2 2 2 3 3 3 4 4 4 4 4 4 4 4 4 18 1 1 1 1 1 1 2 2 3 3 4 4 4 4 4 4 4 5
n34-m289 2257 15 18 15 2 2 2 3 3 3 4 4 4 4 4 4 4 4 4 18 1 1 1 1 1 1 2 2 3 4 4 4 4 4 4 4 4 4
n34-m289 2258 15 18 15 2 2 2 3 3 3 4 4 4 4 4 4 4 4 4 18 1 1 1 1 1 1 2 3 3 3 4 4 4 4 4 4 4 4
n34-m289 2259 15 18 15 2 2 2 3 3 3 4 4 4 4 4 4 4 4 4 18 1 1 1 1 1 2 2 2 3 3 4 4 4 4 4 4 4 4
n34-m289 2264 15 18 15 0 1 3 3 3 3 4 4 4 4 4 4 4 4 4 18 1 1 1 1 1 1 1 2 3 3 4 4 4 4 4 4 4 4
n34-m289 2273 15 18 15 1 1 3 3 3 3 4 4 4 4 4 4 4 4 4 18 1 1 1 1 1 1 1 2 3 3 4 4 4 4 4 4 4 5
n34-m289 2274 15 18 15 1 1 3 3 3 3 4 4 4 4 4 4 4 4 4 18 1 1 1 1 1 1 1 2 3 4 4 4 4 4 4 4 4 4
n34-m289 2275 15 18 15 1 1 3 3 3 3 4 4 4 4 4 4 4 4 4 18 1 1 1 1 1 1 1 3 3 3 4 4 4 4 4 4 4 4
n34-m289 2276 15 18 15 1 1 3 3 3 3 4 4 4 4 4 4 4 4 4 18 1 1 1 1 1 1 2 2 3 3 4 4 4 4 4 4 4 4
n34-m289 2277 15 18 15 0 2 3 3 3 3 4 4 4 4 4 4 4 4 4 18 1 1 1 1 1 1 1 2 3 3 4 4 4 4 4 4 4 4
n34-m289 2278 15 18 15 0 2 3 3 3 3 4 4 4 4 4 4 4 4 4 18 1 1 1 1 1 1 1 2 3 3 4 4 4 4 4 4 4 5
n34-m289 2279 15 18 15 0 2 3 3 3 3 4 4 4 4 4 4 4 4 4 18 1 1 1 1 1 1 1 2 3 4 4 4 4 4 4 4 4 4
n34-m289 2280 15 18 15 0 2 3 3 3 3 4 4 4 4 4 4 4 4 4 18 1 1 1 1 1 1 1 3 3 3 4 4 4 4 4 4 4 4
n34-m289 2281 15 18 15 0 2 3 3 3 3 4 4 4 4 4 4 4 4 4 18 1 1 1 1 1 1 2 2 3 3 4 4 4 4 4 4 4 4
n34-m289 2284 15 18 15 1 2 3 3 3 3 4 4 4 4 4 4 4 4 4 18 1 1 1 1 1 1 1 2 3 3 4 4 4 4 4 4 4 6
n34-m289 2285 15 18 15 1 2 3 3 3 3 4 4 4 4 4 4 4 4 4 18 1 1 1 1 1 1 1 2 3 3 4 4 4 4 4 4 5 5
n34-m289 2287 15 18 15 1 2 3 3 3 3 4 4 4 4 4 4 4 4 4 18 1 1 1 1 1 1 1 2 3 4 4 4 4 4 4 4 4 5
n34-m289 2288 15 18 15 1 2 3 3 3 3 4 4 4 4 4 4 4 4 4 18 1 1 1 1 1 1 1 2 4 4 4 4 4 4 4 4 4 4
n34-m289 2290 15 18 15 1 2 3 3 3 3 4 4 4 4 4 4 4 4 4 18 1 1 1 1 1 1 1 3 3 3 4 4 4 4 4 4 4 5
n34-m289 2291 15 18 15 1 2 3 3 3 3 4 4 4 4 4 4 4 4 4 18 1 1 1 1 1 1 1 3 3 4 4 4 4 4 4 4 4 4
n34-m289 2293 15 18 15 1 2 3 3 3 3 4 4 4 4 4 4 4 4 4 18 1 1 1 1 1 1 2 2 3 3 4 4 4 4 4 4 4 5
n34-m289 2294 15 18 15 1 2 3 3 3 3 4 4 4 4 4 4 4 4 4 18 1 1 1 1 1 1 2 2 3 4 4 4 4 4 4 4 4 4
n34-m289 2295 15 18 15 1 2 3 3 3 3 4 4 4 4 4 4 4 4 4 18 1 1 1 1 1 1 2 3 3 3 4 4 4 4 4 4 4 4
n34-m289 2296 15 18 15 1 2 3 3 3 3 4 4 4 4 4 4 4 4 4 18 1 1 1 1 1 2 2 2 3 3 4 4 4 4 4 4 4 4
n34-m289 2300 15 18 15 2 2 3 3 3 3 4 4 4 4 4 4 4 4 4 18 1 1 1 1 1 1 1 2 3 3 4 4 4 4 4 4 4 7
n34-m289 2302 15 18 15 2 2 3 3 3 3 4 4 4 4 4 4 4 4 4 18 1 1 1 1 1 1 1 2 3 3 4 4 4 4 4 4 5 6
n34-m289 2303 15 18 15 2 2 3 3 3 3 4 4 4 4 4 4 4 4 4 18 1 1 1 1 1 1 1 2 3 3 4 4 4 4 4 5 5 5
n34-m289 2306 15 18 15 2 2 3 3 3 3 4 4 4 4 4 4 4 4 4 18 1 1 1 1 1 1 1 2 3 4 4 4 4 4 4 4 4 6
n34-m289 2307 15 18 15 2 2 3 3 3 3 4 4 4 4 4 4 4 4 4 18 1 1 1 1 1 1 1 2 3 4 4 4 4 4 4 4 5 5
n34-m289 2309 15 18 15 2 2 3 3 3 3 4 4 4 4 4 4 4 4 4 18 1 1 1 1 1 1 1 2 4 4 4 4 4 4 4 4 4 5
n34-m289 2312 15 18 15 2 2 3 3 3 3 4 4 4 4 4 4 4 4 4 18 1 1 1 1 1 1 1 3 3 3 4 4 4 4 4 4 4 6
n34-m289 2313 15 18 15 2 2 3 3 3 3 4 4 4 4 4 4 4 4 4 18 1 1 1 1 1 1 1 3 3 3 4 4 4 4 4 4 5 5
n34-m289 2315 15 18 15 2 2 3 3 3 3 4 4 4 4 4 4 4 4 4 18 1 1 1 1 1 1 1 3 3 4 4 4 4 4 4 4 4 5
n34-m289 2316 15 18 15 2 2 3 3 3 3 4 4 4 4 4 4 4 4 4 18 1 1 1 1 1 1 1 3 4 4 4 4 4 4 4 4 4 4
n34-m289 2319 15 18 15 2 2 3 3 3 3 4 4 4 4 4 4 4 4 4 18 1 1 1 1 1 1 2 2 3 3 4 4 4 4 4 4 4 6
n34-m289 2320 15 18 15 2 2 3 3 3 3 4 4 4 4 4 4 4 4 4 18 1 1 1 1 1 1 2 2 3 3 4 4 4 4 4 4 5 5
n34-m289 2322 15 18 15 2 2 3 3 3 3 4 4 4 4 4 4 4 4 4 18 1 1 1 1 1 1 2 2 3 4 4 4 4 4 4 4 4 5
n34-m289 2323 15 18 15 2 2 3 3 3 3 4 4 4 4 4 4 4 4 4 18 1 1 1 1 1 1 2 2 4 4 4 4 4 4 4 4 4 4
n34-m289 2325 15 18 15 2 2 3 3 3 3 4 4 4 4 4 4 4 4 4 18 1 1 1 1 1 1 2 3 3 3 4 4 4 4 4 4 4 5
n34-m289 2326 15 18 15 2 2 3 3 3 3 4 4 4 4 4 4 4 4 4 18 1 1 1 1 1 1 2 3 3 4 4 4 4 4 4 4 4 4
n34-m289 2327 15 18 15 2 2 3 3 3 3 4 4 4 4 4 4 4 4 4 18 1 1 1 1 1 1 3 3 3 3 4 4 4 4 4 4 4 4
n34-m289 2329 15 18 15 2 2 3 3 3 3 4 4 4 4 4 4 4 4 4 18 1 1 1 1 1 2 2 2 3 3 4 4 4 4 4 4 4 5
n34-m289 2330 15 18 15 2 2 3 3 3 3 4 4 4 4 4 4 4 4 4 18 1 1 1 1 1 2 2 2 3 4 4 4 4 4 4 4 4 4
n34-m289 2331 15 18 15 2 2 3 3 3 3 4 4 4 4 4 4 4 4 4 18 1 1 1 1 1 2 2 3 3 3 4 4 4 4 4 4 4 4
n34-m289 2332 15 18 15 2 2 3 3 3 3 4 4 4 4 4 4 4 4 4 18 1 1 1 1 2 2 2 2 3 3 4 4 4 4 4 4 4 4
n34-m289 2340 15 18 15 0 3 3 3 3 3 4 4 4 4 4 4 4 4 4 18 1 1 1 1 1 1 1 3 3 3 4 4 4 4 4 4 4 4
n34-m289 2341 15 18 15 0 3 3 3 3 3 4 4 4 4 4 4 4 4 4 18 1 1 1 1 1 1 1 3 3 3 4 4 4 4 4 4 4 5
n34-m289 2342 15 18 15 0 3 3 3 3 3 4 4 4 4 4 4 4 4 4 18 1 1 1 1 1 1 1 3 3 4 4 4 4 4 4 4 4 4
n34-m289 2346 15 18 15 0 3 3 3 3 3 4 4 4 4 4 4 4 4 4 18 1 1 1 1 1 1 2 3 3 3 4 4 4 4 4 4 4 4
n34-m289 2363 15 18 15 1 3 3 3 3 3 4 4 4 4 4 4 4 4 4 18 1 1 1 1 1 1 1 3 3 3 4 4 4 4 4 4 4 6
n34-m289 2364 15 18 15 1 3 3 3 3 3 4 4 4 4 4 4 4 4 4 18 1 1 1 1 1 1 1 3 3 3 4 4 4 4 4 4 5 5
n34-m289 2366 15 18 15 1 3 3 3 3 3 4 4 4 4 4 4 4 4 4 18 1 1 1 1 1 1 1 3 3 4 4 4 4 4 4 4 4 5
n34-m289 2367 15 18 15 1 3 3 3 3 3 4 4 4 4 4 4 4 4 4 18 1 1 1 1 1 1 1 3 4 4 4 4 4 4 4 4 4 4
n34-m289 2376 15 18 15 1 3 3 3 3 3 4 4 4 4 4 4 4 4 4 18 1 1 1 1 1 1 2 3 3 3 4 4 4 4 4 4 4 5
n34-m289 2377 15 18 15 1 3 3 3 3 3 4 4 4 4 4 4 4 4 4 18 1 1 1 1 1 1 2 3 3 4 4 4 4 4 4 4 4 4
n34-m289 2378 15 18 15 1 3 3 3 3 3 4 4 4 4 4 4 4 4 4 18 1 1 1 1 1 1 3 3 3 3 4 4 4 4 4 4 4 4
n34-m289 2382 15 18 15 1 3 3 3 3 3 4 4 4 4 4 4 4 4 4 18 1 1 1 1 1 2 2 3 3 3 4 4 4 4 4 4 4 4
n34-m289 2410 15 18 15 2 3 3 3 3 3 4 4 4 4 4 4 4 4 4 18 1 1 1 1 1 1 1 3 3 3 4 4 4 4 4 4 4 7
n34-m289 2412 15 18 15 2 3 3 3 3 3 4 4 4 4 4 4 4 4 4 18 1 1 1 1 1 1 1 3 3 3 4 4 4 4 4 4 5 6
n34-m289 2413 15 18 15 2 3 3 3 3 3 4 4 4 4 4 4 4 4 4 18 1 1 1 1 1 1 1 3 3 3 4 4 4 4 4 5 5 5
n34-m289 2416 15 18 15 2 3 3 3 3 3 4 4 4 4 4 4 4 4 4 18 1 1 1 1 1 1 1 3 3 4 4 4 4 4 4 4 4 6
n34-m289 2417 15 18 15 2 3 3 3 3 3 4 4 4 4 4 4 4 4 4 18 1 1 1 1 1 1 1 3 3 4 4 4 4 4 4 4 5 5
n34-m289 2419 15 18 15 2 3 3 3 3 3 4 4 4 4 4 4 4 4 4 18 1 1 1 1 1 1 1 3 4 4 4 4 4 4 4 4 4 5
n34-m289 2420 15 18 15 2 3 3 3 3 3 4 4 4 4 4 4 4 4 4 18 1 1 1 1 1 1 1 4 4 4 4 4 4 4 4 4 4 4
n34-m289 2436 15 18 15 2 3 3 3 3 3 4 4 4 4 4 4 4 4 4 18 1 1 1 1 1 1 2 3 3 3 4 4 4 4 4 4 4 6
n34-m289 2437 15 18 15 2 3 3 3 3 3 4 4 4 4 4 4 4 4 4 18 1 1 1 1 1 1 2 3 3 3 4 4 4 4 4 4 5 5
n34-m289 2439 15 18 15 2 3 3 3 3 3 4 4 4 4 4 4 4 4 4 18 1 1 1 1 1 1 2 3 3 4 4 4 4 4 4 4 4 5
n34-m289 2440 15 18 15 2 3 3 3 3 3 4 4 4 4 4 4 4 4 4 18 1 1 1 1 1 1 2 3 4 4 4 4 4 4 4 4 4 4
n34-m289 2442 15 18 15 2 3 3 3 3 3 4 4 4 4 4 4 4 4 4 18 1 1 1 1 1 1 3 3 3 3 4 4 4 4 4 4 4 5
n34-m289 2443 15 18 15 2 3 3 3 3 3 4 4 4 4 4 4 4 4 4 18 1 1 1 1 1 1 3 3 3 4 4 4 4 4 4 4 4 4
n34-m289 2452 15 18 15 2 3 3 3 3 3 4 4 4 4 4 4 4 4 4 18 1 1 1 1 1 2 2 3 3 3 4 4 4 4 4 4 4 5
n34-m289 2453 15 18 15 2 3 3 3 3 3 4 4 4 4 4 4 4 4 4 18 1 1 1 1 1 2 2 3 3 4 4 4 4 4 4 4 4 4
n34-m289 2454 15 18 15 2 3 3 3 3 3 4 4 4 4 4 4 4 4 4 18 1 1 1 1 1 2 3 3 3 3 4 4 4 4 4 4 4 4
n34-m289 2458 15 18 15 2 3 3 3 3 3 4 4 4 4 4 4 4 4 4 18 1 1 1 1 2 2 2 3 3 3 4 4 4 4 4 4 4 4
n34-m289 2501 15 18 15 3 3 3 3 3 3 4 4 4 4 4 4 4 4 4 18 1 1 1 1 1 1 3 3 3 3 4 4 4 4 4 4 4 6
n34-m289 2502 15 18 15 3 3 3 3 3 3 4 4 4 4 4 4 4 4 4 18 1 1 1 1 1 1 3 3 3 3 4 4 4 4 4 4 5 5
n34-m289 2504 15 18 15 3 3 3 3 3 3 4 4 4 4 4 4 4 4 4 18 1 1 1 1 1 1 3 3 3 4 4 4 4 4 4 4 4 5
n34-m289 2505 15 18 15 3 3 3 3 3 3 4 4 4 4 4 4 4 4 4 18 1 1 1 1 1 1 3 3 4 4 4 4 4 4 4 4 4 4
n34-m289 2514 15 18 15 3 3 3 3 3 3 4 4 4 4 4 4 4 4 4 18 1 1 1 1 1 2 3 3 3 3 4 4 4 4 4 4 4 5
n34-m289 2515 15 18 15 3 3 3 3 3 3 4 4 4 4 4 4 4 4 4 18 1 1 1 1 1 2 3 3 3 4 4 4 4 4 4 4 4 4
n34-m289 2516 15 18 15 3 3 3 3 3 3 4 4 4 4 4 4 4 4 4 18 1 1 1 1 1 3 3 3 3 3 4 4 4 4 4 4 4 4
n34-m289 2520 15 18 15 3 3 3 3 3 3 4 4 4 4 4 4 4 4 4 18 1 1 1 1 2 2 3 3 3 3 4 4 4 4 4 4 4 4
n34-m289 2522 15 18 15 1 1 2 2 2 4 4 4 4 4 4 4 4 4 4 18 1 1 1 1 1 1 1 1 2 4 4 4 4 4 4 4 4 4
n34-m289 2527 15 18 15 1 2 2 2 2 4 4 4 4 4 4 4 4 4 4 18 1 1 1 1 1 1 1 2 2 4 4 4 4 4 4 4 4 4
n34-m289 2529 15 18 15 2 2 2 2 2 4 4 4 4 4 4 4 4 4 4 18 1 1 1 1 1 1 1 2 2 4 4 4 4 4 4 4 4 5
n34-m289 2530 15 18 15 2 2 2 2 2 4 4 4 4 4 4 4 4 4 4 18 1 1 1 1 1 1 1 2 3 4 4 4 4 4 4 4 4 4
n34-m289 2531 15 18 15 2 2 2 2 2 4 4 4 4 4 4 4 4 4 4 18 1 1 1 1 1 1 2 2 2 4 4 4 4 4 4 4 4 4
n34-m289 2532 15 18 15 1 1 2 2 3 4 4 4 4 4 4 4 4 4 4 18 1 1 1 1 1 1 1 1 3 4 4 4 4 4 4 4 4 4
n34-m289 2533 15 18 15 1 2 2 2 3 4 4 4 4 4 4 4 4 4 4 18 1 1 1 1 1 1 1 2 3 4 4 4 4 4 4 4 4 4
n34-m289 2535 15 18 15 2 2 2 2 3 4 4 4 4 4 4 4 4 4 4 18 1 1 1 1 1 1 1 2 3 4 4 4 4 4 4 4 4 5
n34-m289 2536 15 18 15 2 2 2 2 3 4 4 4 4 4 4 4 4 4 4 18 1 1 1 1 1 1 1 2 4 4 4 4 4 4 4 4 4 4
n34-m289 2537 15 18 15 2 2 2 2 3 4 4 4 4 4 4 4 4 4 4 18 1 1 1 1 1 1 1 3 3 4 4 4 4 4 4 4 4 4
n34-m289 2538 15 18 15 2 2 2 2 3 4 4 4 4 4 4 4 4 4 4 18 1 1 1 1 1 1 2 2 3 4 4 4 4 4 4 4 4 4
n34-m289 2539 15 18 15 1 1 1 3 3 4 4 4 4 4 4 4 4 4 4 18 1 1 1 1 1 1 1 1 3 4 4 4 4 4 4 4 4 4
n34-m289 2544 15 18 15 1 1 2 3 3 4 4 4 4 4 4 4 4 4 4 18 1 1 1 1 1 1 1 2 3 4 4 4 4 4 4 4 4 4
n34-m289 2545 15 18 15 0 2 2 3 3 4 4 4 4 4 4 4 4 4 4 18 1 1 1 1 1 1 1 2 3 4 4 4 4 4 4 4 4 4
n34-m289 2547 15 18 15 1 2 2 3 3 4 4 4 4 4 4 4 4 4 4 18 1 1 1 1 1 1 1 2 3 4 4 4 4 4 4 4 4 5
n34-m289 2548 15 18 15 1 2 2 3 3 4 4 4 4 4 4 4 4 4 4 18 1 1 1 1 1 1 1 2 4 4 4 4 4 4 4 4 4 4
n34-m289 2549 15 18 15 1 2 2 3 3 4 4 4 4 4 4 4 4 4 4 18 1 1 1 1 1 1 1 3 3 4 4 4 4 4 4 4 4 4
n34-m289 2550 15 18 15 1 2 2 3 3 4 4 4 4 4 4 4 4 4 4 18 1 1 1 1 1 1 2 2 3 4 4 4 4 4 4 4 4 4
n34-m289 2553 15 18 15 2 2 2 3 3 4 4 4 4 4 4 4 4 4 4 18 1 1 1 1 1 1 1 2 3 4 4 4 4 4 4 4 4 6
n34-m289 2554 15 18 15 2 2 2 3 3 4 4 4 4 4 4 4 4 4 4 18 1 1 1 1 1 1 1 2 3 4 4 4 4 4 4 4 5 5
n34-m289 2556 15 18 15 2 2 2 3 3 4 4 4 4 4 4 4 4 4 4 18 1 1 1 1 1 1 1 2 4 4 4 4 4 4 4 4 4 5
n34-m289 2558 15 18 15 2 2 2 3 3 4 4 4 4 4 4 4 4 4 4 18 1 1 1 1 1 1 1 3 3 4 4 4 4 4 4 4 4 5
n34-m289 2559 15 18 15 2 2 2 3 3 4 4 4 4 4 4 4 4 4 4 18 1 1 1 1 1 1 1 3 4 4 4 4 4 4 4 4 4 4
n34-m289 2561 15 18 15 2 2 2 3 3 4 4 4 4 4 4 4 4 4 4 18 1 1 1 1 1 1 2 2 3 4 4 4 4 4 4 4 4 5
n34-m289 2562 15 18 15 2 2 2 3 3 4 4 4 4 4 4 4 4 4 4 18 1 1 1 1 1 1 2 2 4 4 4 4 4 4 4 4 4 4
n34-m289 2563 15 18 15 2 2 2 3 3 4 4 4 4 4 4 4 4 4 4 18 1 1 1 1 1 1 2 3 3 4 4 4 4 4 4 4 4 4
n34-m289 2564 15 18 15 2 2 2 3 3 4 4 4 4 4 4 4 4 4 4 18 1 1 1 1 1 2 2 2 3 4 4 4 4 4 4 4 4 4
n34-m289 2565 15 18 15 0 1 3 3 3 4 4 4 4 4 4 4 4 4 4 18 1 1 1 1 1 1 1 2 3 4 4 4 4 4 4 4 4 4
n34-m289 2567 15 18 15 1 1 3 3 3 4 4 4 4 4 4 4 4 4 4 18 1 1 1 1 1 1 1 2 3 4 4 4 4 4 4 4 4 5
n34-m289 2568 15 18 15 1 1 3 3 3 4 4 4 4 4 4 4 4 4 4 18 1 1 1 1 1 1 1 2 4 4 4 4 4 4 4 4 4 4
n34-m289 2569 15 18 15 1 1 3 3 3 4 4 4 4 4 4 4 4 4 4 18 1 1 1 1 1 1 1 3 3 4 4 4 4 4 4 4 4 4
n34-m289 2570 15 18 15 1 1 3 3 3 4 4 4 4 4 4 4 4 4 4 18 1 1 1 1 1 1 2 2 3 4 4 4 4 4 4 4 4 4
n34-m289 2571 15 18 15 0 2 3 3 3 4 4 4 4 4 4 4 4 4 4 18 1 1 1 1 1 1 1 2 3 4 4 4 4 4 4 4 4 4
n34-m289 2572 15 18 15 0 2 3 3 3 4 4 4 4 4 4 4 4 4 4 18 1 1 1 1 1 1 1 2 3 4 4 4 4 4 4 4 4 5
n34-m289 2573 15 18 15 0 2 3 3 3 4 4 4 4 4 4 4 4 4 4 18 1 1 1 1 1 1 1 2 4 4 4 4 4 4 4 4 4 4
n34-m289 2574 15 18 15 0 2 3 3 3 4 4 4 4 4 4 4 4 4 4 18 1 1 1 1 1 1 1 3 3 4 4 4 4 4 4 4 4 4
n34-m289 2575 15 18 15 0 2 3 3 3 4 4 4 4 4 4 4 4 4 4 18 1 1 1 1 1 1 2 2 3 4 4 4 4 4 4 4 4 4
n34-m289 2578 15 18 15 1 2 3 3 3 4 4 4 4 4 4 4 4 4 4 18 1 1 1 1 1 1 1 2 3 4 4 4 4 4 4 4 4 6
n34-m289 2579 15 18 15 1 2 3 3 3 4 4 4 4 4 4 4 4 4 4 18 1 1 1 1 1 1 1 2 3 4 4 4 4 4 4 4 5 5
n34-m289 2581 15 18 15 1 2 3 3 3 4 4 4 4 4 4 4 4 4 4 18 1 1 1 1 1 1 1 2 4 4 4 4 4 4 4 4 4 5
n34-m289 2583 15 18 15 1 2 3 3 3 4 4 4 4 4 4 4 4 4 4 18 1 1 1 1 1 1 1 3 3 4 4 4 4 4 4 4 4 5
n34-m289 2584 15 18 15 1 2 3 3 3 4 4 4 4 4 4 4 4 4 4 18 1 1 1 1 1 1 1 3 4 4 4 4 4 4 4 4 4 4
n34-m289 2586 15 18 15 1 2 3 3 3 4 4 4 4 4 4 4 4 4 4 18 1 1 1 1 1 1 2 2 3 4 4 4 4 4 4 4 4 5
n34-m289 2587 15 18 15 1 2 3 3 3 4 4 4 4 4 4 4 4 4 4 18 1 1 1 1 1 1 2 2 4 4 4 4 4 4 4 4 4 4
n34-m289 2588 15 18 15 1 2 3 3 3 4 4 4 4 4 4 4 4 4 4 18 1 1 1 1 1 1 2 3 3 4 4 4 4 4 4 4 4 4
n34-m289 2589 15 18 15 1 2 3 3 3 4 4 4 4 4 4 4 4 4 4 18 1 1 1 1 1 2 2 2 3 4 4 4 4 4 4 4 4 4
n34-m289 2593 15 18 15 2 2 3 3 3 4 4 4 4 4 4 4 4 4 4 18 1 1 1 1 1 1 1 2 3 4 4 4 4 4 4 4 4 7
n34-m289 2595 15 18 15 2 2 3 3 3 4 4 4 4 4 4 4 4 4 4 18 1 1 1 1 1 1 1 2 3 4 4 4 4 4 4 4 5 6
n34-m289 2596 15 18 15 2 2 3 3 3 4 4 4 4 4 4 4 4 4 4 18 1 1 1 1 1 1 1 2 3 4 4 4 4 4 4 5 5 5
n34-m289 2599 15 18 15 2 2 3 3 3 4 4 4 4 4 4 4 4 4 4 18 1 1 1 1 1 1 1 2 4 4 4 4 4 4 4 4 4 6
n34-m289 2600 15 18 15 2 2 3 3 3 4 4 4 4 4 4 4 4 4 4 18 1 1 1 1 1 1 1 2 4 4 4 4 4 4 4 4 5 5
n34-m289 2603 15 18 15 2 2 3 3 3 4 4 4 4 4 4 4 4 4 4 18 1 1 1 1 1 1 1 3 3 4 4 4 4 4 4 4 4 6
n34-m289 2604 15 18 15 2 2 3 3 3 4 4 4 4 4 4 4 4 4 4 18 1 1 1 1 1 1 1 3 3 4 4 4 4 4 4 4 5 5
n34-m289 2606 15 18 15 2 2 3 3 3 4 4 4 4 4 4 4 4 4 4 18 1 1 1 1 1 1 1 3 4 4 4 4 4 4 4 4 4 5
n34-m289 2607 15 18 15 2 2 3 3 3 4 4 4 4 4 4 4 4 4 4 18 1 1 1 1 1 1 1 4 4 4 4 4 4 4 4 4 4 4
n34-m289 2610 15 18 15 2 2 3 3 3 4 4 4 4 4 4 4 4 4 4 18 1 1 1 1 1 1 2 2 3 4 4 4 4 4 4 4 4 6
n34-m289 2611 15 18 15 2 2 3 3 3 4 4 4 4 4 4 4 4 4 4 18 1 1 1 1 1 1 2 2 3 4 4 4 4 4 4 4 5 5
n34-m289 2613 15 18 15 2 2 3 3 3 4 4 4 4 4 4 4 4 4 4 18 1 1 1 1 1 1 2 2 4 4 4 4 4 4 4 4 4 5
n34-m289 2615 15 18 15 2 2 3 3 3 4 4 4 4 4 4 4 4 4 4 18 1 1 1 1 1 1 2 3 3 4 4 4 4 4 4 4 4 5
n34-m289 2616 15 18 15 2 2 3 3 3 4 4 4 4 4 4 4 4 4 4 18 1 1 1 1 1 1 2 3 4 4 4 4 4 4 4 4 4 4
n34-m289 2617 15 18 15 2 2 3 3 3 4 4 4 4 4 4 4 4 4 4 18 1 1 1 1 1 1 3 3 3 4 4 4 4 4 4 4 4 4
n34-m289 2619 15 18 15 2 2 3 3 3 4 4 4 4 4 4 4 4 4 4 18 1 1 1 1 1 2 2 2 3 4 4 4 4 4 4 4 4 5
n34-m289 2620 15 18 15 2 2 3 3 3 4 4 4 4 4 4 4 4 4 4 18 1 1 1 1 1 2 2 2 4 4 4 4 4 4 4 4 4 4
n34-m289 2621 15 18 15 2 2 3 3 3 4 4 4 4 4 4 4 4 4 4 18 1 1 1 1 1 2 2 3 3 4 4 4 4 4 4 4 4 4
n34-m289 2622 15 18 15 2 2 3 3 3 4 4 4 4 4 4 4 4 4 4 18 1 1 1 1 2 2 2 2 3 4 4 4 4 4 4 4 4 4
n34-m289 2623 15 18 15 0 3 3 3 3 4 4 4 4 4 4 4 4 4 4 18 1 1 1 1 1 1 1 3 3 4 4 4 4 4 4 4 4 4
n34-m289 2624 15 18 15 0 3 3 3 3 4 4 4 4 4 4 4 4 4 4 18 1 1 1 1 1 1 1 3 3 4 4 4 4 4 4 4 4 5
n34-m289 2625 15 18 15 0 3 3 3 3 4 4 4 4 4 4 4 4 4 4 18 1 1 1 1 1 1 1 3 4 4 4 4 4 4 4 4 4 4
n34-m289 2626 15 18 15 0 3 3 3 3 4 4 4 4 4 4 4 4 4 4 18 1 1 1 1 1 1 2 3 3 4 4 4 4 4 4 4 4 4
n34-m289 2629 15 18 15 1 3 3 3 3 4 4 4 4 4 4 4 4 4 4 18 1 1 1 1 1 1 1 3 3 4 4 4 4 4 4 4 4 6
n34-m289 2630 15 18 15 1 3 3 3 3 4 4 4 4 4 4 4 4 4 4 18 1 1 1 1 1 1 1 3 3 4 4 4 4 4 4 4 5 5
n34-m289 2632 15 18 15 1 3 3 3 3 4 4 4 4 4 4 4 4 4 4 18 1 1 1 1 1 1 1 3 4 4 4 4 4 4 4 4 4 5
n34-m289 2633 15 18 15 1 3 3 3 3 4 4 4 4 4 4 4 4 4 4 18 1 1 1 1 1 1 1 4 4 4 4 4 4 4 4 4 4 4
n34-m289 2635 15 18 15 1 3 3 3 3 4 4 4 4 4 4 4 4 4 4 18 1 1 1 1 1 1 2 3 3 4 4 4 4 4 4 4 4 5
n34-m289 2636 15 18 15 1 3 3 3 3 4 4 4 4 4 4 4 4 4 4 18 1 1 1 1 1 1 2 3 4 4 4 4 4 4 4 4 4 4
n34-m289 2637 15 18 15 1 3 3 3 3 4 4 4 4 4 4 4 4 4 4 18 1 1 1 1 1 1 3 3 3 4 4 4 4 4 4 4 4 4
n34-m289 2638 15 18 15 1 3 3 3 3 4 4 4 4 4 4 4 4 4 4 18 1 1 1 1 1 2 2 3 3 4 4 4 4 4 4 4 4 4
n34-m289 2642 15 18 15 2 3 3 3 3 4 4 4 4 4 4 4 4 4 4 18 1 1 1 1 1 1 1 3 3 4 4 4 4 4 4 4 4 7
n34-m289 2644 15 18 15 2 3 3 3 3 4 4 4 4 4 4 4 4 4 4 18 1 1 1 1 1 1 1 3 3 4 4 4 4 4 4 4 5 6
n34-m289 2645 15 18 15 2 3 3 3 3 4 4 4 4 4 4 4 4 4 4 18 1 1 1 1 1 1 1 3 3 4 4 4 4 4 4 5 5 5
n34-m289 2648 15 18 15 2 3 3 3 3 4 4 4 4 4 4 4 4 4 4 18 1 1 1 1 1 1 1 3 4 4 4 4 4 4 4 4 4 6
n34-m289 2649 15 18 15 2 3 3 3 3 4 4 4 4 4 4 4 4 4 4 18 1 1 1 1 1 1 1 3 4 4 4 4 4 4 4 4 5 5
n34-m289 2651 15 18 15 2 3 3 3 3 4 4 4 4 4 4 4 4 4 4 18 1 1 1 1 1 1 1 4 4 4 4 4 4 4 4 4 4 5
n34-m289 2654 15 18 15 2 3 3 3 3 4 4 4 4 4 4 4 4 4 4 18 1 1 1 1 1 1 2 3 3 4 4 4 4 4 4 4 4 6
n34-m289 2655 15 18 15 2 3 3 3 3 4 4 4 4 4 4 4 4 4 4 18 1 1 1 1 1 1 2 3 3 4 4 4 4 4 4 4 5 5
n34-m289 2657 15 18 15 2 3 3 3 3 4 4 4 4 4 4 4 4 4 4 18 1 1 1 1 1 1 2 3 4 4 4 4 4 4 4 4 4 5
n34-m289 2658 15 18 15 2 3 3 3 3 4 4 4 4 4 4 4 4 4 4 18 1 1 1 1 1 1 2 4 4 4 4 4 4 4 4 4 4 4
n34-m289 2660 15 18 15 2 3 3 3 3 4 4 4 4 4 4 4 4 4 4 18 1 1 1 1 1 1 3 3 3 4 4 4 4 4 4 4 4 5
n34-m289 2661 15 18 15 2 3 3 3 3 4 4 4 4 4 4 4 4 4 4 18 1 1 1 1 1 1 3 3 4 4 4 4 4 4 4 4 4 4
n34-m289 2663 15 18 15 2 3 3 3 3 4 4 4 4 4 4 4 4 4 4 18 1 1 1 1 1 2 2 3 3 4 4 4 4 4 4 4 4 5
n34-m289 2664 15 18 15 2 3 3 3 3 4 4 4 4 4 4 4 4 4 4 18 1 1 1 1 1 2 2 3 4 4 4 4 4 4 4 4 4 4
n34-m289 2665 15 18 15 2 3 3 3 3 4 4 4 4 4 4 4 4 4 4 18 1 1 1 1 1 2 3 3 3 4 4 4 4 4 4 4 4 4
n34-m289 2666 15 18 15 2 3 3 3 3 4 4 4 4 4 4 4 4 4 4 18 1 1 1 1 2 2 2 3 3 4 4 4 4 4 4 4 4 4
n34-m289 2705 15 18 15 3 3 3 3 3 4 4 4 4 4 4 4 4 4 4 18 1 1 1 1 1 1 3 3 3 4 4 4 4 4 4 4 4 6
n34-m289 2706 15 18 15 3 3 3 3 3 4 4 4 4 4 4 4 4 4 4 18 1 1 1 1 1 1 3 3 3 4 4 4 4 4 4 4 5 5
n34-m289 2708 15 18 15 3 3 3 3 3 4 4 4 4 4 4 4 4 4 4 18 1 1 1 1 1 1 3 3 4 4 4 4 4 4 4 4 4 5
n34-m289 2709 15 18 15 3 3 3 3 3 4 4 4 4 4 4 4 4 4 4 18 1 1 1 1 1 1 3 4 4 4 4 4 4 4 4 4 4 4
n34-m289 2718 15 18 15 3 3 3 3 3 4 4 4 4 4 4 4 4 4 4 18 1 1 1 1 1 2 3 3 3 4 4 4 4 4 4 4 4 5
n34-m289 2719 15 18 15 3 3 3 3 3 4 4 4 4 4 4 4 4 4 4 18 1 1 1 1 1 2 3 3 4 4 4 4 4 4 4 4 4 4
n34-m289 2720 15 18 15 3 3 3 3 3 4 4 4 4 4 4 4 4 4 4 18 1 1 1 1 1 3 3 3 3 4 4 4 4 4 4 4 4 4
n34-m289 2724 15 18 15 3 3 3 3 3 4 4 4 4 4 4 4 4 4 4 18 1 1 1 1 2 2 3 3 3 4 4 4 4 4 4 4 4 4
n34-m289 2726 15 18 15 1 1 1 2 4 4 4 4 4 4 4 4 4 4 4 18 1 1 1 1 1 1 1 1 3 4 4 4 4 4 4 4 4 4
n34-m289 2731 15 18 15 1 1 2 2 4 4 4 4 4 4 4 4 4 4 4 18 1 1 1 1 1 1 1 2 3 4 4 4 4 4 4 4 4 4
n34-m289 2732 15 18 15 0 2 2 2 4 4 4 4 4 4 4 4 4 4 4 18 1 1 1 1 1 1 1 2 3 4 4 4 4 4 4 4 4 4
n34-m289 2734 15 18 15 1 2 2 2 4 4 4 4 4 4 4 4 4 4 4 18 1 1 1 1 1 1 1 2 3 4 4 4 4 4 4 4 4 5
n34-m289 2735 15 18 15 1 2 2 2 4 4 4 4 4 4 4 4 4 4 4 18 1 1 1 1 1 1 1 2 4 4 4 4 4 4 4 4 4 4
n34-m289 2736 15 18 15 1 2 2 2 4 4 4 4 4 4 4 4 4 4 4 18 1 1 1 1 1 1 1 3 3 4 4 4 4 4 4 4 4 4
n34-m289 2737 15 18 15 1 2 2 2 4 4 4 4 4 4 4 4 4 4 4 18 1 1 1 1 1 1 2 2 3 4 4 4 4 4 4 4 4 4
n34-m289 2740 15 18 15 2 2 2 2 4 4 4 4 4 4 4 4 4 4 4 18 1 1 1 1 1 1 1 2 3 4 4 4 4 4 4 4 4 6
n34-m289 2741 15 18 15 2 2 2 2 4 4 4 4 4 4 4 4 4 4 4 18 1 1 1 1 1 1 1 2 3 4 4 4 4 4 4 4 5 5
n34-m289 2743 15 18 15 2 2 2 2 4 4 4 4 4 4 4 4 4 4 4 18 1 1 1 1 1 1 1 2 4 4 4 4 4 4 4 4 4 5
n34-m289 2745 15 18 15 2 2 2 2 4 4 4 4 4 4 4 4 4 4 4 18 1 1 1 1 1 1 1 3 3 4 4 4 4 4 4 4 4 5
n34-m289 2746 15 18 15 2 2 2 2 4 4 4 4 4 4 4 4 4 4 4 18 1 1 1 1 1 1 1 3 4 4 4 4 4 4 4 4 4 4
n34-m289 2748 15 18 15 2 2 2 2 4 4 4 4 4 4 4 4 4 4 4 18 1 1 1 1 1 1 2 2 3 4 4 4 4 4 4 4 4 5
n34-m289 2749 15 18 15 2 2 2 2 4 4 4 4 4 4 4 4 4 4 4 18 1 1 1 1 1 1 2 2 4 4 4 4 4 4 4 4 4 4
n34-m289 2750 15 18 15 2 2 2 2 4 4 4 4 4 4 4 4 4 4 4 18 1 1 1 1 1 1 2 3 3 4 4 4 4 4 4 4 4 4
n34-m289 2751 15 18 15 2 2 2 2 4 4 4 4 4 4 4 4 4 4 4 18 1 1 1 1 1 2 2 2 3 4 4 4 4 4 4 4 4 4
n34-m289 2752 15 18 15 0 1 1 3 4 4 4 4 4 4 4 4 4 4 4 18 1 1 1 1 1 1 1 1 3 4 4 4 4 4 4 4 4 4
n34-m289 2754 15 18 15 1 1 1 3 4 4 4 4 4 4 4 4 4 4 4 18 1 1 1 1 1 1 1 1 3 4 4 4 4 4 4 4 4 5
n34-m289 2755 15 18 15 1 1 1 3 4 4 4 4 4 4 4 4 4 4 4 18 1 1 1 1 1 1 1 1 4 4 4 4 4 4 4 4 4 4
n34-m289 2756 15 18 15 1 1 1 3 4 4 4 4 4 4 4 4 4 4 4 18 1 1 1 1 1 1 1 2 3 4 4 4 4 4 4 4 4 4
n34-m289 2757 15 18 15 0 1 2 3 4 4 4 4 4 4 4 4 4 4 4 18 1 1 1 1 1 1 1 2 3 4 4 4 4 4 4 4 4 4
n34-m289 2759 15 18 15 1 1 2 3 4 4 4 4 4 4 4 4 4 4 4 18 1 1 1 1 1 1 1 2 3 4 4 4 4 4 4 4 4 5
n34-m289 2760 15 18 15 1 1 2 3 4 4 4 4 4 4 4 4 4 4 4 18 1 1 1 1 1 1 1 2 4 4 4 4 4 4 4 4 4 4
n34-m289 2761 15 18 15 1 1 2 3 4 4 4 4 4 4 4 4 4 4 4 18 1 1 1 1 1 1 1 3 3 4 4 4 4 4 4 4 4 4
n34-m289 2762 15 18 15 1 1 2 3 4 4 4 4 4 4 4 4 4 4 4 18 1 1 1 1 1 1 2 2 3 4 4 4 4 4 4 4 4 4
n34-m289 2763 15 18 15 0 2 2 3 4 4 4 4 4 4 4 4 4 4 4 18 1 1 1 1 1 1 1 2 3 4 4 4 4 4 4 4 4 4
n34-m289 2764 15 18 15 0 2 2 3 4 4 4 4 4 4 4 4 4 4 4 18 1 1 1 1 1 1 1 2 3 4 4 4 4 4 4 4 4 5
n34-m289 2765 15 18 15 0 2 2 3 4 4 4 4 4 4 4 4 4 4 4 18 1 1 1 1 1 1 1 2 4 4 4 4 4 4 4 4 4 4
n34-m289 2766 15 18 15 0 2 2 3 4 4 4 4 4 4 4 4 4 4 4 18 1 1 1 1 1 1 1 3 3 4 4 4 4 4 4 4 4 4
n34-m289 2767 15 18 15 0 2 2 3 4 4 4 4 4 4 4 4 4 4 4 18 1 1 1 1 1 1 2 2 3 4 4 4 4 4 4 4 4 4
n34-m289 2770 15 18 15 1 2 2 3 4 4 4 4 4 4 4 4 4 4 4 18 1 1 1 1 1 1 1 2 3 4 4 4 4 4 4 4 4 6
n34-m289 2771 15 18 15 1 2 2 3 4 4 4 4 4 4 4 4 4 4 4 18 1 1 1 1 1 1 1 2 3 4 4 4 4 4 4 4 5 5
n34-m289 2773 15 18 15 1 2 2 3 4 4 4 4 4 4 4 4 4 4 4 18 1 1 1 1 1 1 1 2 4 4 4 4 4 4 4 4 4 5
n34-m289 2775 15 18 15 1 2 2 3 4 4 4 4 4 4 4 4 4 4 4 18 1 1 1 1 1 1 1 3 3 4 4 4 4 4 4 4 4 5
n34-m289 2776 15 18 15 1 2 2 3 4 4 4 4 4 4 4 4 4 4 4 18 1 1 1 1 1 1 1 3 4 4 4 4 4 4 4 4 4 4
n34-m289 2778 15 18 15 1 2 2 3 4 4 4 4 4 4 4 4 4 4 4 18 1 1 1 1 1 1 2 2 3 4 4 4 4 4 4 4 4 5
n34-m289 2779 15 18 15 1 2 2 3 4 4 4 4 4 4 4 4 4 4 4 18 1 1 1 1 1 1 2 2 4 4 4 4 4 4 4 4 4 4
n34-m289 2780 15 18 15 1 2 2 3 4 4 4 4 4 4 4 4 4 4 4 18 1 1 1 1 1 1 2 3 3 4 4 4 4 4 4 4 4 4
n34-m289 2781 15 18 15 1 2 2 3 4 4 4 4 4 4 4 4 4 4 4 18 1 1 1 1 1 2 2 2 3 4 4 4 4 4 4 4 4 4
n34-m289 2785 15 18 15 2 2 2 3 4 4 4 4 4 4 4 4 4 4 4 18 1 1 1 1 1 1 1 2 3 4 4 4 4 4 4 4 4 7
n34-m289 2787 15 18 15 2 2 2 3 4 4 4 4 4 4 4 4 4 4 4 18 1 1 1 1 1 1 1 2 3 4 4 4 4 4 4 4 5 6
n34-m289 2788 15 18 15 2 2 2 3 4 4 4 4 4 4 4 4 4 4 4 18 1 1 1 1 1 1 1 2 3 4 4 4 4 4 4 5 5 5
n34-m289 2791 15 18 15 2 2 2 3 4 4 4 4 4 4 4 4 4 4 4 18 1 1 1 1 1 1 1 2 4 4 4 4 4 4 4 4 4 6
n34-m289 2792 15 18 15 2 2 2 3 4 4 4 4 4 4 4 4 4 4 4 18 1 1 1 1 1 1 1 2 4 4 4 4 4 4 4 4 5 5
n34-m289 2795 15 18 15 2 2 2 3 4 4 4 4 4 4 4 4 4 4 4 18 1 1 1 1 1 1 1 3 3 4 4 4 4 4 4 4 4 6
n34-m289 2796 15 18 15 2 2 2 3 4 4 4 4 4 4 4 4 4 4 4 18 1 1 1 1 1 1 1 3 3 4 4 4 4 4 4 4 5 5
n34-m289 2798 15 18 15 2 2 2 3 4 4 4 4 4 4 4 4 4 4 4 18 1 1 1 1 1 1 1 3 4 4 4 4 4 4 4 4 4 5
n34-m289 2799 15 18 15 2 2 2 3 4 4 4 4 4 4 4 4 4 4 4 18 1 1 1 1 1 1 1 4 4 4 4 4 4 4 4 4 4 4
n34-m289 2802 15 18 15 2 2 2 3 4 4 4 4 4 4 4 4 4 4 4 18 1 1 1 1 1 1 2 2 3 4 4 4 4 4 4 4 4 6
n34-m289 2803 15 18 15 2 2 2 3 4 4 4 4 4 4 4 4 4 4 4 18 1 1 1 1 1 1 2 2 3 4 4 4 4 4 4 4 5 5
n34-m289 2805 15 18 15 2 2 2 3 4 4 4 4 4 4 4 4 4 4 4 18 1 1 1 1 1 1 2 2 4 4 4 4 4 4 4 4 4 5
n34-m289 2807 15 18 15 2 2 2 3 4 4 4 4 4 4 4 4 4 4 4 18 1 1 1 1 1 1 2 3 3 4 4 4 4 4 4 4 4 5
n34-m289 2808 15 18 15 2 2 2 3 4 4 4 4 4 4 4 4 4 4 4 18 1 1 1 1 1 1 2 3 4 4 4 4 4 4 4 4 4 4
n34-m289 2809 15 18 15 2 2 2 3 4 4 4 4 4 4 4 4 4 4 4 18 1 1 1 1 1 1 3 3 3 4 4 4 4 4 4 4 4 4
n34-m289 2811 15 18 15 2 2 2 3 4 4 4 4 4 4 4 4 4 4 4 18 1 1 1 1 1 2 2 2 3 4 4 4 4 4 4 4 4 5
n34-m289 2812 15 18 15 2 2 2 3 4 4 4 4 4 4 4 4 4 4 4 18 1 1 1 1 1 2 2 2 4 4 4 4 4 4 4 4 4 4
n34-m289 2813 15 18 15 2 2 2 3 4 4 4 4 4 4 4 4 4 4 4 18 1 1 1 1 1 2 2 3 3 4 4 4 4 4 4 4 4 4
n34-m289 2814 15 18 15 2 2 2 3 4 4 4 4 4 4 4 4 4 4 4 18 1 1 1 1 2 2 2 2 3 4 4 4 4 4 4 4 4 4
n34-m289 2818 15 18 15 0 1 3 3 4 4 4 4 4 4 4 4 4 4 4 18 1 1 1 1 1 1 1 2 4 4 4 4 4 4 4 4 4 4
n34-m289 2819 15 18 15 0 1 3 3 4 4 4 4 4 4 4 4 4 4 4 18 1 1 1 1 1 1 1 3 3 4 4 4 4 4 4 4 4 4
n34-m289 2826 15 18 15 1 1 3 3 4 4 4 4 4 4 4 4 4 4 4 18 1 1 1 1 1 1 1 2 4 4 4 4 4 4 4 4 4 5
n34-m289 2828 15 18 15 1 1 3 3 4 4 4 4 4 4 4 4 4 4 4 18 1 1 1 1 1 1 1 3 3 4 4 4 4 4 4 4 4 5
n34-m289 2829 15 18 15 1 1 3 3 4 4 4 4 4 4 4 4 4 4 4 18 1 1 1 1 1 1 1 3 4 4 4 4 4 4 4 4 4 4
n34-m289 2832 15 18 15 1 1 3 3 4 4 4 4 4 4 4 4 4 4 4 18 1 1 1 1 1 1 2 2 4 4 4 4 4 4 4 4 4 4
n34-m289 2833 15 18 15 1 1 3 3 4 4 4 4 4 4 4 4 4 4 4 18 1 1 1 1 1 1 2 3 3 4 4 4 4 4 4 4 4 4
n34-m289 2839 15 18 15 0 2 3 3 4 4 4 4 4 4 4 4 4 4 4 18 1 1 1 1 1 1 1 2 4 4 4 4 4 4 4 4 4 4
n34-m289 2840 15 18 15 0 2 3 3 4 4 4 4 4 4 4 4 4 4 4 18 1 1 1 1 1 1 1 2 4 4 4 4 4 4 4 4 4 5
n34-m289 2841 15 18 15 0 2 3 3 4 4 4 4 4 4 4 4 4 4 4 18 1 1 1 1 1 1 1 3 3 4 4 4 4 4 4 4 4 4
n34-m289 2842 15 18 15 0 2 3 3 4 4 4 4 4 4 4 4 4 4 4 18 1 1 1 1 1 1 1 3 3 4 4 4 4 4 4 4 4 5
n34-m289 2843 15 18 15 0 2 3 3 4 4 4 4 4 4 4 4 4 4 4 18 1 1 1 1 1 1 1 3 4 4 4 4 4 4 4 4 4 4
n34-m289 2846 15 18 15 0 2 3 3 4 4 4 4 4 4 4 4 4 4 4 18 1 1 1 1 1 1 2 2 4 4 4 4 4 4 4 4 4 4
n34-m289 2847 15 18 15 0 2 3 3 4 4 4 4 4 4 4 4 4 4 4 18 1 1 1 1 1 1 2 3 3 4 4 4 4 4 4 4 4 4
n34-m289 2858 15 18 15 1 2 3 3 4 4 4 4 4 4 4 4 4 4 4 18 1 1 1 1 1 1 1 2 4 4 4 4 4 4 4 4 4 6
n34-m289 2859 15 18 15 1 2 3 3 4 4 4 4 4 4 4 4 4 4 4 18 1 1 1 1 1 1 1 2 4 4 4 4 4 4 4 4 5 5
n34-m289 2862 15 18 15 1 2 3 3 4 4 4 4 4 4 4 4 4 4 4 18 1 1 1 1 1 1 1 3 3 4 4 4 4 4 4 4 4 6
n34-m289 2863 15 18 15 1 2 3 3 4 4 4 4 4 4 4 4 4 4 4 18 1 1 1 1 1 1 1 3 3 4 4 4 4 4 4 4 5 5
n34-m289 2865 15 18 15 1 2 3 3 4 4 4 4 4 4 4 4 4 4 4 18 1 1 1 1 1 1 1 3 4 4 4 4 4 4 4 4 4 5
n34-m289 2866 15 18 15 1 2 3 3 4 4 4 4 4 4 4 4 4 4 4 18 1 1 1 1 1 1 1 4 4 4 4 4 4 4 4 4 4 4
n34-m289 2872 15 18 15 1 2 3 3 4 4 4 4 4 4 4 4 4 4 4 18 1 1 1 1 1 1 2 2 4 4 4 4 4 4 4 4 4 5
n34-m289 2874 15 18 15 1 2 3 3 4 4 4 4 4 4 4 4 4 4 4 18 1 1 1 1 1 1 2 3 3 4 4 4 4 4 4 4 4 5
n34-m289 2875 15 18 15 1 2 3 3 4 4 4 4 4 4 4 4 4 4 4 18 1 1 1 1 1 1 2 3 4 4 4 4 4 4 4 4 4 4
n34-m289 2876 15 18 15 1 2 3 3 4 4 4 4 4 4 4 4 4 4 4 18 1 1 1 1 1 1 3 3 3 4 4 4 4 4 4 4 4 4
n34-m289 2879 15 18 15 1 2 3 3 4 4 4 4 4 4 4 4 4 4 4 18 1 1 1 1 1 2 2 2 4 4 4 4 4 4 4 4 4 4
n34-m289 2880 15 18 15 1 2 3 3 4 4 4 4 4 4 4 4 4 4 4 18 1 1 1 1 1 2 2 3 3 4 4 4 4 4 4 4 4 4
n34-m289 2886 15 18 15 2 2 3 3 4 4 4 4 4 4 4 4 4 4 4 18 1 1 1 1 1 1 1 2 3 4 4 4 4 4 4 4 4 8
n34-m289 2889 15 18 15 2 2 3 3 4 4 4 4 4 4 4 4 4 4 4 18 1 1 1 1 1 1 1 2 3 4 4 4 4 4 4 4 5 7
n34-m289 2890 15 18 15 2 2 3 3 4 4 4 4 4 4 4 4 4 4 4 18 1 1 1 1 1 1 1 2 3 4 4 4 4 4 4 4 6 6
n34-m289 2892 15 18 15 2 2 3 3 4 4 4 4 4 4 4 4 4 4 4 18 1 1 1 1 1 1 1 2 3 4 4 4 4 4 4 5 5 6
n34-m289 2893 15 18 15 2 2 3 3 4 4 4 4 4 4 4 4 4 4 4 18 1 1 1 1 1 1 1 2 3 4 4 4 4 4 5 5 5 5
n34-m289 2897 15 18 15 2 2 3 3 4 4 4 4 4 4 4 4 4 4 4 18 1 1 1 1 1 1 1 2 4 4 4 4 4 4 4 4 4 7
n34-m289 2899 15 18 15 2 2 3 3 4 4 4 4 4 4 4 4 4 4 4 18 1 1 1 1 1 1 1 2 4 4 4 4 4 4 4 4 5 6
n34-m289 2900 15 18 15 2 2 3 3 4 4 4 4 4 4 4 4 4 4 4 18 1 1 1 1 1 1 1 2 4 4 4 4 4 4 4 5 5 5
n34-m289 2904 15 18 15 2 2 3 3 4 4 4 4 4 4 4 4 4 4 4 18 1 1 1 1 1 1 1 3 3 4 4 4 4 4 4 4 4 7
n34-m289 2906 15 18 15 2 2 3 3 4 4 4 4 4 4 4 4 4 4 4 18 1 1 1 1 1 1 1 3 3 4 4 4 4 4 4 4 5 6
n34-m289 2907 15 18 15 2 2 3 3 4 4 4 4 4 4 4 4 4 4 4 18 1 1 1 1 1 1 1 3 3 4 4 4 4 4 4 5 5 5
n34-m289 2910 15 18 15 2 2 3 3 4 4 4 4 4 4 4 4 4 4 4 18 1 1 1 1 1 1 1 3 4 4 4 4 4 4 4 4 4 6
n34-m289 2911 15 18 15 2 2 3 3 4 4 4 4 4 4 4 4 4 4 4 18 1 1 1 1 1 1 1 3 4 4 4 4 4 4 4 4 5 5
n34-m289 2913 15 18 15 2 2 3 3 4 4 4 4 4 4 4 4 4 4 4 18 1 1 1 1 1 1 1 4 4 4 4 4 4 4 4 4 4 5
n34-m289 2917 15 18 15 2 2 3 3 4 4 4 4 4 4 4 4 4 4 4 18 1 1 1 1 1 1 2 2 3 4 4 4 4 4 4 4 4 7
n34-m289 2919 15 18 15 2 2 3 3 4 4 4 4 4 4 4 4 4 4 4 18 1 1 1 1 1 1 2 2 3 4 4 4 4 4 4 4 5 6
n34-m289 2920 15 18 15 2 2 3 3 4 4 4 4 4 4 4 4 4 4 4 18 1 1 1 1 1 1 2 2 3 4 4 4 4 4 4 5 5 5
n34-m289 2923 15 18 15 2 2 3 3 4 4 4 4 4 4 4 4 4 4 4 18 1 1 1 1 1 1 2 2 4 4 4 4 4 4 4 4 4 6
n34-m289 2924 15 18 15 2 2 3 3 4 4 4 4 4 4 4 4 4 4 4 18 1 1 1 1 1 1 2 2 4 4 4 4 4 4 4 4 5 5
n34-m289 2927 15 18 15 2 2 3 3 4 4 4 4 4 4 4 4 4 4 4 18 1 1 1 1 1 1 2 3 3 4 4 4 4 4 4 4 4 6
n34-m289 2928 15 18 15 2 2 3 3 4 4 4 4 4 4 4 4 4 4 4 18 1 1 1 1 1 1 2 3 3 4 4 4 4 4 4 4 5 5
n34-m289 2930 15 18 15 2 2 3 3 4 4 4 4 4 4 4 4 4 4 4 18 1 1 1 1 1 1 2 3 4 4 4 4 4 4 4 4 4 5
n34-m289 2931 15 18 15 2 2 3 3 4 4 4 4 4 4 4 4 4 4 4 18 1 1 1 1 1 1 2 4 4 4 4 4 4 4 4 4 4 4
n34-m289 2933 15 18 15 2 2 3 3 4 4 4 4 4 4 4 4 4 4 4 18 1 1 1 1 1 1 3 3 3 4 4 4 4 4 4 4 4 5
n34-m289 2934 15 18 15 2 2 3 3 4 4 4 4 4 4 4 4 4 4 4 18 1 1 1 1 1 1 3 3 4 4 4 4 4 4 4 4 4 4
n34-m289 2937 15 18 15 2 2 3 3 4 4 4 4 4 4 4 4 4 4 4 18 1 1 1 1 1 2 2 2 3 4 4 4 4 4 4 4 4 6
n34-m289 2938 15 18 15 2 2 3 3 4 4 4 4 4 4 4 4 4 4 4 18 1 1 1 1 1 2 2 2 3 4 4 4 4 4 4 4 5 5
n34-m289 2940 15 18 15 2 2 3 3 4 4 4 4 4 4 4 4 4 4 4 18 1 1 1 1 1 2 2 2 4 4 4 4 4 4 4 4 4 5
n34-m289 2942 15 18 15 2 2 3 3 4 4 4 4 4 4 4 4 4 4 4 18 1 1 1 1 1 2 2 3 3 4 4 4 4 4 4 4 4 5
n34-m289 2943 15 18 15 2 2 3 3 4 4 4 4 4 4 4 4 4 4 4 18 1 1 1 1 1 2 2 3 4 4 4 4 4 4 4 4 4 4
n34-m289 2944 15 18 15 2 2 3 3 4 4 4 4 4 4 4 4 4 4 4 18 1 1 1 1 1 2 3 3 3 4 4 4 4 4 4 4 4 4
n34-m289 2946 15 18 15 2 2 3 3 4 4 4 4 4 4 4 4 4 4 4 18 1 1 1 1 2 2 2 2 3 4 4 4 4 4 4 4 4 5
n34-m289 2947 15 18 15 2 2 3 3 4 4 4 4 4 4 4 4 4 4 4 18 1 1 1 1 2 2 2 2 4 4 4 4 4 4 4 4 4 4
n34-m289 2948 15 18 15 2 2 3 3 4 4 4 4 4 4 4 4 4 4 4 18 1 1 1 1 2 2 2 3 3 4 4 4 4 4 4 4 4 4
n34-m289 2949 15 18 15 2 2 3 3 4 4 4 4 4 4 4 4 4 4 4 18 1 1 1 2 2 2 2 2 3 4 4 4 4 4 4 4 4 4
n34-m289 2950 15 18 15 0 3 3 3 4 4 4 4 4 4 4 4 4 4 4 18 1 1 1 1 1 1 1 3 3 4 4 4 4 4 4 4 4 4
n34-m289 2951 15 18 15 0 3 3 3 4 4 4 4 4 4 4 4 4 4 4 18 1 1 1 1 1 1 1 3 3 4 4 4 4 4 4 4 4 5
n34-m289 2952 15 18 15 0 3 3 3 4 4 4 4 4 4 4 4 4 4 4 18 1 1 1 1 1 1 1 3 3 4 4 4 4 4 4 4 4 6
n34-m289 2953 15 18 15 0 3 3 3 4 4 4 4 4 4 4 4 4 4 4 18 1 1 1 1 1 1 1 3 3 4 4 4 4 4 4 4 5 5
n34-m289 2954 15 18 15 0 3 3 3 4 4 4 4 4 4 4 4 4 4 4 18 1 1 1 1 1 1 1 3 4 4 4 4 4 4 4 4 4 4
n34-m289 2955 15 18 15 0 3 3 3 4 4 4 4 4 4 4 4 4 4 4 18 1 1 1 1 1 1 1 3 4 4 4 4 4 4 4 4 4 5
n34-m289 2956 15 18 15 0 3 3 3 4 4 4 4 4 4 4 4 4 4 4 18 1 1 1 1 1 1 1 4 4 4 4 4 4 4 4 4 4 4
n34-m289 2957 15 18 15 0 3 3 3 4 4 4 4 4 4 4 4 4 4 4 18 1 1 1 1 1 1 2 3 3 4 4 4 4 4 4 4 4 4
n34-m289 2958 15 18 15 0 3 3 3 4 4 4 4 4 4 4 4 4 4 4 18 1 1 1 1 1 1 2 3 3 4 4 4 4 4 4 4 4 5
n34-m289 2959 15 18 15 0 3 3 3 4 4 4 4 4 4 4 4 4 4 4 18 1 1 1 1 1 1 2 3 4 4 4 4 4 4 4 4 4 4
n34-m289 2960 15 18 15 0 3 3 3 4 4 4 4 4 4 4 4 4 4 4 18 1 1 1 1 1 1 3 3 3 4 4 4 4 4 4 4 4 4
n34-m289 2961 15 18 15 0 3 3 3 4 4 4 4 4 4 4 4 4 4 4 18 1 1 1 1 1 2 2 3 3 4 4 4 4 4 4 4 4 4
n34-m289 2965 15 18 15 1 3 3 3 4 4 4 4 4 4 4 4 4 4 4 18 1 1 1 1 1 1 1 3 3 4 4 4 4 4 4 4 4 7
n34-m289 2967 15 18 15 1 3 3 3 4 4 4 4 4 4 4 4 4 4 4 18 1 1 1 1 1 1 1 3 3 4 4 4 4 4 4 4 5 6
n34-m289 2968 15 18 15 1 3 3 3 4 4 4 4 4 4 4 4 4 4 4 18 1 1 1 1 1 1 1 3 3 4 4 4 4 4 4 5 5 5
n34-m289 2971 15 18 15 1 3 3 3 4 4 4 4 4 4 4 4 4 4 4 18 1 1 1 1 1 1 1 3 4 4 4 4 4 4 4 4 4 6
n34-m289 2972 15 18 15 1 3 3 3 4 4 4 4 4 4 4 4 4 4 4 18 1 1 1 1 1 1 1 3 4 4 4 4 4 4 4 4 5 5
n34-m289 2974 15 18 15 1 3 3 3 4 4 4 4 4 4 4 4 4 4 4 18 1 1 1 1 1 1 1 4 4 4 4 4 4 4 4 4 4 5
n34-m289 2977 15 18 15 1 3 3 3 4 4 4 4 4 4 4 4 4 4 4 18 1 1 1 1 1 1 2 3 3 4 4 4 4 4 4 4 4 6
n34-m289 2978 15 18 15 1 3 3 3 4 4 4 4 4 4 4 4 4 4 4 18 1 1 1 1 1 1 2 3 3 4 4 4 4 4 4 4 5 5
n34-m289 2980 15 18 15 1 3 3 3 4 4 4 4 4 4 4 4 4 4 4 18 1 1 1 1 1 1 2 3 4 4 4 4 4 4 4 4 4 5
n34-m289 2981 15 18 15 1 3 3 3 4 4 4 4 4 4 4 4 4 4 4 18 1 1 1 1 1 1 2 4 4 4 4 4 4 4 4 4 4 4
n34-m289 2983 15 18 15 1 3 3 3 4 4 4 4 4 4 4 4 4 4 4 18 1 1 1 1 1 1 3 3 3 4 4 4 4 4 4 4 4 5
n34-m289 2984 15 18 15 1 3 3 3 4 4 4 4 4 4 4 4 4 4 4 18 1 1 1 1 1 1 3 3 4 4 4 4 4 4 4 4 4 4
n34-m289 2986 15 18 15 1 3 3 3 4 4 4 4 4 4 4 4 4 4 4 18 1 1 1 1 1 2 2 3 3 4 4 4 4 4 4 4 4 5
n34-m289 2987 15 18 15 1 3 3 3 4 4 4 4 4 4 4 4 4 4 4 18 1 1 1 1 1 2 2 3 4 4 4 4 4 4 4 4 4 4
n34-m289 2988 15 18 15 1 3 3 3 4 4 4 4 4 4 4 4 4 4 4 18 1 1 1 1 1 2 3 3 3 4 4 4 4 4 4 4 4 4
n34-m289 2989 15 18 15 1 3 3 3 4 4 4 4 4 4 4 4 4 4 4 18 1 1 1 1 2 2 2 3 3 4 4 4 4 4 4 4 4 4
n34-m289 2994 15 18 15 2 3 3 3 4 4 4 4 4 4 4 4 4 4 4 18 1 1 1 1 1 1 1 3 3 4 4 4 4 4 4 4 4 8
n34-m289 2997 15 18 15 2 3 3 3 4 4 4 4 4 4 4 4 4 4 4 18 1 1 1 1 1 1 1 3 3 4 4 4 4 4 4 4 5 7
n34-m289 2998 15 18 15 2 3 3 3 4 4 4 4 4 4 4 4 4 4 4 18 1 1 1 1 1 1 1 3 3 4 4 4 4 4 4 4 6 6
n34-m289 3000 15 18 15 2 3 3 3 4 4 4 4 4 4 4 4 4 4 4 18 1 1 1 1 1 1 1 3 3 4 4 4 4 4 4 5 5 6
n34-m289 3001 15 18 15 2 3 3 3 4 4 4 4 4 4 4 4 4 4 4 18 1 1 1 1 1 1 1 3 3 4 4 4 4 4 5 5 5 5
n34-m289 3005 15 18 15 2 3 3 3 4 4 4 4 4 4 4 4 4 4 4 18 1 1 1 1 1 1 1 3 4 4 4 4 4 4 4 4 4 7
n34-m289 3007 15 18 15 2 3 3 3 4 4 4 4 4 4 4 4 4 4 4 18 1 1 1 1 1 1 1 3 4 4 4 4 4 4 4 4 5 6
n34-m289 3008 15 18 15 2 3 3 3 4 4 4 4 4 4 4 4 4 4 4 18 1 1 1 1 1 1 1 3 4 4 4 4 4 4 4 5 5 5
n34-m289 3011 15 18 15 2 3 3 3 4 4 4 4 4 4 4 4 4 4 4 18 1 1 1 1 1 1 1 4 4 4 4 4 4 4 4 4 4 6
n34-m289 3012 15 18 15 2 3 3 3 4 4 4 4 4 4 4 4 4 4 4 18 1 1 1 1 1 1 1 4 4 4 4 4 4 4 4 4 5 5
n34-m289 3016 15 18 15 2 3 3 3 4 4 4 4 4 4 4 4 4 4 4 18 1 1 1 1 1 1 2 3 3 4 4 4 4 4 4 4 4 7
n34-m289 3018 15 18 15 2 3 3 3 4 4 4 4 4 4 4 4 4 4 4 18 1 1 1 1 1 1 2 3 3 4 4 4 4 4 4 4 5 6
n34-m289 3019 15 18 15 2 3 3 3 4 4 4 4 4 4 4 4 4 4 4 18 1 1 1 1 1 1 2 3 3 4 4 4 4 4 4 5 5 5
n34-m289 3022 15 18 15 2 3 3 3 4 4 4 4 4 4 4 4 4 4 4 18 1 1 1 1 1 1 2 3 4 4 4 4 4 4 4 4 4 6
n34-m289 3023 15 18 15 2 3 3 3 4 4 4 4 4 4 4 4 4 4 4 18 1 1 1 1 1 1 2 3 4 4 4 4 4 4 4 4 5 5
n34-m289 3025 15 18 15 2 3 3 3 4 4 4 4 4 4 4 4 4 4 4 18 1 1 1 1 1 1 2 4 4 4 4 4 4 4 4 4 4 5
n34-m289 3028 15 18 15 2 3 3 3 4 4 4 4 4 4 4 4 4 4 4 18 1 1 1 1 1 1 3 3 3 4 4 4 4 4 4 4 4 6
n34-m289 3029 15 18 15 2 3 3 3 4 4 4 4 4 4 4 4 4 4 4 18 1 1 1 1 1 1 3 3 3 4 4 4 4 4 4 4 5 5
n34-m289 3031 15 18 15 2 3 3 3 4 4 4 4 4 4 4 4 4 4 4 18 1 1 1 1 1 1 3 3 4 4 4 4 4 4 4 4 4 5
n34-m289 3032 15 18 15 2 3 3 3 4 4 4 4 4 4 4 4 4 4 4 18 1 1 1 1 1 1 3 4 4 4 4 4 4 4 4 4 4 4
n34-m289 3035 15 18 15 2 3 3 3 4 4 4 4 4 4 4 4 4 4 4 18 1 1 1 1 1 2 2 3 3 4 4 4 4 4 4 4 4 6
n34-m289 3036 15 18 15 2 3 3 3 4 4 4 4 4 4 4 4 4 4 4 18 1 1 1 1 1 2 2 3 3 4 4 4 4 4 4 4 5 5
n34-m289 3038 15 18 15 2 3 3 3 4 4 4 4 4 4 4 4 4 4 4 18 1 1 1 1 1 2 2 3 4 4 4 4 4 4 4 4 4 5
n34-m289 3039 15 18 15 2 3 3 3 4 4 4 4 4 4 4 4 4 4 4 18 1 1 1 1 1 2 2 4 4 4 4 4 4 4 4 4 4 4
n34-m289 3041 15 18 15 2 3 3 3 4 4 4 4 4 4 4 4 4 4 4 18 1 1 1 1 1 2 3 3 3 4 4 4 4 4 4 4 4 5
n34-m289 3042 15 18 15 2 3 3 3 4 4 4 4 4 4 4 4 4 4 4 18 1 1 1 1 1 2 3 3 4 4 4 4 4 4 4 4 4 4
n34-m289 3043 15 18 15 2 3 3 3 4 4 4 4 4 4 4 4 4 4 4 18 1 1 1 1 1 3 3 3 3 4 4 4 4 4 4 4 4 4
n34-m289 3045 15 18 15 2 3 3 3 4 4 4 4 4 4 4 4 4 4 4 18 1 1 1 1 2 2 2 3 3 4 4 4 4 4 4 4 4 5
n34-m289 3046 15 18 15 2 3 3 3 4 4 4 4 4 4 4 4 4 4 4 18 1 1 1 1 2 2 2 3 4 4 4 4 4 4 4 4 4 4
n34-m289 3047 15 18 15 2 3 3 3 4 4 4 4 4 4 4 4 4 4 4 18 1 1 1 1 2 2 3 3 3 4 4 4 4 4 4 4 4 4
n34-m289 3048 15 18 15 2 3 3 3 4 4 4 4 4 4 4 4 4 4 4 18 1 1 1 2 2 2 2 3 3 4 4 4 4 4 4 4 4 4
n34-m289 3113 15 18 15 3 3 3 3 4 4 4 4 4 4 4 4 4 4 4 18 1 1 1 1 1 1 3 3 3 4 4 4 4 4 4 4 4 7
n34-m289 3115 15 18 15 3 3 3 3 4 4 4 4 4 4 4 4 4 4 4 18 1 1 1 1 1 1 3 3 3 4 4 4 4 4 4 4 5 6
n34-m289 3116 15 18 15 3 3 3 3 4 4 4 4 4 4 4 4 4 4 4 18 1 1 1 1 1 1 3 3 3 4 4 4 4 4 4 5 5 5
n34-m289 3119 15 18 15 3 3 3 3 4 4 4 4 4 4 4 4 4 4 4 18 1 1 1 1 1 1 3 3 4 4 4 4 4 4 4 4 4 6
n34-m289 3120 15 18 15 3 3 3 3 4 4 4 4 4 4 4 4 4 4 4 18 1 1 1 1 1 1 3 3 4 4 4 4 4 4 4 4 5 5
n34-m289 3122 15 18 15 3 3 3 3 4 4 4 4 4 4 4 4 4 4 4 18 1 1 1 1 1 1 3 4 4 4 4 4 4 4 4 4 4 5
n34-m289 3123 15 18 15 3 3 3 3 4 4 4 4 4 4 4 4 4 4 4 18 1 1 1 1 1 1 4 4 4 4 4 4 4 4 4 4 4 4
n34-m289 3139 15 18 15 3 3 3 3 4 4 4 4 4 4 4 4 4 4 4 18 1 1 1 1 1 2 3 3 3 4 4 4 4 4 4 4 4 6
n34-m289 3140 15 18 15 3 3 3 3 4 4 4 4 4 4 4 4 4 4 4 18 1 1 1 1 1 2 3 3 3 4 4 4 4 4 4 4 5 5
n34-m289 3142 15 18 15 3 3 3 3 4 4 4 4 4 4 4 4 4 4 4 18 1 1 1 1 1 2 3 3 4 4 4 4 4 4 4 4 4 5
n34-m289 3143 15 18 15 3 3 3 3 4 4 4 4 4 4 4 4 4 4 4 18 1 1 1 1 1 2 3 4 4 4 4 4 4 4 4 4 4 4
n34-m289 3145 15 18 15 3 3 3 3 4 4 4 4 4 4 4 4 4 4 4 18 1 1 1 1 1 3 3 3 3 4 4 4 4 4 4 4 4 5
n34-m289 3146 15 18 15 3 3 3 3 4 4 4 4 4 4 4 4 4 4 4 18 1 1 1 1 1 3 3 3 4 4 4 4 4 4 4 4 4 4
n34-m289 3155 15 18 15 3 3 3 3 4 4 4 4 4 4 4 4 4 4 4 18 1 1 1 1 2 2 3 3 3 4 4 4 4 4 4 4 4 5
n34-m289 3156 15 18 15 3 3 3 3 4 4 4 4 4 4 4 4 4 4 4 18 1 1 1 1 2 2 3 3 4 4 4 4 4 4 4 4 4 4
n34-m289 3157 15 18 15 3 3 3 3 4 4 4 4 4 4 4 4 4 4 4 18 1 1 1 1 2 3 3 3 3 4 4 4 4 4 4 4 4 4
n34-m289 3161 15 18 15 3 3 3 3 4 4 4 4 4 4 4 4 4 4 4 18 1 1 1 2 2 2 3 3 3 4 4 4 4 4 4 4 4 4
n34-m289 3166 15 18 15 1 1 1 4 4 4 4 4 4 4 4 4 4 4 4 18 1 1 1 1 1 1 1 2 4 4 4 4 4 4 4 4 4 4
n34-m289 3167 15 18 15 0 1 2 4 4 4 4 4 4 4 4 4 4 4 4 18 1 1 1 1 1 1 1 2 4 4 4 4 4 4 4 4 4 4
n34-m289 3169 15 18 15 1 1 2 4 4 4 4 4 4 4 4 4 4 4 4 18 1 1 1 1 1 1 1 2 4 4 4 4 4 4 4 4 4 5
n34-m289 3170 15 18 15 1 1 2 4 4 4 4 4 4 4 4 4 4 4 4 18 1 1 1 1 1 1 1 3 4 4 4 4 4 4 4 4 4 4
n34-m289 3171 15 18 15 1 1 2 4 4 4 4 4 4 4 4 4 4 4 4 18 1 1 1 1 1 1 2 2 4 4 4 4 4 4 4 4 4 4
n34-m289 3172 15 18 15 0 2 2 4 4 4 4 4 4 4 4 4 4 4 4 18 1 1 1 1 1 1 1 2 4 4 4 4 4 4 4 4 4 4
n34-m289 3173 15 18 15 0 2 2 4 4 4 4 4 4 4 4 4 4 4 4 18 1 1 1 1 1 1 1 2 4 4 4 4 4 4 4 4 4 5
n34-m289 3174 15 18 15 0 2 2 4 4 4 4 4 4 4 4 4 4 4 4 18 1 1 1 1 1 1 1 3 4 4 4 4 4 4 4 4 4 4
n34-m289 3175 15 18 15 0 2 2 4 4 4 4 4 4 4 4 4 4 4 4 18 1 1 1 1 1 1 2 2 4 4 4 4 4 4 4 4 4 4
n34-m289 3178 15 18 15 1 2 2 4 4 4 4 4 4 4 4 4 4 4 4 18 1 1 1 1 1 1 1 2 4 4 4 4 4 4 4 4 4 6
n34-m289 3179 15 18 15 1 2 2 4 4 4 4 4 4 4 4 4 4 4 4 18 1 1 1 1 1 1 1 2 4 4 4 4 4 4 4 4 5 5
n34-m289 3181 15 18 15 1 2 2 4 4 4 4 4 4 4 4 4 4 4 4 18 1 1 1 1 1 1 1 3 4 4 4 4 4 4 4 4 4 5
n34-m289 3182 15 18 15 1 2 2 4 4 4 4 4 4 4 4 4 4 4 4 18 1 1 1 1 1 1 1 4 4 4 4 4 4 4 4 4 4 4
n34-m289 3184 15 18 15 1 2 2 4 4 4 4 4 4 4 4 4 4 4 4 18 1 1 1 1 1 1 2 2 4 4 4 4 4 4 4 4 4 5
n34-m289 3185 15 18 15 1 2 2 4 4 4 4 4 4 4 4 4 4 4 4 18 1 1 1 1 1 1 2 3 4 4 4 4 4 4 4 4 4 4
n34-m289 3186 15 18 15 1 2 2 4 4 4 4 4 4 4 4 4 4 4 4 18 1 1 1 1 1 2 2 2 4 4 4 4 4 4 4 4 4 4
n34-m289 3190 15 18 15 2 2 2 4 4 4 4 4 4 4 4 4 4 4 4 18 1 1 1 1 1 1 1 2 4 4 4 4 4 4 4 4 4 7
n34-m289 3192 15 18 15 2 2 2 4 4 4 4 4 4 4 4 4 4 4 4 18 1 1 1 1 1 1 1 2 4 4 4 4 4 4 4 4 5 6
n34-m289 3193 15 18 15 2 2 2 4 4 4 4 4 4 4 4 4 4 4 4 18 1 1 1 1 1 1 1 2 4 4 4 4 4 4 4 5 5 5
n34-m289 3196 15 18 15 2 2 2 4 4 4 4 4 4 4 4 4 4 4 4 18 1 1 1 1 1 1 1 3 4 4 4 4 4 4 4 4 4 6
n34-m289 3197 15 18 15 2 2 2 4 4 4 4 4 4 4 4 4 4 4 4 18 1 1 1 1 1 1 1 3 4 4 4 4 4 4 4 4 5 5
n34-m289 3199 15 18 15 2 2 2 4 4 4 4 4 4 4 4 4 4 4 4 18 1 1 1 1 1 1 1 4 4 4 4 4 4 4 4 4 4 5
n34-m289 3202 15 18 15 2 2 2 4 4 4 4 4 4 4 4 4 4 4 4 18 1 1 1 1 1 1 2 2 4 4 4 4 4 4 4 4 4 6
n34-m289 3203 15 18 15 2 2 2 4 4 4 4 4 4 4 4 4 4 4 4 18 1 1 1 1 1 1 2 2 4 4 4 4 4 4 4 4 5 5
n34-m289 3205 15 18 15 2 2 2 4 4 4 4 4 4 4 4 4 4 4 4 18 1 1 1 1 1 1 2 3 4 4 4 4 4 4 4 4 4 5
n34-m289 3206 15 18 15 2 2 2 4 4 4 4 4 4 4 4 4 4 4 4 18 1 1 1 1 1 1 2 4 4 4 4 4 4 4 4 4 4 4
n34-m289 3207 15 18 15 2 2 2 4 4 4 4 4 4 4 4 4 4 4 4 18 1 1 1 1 1 1 3 3 4 4 4 4 4 4 4 4 4 4
n34-m289 3209 15 18 15 2 2 2 4 4 4 4 4 4 4 4 4 4 4 4 18 1 1 1 1 1 2 2 2 4 4 4 4 4 4 4 4 4 5
n34-m289 3210 15 18 15 2 2 2 4 4 4 4 4 4 4 4 4 4 4 4 18 1 1 1 1 1 2 2 3 4 4 4 4 4 4 4 4 4 4
n34-m289 3211 15 18 15 2 2 2 4 4 4 4 4 4 4 4 4 4 4 4 18 1 1 1 1 2 2 2 2 4 4 4 4 4 4 4 4 4 4
n34-m289 3215 15 18 15 0 1 3 4 4 4 4 4 4 4 4 4 4 4 4 18 1 1 1 1 1 1 1 3 4 4 4 4 4 4 4 4 4 4
n34-m289 3222 15 18 15 1 1 3 4 4 4 4 4 4 4 4 4 4 4 4 18 1 1 1 1 1 1 1 3 4 4 4 4 4 4 4 4 4 5
n34-m289 3223 15 18 15 1 1 3 4 4 4 4 4 4 4 4 4 4 4 4 18 1 1 1 1 1 1 1 4 4 4 4 4 4 4 4 4 4 4
n34-m289 3226 15 18 15 1 1 3 4 4 4 4 4 4 4 4 4 4 4 4 18 1 1 1 1 1 1 2 3 4 4 4 4 4 4 4 4 4 4
n34-m289 3232 15 18 15 0 2 3 4 4 4 4 4 4 4 4 4 4 4 4 18 1 1 1 1 1 1 1 3 4 4 4 4 4 4 4 4 4 4
n34-m289 3233 15 18 15 0 2 3 4 4 4 4 4 4 4 4 4 4 4 4 18 1 1 1 1 1 1 1 3 4 4 4 4 4 4 4 4 4 5
n34-m289 3234 15 18 15 0 2 3 4 4 4 4 4 4 4 4 4 4 4 4 18 1 1 1 1 1 1 1 4 4 4 4 4 4 4 4 4 4 4
n34-m289 3237 15 18 15 0 2 3 4 4 4 4 4 4 4 4 4 4 4 4 18 1 1 1 1 1 1 2 3 4 4 4 4 4 4 4 4 4 4
n34-m289 3248 15 18 15 1 2 3 4 4 4 4 4 4 4 4 4 4 4 4 18 1 1 1 1 1 1 1 3 4 4 4 4 4 4 4 4 4 6
n34-m289 3249 15 18 15 1 2 3 4 4 4 4 4 4 4 4 4 4 4 4 18 1 1 1 1 1 1 1 3 4 4 4 4 4 4 4 4 5 5
n34-m289 3251 15 18 15 1 2 3 4 4 4 4 4 4 4 4 4 4 4 4 18 1 1 1 1 1 1 1 4 4 4 4 4 4 4 4 4 4 5
n34-m289 3257 15 18 15 1 2 3 4 4 4 4 4 4 4 4 4 4 4 4 18 1 1 1 1 1 1 2 3 4 4 4 4 4 4 4 4 4 5
n34-m289 3258 15 18 15 1 2 3 4 4 4 4 4 4 4 4 4 4 4 4 18 1 1 1 1 1 1 2 4 4 4 4 4 4 4 4 4 4 4
n34-m289 3259 15 18 15 1 2 3 4 4 4 4 4 4 4 4 4 4 4 4 18 1 1 1 1 1 1 3 3 4 4 4 4 4 4 4 4 4 4
n34-m289 3262 15 18 15 1 2 3 4 4 4 4 4 4 4 4 4 4 4 4 18 1 1 1 1 1 2 2 3 4 4 4 4 4 4 4 4 4 4
n34-m289 3279 15 18 15 2 2 3 4 4 4 4 4 4 4 4 4 4 4 4 18 1 1 1 1 1 1 1 3 4 4 4 4 4 4 4 4 4 7
n34-m289 3281 15 18 15 2 2 3 4 4 4 4 4 4 4 4 4 4 4 4 18 1 1 1 1 1 1 1 3 4 4 4 4 4 4 4 4 5 6
n34-m289 3282 15 18 15 2 2 3 4 4 4 4 4 4 4 4 4 4 4 4 18 1 1 1 1 1 1 1 3 4 4 4 4 4 4 4 5 5 5
n34-m289 3285 15 18 15 2 2 3 4 4 4 4 4 4 4 4 4 4 4 4 18 1 1 1 1 1 1 1 4 4 4 4 4 4 4 4 4 4 6
n34-m289 3286 15 18 15 2 2 3 4 4 4 4 4 4 4 4 4 4 4 4 18 1 1 1 1 1 1 1 4 4 4 4 4 4 4 4 4 5 5
n34-m289 3296 15 18 15 2 2 3 4 4 4 4 4 4 4 4 4 4 4 4 18 1 1 1 1 1 1 2 3 4 4 4 4 4 4 4 4 4 6
n34-m289 3297 15 18 15 2 2 3 4 4 4 4 4 4 4 4 4 4 4 4 18 1 1 1 1 1 1 2 3 4 4 4 4 4 4 4 4 5 5
n34-m289 3299 15 18 15 2 2 3 4 4 4 4 4 4 4 4 4 4 4 4 18 1 1 1 1 1 1 2 4 4 4 4 4 4 4 4 4 4 5
n34-m289 3301 15 18 15 2 2 3 4 4 4 4 4 4 4 4 4 4 4 4 18 1 1 1 1 1 1 3 3 4 4 4 4 4 4 4 4 4 5
n34-m289 3302 15 18 15 2 2 3 4 4 4 4 4 4 4 4 4 4 4 4 18 1 1 1 1 1 1 3 4 4 4 4 4 4 4 4 4 4 4
n34-m289 3308 15 18 15 2 2 3 4 4 4 4 4 4 4 4 4 4 4 4 18 1 1 1 1 1 2 2 3 4 4 4 4 4 4 4 4 4 5
n34-m289 3309 15 18 15 2 2 3 4 4 4 4 4 4 4 4 4 4 4 4 18 1 1 1 1 1 2 2 4 4 4 4 4 4 4 4 4 4 4
n34-m289 3310 15 18 15 2 2 3 4 4 4 4 4 4 4 4 4 4 4 4 18 1 1 1 1 1 2 3 3 4 4 4 4 4 4 4 4 4 4
n34-m289 3313 15 18 15 2 2 3 4 4 4 4 4 4 4 4 4 4 4 4 18 1 1 1 1 2 2 2 3 4 4 4 4 4 4 4 4 4 4
n34-m289 3315 15 18 15 0 3 3 4 4 4 4 4 4 4 4 4 4 4 4 18 1 1 1 1 1 1 1 3 4 4 4 4 4 4 4 4 4 4
n34-m289 3316 15 18 15 0 3 3 4 4 4 4 4 4 4 4 4 4 4 4 18 1 1 1 1 1 1 1 3 4 4 4 4 4 4 4 4 4 5
n34-m289 3317 15 18 15 0 3 3 4 4 4 4 4 4 4 4 4 4 4 4 18 1 1 1 1 1 1 1 3 4 4 4 4 4 4 4 4 4 6
n34-m289 3318 15 18 15 0 3 3 4 4 4 4 4 4 4 4 4 4 4 4 18 1 1 1 1 1 1 1 3 4 4 4 4 4 4 4 4 5 5
n34-m289 3319 15 18 15 0 3 3 4 4 4 4 4 4 4 4 4 4 4 4 18 1 1 1 1 1 1 1 4 4 4 4 4 4 4 4 4 4 4
n34-m289 3320 15 18 15 0 3 3 4 4 4 4 4 4 4 4 4 4 4 4 18 1 1 1 1 1 1 1 4 4 4 4 4 4 4 4 4 4 5
n34-m289 3321 15 18 15 0 3 3 4 4 4 4 4 4 4 4 4 4 4 4 18 1 1 1 1 1 1 2 3 4 4 4 4 4 4 4 4 4 4
n34-m289 3322 15 18 15 0 3 3 4 4 4 4 4 4 4 4 4 4 4 4 18 1 1 1 1 1 1 2 3 4 4 4 4 4 4 4 4 4 5
n34-m289 3323 15 18 15 0 3 3 4 4 4 4 4 4 4 4 4 4 4 4 18 1 1 1 1 1 1 2 4 4 4 4 4 4 4 4 4 4 4
n34-m289 3324 15 18 15 0 3 3 4 4 4 4 4 4 4 4 4 4 4 4 18 1 1 1 1 1 1 3 3 4 4 4 4 4 4 4 4 4 4
n34-m289 3325 15 18 15 0 3 3 4 4 4 4 4 4 4 4 4 4 4 4 18 1 1 1 1 1 2 2 3 4 4 4 4 4 4 4 4 4 4
n34-m289 3329 15 18 15 1 3 3 4 4 4 4 4 4 4 4 4 4 4 4 18 1 1 1 1 1 1 1 3 4 4 4 4 4 4 4 4 4 7
n34-m289 3331 15 18 15 1 3 3 4 4 4 4 4 4 4 4 4 4 4 4 18 1 1 1 1 1 1 1 3 4 4 4 4 4 4 4 4 5 6
n34-m289 3332 15 18 15 1 3 3 4 4 4 4 4 4 4 4 4 4 4 4 18 1 1 1 1 1 1 1 3 4 4 4 4 4 4 4 5 5 5
n34-m289 3335 15 18 15 1 3 3 4 4 4 4 4 4 4 4 4 4 4 4 18 1 1 1 1 1 1 1 4 4 4 4 4 4 4 4 4 4 6
n34-m289 3336 15 18 15 1 3 3 4 4 4 4 4 4 4 4 4 4 4 4 18 1 1 1 1 1 1 1 4 4 4 4 4 4 4 4 4 5 5
n34-m289 3339 15 18 15 1 3 3 4 4 4 4 4 4 4 4 4 4 4 4 18 1 1 1 1 1 1 2 3 4 4 4 4 4 4 4 4 4 6
n34-m289 3340 15 18 15 1 3 3 4 4 4 4 4 4 4 4 4 4 4 4 18 1 1 1 1 1 1 2 3 4 4 4 4 4 4 4 4 5 5
n34-m289 3342 15 18 15 1 3 3 4 4 4 4 4 4 4 4 4 4 4 4 18 1 1 1 1 1 1 2 4 4 4 4 4 4 4 4 4 4 5
n34-m289 3344 15 18 15 1 3 3 4 4 4 4 4 4 4 4 4 4 4 4 18 1 1 1 1 1 1 3 3 4 4 4 4 4 4 4 4 4 5
n34-m289 3345 15 18 15 1 3 3 4 4 4 4 4 4 4 4 4 4 4 4 18 1 1 1 1 1 1 3 4 4 4 4 4 4 4 4 4 4 4
n34-m289 3347 15 18 15 1 3 3 4 4 4 4 4 4 4 4 4 4 4 4 18 1 1 1 1 1 2 2 3 4 4 4 4 4 4 4 4 4 5
n34-m289 3348 15 18 15 1 3 3 4 4 4 4 4 4 4 4 4 4 4 4 18 1 1 1 1 1 2 2 4 4 4 4 4 4 4 4 4 4 4
n34-m289 3349 15 18 15 1 3 3 4 4 4 4 4 4 4 4 4 4 4 4 18 1 1 1 1 1 2 3 3 4 4 4 4 4 4 4 4 4 4
n34-m289 3350 15 18 15 1 3 3 4 4 4 4 4 4 4 4 4 4 4 4 18 1 1 1 1 2 2 2 3 4 4 4 4 4 4 4 4 4 4
n34-m289 3355 15 18 15 2 3 3 4 4 4 4 4 4 4 4 4 4 4 4 18 1 1 1 1 1 1 1 3 4 4 4 4 4 4 4 4 4 8
n34-m289 3358 15 18 15 2 3 3 4 4 4 4 4 4 4 4 4 4 4 4 18 1 1 1 1 1 1 1 3 4 4 4 4 4 4 4 4 5 7
n34-m289 3359 15 18 15 2 3 3 4 4 4 4 4 4 4 4 4 4 4 4 18 1 1 1 1 1 1 1 3 4 4 4 4 4 4 4 4 6 6
n34-m289 3361 15 18 15 2 3 3 4 4 4 4 4 4 4 4 4 4 4 4 18 1 1 1 1 1 1 1 3 4 4 4 4 4 4 4 5 5 6
n34-m289 3362 15 18 15 2 3 3 4 4 4 4 4 4 4 4 4 4 4 4 18 1 1 1 1 1 1 1 3 4 4 4 4 4 4 5 5 5 5
n34-m289 3366 15 18 15 2 3 3 4 4 4 4 4 4 4 4 4 4 4 4 18 1 1 1 1 1 1 1 4 4 4 4 4 4 4 4 4 4 7
n34-m289 3368 15 18 15 2 3 3 4 4 4 4 4 4 4 4 4 4 4 4 18 1 1 1 1 1 1 1 4 4 4 4 4 4 4 4 4 5 6
n34-m289 3369 15 18 15 2 3 3 4 4 4 4 4 4 4 4 4 4 4 4 18 1 1 1 1 1 1 1 4 4 4 4 4 4 4 4 5 5 5
n34-m289 3373 15 18 15 2 3 3 4 4 4 4 4 4 4 4 4 4 4 4 18 1 1 1 1 1 1 2 3 4 4 4 4 4 4 4 4 4 7
n34-m289 3375 15 18 15 2 3 3 4 4 4 4 4 4 4 4 4 4 4 4 18 1 1 1 1 1 1 2 3 4 4 4 4 4 4 4 4 5 6
n34-m289 3376 15 18 15 2 3 3 4 4 4 4 4 4 4 4 4 4 4 4 18 1 1 1 1 1 1 2 3 4 4 4 4 4 4 4 5 5 5
n34-m289 3379 15 18 15 2 3 3 4 4 4 4 4 4 4 4 4 4 4 4 18 1 1 1 1 1 1 2 4 4 4 4 4 4 4 4 4 4 6
n34-m289 3380 15 18 15 2 3 3 4 4 4 4 4 4 4 4 4 4 4 4 18 1 1 1 1 1 1 2 4 4 4 4 4 4 4 4 4 5 5
n34-m289 3383 15 18 15 2 3 3 4 4 4 4 4 4 4 4 4 4 4 4 18 1 1 1 1 1 1 3 3 4 4 4 4 4 4 4 4 4 6
n34-m289 3384 15 18 15 2 3 3 4 4 4 4 4 4 4 4 4 4 4 4 18 1 1 1 1 1 1 3 3 4 4 4 4 4 4 4 4 5 5
n34-m289 3386 15 18 15 2 3 3 4 4 4 4 4 4 4 4 4 4 4 4 18 1 1 1 1 1 1 3 4 4 4 4 4 4 4 4 4 4 5
n34-m289 3387 15 18 15 2 3 3 4 4 4 4 4 4 4 4 4 4 4 4 18 1 1 1 1 1 1 4 4 4 4 4 4 4 4 4 4 4 4
n34-m289 3390 15 18 15 2 3 3 4 4 4 4 4 4 4 4 4 4 4 4 18 1 1 1 1 1 2 2 3 4 4 4 4 4 4 4 4 4 6
n34-m289 3391 15 18 15 2 3 3 4 4 4 4 4 4 4 4 4 4 4 4 18 1 1 1 1 1 2 2 3 4 4 4 4 4 4 4 4 5 5
n34-m289 3393 15 18 15 2 3 3 4 4 4 4 4 4 4 4 4 4 4 4 18 1 1 1 1 1 2 2 4 4 4 4 4 4 4 4 4 4 5
n34-m289 3395 15 18 15 2 3 3 4 4 4 4 4 4 4 4 4 4 4 4 18 1 1 1 1 1 2 3 3 4 4 4 4 4 4 4 4 4 5
n34-m289 3396 15 18 15 2 3 3 4 4 4 4 4 4 4 4 4 4 4 4 18 1 1 1 1 1 2 3 4 4 4 4 4 4 4 4 4 4 4
n34-m289 3397 15 18 15 2 3 3 4 4 4 4 4 4 4 4 4 4 4 4 18 1 1 1 1 1 3 3 3 4 4 4 4 4 4 4 4 4 4
n34-m289 3399 15 18 15 2 3 3 4 4 4 4 4 4 4 4 4 4 4 4 18 1 1 1 1 2 2 2 3 4 4 4 4 4 4 4 4 4 5
n34-m289 3400 15 18 15 2 3 3 4 4 4 4 4 4 4 4 4 4 4 4 18 1 1 1 1 2 2 2 4 4 4 4 4 4 4 4 4 4 4
n34-m289 3401 15 18 15 2 3 3 4 4 4 4 4 4 4 4 4 4 4 4 18 1 1 1 1 2 2 3 3 4 4 4 4 4 4 4 4 4 4
n34-m289 3402 15 18 15 2 3 3 4 4 4 4 4 4 4 4 4 4 4 4 18 1 1 1 2 2 2 2 3 4 4 4 4 4 4 4 4 4 4
n34-m289 3456 15 18 15 3 3 3 4 4 4 4 4 4 4 4 4 4 4 4 18 1 1 1 1 1 1 3 3 4 4 4 4 4 4 4 4 4 7
n34-m289 3458 15 18 15 3 3 3 4 4 4 4 4 4 4 4 4 4 4 4 18 1 1 1 1 1 1 3 3 4 4 4 4 4 4 4 4 5 6
n34-m289 3459 15 18 15 3 3 3 4 4 4 4 4 4 4 4 4 4 4 4 18 1 1 1 1 1 1 3 3 4 4 4 4 4 4 4 5 5 5
n34-m289 3462 15 18 15 3 3 3 4 4 4 4 4 4 4 4 4 4 4 4 18 1 1 1 1 1 1 3 4 4 4 4 4 4 4 4 4 4 6
n34-m289 3463 15 18 15 3 3 3 4 4 4 4 4 4 4 4 4 4 4 4 18 1 1 1 1 1 1 3 4 4 4 4 4 4 4 4 4 5 5
n34-m289 3465 15 18 15 3 3 3 4 4 4 4 4 4 4 4 4 4 4 4 18 1 1 1 1 1 1 4 4 4 4 4 4 4 4 4 4 4 5
n34-m289 3479 15 18 15 3 3 3 4 4 4 4 4 4 4 4 4 4 4 4 18 1 1 1 1 1 2 3 3 4 4 4 4 4 4 4 4 4 6
n34-m289 3480 15 18 15 3 3 3 4 4 4 4 4 4 4 4 4 4 4 4 18 1 1 1 1 1 2 3 3 4 4 4 4 4 4 4 4 5 5
n34-m289 3482 15 18 15 3 3 3 4 4 4 4 4 4 4 4 4 4 4 4 18 1 1 1 1 1 2 3 4 4 4 4 4 4 4 4 4 4 5
n34-m289 3483 15 18 15 3 3 3 4 4 4 4 4 4 4 4 4 4 4 4 18 1 1 1 1 1 2 4 4 4 4 4 4 4 4 4 4 4 4
n34-m289 3485 15 18 15 3 3 3 4 4 4 4 4 4 4 4 4 4 4 4 18 1 1 1 1 1 3 3 3 4 4 4 4 4 4 4 4 4 5
n34-m289 3486 15 18 15 3 3 3 4 4 4 4 4 4 4 4 4 4 4 4 18 1 1 1 1 1 3 3 4 4 4 4 4 4 4 4 4 4 4
n34-m289 3494 15 18 15 3 3 3 4 4 4 4 4 4 4 4 4 4 4 4 18 1 1 1 1 2 2 3 3 4 4 4 4 4 4 4 4 4 5
n34-m289 3495 15 18 15 3 3 3 4 4 4 4 4 4 4 4 4 4 4 4 18 1 1 1 1 2 2 3 4 4 4 4 4 4 4 4 4 4 4
n34-m289 3496 15 18 15 3 3 3 4 4 4 4 4 4 4 4 4 4 4 4 18 1 1 1 1 2 3 3 3 4 4 4 4 4 4 4 4 4 4
n34-m289 3500 15 18 15 3 3 3 4 4 4 4 4 4 4 4 4 4 4 4 18 1 1 1 2 2 2 3 3 4 4 4 4 4 4 4 4 4 4
n34-m289 3504 15 18 15 0 1 4 4 4 4 4 4 4 4 4 4 4 4 4 18 1 1 1 1 1 1 1 3 4 4 4 4 4 4 4 4 4 5
n34-m289 3505 15 18 15 0 1 4 4 4 4 4 4 4 4 4 4 4 4 4 18 1 1 1 1 1 1 1 4 4 4 4 4 4 4 4 4 4 4
n34-m289 3506 15 18 15 0 1 4 4 4 4 4 4 4 4 4 4 4 4 4 18 1 1 1 1 1 1 2 3 4 4 4 4 4 4 4 4 4 4
n34-m289 3509 15 18 15 1 1 4 4 4 4 4 4 4 4 4 4 4 4 4 18 1 1 1 1 1 1 1 3 4 4 4 4 4 4 4 4 4 6
n34-m289 3510 15 18 15 1 1 4 4 4 4 4 4 4 4 4 4 4 4 4 18 1 1 1 1 1 1 1 3 4 4 4 4 4 4 4 4 5 5
n34-m289 3512 15 18 15 1 1 4 4 4 4 4 4 4 4 4 4 4 4 4 18 1 1 1 1 1 1 1 4 4 4 4 4 4 4 4 4 4 5
n34-m289 3514 15 18 15 1 1 4 4 4 4 4 4 4 4 4 4 4 4 4 18 1 1 1 1 1 1 2 3 4 4 4 4 4 4 4 4 4 5
n34-m289 3515 15 18 15 1 1 4 4 4 4 4 4 4 4 4 4 4 4 4 18 1 1 1 1 1 1 2 4 4 4 4 4 4 4 4 4 4 4
n34-m289 3516 15 18 15 1 1 4 4 4 4 4 4 4 4 4 4 4 4 4 18 1 1 1 1 1 1 3 3 4 4 4 4 4 4 4 4 4 4
n34-m289 3517 15 18 15 1 1 4 4 4 4 4 4 4 4 4 4 4 4 4 18 1 1 1 1 1 2 2 3 4 4 4 4 4 4 4 4 4 4
n34-m289 3522 15 18 15 0 2 4 4 4 4 4 4 4 4 4 4 4 4 4 18 1 1 1 1 1 1 1 4 4 4 4 4 4 4 4 4 4 4
n34-m289 3523 15 18 15 0 2 4 4 4 4 4 4 4 4 4 4 4 4 4 18 1 1 1 1 1 1 1 4 4 4 4 4 4 4 4 4 4 5
n34-m289 3526 15 18 15 0 2 4 4 4 4 4 4 4 4 4 4 4 4 4 18 1 1 1 1 1 1 2 4 4 4 4 4 4 4 4 4 4 4
n34-m289 3538 15 18 15 1 2 4 4 4 4 4 4 4 4 4 4 4 4 4 18 1 1 1 1 1 1 1 4 4 4 4 4 4 4 4 4 4 6
n34-m289 3539 15 18 15 1 2 4 4 4 4 4 4 4 4 4 4 4 4 4 18 1 1 1 1 1 1 1 4 4 4 4 4 4 4 4 4 5 5
n34-m289 3545 15 18 15 1 2 4 4 4 4 4 4 4 4 4 4 4 4 4 18 1 1 1 1 1 1 2 4 4 4 4 4 4 4 4 4 4 5
n34-m289 3548 15 18 15 1 2 4 4 4 4 4 4 4 4 4 4 4 4 4 18 1 1 1 1 1 1 3 4 4 4 4 4 4 4 4 4 4 4
n34-m289 3551 15 18 15 1 2 4 4 4 4 4 4 4 4 4 4 4 4 4 18 1 1 1 1 1 2 2 4 4 4 4 4 4 4 4 4 4 4
n34-m289 3582 15 18 15 2 2 4 4 4 4 4 4 4 4 4 4 4 4 4 18 1 1 1 1 1 1 2 4 4 4 4 4 4 4 4 4 4 6
n34-m289 3583 15 18 15 2 2 4 4 4 4 4 4 4 4 4 4 4 4 4 18 1 1 1 1 1 1 2 4 4 4 4 4 4 4 4 4 5 5
n34-m289 3589 15 18 15 2 2 4 4 4 4 4 4 4 4 4 4 4 4 4 18 1 1 1 1 1 1 3 4 4 4 4 4 4 4 4 4 4 5
n34-m289 3590 15 18 15 2 2 4 4 4 4 4 4 4 4 4 4 4 4 4 18 1 1 1 1 1 1 4 4 4 4 4 4 4 4 4 4 4 4
n34-m289 3596 15 18 15 2 2 4 4 4 4 4 4 4 4 4 4 4 4 4 18 1 1 1 1 1 2 2 4 4 4 4 4 4 4 4 4 4 5
n34-m289 3599 15 18 15 2 2 4 4 4 4 4 4 4 4 4 4 4 4 4 18 1 1 1 1 1 2 3 4 4 4 4 4 4 4 4 4 4 4
n34-m289 3603 15 18 15 2 2 4 4 4 4 4 4 4 4 4 4 4 4 4 18 1 1 1 1 2 2 2 4 4 4 4 4 4 4 4 4 4 4
n34-m289 3605 15 18 15 2 2 4 4 4 4 4 4 4 4 4 4 4 4 4 18 1 1 1 2 2 2 2 3 4 4 4 4 4 4 4 4 4 4
n34-m289 3613 15 18 15 0 3 4 4 4 4 4 4 4 4 4 4 4 4 4 18 1 1 1 1 1 1 1 4 4 4 4 4 4 4 4 4 4 4
n34-m289 3614 15 18 15 0 3 4 4 4 4 4 4 4 4 4 4 4 4 4 18 1 1 1 1 1 1 1 4 4 4 4 4 4 4 4 4 4 5
n34-m289 3615 15 18 15 0 3 4 4 4 4 4 4 4 4 4 4 4 4 4 18 1 1 1 1 1 1 1 4 4 4 4 4 4 4 4 4 4 6
n34-m289 3616 15 18 15 0 3 4 4 4 4 4 4 4 4 4 4 4 4 4 18 1 1 1 1 1 1 1 4 4 4 4 4 4 4 4 4 5 5
n34-m289 3621 15 18 15 0 3 4 4 4 4 4 4 4 4 4 4 4 4 4 18 1 1 1 1 1 1 2 4 4 4 4 4 4 4 4 4 4 4
n34-m289 3622 15 18 15 0 3 4 4 4 4 4 4 4 4 4 4 4 4 4 18 1 1 1 1 1 1 2 4 4 4 4 4 4 4 4 4 4 5
n34-m289 3625 15 18 15 0 3 4 4 4 4 4 4 4 4 4 4 4 4 4 18 1 1 1 1 1 1 3 4 4 4 4 4 4 4 4 4 4 4
n34-m289 3628 15 18 15 0 3 4 4 4 4 4 4 4 4 4 4 4 4 4 18 1 1 1 1 1 2 2 4 4 4 4 4 4 4 4 4 4 4
n34-m289 3646 15 18 15 1 3 4 4 4 4 4 4 4 4 4 4 4 4 4 18 1 1 1 1 1 1 1 4 4 4 4 4 4 4 4 4 4 7
n34-m289 3648 15 18 15 1 3 4 4 4 4 4 4 4 4 4 4 4 4 4 18 1 1 1 1 1 1 1 4 4 4 4 4 4 4 4 4 5 6
n34-m289 3649 15 18 15 1 3 4 4 4 4 4 4 4 4 4 4 4 4 4 18 1 1 1 1 1 1 1 4 4 4 4 4 4 4 4 5 5 5
n34-m289 3659 15 18 15 1 3 4 4 4 4 4 4 4 4 4 4 4 4 4 18 1 1 1 1 1 1 2 4 4 4 4 4 4 4 4 4 4 6
n34-m289 3660 15 18 15 1 3 4 4 4 4 4 4 4 4 4 4 4 4 4 18 1 1 1 1 1 1 2 4 4 4 4 4 4 4 4 4 5 5
n34-m289 3666 15 18 15 1 3 4 4 4 4 4 4 4 4 4 4 4 4 4 18 1 1 1 1 1 1 3 4 4 4 4 4 4 4 4 4 4 5
n34-m289 3667 15 18 15 1 3 4 4 4 4 4 4 4 4 4 4 4 4 4 18 1 1 1 1 1 1 4 4 4 4 4 4 4 4 4 4 4 4
n34-m289 3673 15 18 15 1 3 4 4 4 4 4 4 4 4 4 4 4 4 4 18 1 1 1 1 1 2 2 4 4 4 4 4 4 4 4 4 4 5
n34-m289 3676 15 18 15 1 3 4 4 4 4 4 4 4 4 4 4 4 4 4 18 1 1 1 1 1 2 3 4 4 4 4 4 4 4 4 4 4 4
n34-m289 3680 15 18 15 1 3 4 4 4 4 4 4 4 4 4 4 4 4 4 18 1 1 1 1 2 2 2 4 4 4 4 4 4 4 4 4 4 4
n34-m289 3682 15 18 15 1 3 4 4 4 4 4 4 4 4 4 4 4 4 4 18 1 1 1 2 2 2 2 3 4 4 4 4 4 4 4 4 4 4
n34-m289 3729 15 18 15 2 3 4 4 4 4 4 4 4 4 4 4 4 4 4 18 1 1 1 1 1 1 2 4 4 4 4 4 4 4 4 4 4 7
n34-m289 3731 15 18 15 2 3 4 4 4 4 4 4 4 4 4 4 4 4 4 18 1 1 1 1 1 1 2 4 4 4 4 4 4 4 4 4 5 6
n34-m289 3732 15 18 15 2 3 4 4 4 4 4 4 4 4 4 4 4 4 4 18 1 1 1 1 1 1 2 4 4 4 4 4 4 4 4 5 5 5
n34-m289 3742 15 18 15 2 3 4 4 4 4 4 4 4 4 4 4 4 4 4 18 1 1 1 1 1 1 3 4 4 4 4 4 4 4 4 4 4 6
n34-m289 3743 15 18 15 2 3 4 4 4 4 4 4 4 4 4 4 4 4 4 18 1 1 1 1 1 1 3 4 4 4 4 4 4 4 4 4 5 5
n34-m289 3745 15 18 15 2 3 4 4 4 4 4 4 4 4 4 4 4 4 4 18 1 1 1 1 1 1 4 4 4 4 4 4 4 4 4 4 4 5
n34-m289 3755 15 18 15 2 3 4 4 4 4 4 4 4 4 4 4 4 4 4 18 1 1 1 1 1 2 2 4 4 4 4 4 4 4 4 4 4 6
n34-m289 3756 15 18 15 2 3 4 4 4 4 4 4 4 4 4 4 4 4 4 18 1 1 1 1 1 2 2 4 4 4 4 4 4 4 4 4 5 5
n34-m289 3762 15 18 15 2 3 4 4 4 4 4 4 4 4 4 4 4 4 4 18 1 1 1 1 1 2 3 4 4 4 4 4 4 4 4 4 4 5
n34-m289 3763 15 18 15 2 3 4 4 4 4 4 4 4 4 4 4 4 4 4 18 1 1 1 1 1 2 4 4 4 4 4 4 4 4 4 4 4 4
n34-m289 3766 15 18 15 2 3 4 4 4 4 4 4 4 4 4 4 4 4 4 18 1 1 1 1 1 3 3 4 4 4 4 4 4 4 4 4 4 4
n34-m289 3772 15 18 15 2 3 4 4 4 4 4 4 4 4 4 4 4 4 4 18 1 1 1 1 2 2 2 4 4 4 4 4 4 4 4 4 4 5
n34-m289 3775 15 18 15 2 3 4 4 4 4 4 4 4 4 4 4 4 4 4 18 1 1 1 1 2 2 3 4 4 4 4 4 4 4 4 4 4 4
n34-m289 3776 15 18 15 2 3 4 4 4 4 4 4 4 4 4 4 4 4 4 18 1 1 1 1 2 3 3 3 4 4 4 4 4 4 4 4 4 4
n34-m289 3778 15 18 15 2 3 4 4 4 4 4 4 4 4 4 4 4 4 4 18 1 1 1 2 2 2 2 3 4 4 4 4 4 4 4 4 4 5
n34-m289 3779 15 18 15 2 3 4 4 4 4 4 4 4 4 4 4 4 4 4 18 1 1 1 2 2 2 2 4 4 4 4 4 4 4 4 4 4 4
n34-m289 3780 15 18 15 2 3 4 4 4 4 4 4 4 4 4 4 4 4 4 18 1 1 1 2 2 2 3 3 4 4 4 4 4 4 4 4 4 4
n34-m289 3781 15 18 15 2 3 4 4 4 4 4 4 4 4 4 4 4 4 4 18 1 1 2 2 2 2 2 3 4 4 4 4 4 4 4 4 4 4
n34-m289 3877 15 18 15 3 3 4 4 4 4 4 4 4 4 4 4 4 4 4 18 1 1 1 1 1 1 3 4 4 4 4 4 4 4 4 4 4 7
n34-m289 3879 15 18 15 3 3 4 4 4 4 4 4 4 4 4 4 4 4 4 18 1 1 1 1 1 1 3 4 4 4 4 4 4 4 4 4 5 6
n34-m289 3880 15 18 15 3 3 4 4 4 4 4 4 4 4 4 4 4 4 4 18 1 1 1 1 1 1 3 4 4 4 4 4 4 4 4 5 5 5
n34-m289 3883 15 18 15 3 3 4 4 4 4 4 4 4 4 4 4 4 4 4 18 1 1 1 1 1 1 4 4 4 4 4 4 4 4 4 4 4 6
n34-m289 3884 15 18 15 3 3 4 4 4 4 4 4 4 4 4 4 4 4 4 18 1 1 1 1 1 1 4 4 4 4 4 4 4 4 4 4 5 5
n34-m289 3913 15 18 15 3 3 4 4 4 4 4 4 4 4 4 4 4 4 4 18 1 1 1 1 1 2 3 4 4 4 4 4 4 4 4 4 4 6
n34-m289 3914 15 18 15 3 3 4 4 4 4 4 4 4 4 4 4 4 4 4 18 1 1 1 1 1 2 3 4 4 4 4 4 4 4 4 4 5 5
n34-m289 3916 15 18 15 3 3 4 4 4 4 4 4 4 4 4 4 4 4 4 18 1 1 1 1 1 2 4 4 4 4 4 4 4 4 4 4 4 5
n34-m289 3922 15 18 15 3 3 4 4 4 4 4 4 4 4 4 4 4 4 4 18 1 1 1 1 1 3 3 4 4 4 4 4 4 4 4 4 4 5
n34-m289 3923 15 18 15 3 3 4 4 4 4 4 4 4 4 4 4 4 4 4 18 1 1 1 1 1 3 4 4 4 4 4 4 4 4 4 4 4 4
n34-m289 3940 15 18 15 3 3 4 4 4 4 4 4 4 4 4 4 4 4 4 18 1 1 1 1 2 2 3 4 4 4 4 4 4 4 4 4 4 5
n34-m289 3941 15 18 15 3 3 4 4 4 4 4 4 4 4 4 4 4 4 4 18 1 1 1 1 2 2 4 4 4 4 4 4 4 4 4 4 4 4
n34-m289 3944 15 18 15 3 3 4 4 4 4 4 4 4 4 4 4 4 4 4 18 1 1 1 1 2 3 3 4 4 4 4 4 4 4 4 4 4 4
n34-m289 3945 15 18 15 3 3 4 4 4 4 4 4 4 4 4 4 4 4 4 18 1 1 1 1 3 3 3 3 4 4 4 4 4 4 4 4 4 4
n34-m289 3954 15 18 15 3 3 4 4 4 4 4 4 4 4 4 4 4 4 4 18 1 1 1 2 2 2 3 4 4 4 4 4 4 4 4 4 4 4
n34-m289 3974 15 18 15 0 4 4 4 4 4 4 4 4 4 4 4 4 4 4 18 1 1 1 1 1 1 4 4 4 4 4 4 4 4 4 4 4 4
n34-m289 4003 15 18 15 1 4 4 4 4 4 4 4 4 4 4 4 4 4 4 18 1 1 1 1 1 1 4 4 4 4 4 4 4 4 4 4 4 5
n34-m289 4010 15 18 15 1 4 4 4 4 4 4 4 4 4 4 4 4 4 4 18 1 1 1 1 1 2 4 4 4 4 4 4 4 4 4 4 4 4
n34-m289 4015 15 18 15 1 4 4 4 4 4 4 4 4 4 4 4 4 4 4 18 1 1 1 2 2 2 2 4 4 4 4 4 4 4 4 4 4 4
n34-m289 4070 15 18 15 2 4 4 4 4 4 4 4 4 4 4 4 4 4 4 18 1 1 1 1 1 2 4 4 4 4 4 4 4 4 4 4 4 5
n34-m289 4073 15 18 15 2 4 4 4 4 4 4 4 4 4 4 4 4 4 4 18 1 1 1 1 1 3 4 4 4 4 4 4 4 4 4 4 4 4
n34-m289 4080 15 18 15 2 4 4 4 4 4 4 4 4 4 4 4 4 4 4 18 1 1 1 1 2 2 4 4 4 4 4 4 4 4 4 4 4 4
n34-m289 4085 15 18 15 2 4 4 4 4 4 4 4 4 4 4 4 4 4 4 18 1 1 2 2 2 2 2 4 4 4 4 4 4 4 4 4 4 4
n34-m289 4120 15 18 15 3 4 4 4 4 4 4 4 4 4 4 4 4 4 4 18 1 1 1 1 1 1 4 4 4 4 4 4 4 4 4 4 4 7
n34-m289 4145 15 18 15 3 4 4 4 4 4 4 4 4 4 4 4 4 4 4 18 1 1 1 1 1 2 4 4 4 4 4 4 4 4 4 4 4 6
n34-m289 4146 15 18 15 3 4 4 4 4 4 4 4 4 4 4 4 4 4 4 18 1 1 1 1 1 2 4 4 4 4 4 4 4 4 4 4 5 5
n34-m289 4152 15 18 15 3 4 4 4 4 4 4 4 4 4 4 4 4 4 4 18 1 1 1 1 1 3 4 4 4 4 4 4 4 4 4 4 4 5
n34-m289 4153 15 18 15 3 4 4 4 4 4 4 4 4 4 4 4 4 4 4 18 1 1 1 1 1 4 4 4 4 4 4 4 4 4 4 4 4 4
n34-m289 4166 15 18 15 3 4 4 4 4 4 4 4 4 4 4 4 4 4 4 18 1 1 1 1 2 2 4 4 4 4 4 4 4 4 4 4 4 5
n34-m289 4169 15 18 15 3 4 4 4 4 4 4 4 4 4 4 4 4 4 4 18 1 1 1 1 2 3 4 4 4 4 4 4 4 4 4 4 4 4
n34-m289 4177 15 18 15 3 4 4 4 4 4 4 4 4 4 4 4 4 4 4 18 1 1 1 2 2 2 4 4 4 4 4 4 4 4 4 4 4 4
n34-m289 4324 15 18 15 4 4 4 4 4 4 4 4 4 4 4 4 4 4 4 18 1 1 1 1 2 4 4 4 4 4 4 4 4 4 4 4 4 4
n34-m289 4360 15 18 15 2 3 3 3 4 4 4 4 4 4 4 4 4 4 5 18 1 1 1 1 1 1 1 3 3 4 4 4 4 5 5 5 5 5
n34-m289 4366 15 18 15 2 3 3 4 4 4 4 4 4 4 4 4 4 4 5 18 1 1 1 1 1 1 1 3 4 4 4 4 4 5 5 5 5 5
n34-m289 4412 15 18 15 2 2 3 3 3 3 4 4 4 4 4 4 4 5 5 18 1 1 1 1 1 1 1 2 3 3 4 4 4 5 5 5 5 5
n34-m289 4413 15 18 15 2 3 3 3 3 3 4 4 4 4 4 4 4 5 5 18 1 1 1 1 1 1 1 3 3 3 4 4 4 5 5 5 5 5
n34-m289 4420 15 18 15 2 3 3 3 3 4 4 4 4 4 4 4 4 5 5 18 1 1 1 1 1 1 1 3 3 4 4 4 4 5 5 5 5 5
n34-m289 4426 15 18 15 2 2 2 3 4 4 4 4 4 4 4 4 4 5 5 18 1 1 1 1 1 1 1 2 3 4 4 4 4 5 5 5 5 5
n34-m289 4427 15 18 15 2 2 3 3 4 4 4 4 4 4 4 4 4 5 5 18 1 1 1 1 1 1 1 3 3 4 4 4 4 5 5 5 5 5
n34-m289 4428 15 18 15 1 3 3 3 4 4 4 4 4 4 4 4 4 5 5 18 1 1 1 1 1 1 1 3 3 4 4 4 4 5 5 5 5 5
n34-m289 4430 15 18 15 2 3 3 3 4 4 4 4 4 4 4 4 4 5 5 18 1 1 1 1 1 1 1 3 3 4 4 4 4 5 5 5 5 6
n34-m289 4431 15 18 15 2 3 3 3 4 4 4 4 4 4 4 4 4 5 5 18 1 1 1 1 1 1 1 3 3 4 4 4 5 5 5 5 5 5
n34-m289 4432 15 18 15 2 3 3 3 4 4 4 4 4 4 4 4 4 5 5 18 1 1 1 1 1 1 1 3 4 4 4 4 4 5 5 5 5 5
n34-m289 4433 15 18 15 2 3 3 3 4 4 4 4 4 4 4 4 4 5 5 18 1 1 1 1 1 1 2 3 3 4 4 4 4 5 5 5 5 5
n34-m289 4449 15 18 15 3 3 3 3 4 4 4 4 4 4 4 4 4 5 5 18 1 1 1 1 1 1 3 3 3 4 4 4 4 5 5 5 5 5
n34-m289 4451 15 18 15 2 2 2 4 4 4 4 4 4 4 4 4 4 5 5 18 1 1 1 1 1 1 1 2 4 4 4 4 4 5 5 5 5 5
n34-m289 4452 15 18 15 2 2 3 4 4 4 4 4 4 4 4 4 4 5 5 18 1 1 1 1 1 1 1 3 4 4 4 4 4 5 5 5 5 5
n34-m289 4453 15 18 15 1 3 3 4 4 4 4 4 4 4 4 4 4 5 5 18 1 1 1 1 1 1 1 3 4 4 4 4 4 5 5 5 5 5
n34-m289 4458 15 18 15 2 3 3 4 4 4 4 4 4 4 4 4 4 5 5 18 1 1 1 1 1 1 2 3 4 4 4 4 4 5 5 5 5 5
n34-m289 4463 15 18 15 3 3 3 4 4 4 4 4 4 4 4 4 4 5 5 18 1 1 1 1 1 1 3 3 4 4 4 4 4 5 5 5 5 5
n34-m289 4475 15 18 15 1 3 4 4 4 4 4 4 4 4 4 4 4 5 5 18 1 1 1 1 1 1 1 4 4 4 4 4 4 5 5 5 5 5
n34-m289 4480 15 18 15 2 3 4 4 4 4 4 4 4 4 4 4 4 5 5 18 1 1 1 1 1 1 2 4 4 4 4 4 4 5 5 5 5 5
n34-m289 4496 15 18 15 3 3 4 4 4 4 4 4 4 4 4 4 4 5 5 18 1 1 1 1 1 1 3 4 4 4 4 4 4 5 5 5 5 5
n34-m289 4523 15 18 15 3 4 4 4 4 4 4 4 4 4 4 4 4 5 5 18 1 1 1 1 1 1 4 4 4 4 4 4 4 5 5 5 5 5
n34-m289 4552 15 18 15 2 2 3 3 3 3 3 3 4 4 4 4 5 5 5 18 1 1 1 1 1 1 1 2 3 3 3 4 4 5 5 5 5 5
n34-m289 4553 15 18 15 2 3 3 3 3 3 3 3 4 4 4 4 5 5 5 18 1 1 1 1 1 1 1 3 3 3 3 4 4 5 5 5 5 5
n34-m289 4559 15 18 15 2 2 3 3 3 3 3 4 4 4 4 4 5 5 5 18 1 1 1 1 1 1 1 2 3 3 4 4 4 5 5 5 5 5
n34-m289 4560 15 18 15 2 3 3 3 3 3 3 4 4 4 4 4 5 5 5 18 1 1 1 1 1 1 1 3 3 3 4 4 4 5 5 5 5 5
n34-m289 4567 15 18 15 2 3 3 3 3 3 4 4 4 4 4 4 5 5 5 18 1 1 1 1 1 1 1 3 3 4 4 4 4 5 5 5 5 5
n34-m289 4573 15 18 15 2 2 2 3 3 4 4 4 4 4 4 4 5 5 5 18 1 1 1 1 1 1 1 2 3 4 4 4 4 5 5 5 5 5
n34-m289 4574 15 18 15 2 2 3 3 3 4 4 4 4 4 4 4 5 5 5 18 1 1 1 1 1 1 1 3 3 4 4 4 4 5 5 5 5 5
n34-m289 4575 15 18 15 1 3 3 3 3 4 4 4 4 4 4 4 5 5 5 18 1 1 1 1 1 1 1 3 3 4 4 4 4 5 5 5 5 5
n34-m289 4577 15 18 15 2 3 3 3 3 4 4 4 4 4 4 4 5 5 5 18 1 1 1 1 1 1 1 3 3 4 4 4 4 5 5 5 5 6
n34-m289 4578 15 18 15 2 3 3 3 3 4 4 4 4 4 4 4 5 5 5 18 1 1 1 1 1 1 1 3 3 4 4 4 5 5 5 5 5 5
n34-m289 4579 15 18 15 2 3 3 3 3 4 4 4 4 4 4 4 5 5 5 18 1 1 1 1 1 1 1 3 4 4 4 4 4 5 5 5 5 5
n34-m289 4580 15 18 15 2 3 3 3 3 4 4 4 4 4 4 4 5 5 5 18 1 1 1 1 1 1 2 3 3 4 4 4 4 5 5 5 5 5
n34-m289 4596 15 18 15 3 3 3 3 3 4 4 4 4 4 4 4 5 5 5 18 1 1 1 1 1 1 3 3 3 4 4 4 4 5 5 5 5 5
n34-m289 4598 15 18 15 2 2 2 3 4 4 4 4 4 4 4 4 5 5 5 18 1 1 1 1 1 1 1 2 4 4 4 4 4 5 5 5 5 5
n34-m289 4599 15 18 15 2 2 3 3 4 4 4 4 4 4 4 4 5 5 5 18 1 1 1 1 1 1 1 3 4 4 4 4 4 5 5 5 5 5
n34-m289 4600 15 18 15 1 3 3 3 4 4 4 4 4 4 4 4 5 5 5 18 1 1 1 1 1 1 1 3 4 4 4 4 4 5 5 5 5 5
n34-m289 4605 15 18 15 2 3 3 3 4 4 4 4 4 4 4 4 5 5 5 18 1 1 1 1 1 1 2 3 4 4 4 4 4 5 5 5 5 5
n34-m289 4610 15 18 15 3 3 3 3 4 4 4 4 4 4 4 4 5 5 5 18 1 1 1 1 1 1 3 3 4 4 4 4 4 5 5 5 5 5
n34-m289 4616 15 18 15 2 2 2 4 4 4 4 4 4 4 4 4 5 5 5 18 1 1 1 1 1 1 1 3 4 4 4 4 4 5 5 5 5 5
n34-m289 4618 15 18 15 1 2 3 4 4 4 4 4 4 4 4 4 5 5 5 18 1 1 1 1 1 1 1 3 4 4 4 4 4 5 5 5 5 5
n34-m289 4623 15 18 15 2 2 3 4 4 4 4 4 4 4 4 4 5 5 5 18 1 1 1 1 1 1 2 3 4 4 4 4 4 5 5 5 5 5
n34-m289 4624 15 18 15 0 3 3 4 4 4 4 4 4 4 4 4 5 5 5 18 1 1 1 1 1 1 1 3 4 4 4 4 4 5 5 5 5 5
n34-m289 4626 15 18 15 1 3 3 4 4 4 4 4 4 4 4 4 5 5 5 18 1 1 1 1 1 1 1 3 4 4 4 4 4 5 5 5 5 6
n34-m289 4627 15 18 15 1 3 3 4 4 4 4 4 4 4 4 4 5 5 5 18 1 1 1 1 1 1 1 3 4 4 4 4 5 5 5 5 5 5
n34-m289 4628 15 18 15 1 3 3 4 4 4 4 4 4 4 4 4 5 5 5 18 1 1 1 1 1 1 1 4 4 4 4 4 4 5 5 5 5 5
n34-m289 4629 15 18 15 1 3 3 4 4 4 4 4 4 4 4 4 5 5 5 18 1 1 1 1 1 1 2 3 4 4 4 4 4 5 5 5 5 5
n34-m289 4631 15 18 15 2 3 3 4 4 4 4 4 4 4 4 4 5 5 5 18 1 1 1 1 1 1 2 3 4 4 4 4 4 5 5 5 5 6
n34-m289 4632 15 18 15 2 3 3 4 4 4 4 4 4 4 4 4 5 5 5 18 1 1 1 1 1 1 2 3 4 4 4 4 5 5 5 5 5 5
n34-m289 4633 15 18 15 2 3 3 4 4 4 4 4 4 4 4 4 5 5 5 18 1 1 1 1 1 1 2 4 4 4 4 4 4 5 5 5 5 5
n34-m289 4634 15 18 15 2 3 3 4 4 4 4 4 4 4 4 4 5 5 5 18 1 1 1 1 1 1 3 3 4 4 4 4 4 5 5 5 5 5
n34-m289 4635 15 18 15 2 3 3 4 4 4 4 4 4 4 4 4 5 5 5 18 1 1 1 1 1 2 2 3 4 4 4 4 4 5 5 5 5 5
n34-m289 4647 15 18 15 3 3 3 4 4 4 4 4 4 4 4 4 5 5 5 18 1 1 1 1 1 1 3 3 4 4 4 4 4 5 5 5 5 6
n34-m289 4648 15 18 15 3 3 3 4 4 4 4 4 4 4 4 4 5 5 5 18 1 1 1 1 1 1 3 3 4 4 4 4 5 5 5 5 5 5
n34-m289 4649 15 18 15 3 3 3 4 4 4 4 4 4 4 4 4 5 5 5 18 1 1 1 1 1 1 3 4 4 4 4 4 4 5 5 5 5 5
n34-m289 4654 15 18 15 3 3 3 4 4 4 4 4 4 4 4 4 5 5 5 18 1 1 1 1 1 2 3 3 4 4 4 4 4 5 5 5 5 5
n34-m289 4661 15 18 15 1 2 4 4 4 4 4 4 4 4 4 4 5 5 5 18 1 1 1 1 1 1 1 4 4 4 4 4 4 5 5 5 5 5
n34-m289 4666 15 18 15 2 2 4 4 4 4 4 4 4 4 4 4 5 5 5 18 1 1 1 1 1 1 2 4 4 4 4 4 4 5 5 5 5 5
n34-m289 4687 15 18 15 1 3 4 4 4 4 4 4 4 4 4 4 5 5 5 18 1 1 1 1 1 1 2 4 4 4 4 4 4 5 5 5 5 5
n34-m289 4698 15 18 15 2 3 4 4 4 4 4 4 4 4 4 4 5 5 5 18 1 1 1 1 1 1 2 4 4 4 4 4 4 5 5 5 5 6
n34-m289 4699 15 18 15 2 3 4 4 4 4 4 4 4 4 4 4 5 5 5 18 1 1 1 1 1 1 2 4 4 4 4 4 5 5 5 5 5 5
n34-m289 4703 15 18 15 2 3 4 4 4 4 4 4 4 4 4 4 5 5 5 18 1 1 1 1 1 1 3 4 4 4 4 4 4 5 5 5 5 5
n34-m289 4707 15 18 15 2 3 4 4 4 4 4 4 4 4 4 4 5 5 5 18 1 1 1 1 1 2 2 4 4 4 4 4 4 5 5 5 5 5
n34-m289 4709 15 18 15 2 3 4 4 4 4 4 4 4 4 4 4 5 5 5 18 1 1 1 1 2 2 2 3 4 4 4 4 4 5 5 5 5 5
n34-m289 4739 15 18 15 3 3 4 4 4 4 4 4 4 4 4 4 5 5 5 18 1 1 1 1 1 1 3 4 4 4 4 4 4 5 5 5 5 6
n34-m289 4740 15 18 15 3 3 4 4 4 4 4 4 4 4 4 4 5 5 5 18 1 1 1 1 1 1 3 4 4 4 4 4 5 5 5 5 5 5
n34-m289 4741 15 18 15 3 3 4 4 4 4 4 4 4 4 4 4 5 5 5 18 1 1 1 1 1 1 4 4 4 4 4 4 4 5 5 5 5 5
n34-m289 4755 15 18 15 3 3 4 4 4 4 4 4 4 4 4 4 5 5 5 18 1 1 1 1 1 2 3 4 4 4 4 4 4 5 5 5 5 5
n34-m289 4761 15 18 15 3 3 4 4 4 4 4 4 4 4 4 4 5 5 5 18 1 1 1 1 2 2 3 3 4 4 4 4 4 5 5 5 5 5
n34-m289 4779 15 18 15 2 4 4 4 4 4 4 4 4 4 4 4 5 5 5 18 1 1 1 1 1 1 4 4 4 4 4 4 4 5 5 5 5 5
n34-m289 4793 15 18 15 3 4 4 4 4 4 4 4 4 4 4 4 5 5 5 18 1 1 1 1 1 1 4 4 4 4 4 4 4 5 5 5 5 6
n34-m289 4794 15 18 15 3 4 4 4 4 4 4 4 4 4 4 4 5 5 5 18 1 1 1 1 1 1 4 4 4 4 4 4 5 5 5 5 5 5
n34-m289 4798 15 18 15 3 4 4 4 4 4 4 4 4 4 4 4 5 5 5 18 1 1 1 1 1 2 4 4 4 4 4 4 4 5 5 5 5 5
n34-m289 4842 15 18 15 2 2 3 3 3 3 3 3 3 3 3 5 5 5 5 18 1 1 1 1 1 1 1 2 3 3 3 3 3 5 5 5 5 5
n34-m289 4847 15 18 15 2 3 3 3 3 3 3 3 3 3 3 5 5 5 5 18 1 1 1 1 1 1 1 3 3 3 3 3 3 5 5 5 5 5
n34-m289 4873 15 18 15 2 2 3 3 3 3 3 3 4 4 4 5 5 5 5 18 1 1 1 1 1 1 1 2 3 3 4 4 4 5 5 5 5 5
n34-m289 4874 15 18 15 2 3 3 3 3 3 3 3 4 4 4 5 5 5 5 18 1 1 1 1 1 1 1 3 3 3 4 4 4 5 5 5 5 5
n34-m289 4880 15 18 15 2 2 2 3 3 3 3 4 4 4 4 5 5 5 5 18 1 1 1 1 1 1 1 2 3 3 4 4 4 5 5 5 5 5
n34-m289 4886 15 18 15 2 2 3 3 3 3 3 4 4 4 4 5 5 5 5 18 1 1 1 1 1 1 1 3 3 3 4 4 4 5 5 5 5 5
n34-m289 4888 15 18 15 1 3 3 3 3 3 3 4 4 4 4 5 5 5 5 18 1 1 1 1 1 1 1 3 3 3 4 4 4 5 5 5 5 5
n34-m289 4890 15 18 15 2 3 3 3 3 3 3 4 4 4 4 5 5 5 5 18 1 1 1 1 1 1 1 3 3 3 4 4 4 5 5 5 5 6
n34-m289 4891 15 18 15 2 3 3 3 3 3 3 4 4 4 4 5 5 5 5 18 1 1 1 1 1 1 1 3 3 3 4 4 5 5 5 5 5 5
n34-m289 4892 15 18 15 2 3 3 3 3 3 3 4 4 4 4 5 5 5 5 18 1 1 1 1 1 1 1 3 3 4 4 4 4 5 5 5 5 5
n34-m289 4893 15 18 15 2 3 3 3 3 3 3 4 4 4 4 5 5 5 5 18 1 1 1 1 1 1 2 3 3 3 4 4 4 5 5 5 5 5
n34-m289 4909 15 18 15 3 3 3 3 3 3 3 4 4 4 4 5 5 5 5 18 1 1 1 1 1 1 3 3 3 3 4 4 4 5 5 5 5 5
n34-m289 4911 15 18 15 2 2 2 3 3 3 4 4 4 4 4 5 5 5 5 18 1 1 1 1 1 1 1 2 3 4 4 4 4 5 5 5 5 5
n34-m289 4912 15 18 15 2 2 3 3 3 3 4 4 4 4 4 5 5 5 5 18 1 1 1 1 1 1 1 3 3 4 4 4 4 5 5 5 5 5
n34-m289 4913 15 18 15 1 3 3 3 3 3 4 4 4 4 4 5 5 5 5 18 1 1 1 1 1 1 1 3 3 4 4 4 4 5 5 5 5 5
n34-m289 4915 15 18 15 2 3 3 3 3 3 4 4 4 4 4 5 5 5 5 18 1 1 1 1 1 1 1 3 3 4 4 4 4 5 5 5 5 6
n34-m289 4916 15 18 15 2 3 3 3 3 3 4 4 4 4 4 5 5 5 5 18 1 1 1 1 1 1 1 3 3 4 4 4 5 5 5 5 5 5
n34-m289 4917 15 18 15 2 3 3 3 3 3 4 4 4 4 4 5 5 5 5 18 1 1 1 1 1 1 1 3 4 4 4 4 4 5 5 5 5 5
n34-m289 4918 15 18 15 2 3 3 3 3 3 4 4 4 4 4 5 5 5 5 18 1 1 1 1 1 1 2 3 3 4 4 4 4 5 5 5 5 5
n34-m289 4934 15 18 15 3 3 3 3 3 3 4 4 4 4 4 5 5 5 5 18 1 1 1 1 1 1 3 3 3 4 4 4 4 5 5 5 5 5
n34-m289 4936 15 18 15 2 2 2 2 3 4 4 4 4 4 4 5 5 5 5 18 1 1 1 1 1 1 1 2 3 4 4 4 4 5 5 5 5 5
n34-m289 4937 15 18 15 1 2 2 3 3 4 4 4 4 4 4 5 5 5 5 18 1 1 1 1 1 1 1 2 3 4 4 4 4 5 5 5 5 5
n34-m289 4939 15 18 15 2 2 2 3 3 4 4 4 4 4 4 5 5 5 5 18 1 1 1 1 1 1 1 2 3 4 4 4 4 5 5 5 5 6
n34-m289 4940 15 18 15 2 2 2 3 3 4 4 4 4 4 4 5 5 5 5 18 1 1 1 1 1 1 1 2 3 4 4 4 5 5 5 5 5 5
n34-m289 4941 15 18 15 2 2 2 3 3 4 4 4 4 4 4 5 5 5 5 18 1 1 1 1 1 1 1 2 4 4 4 4 4 5 5 5 5 5
n34-m289 4942 15 18 15 2 2 2 3 3 4 4 4 4 4 4 5 5 5 5 18 1 1 1 1 1 1 1 3 3 4 4 4 4 5 5 5 5 5
n34-m289 4943 15 18 15 2 2 2 3 3 4 4 4 4 4 4 5 5 5 5 18 1 1 1 1 1 1 2 2 3 4 4 4 4 5 5 5 5 5
n34-m289 4944 15 18 15 1 2 3 3 3 4 4 4 4 4 4 5 5 5 5 18 1 1 1 1 1 1 1 3 3 4 4 4 4 5 5 5 5 5
n34-m289 4946 15 18 15 2 2 3 3 3 4 4 4 4 4 4 5 5 5 5 18 1 1 1 1 1 1 1 3 3 4 4 4 4 5 5 5 5 6
n34-m289 4947 15 18 15 2 2 3 3 3 4 4 4 4 4 4 5 5 5 5 18 1 1 1 1 1 1 1 3 3 4 4 4 5 5 5 5 5 5
n34-m289 4948 15 18 15 2 2 3 3 3 4 4 4 4 4 4 5 5 5 5 18 1 1 1 1 1 1 1 3 4 4 4 4 4 5 5 5 5 5
n34-m289 4949 15 18 15 2 2 3 3 3 4 4 4 4 4 4 5 5 5 5 18 1 1 1 1 1 1 2 3 3 4 4 4 4 5 5 5 5 5
n34-m289 4950 15 18 15 0 3 3 3 3 4 4 4 4 4 4 5 5 5 5 18 1 1 1 1 1 1 1 3 3 4 4 4 4 5 5 5 5 5
n34-m289 4952 15 18 15 1 3 3 3 3 4 4 4 4 4 4 5 5 5 5 18 1 1 1 1 1 1 1 3 3 4 4 4 4 5 5 5 5 6
n34-m289 4953 15 18 15 1 3 3 3 3 4 4 4 4 4 4 5 5 5 5 18 1 1 1 1 1 1 1 3 3 4 4 4 5 5 5 5 5 5
n34-m289 4954 15 18 15 1 3 3 3 3 4 4 4 4 4 4 5 5 5 5 18 1 1 1 1 1 1 1 3 4 4 4 4 4 5 5 5 5 5
n34-m289 4955 15 18 15 1 3 3 3 3 4 4 4 4 4 4 5 5 5 5 18 1 1 1 1 1 1 2 3 3 4 4 4 4 5 5 5 5 5
n34-m289 4968 15 18 15 2 3 3 3 3 4 4 4 4 4 4 5 5 5 5 18 1 1 1 1 1 1 2 3 3 4 4 4 4 5 5 5 5 6
n34-m289 4969 15 18 15 2 3 3 3 3 4 4 4 4 4 4 5 5 5 5 18 1 1 1 1 1 1 2 3 3 4 4 4 5 5 5 5 5 5
n34-m289 4970 15 18 15 2 3 3 3 3 4 4 4 4 4 4 5 5 5 5 18 1 1 1 1 1 1 2 3 4 4 4 4 4 5 5 5 5 5
n34-m289 4971 15 18 15 2 3 3 3 3 4 4 4 4 4 4 5 5 5 5 18 1 1 1 1 1 1 3 3 3 4 4 4 4 5 5 5 5 5
n34-m289 4972 15 18 15 2 3 3 3 3 4 4 4 4 4 4 5 5 5 5 18 1 1 1 1 1 2 2 3 3 4 4 4 4 5 5 5 5 5
n34-m289 4985 15 18 15 3 3 3 3 3 4 4 4 4 4 4 5 5 5 5 18 1 1 1 1 1 1 3 3 3 4 4 4 4 5 5 5 5 6
n34-m289 4986 15 18 15 3 3 3 3 3 4 4 4 4 4 4 5 5 5 5 18 1 1 1 1 1 1 3 3 3 4 4 4 5 5 5 5 5 5
n34-m289 4987 15 18 15 3 3 3 3 3 4 4 4 4 4 4 5 5 5 5 18 1 1 1 1 1 1 3 3 4 4 4 4 4 5 5 5 5 5
n34-m289 4992 15 18 15 3 3 3 3 3 4 4 4 4 4 4 5 5 5 5 18 1 1 1 1 1 2 3 3 3 4 4 4 4 5 5 5 5 5
n34-m289 4994 15 18 15 2 2 2 2 4 4 4 4 4 4 4 5 5 5 5 18 1 1 1 1 1 1 1 2 4 4 4 4 4 5 5 5 5 5
n34-m289 4999 15 18 15 2 2 2 3 4 4 4 4 4 4 4 5 5 5 5 18 1 1 1 1 1 1 1 3 4 4 4 4 4 5 5 5 5 5
n34-m289 5001 15 18 15 1 2 3 3 4 4 4 4 4 4 4 5 5 5 5 18 1 1 1 1 1 1 1 3 4 4 4 4 4 5 5 5 5 5
n34-m289 5006 15 18 15 2 2 3 3 4 4 4 4 4 4 4 5 5 5 5 18 1 1 1 1 1 1 2 3 4 4 4 4 4 5 5 5 5 5
n34-m289 5007 15 18 15 0 3 3 3 4 4 4 4 4 4 4 5 5 5 5 18 1 1 1 1 1 1 1 3 4 4 4 4 4 5 5 5 5 5
n34-m289 5009 15 18 15 1 3 3 3 4 4 4 4 4 4 4 5 5 5 5 18 1 1 1 1 1 1 1 3 4 4 4 4 4 5 5 5 5 6
n34-m289 5010 15 18 15 1 3 3 3 4 4 4 4 4 4 4 5 5 5 5 18 1 1 1 1 1 1 1 3 4 4 4 4 5 5 5 5 5 5
n34-m289 5011 15 18 15 1 3 3 3 4 4 4 4 4 4 4 5 5 5 5 18 1 1 1 1 1 1 1 4 4 4 4 4 4 5 5 5 5 5
n34-m289 5012 15 18 15 1 3 3 3 4 4 4 4 4 4 4 5 5 5 5 18 1 1 1 1 1 1 2 3 4 4 4 4 4 5 5 5 5 5
n34-m289 5014 15 18 15 2 3 3 3 4 4 4 4 4 4 4 5 5 5 5 18 1 1 1 1 1 1 2 3 4 4 4 4 4 5 5 5 5 6
n34-m289 5015 15 18 15 2 3 3 3 4 4 4 4 4 4 4 5 5 5 5 18 1 1 1 1 1 1 2 3 4 4 4 4 5 5 5 5 5 5
n34-m289 5016 15 18 15 2 3 3 3 4 4 4 4 4 4 4 5 5 5 5 18 1 1 1 1 1 1 2 4 4 4 4 4 4 5 5 5 5 5
n34-m289 5017 15 18 15 2 3 3 3 4 4 4 4 4 4 4 5 5 5 5 18 1 1 1 1 1 1 3 3 4 4 4 4 4 5 5 5 5 5
n34-m289 5018 15 18 15 2 3 3 3 4 4 4 4 4 4 4 5 5 5 5 18 1 1 1 1 1 2 2 3 4 4 4 4 4 5 5 5 5 5
n34-m289 5030 15 18 15 3 3 3 3 4 4 4 4 4 4 4 5 5 5 5 18 1 1 1 1 1 1 3 3 4 4 4 4 4 5 5 5 5 6
n34-m289 5031 15 18 15 3 3 3 3 4 4 4 4 4 4 4 5 5 5 5 18 1 1 1 1 1 1 3 3 4 4 4 4 5 5 5 5 5 5
n34-m289 5032 15 18 15 3 3 3 3 4 4 4 4 4 4 4 5 5 5 5 18 1 1 1 1 1 1 3 4 4 4 4 4 4 5 5 5 5 5
n34-m289 5037 15 18 15 3 3 3 3 4 4 4 4 4 4 4 5 5 5 5 18 1 1 1 1 1 2 3 3 4 4 4 4 4 5 5 5 5 5
n34-m289 5039 15 18 15 1 2 2 4 4 4 4 4 4 4 4 5 5 5 5 18 1 1 1 1 1 1 1 3 4 4 4 4 4 5 5 5 5 5
n34-m289 5044 15 18 15 2 2 2 4 4 4 4 4 4 4 4 5 5 5 5 18 1 1 1 1 1 1 2 3 4 4 4 4 4 5 5 5 5 5
n34-m289 5045 15 18 15 1 1 3 4 4 4 4 4 4 4 4 5 5 5 5 18 1 1 1 1 1 1 1 3 4 4 4 4 4 5 5 5 5 5
n34-m289 5046 15 18 15 0 2 3 4 4 4 4 4 4 4 4 5 5 5 5 18 1 1 1 1 1 1 1 3 4 4 4 4 4 5 5 5 5 5
n34-m289 5048 15 18 15 1 2 3 4 4 4 4 4 4 4 4 5 5 5 5 18 1 1 1 1 1 1 1 3 4 4 4 4 4 5 5 5 5 6
n34-m289 5049 15 18 15 1 2 3 4 4 4 4 4 4 4 4 5 5 5 5 18 1 1 1 1 1 1 1 3 4 4 4 4 5 5 5 5 5 5
n34-m289 5050 15 18 15 1 2 3 4 4 4 4 4 4 4 4 5 5 5 5 18 1 1 1 1 1 1 1 4 4 4 4 4 4 5 5 5 5 5
n34-m289 5051 15 18 15 1 2 3 4 4 4 4 4 4 4 4 5 5 5 5 18 1 1 1 1 1 1 2 3 4 4 4 4 4 5 5 5 5 5
n34-m289 5053 15 18 15 2 2 3 4 4 4 4 4 4 4 4 5 5 5 5 18 1 1 1 1 1 1 2 3 4 4 4 4 4 5 5 5 5 6
n34-m289 5054 15 18 15 2 2 3 4 4 4 4 4 4 4 4 5 5 5 5 18 1 1 1 1 1 1 2 3 4 4 4 4 5 5 5 5 5 5
n34-m289 5055 15 18 15 2 2 3 4 4 4 4 4 4 4 4 5 5 5 5 18 1 1 1 1 1 1 2 4 4 4 4 4 4 5 5 5 5 5
n34-m289 5056 15 18 15 2 2 3 4 4 4 4 4 4 4 4 5 5 5 5 18 1 1 1 1 1 1 3 3 4 4 4 4 4 5 5 5 5 5
n34-m289 5057 15 18 15 2 2 3 4 4 4 4 4 4 4 4 5 5 5 5 18 1 1 1 1 1 2 2 3 4 4 4 4 4 5 5 5 5 5
n34-m289 5062 15 18 15 0 3 3 4 4 4 4 4 4 4 4 5 5 5 5 18 1 1 1 1 1 1 2 3 4 4 4 4 4 5 5 5 5 5
n34-m289 5074 15 18 15 1 3 3 4 4 4 4 4 4 4 4 5 5 5 5 18 1 1 1 1 1 1 2 3 4 4 4 4 4 5 5 5 5 6
n34-m289 5075 15 18 15 1 3 3 4 4 4 4 4 4 4 4 5 5 5 5 18 1 1 1 1 1 1 2 3 4 4 4 4 5 5 5 5 5 5
n34-m289 5076 15 18 15 1 3 3 4 4 4 4 4 4 4 4 5 5 5 5 18 1 1 1 1 1 1 2 4 4 4 4 4 4 5 5 5 5 5
n34-m289 5077 15 18 15 1 3 3 4 4 4 4 4 4 4 4 5 5 5 5 18 1 1 1 1 1 1 3 3 4 4 4 4 4 5 5 5 5 5
n34-m289 5078 15 18 15 1 3 3 4 4 4 4 4 4 4 4 5 5 5 5 18 1 1 1 1 1 2 2 3 4 4 4 4 4 5 5 5 5 5
n34-m289 5081 15 18 15 2 3 3 4 4 4 4 4 4 4 4 5 5 5 5 18 1 1 1 1 1 1 2 3 4 4 4 4 4 5 5 5 5 7
n34-m289 5082 15 18 15 2 3 3 4 4 4 4 4 4 4 4 5 5 5 5 18 1 1 1 1 1 1 2 3 4 4 4 4 4 5 5 5 6 6
n34-m289 5084 15 18 15 2 3 3 4 4 4 4 4 4 4 4 5 5 5 5 18 1 1 1 1 1 1 2 3 4 4 4 4 5 5 5 5 5 6
n34-m289 5085 15 18 15 2 3 3 4 4 4 4 4 4 4 4 5 5 5 5 18 1 1 1 1 1 1 2 3 4 4 4 5 5 5 5 5 5 5
n34-m289 5087 15 18 15 2 3 3 4 4 4 4 4 4 4 4 5 5 5 5 18 1 1 1 1 1 1 2 4 4 4 4 4 4 5 5 5 5 6
n34-m289 5088 15 18 15 2 3 3 4 4 4 4 4 4 4 4 5 5 5 5 18 1 1 1 1 1 1 2 4 4 4 4 4 5 5 5 5 5 5
n34-m289 5090 15 18 15 2 3 3 4 4 4 4 4 4 4 4 5 5 5 5 18 1 1 1 1 1 1 3 3 4 4 4 4 4 5 5 5 5 6
n34-m289 5091 15 18 15 2 3 3 4 4 4 4 4 4 4 4 5 5 5 5 18 1 1 1 1 1 1 3 3 4 4 4 4 5 5 5 5 5 5
n34-m289 5092 15 18 15 2 3 3 4 4 4 4 4 4 4 4 5 5 5 5 18 1 1 1 1 1 1 3 4 4 4 4 4 4 5 5 5 5 5
n34-m289 5094 15 18 15 2 3 3 4 4 4 4 4 4 4 4 5 5 5 5 18 1 1 1 1 1 2 2 3 4 4 4 4 4 5 5 5 5 6
n34-m289 5095 15 18 15 2 3 3 4 4 4 4 4 4 4 4 5 5 5 5 18 1 1 1 1 1 2 2 3 4 4 4 4 5 5 5 5 5 5
n34-m289 5096 15 18 15 2 3 3 4 4 4 4 4 4 4 4 5 5 5 5 18 1 1 1 1 1 2 2 4 4 4 4 4 4 5 5 5 5 5
n34-m289 5097 15 18 15 2 3 3 4 4 4 4 4 4 4 4 5 5 5 5 18 1 1 1 1 1 2 3 3 4 4 4 4 4 5 5 5 5 5
n34-m289 5098 15 18 15 2 3 3 4 4 4 4 4 4 4 4 5 5 5 5 18 1 1 1 1 2 2 2 3 4 4 4 4 4 5 5 5 5 5
n34-m289 5122 15 18 15 3 3 3 4 4 4 4 4 4 4 4 5 5 5 5 18 1 1 1 1 1 1 3 3 4 4 4 4 4 5 5 5 5 7
n34-m289 5123 15 18 15 3 3 3 4 4 4 4 4 4 4 4 5 5 5 5 18 1 1 1 1 1 1 3 3 4 4 4 4 4 5 5 5 6 6
n34-m289 5125 15 18 15 3 3 3 4 4 4 4 4 4 4 4 5 5 5 5 18 1 1 1 1 1 1 3 3 4 4 4 4 5 5 5 5 5 6
n34-m289 5126 15 18 15 3 3 3 4 4 4 4 4 4 4 4 5 5 5 5 18 1 1 1 1 1 1 3 3 4 4 4 5 5 5 5 5 5 5
n34-m289 5128 15 18 15 3 3 3 4 4 4 4 4 4 4 4 5 5 5 5 18 1 1 1 1 1 1 3 4 4 4 4 4 4 5 5 5 5 6
n34-m289 5129 15 18 15 3 3 3 4 4 4 4 4 4 4 4 5 5 5 5 18 1 1 1 1 1 1 3 4 4 4 4 4 5 5 5 5 5 5
n34-m289 5130 15 18 15 3 3 3 4 4 4 4 4 4 4 4 5 5 5 5 18 1 1 1 1 1 1 4 4 4 4 4 4 4 5 5 5 5 5
n34-m289 5142 15 18 15 3 3 3 4 4 4 4 4 4 4 4 5 5 5 5 18 1 1 1 1 1 2 3 3 4 4 4 4 4 5 5 5 5 6
n34-m289 5143 15 18 15 3 3 3 4 4 4 4 4 4 4 4 5 5 5 5 18 1 1 1 1 1 2 3 3 4 4 4 4 5 5 5 5 5 5
n34-m289 5144 15 18 15 3 3 3 4 4 4 4 4 4 4 4 5 5 5 5 18 1 1 1 1 1 2 3 4 4 4 4 4 4 5 5 5 5 5
n34-m289 5145 15 18 15 3 3 3 4 4 4 4 4 4 4 4 5 5 5 5 18 1 1 1 1 1 3 3 3 4 4 4 4 4 5 5 5 5 5
n34-m289 5150 15 18 15 3 3 3 4 4 4 4 4 4 4 4 5 5 5 5 18 1 1 1 1 2 2 3 3 4 4 4 4 4 5 5 5 5 5
n34-m289 5152 15 18 15 1 1 4 4 4 4 4 4 4 4 4 5 5 5 5 18 1 1 1 1 1 1 1 4 4 4 4 4 4 5 5 5 5 5
n34-m289 5157 15 18 15 1 2 4 4 4 4 4 4 4 4 4 5 5 5 5 18 1 1 1 1 1 1 2 4 4 4 4 4 4 5 5 5 5 5
n34-m289 5159 15 18 15 2 2 4 4 4 4 4 4 4 4 4 5 5 5 5 18 1 1 1 1 1 1 2 4 4 4 4 4 4 5 5 5 5 6
n34-m289 5160 15 18 15 2 2 4 4 4 4 4 4 4 4 4 5 5 5 5 18 1 1 1 1 1 1 2 4 4 4 4 4 5 5 5 5 5 5
n34-m289 5161 15 18 15 2 2 4 4 4 4 4 4 4 4 4 5 5 5 5 18 1 1 1 1 1 1 3 4 4 4 4 4 4 5 5 5 5 5
n34-m289 5162 15 18 15 2 2 4 4 4 4 4 4 4 4 4 5 5 5 5 18 1 1 1 1 1 2 2 4 4 4 4 4 4 5 5 5 5 5
n34-m289 5163 15 18 15 0 3 4 4 4 4 4 4 4 4 4 5 5 5 5 18 1 1 1 1 1 1 2 4 4 4 4 4 4 5 5 5 5 5
n34-m289 5165 15 18 15 1 3 4 4 4 4 4 4 4 4 4 5 5 5 5 18 1 1 1 1 1 1 2 4 4 4 4 4 4 5 5 5 5 6
n34-m289 5166 15 18 15 1 3 4 4 4 4 4 4 4 4 4 5 5 5 5 18 1 1 1 1 1 1 2 4 4 4 4 4 5 5 5 5 5 5
n34-m289 5167 15 18 15 1 3 4 4 4 4 4 4 4 4 4 5 5 5 5 18 1 1 1 1 1 1 3 4 4 4 4 4 4 5 5 5 5 5
n34-m289 5168 15 18 15 1 3 4 4 4 4 4 4 4 4 4 5 5 5 5 18 1 1 1 1 1 2 2 4 4 4 4 4 4 5 5 5 5 5
n34-m289 5171 15 18 15 2 3 4 4 4 4 4 4 4 4 4 5 5 5 5 18 1 1 1 1 1 1 2 4 4 4 4 4 4 5 5 5 5 7
n34-m289 5172 15 18 15 2 3 4 4 4 4 4 4 4 4 4 5 5 5 5 18 1 1 1 1 1 1 2 4 4 4 4 4 4 5 5 5 6 6
n34-m289 5174 15 18 15 2 3 4 4 4 4 4 4 4 4 4 5 5 5 5 18 1 1 1 1 1 1 2 4 4 4 4 4 5 5 5 5 5 6
n34-m289 5175 15 18 15 2 3 4 4 4 4 4 4 4 4 4 5 5 5 5 18 1 1 1 1 1 1 2 4 4 4 4 5 5 5 5 5 5 5
n34-m289 5177 15 18 15 2 3 4 4 4 4 4 4 4 4 4 5 5 5 5 18 1 1 1 1 1 1 3 4 4 4 4 4 4 5 5 5 5 6
n34-m289 5178 15 18 15 2 3 4 4 4 4 4 4 4 4 4 5 5 5 5 18 1 1 1 1 1 1 3 4 4 4 4 4 5 5 5 5 5 5
n34-m289 5179 15 18 15 2 3 4 4 4 4 4 4 4 4 4 5 5 5 5 18 1 1 1 1 1 1 4 4 4 4 4 4 4 5 5 5 5 5
n34-m289 5181 15 18 15 2 3 4 4 4 4 4 4 4 4 4 5 5 5 5 18 1 1 1 1 1 2 2 4 4 4 4 4 4 5 5 5 5 6
n34-m289 5182 15 18 15 2 3 4 4 4 4 4 4 4 4 4 5 5 5 5 18 1 1 1 1 1 2 2 4 4 4 4 4 5 5 5 5 5 5
n34-m289 5183 15 18 15 2 3 4 4 4 4 4 4 4 4 4 5 5 5 5 18 1 1 1 1 1 2 3 4 4 4 4 4 4 5 5 5 5 5
n34-m289 5184 15 18 15 2 3 4 4 4 4 4 4 4 4 4 5 5 5 5 18 1 1 1 1 2 2 2 4 4 4 4 4 4 5 5 5 5 5
n34-m289 5187 15 18 15 3 3 4 4 4 4 4 4 4 4 4 5 5 5 5 18 1 1 1 1 1 1 3 4 4 4 4 4 4 5 5 5 5 7
n34-m289 5188 15 18 15 3 3 4 4 4 4 4 4 4 4 4 5 5 5 5 18 1 1 1 1 1 1 3 4 4 4 4 4 4 5 5 5 6 6
n34-m289 5190 15 18 15 3 3 4 4 4 4 4 4 4 4 4 5 5 5 5 18 1 1 1 1 1 1 3 4 4 4 4 4 5 5 5 5 5 6
n34-m289 5191 15 18 15 3 3 4 4 4 4 4 4 4 4 4 5 5 5 5 18 1 1 1 1 1 1 3 4 4 4 4 5 5 5 5 5 5 5
n34-m289 5193 15 18 15 3 3 4 4 4 4 4 4 4 4 4 5 5 5 5 18 1 1 1 1 1 1 4 4 4 4 4 4 4 5 5 5 5 6
n34-m289 5194 15 18 15 3 3 4 4 4 4 4 4 4 4 4 5 5 5 5 18 1 1 1 1 1 1 4 4 4 4 4 4 5 5 5 5 5 5
n34-m289 5196 15 18 15 3 3 4 4 4 4 4 4 4 4 4 5 5 5 5 18 1 1 1 1 1 2 3 4 4 4 4 4 4 5 5 5 5 6
n34-m289 5197 15 18 15 3 3 4 4 4 4 4 4 4 4 4 5 5 5 5 18 1 1 1 1 1 2 3 4 4 4 4 4 5 5 5 5 5 5
n34-m289 5198 15 18 15 3 3 4 4 4 4 4 4 4 4 4 5 5 5 5 18 1 1 1 1 1 2 4 4 4 4 4 4 4 5 5 5 5 5
n34-m289 5199 15 18 15 3 3 4 4 4 4 4 4 4 4 4 5 5 5 5 18 1 1 1 1 1 3 3 4 4 4 4 4 4 5 5 5 5 5
n34-m289 5200 15 18 15 3 3 4 4 4 4 4 4 4 4 4 5 5 5 5 18 1 1 1 1 2 2 3 4 4 4 4 4 4 5 5 5 5 5
n34-m289 5216 15 18 15 1 4 4 4 4 4 4 4 4 4 4 5 5 5 5 18 1 1 1 1 1 1 4 4 4 4 4 4 4 5 5 5 5 5
n34-m289 5218 15 18 15 1 4 4 4 4 4 4 4 4 4 4 5 5 5 5 18 1 1 1 1 1 2 2 4 4 4 4 4 4 5 5 5 5 6
n34-m289 5219 15 18 15 1 4 4 4 4 4 4 4 4 4 4 5 5 5 5 18 1 1 1 1 1 2 2 4 4 4 4 4 5 5 5 5 5 5
n34-m289 5220 15 18 15 1 4 4 4 4 4 4 4 4 4 4 5 5 5 5 18 1 1 1 1 1 2 3 4 4 4 4 4 4 5 5 5 5 5
n34-m289 5221 15 18 15 1 4 4 4 4 4 4 4 4 4 4 5 5 5 5 18 1 1 1 1 2 2 2 4 4 4 4 4 4 5 5 5 5 5
n34-m289 5244 15 18 15 2 4 4 4 4 4 4 4 4 4 4 5 5 5 5 18 1 1 1 1 1 1 4 4 4 4 4 4 4 5 5 5 5 6
n34-m289 5245 15 18 15 2 4 4 4 4 4 4 4 4 4 4 5 5 5 5 18 1 1 1 1 1 1 4 4 4 4 4 4 5 5 5 5 5 5
n34-m289 5256 15 18 15 2 4 4 4 4 4 4 4 4 4 4 5 5 5 5 18 1 1 1 1 1 2 4 4 4 4 4 4 4 5 5 5 5 5
n34-m289 5262 15 18 15 2 4 4 4 4 4 4 4 4 4 4 5 5 5 5 18 1 1 1 2 2 2 2 4 4 4 4 4 4 5 5 5 5 5
n34-m289 5279 15 18 15 3 4 4 4 4 4 4 4 4 4 4 5 5 5 5 18 1 1 1 1 1 1 4 4 4 4 4 4 4 5 5 5 5 7
n34-m289 5280 15 18 15 3 4 4 4 4 4 4 4 4 4 4 5 5 5 5 18 1 1 1 1 1 1 4 4 4 4 4 4 4 5 5 5 6 6
n34-m289 5282 15 18 15 3 4 4 4 4 4 4 4 4 4 4 5 5 5 5 18 1 1 1 1 1 1 4 4 4 4 4 4 5 5 5 5 5 6
n34-m289 5283 15 18 15 3 4 4 4 4 4 4 4 4 4 4 5 5 5 5 18 1 1 1 1 1 1 4 4 4 4 4 5 5 5 5 5 5 5
n34-m289 5292 15 18 15 3 4 4 4 4 4 4 4 4 4 4 5 5 5 5 18 1 1 1 1 1 2 4 4 4 4 4 4 4 5 5 5 5 6
n34-m289 5293 15 18 15 3 4 4 4 4 4 4 4 4 4 4 5 5 5 5 18 1 1 1 1 1 2 4 4 4 4 4 4 5 5 5 5 5 5
n34-m289 5297 15 18 15 3 4 4 4 4 4 4 4 4 4 4 5 5 5 5 18 1 1 1 1 1 3 4 4 4 4 4 4 4 5 5 5 5 5
n34-m289 5301 15 18 15 3 4 4 4 4 4 4 4 4 4 4 5 5 5 5 18 1 1 1 1 2 2 4 4 4 4 4 4 4 5 5 5 5 5
n34-m289 5302 15 18 15 3 4 4 4 4 4 4 4 4 4 4 5 5 5 5 18 1 1 1 1 2 3 3 4 4 4 4 4 4 5 5 5 5 5
n34-m289 5303 15 18 15 3 4 4 4 4 4 4 4 4 4 4 5 5 5 5 18 1 1 1 2 2 2 3 4 4 4 4 4 4 5 5 5 5 5
n34-m289 5375 15 18 15 4 4 4 4 4 4 4 4 4 4 4 5 5 5 5 18 1 1 1 1 1 4 4 4 4 4 4 4 4 5 5 5 5 5
n34-m289 5401 15 18 15 2 2 3 3 3 3 3 3 3 3 5 5 5 5 5 18 1 1 1 1 1 1 1 2 3 3 3 3 5 5 5 5 5 5
n34-m289 5408 15 18 15 2 3 3 3 3 3 3 3 3 3 5 5 5 5 5 18 1 1 1 1 1 1 1 3 3 3 3 3 5 5 5 5 5 5
n34-m289 5432 15 18 15 2 2 3 3 3 3 3 3 3 4 5 5 5 5 5 18 1 1 1 1 1 1 1 2 3 3 4 4 4 5 5 5 5 5
n34-m289 5439 15 18 15 2 3 3 3 3 3 3 3 3 4 5 5 5 5 5 18 1 1 1 1 1 1 1 3 3 3 4 4 4 5 5 5 5 5
n34-m289 5469 15 18 15 2 3 3 3 3 3 3 3 4 4 5 5 5 5 5 18 1 1 1 1 1 1 1 3 3 3 4 4 5 5 5 5 5 5
n34-m289 5470 15 18 15 2 3 3 3 3 3 3 3 4 4 5 5 5 5 5 18 1 1 1 1 1 1 1 3 3 4 4 4 4 5 5 5 5 5
n34-m289 5494 15 18 15 2 2 2 3 3 3 3 4 4 4 5 5 5 5 5 18 1 1 1 1 1 1 1 2 3 4 4 4 4 5 5 5 5 5
n34-m289 5501 15 18 15 2 2 3 3 3 3 3 4 4 4 5 5 5 5 5 18 1 1 1 1 1 1 1 3 3 4 4 4 4 5 5 5 5 5
n34-m289 5507 15 18 15 1 3 3 3 3 3 3 4 4 4 5 5 5 5 5 18 1 1 1 1 1 1 1 3 3 4 4 4 4 5 5 5 5 5
n34-m289 5515 15 18 15 2 3 3 3 3 3 3 4 4 4 5 5 5 5 5 18 1 1 1 1 1 1 1 3 3 3 4 5 5 5 5 5 5 5
n34-m289 5517 15 18 15 2 3 3 3 3 3 3 4 4 4 5 5 5 5 5 18 1 1 1 1 1 1 1 3 3 4 4 4 4 5 5 5 5 6
n34-m289 5518 15 18 15 2 3 3 3 3 3 3 4 4 4 5 5 5 5 5 18 1 1 1 1 1 1 1 3 3 4 4 4 5 5 5 5 5 5
n34-m289 5519 15 18 15 2 3 3 3 3 3 3 4 4 4 5 5 5 5 5 18 1 1 1 1 1 1 1 3 4 4 4 4 4 5 5 5 5 5
n34-m289 5523 15 18 15 2 3 3 3 3 3 3 4 4 4 5 5 5 5 5 18 1 1 1 1 1 1 2 3 3 4 4 4 4 5 5 5 5 5
n34-m289 5565 15 18 15 3 3 3 3 3 3 3 4 4 4 5 5 5 5 5 18 1 1 1 1 1 1 3 3 3 4 4 4 4 5 5 5 5 5
n34-m289 5572 15 18 15 2 2 2 2 3 3 4 4 4 4 5 5 5 5 5 18 1 1 1 1 1 1 1 2 3 4 4 4 4 5 5 5 5 5
n34-m289 5573 15 18 15 1 2 2 3 3 3 4 4 4 4 5 5 5 5 5 18 1 1 1 1 1 1 1 2 3 4 4 4 4 5 5 5 5 5
n34-m289 5575 15 18 15 2 2 2 3 3 3 4 4 4 4 5 5 5 5 5 18 1 1 1 1 1 1 1 2 3 4 4 4 4 5 5 5 5 6
n34-m289 5576 15 18 15 2 2 2 3 3 3 4 4 4 4 5 5 5 5 5 18 1 1 1 1 1 1 1 2 3 4 4 4 5 5 5 5 5 5
n34-m289 5577 15 18 15 2 2 2 3 3 3 4 4 4 4 5 5 5 5 5 18 1 1 1 1 1 1 1 2 4 4 4 4 4 5 5 5 5 5
n34-m289 5578 15 18 15 2 2 2 3 3 3 4 4 4 4 5 5 5 5 5 18 1 1 1 1 1 1 1 3 3 4 4 4 4 5 5 5 5 5
n34-m289 5579 15 18 15 2 2 2 3 3 3 4 4 4 4 5 5 5 5 5 18 1 1 1 1 1 1 2 2 3 4 4 4 4 5 5 5 5 5
n34-m289 5580 15 18 15 1 2 3 3 3 3 4 4 4 4 5 5 5 5 5 18 1 1 1 1 1 1 1 3 3 4 4 4 4 5 5 5 5 5
n34-m289 5582 15 18 15 2 2 3 3 3 3 4 4 4 4 5 5 5 5 5 18 1 1 1 1 1 1 1 3 3 4 4 4 4 5 5 5 5 6
n34-m289 5583 15 18 15 2 2 3 3 3 3 4 4 4 4 5 5 5 5 5 18 1 1 1 1 1 1 1 3 3 4 4 4 5 5 5 5 5 5
n34-m289 5584 15 18 15 2 2 3 3 3 3 4 4 4 4 5 5 5 5 5 18 1 1 1 1 1 1 1 3 4 4 4 4 4 5 5 5 5 5
n34-m289 5585 15 18 15 2 2 3 3 3 3 4 4 4 4 5 5 5 5 5 18 1 1 1 1 1 1 2 3 3 4 4 4 4 5 5 5 5 5
n34-m289 5586 15 18 15 0 3 3 3 3 3 4 4 4 4 5 5 5 5 5 18 1 1 1 1 1 1 1 3 3 4 4 4 4 5 5 5 5 5
n34-m289 5588 15 18 15 1 3 3 3 3 3 4 4 4 4 5 5 5 5 5 18 1 1 1 1 1 1 1 3 3 4 4 4 4 5 5 5 5 6
n34-m289 5589 15 18 15 1 3 3 3 3 3 4 4 4 4 5 5 5 5 5 18 1 1 1 1 1 1 1 3 3 4 4 4 5 5 5 5 5 5
n34-m289 5590 15 18 15 1 3 3 3 3 3 4 4 4 4 5 5 5 5 5 18 1 1 1 1 1 1 1 3 4 4 4 4 4 5 5 5 5 5
n34-m289 5591 15 18 15 1 3 3 3 3 3 4 4 4 4 5 5 5 5 5 18 1 1 1 1 1 1 2 3 3 4 4 4 4 5 5 5 5 5
n34-m289 5604 15 18 15 2 3 3 3 3 3 4 4 4 4 5 5 5 5 5 18 1 1 1 1 1 1 2 3 3 4 4 4 4 5 5 5 5 6
n34-m289 5605 15 18 15 2 3 3 3 3 3 4 4 4 4 5 5 5 5 5 18 1 1 1 1 1 1 2 3 3 4 4 4 5 5 5 5 5 5
n34-m289 5606 15 18 15 2 3 3 3 3 3 4 4 4 4 5 5 5 5 5 18 1 1 1 1 1 1 2 3 4 4 4 4 4 5 5 5 5 5
n34-m289 5607 15 18 15 2 3 3 3 3 3 4 4 4 4 5 5 5 5 5 18 1 1 1 1 1 1 3 3 3 4 4 4 4 5 5 5 5 5
n34-m289 5608 15 18 15 2 3 3 3 3 3 4 4 4 4 5 5 5 5 5 18 1 1 1 1 1 2 2 3 3 4 4 4 4 5 5 5 5 5
n34-m289 5621 15 18 15 3 3 3 3 3 3 4 4 4 4 5 5 5 5 5 18 1 1 1 1 1 1 3 3 3 4 4 4 4 5 5 5 5 6
n34-m289 5622 15 18 15 3 3 3 3 3 3 4 4 4 4 5 5 5 5 5 18 1 1 1 1 1 1 3 3 3 4 4 4 5 5 5 5 5 5
n34-m289 5623 15 18 15 3 3 3 3 3 3 4 4 4 4 5 5 5 5 5 18 1 1 1 1 1 1 3 3 4 4 4 4 4 5 5 5 5 5
n34-m289 5628 15 18 15 3 3 3 3 3 3 4 4 4 4 5 5 5 5 5 18 1 1 1 1 1 2 3 3 3 4 4 4 4 5 5 5 5 5
n34-m289 5630 15 18 15 2 2 2 2 2 4 4 4 4 4 5 5 5 5 5 18 1 1 1 1 1 1 1 2 3 4 4 4 4 5 5 5 5 5
n34-m289 5631 15 18 15 1 2 2 2 3 4 4 4 4 4 5 5 5 5 5 18 1 1 1 1 1 1 1 2 3 4 4 4 4 5 5 5 5 5
n34-m289 5633 15 18 15 2 2 2 2 3 4 4 4 4 4 5 5 5 5 5 18 1 1 1 1 1 1 1 2 3 4 4 4 4 5 5 5 5 6
n34-m289 5634 15 18 15 2 2 2 2 3 4 4 4 4 4 5 5 5 5 5 18 1 1 1 1 1 1 1 2 3 4 4 4 5 5 5 5 5 5
n34-m289 5635 15 18 15 2 2 2 2 3 4 4 4 4 4 5 5 5 5 5 18 1 1 1 1 1 1 1 2 4 4 4 4 4 5 5 5 5 5
n34-m289 5636 15 18 15 2 2 2 2 3 4 4 4 4 4 5 5 5 5 5 18 1 1 1 1 1 1 1 3 3 4 4 4 4 5 5 5 5 5
n34-m289 5637 15 18 15 2 2 2 2 3 4 4 4 4 4 5 5 5 5 5 18 1 1 1 1 1 1 2 2 3 4 4 4 4 5 5 5 5 5
n34-m289 5644 15 18 15 1 2 2 3 3 4 4 4 4 4 5 5 5 5 5 18 1 1 1 1 1 1 1 3 3 4 4 4 4 5 5 5 5 5
n34-m289 5657 15 18 15 2 2 2 3 3 4 4 4 4 4 5 5 5 5 5 18 1 1 1 1 1 1 1 3 3 4 4 4 4 5 5 5 5 6
n34-m289 5658 15 18 15 2 2 2 3 3 4 4 4 4 4 5 5 5 5 5 18 1 1 1 1 1 1 1 3 3 4 4 4 5 5 5 5 5 5
n34-m289 5659 15 18 15 2 2 2 3 3 4 4 4 4 4 5 5 5 5 5 18 1 1 1 1 1 1 1 3 4 4 4 4 4 5 5 5 5 5
n34-m289 5664 15 18 15 2 2 2 3 3 4 4 4 4 4 5 5 5 5 5 18 1 1 1 1 1 1 2 3 3 4 4 4 4 5 5 5 5 5
n34-m289 5666 15 18 15 1 1 3 3 3 4 4 4 4 4 5 5 5 5 5 18 1 1 1 1 1 1 1 3 3 4 4 4 4 5 5 5 5 5
n34-m289 5667 15 18 15 0 2 3 3 3 4 4 4 4 4 5 5 5 5 5 18 1 1 1 1 1 1 1 3 3 4 4 4 4 5 5 5 5 5
n34-m289 5669 15 18 15 1 2 3 3 3 4 4 4 4 4 5 5 5 5 5 18 1 1 1 1 1 1 1 3 3 4 4 4 4 5 5 5 5 6
n34-m289 5670 15 18 15 1 2 3 3 3 4 4 4 4 4 5 5 5 5 5 18 1 1 1 1 1 1 1 3 3 4 4 4 5 5 5 5 5 5
n34-m289 5671 15 18 15 1 2 3 3 3 4 4 4 4 4 5 5 5 5 5 18 1 1 1 1 1 1 1 3 4 4 4 4 4 5 5 5 5 5
n34-m289 5672 15 18 15 1 2 3 3 3 4 4 4 4 4 5 5 5 5 5 18 1 1 1 1 1 1 2 3 3 4 4 4 4 5 5 5 5 5
n34-m289 5685 15 18 15 2 2 3 3 3 4 4 4 4 4 5 5 5 5 5 18 1 1 1 1 1 1 2 3 3 4 4 4 4 5 5 5 5 6
n34-m289 5686 15 18 15 2 2 3 3 3 4 4 4 4 4 5 5 5 5 5 18 1 1 1 1 1 1 2 3 3 4 4 4 5 5 5 5 5 5
n34-m289 5687 15 18 15 2 2 3 3 3 4 4 4 4 4 5 5 5 5 5 18 1 1 1 1 1 1 2 3 4 4 4 4 4 5 5 5 5 5
n34-m289 5688 15 18 15 2 2 3 3 3 4 4 4 4 4 5 5 5 5 5 18 1 1 1 1 1 1 3 3 3 4 4 4 4 5 5 5 5 5
n34-m289 5689 15 18 15 2 2 3 3 3 4 4 4 4 4 5 5 5 5 5 18 1 1 1 1 1 2 2 3 3 4 4 4 4 5 5 5 5 5
n34-m289 5690 15 18 15 0 3 3 3 3 4 4 4 4 4 5 5 5 5 5 18 1 1 1 1 1 1 1 3 3 4 4 4 4 5 5 5 5 5
n34-m289 5691 15 18 15 0 3 3 3 3 4 4 4 4 4 5 5 5 5 5 18 1 1 1 1 1 1 1 3 3 4 4 4 4 5 5 5 5 6
n34-m289 5692 15 18 15 0 3 3 3 3 4 4 4 4 4 5 5 5 5 5 18 1 1 1 1 1 1 1 3 3 4 4 4 5 5 5 5 5 5
n34-m289 5693 15 18 15 0 3 3 3 3 4 4 4 4 4 5 5 5 5 5 18 1 1 1 1 1 1 1 3 4 4 4 4 4 5 5 5 5 5
n34-m289 5694 15 18 15 0 3 3 3 3 4 4 4 4 4 5 5 5 5 5 18 1 1 1 1 1 1 2 3 3 4 4 4 4 5 5 5 5 5
n34-m289 5697 15 18 15 1 3 3 3 3 4 4 4 4 4 5 5 5 5 5 18 1 1 1 1 1 1 1 3 3 4 4 4 4 5 5 5 5 7
n34-m289 5698 15 18 15 1 3 3 3 3 4 4 4 4 4 5 5 5 5 5 18 1 1 1 1 1 1 1 3 3 4 4 4 4 5 5 5 6 6
n34-m289 5700 15 18 15 1 3 3 3 3 4 4 4 4 4 5 5 5 5 5 18 1 1 1 1 1 1 1 3 3 4 4 4 5 5 5 5 5 6
n34-m289 5701 15 18 15 1 3 3 3 3 4 4 4 4 4 5 5 5 5 5 18 1 1 1 1 1 1 1 3 3 4 4 5 5 5 5 5 5 5
n34-m289 5703 15 18 15 1 3 3 3 3 4 4 4 4 4 5 5 5 5 5 18 1 1 1 1 1 1 1 3 4 4 4 4 4 5 5 5 5 6
n34-m289 5704 15 18 15 1 3 3 3 3 4 4 4 4 4 5 5 5 5 5 18 1 1 1 1 1 1 1 3 4 4 4 4 5 5 5 5 5 5
n34-m289 5705 15 18 15 1 3 3 3 3 4 4 4 4 4 5 5 5 5 5 18 1 1 1 1 1 1 1 4 4 4 4 4 4 5 5 5 5 5
n34-m289 5707 15 18 15 1 3 3 3 3 4 4 4 4 4 5 5 5 5 5 18 1 1 1 1 1 1 2 3 3 4 4 4 4 5 5 5 5 6
n34-m289 5708 15 18 15 1 3 3 3 3 4 4 4 4 4 5 5 5 5 5 18 1 1 1 1 1 1 2 3 3 4 4 4 5 5 5 5 5 5
n34-m289 5709 15 18 15 1 3 3 3 3 4 4 4 4 4 5 5 5 5 5 18 1 1 1 1 1 1 2 3 4 4 4 4 4 5 5 5 5 5
n34-m289 5710 15 18 15 1 3 3 3 3 4 4 4 4 4 5 5 5 5 5 18 1 1 1 1 1 1 3 3 3 4 4 4 4 5 5 5 5 5
n34-m289 5711 15 18 15 1 3 3 3 3 4 4 4 4 4 5 5 5 5 5 18 1 1 1 1 1 2 2 3 3 4 4 4 4 5 5 5 5 5
n34-m289 5714 15 18 15 2 3 3 3 3 4 4 4 4 4 5 5 5 5 5 18 1 1 1 1 1 1 2 3 3 4 4 4 4 5 5 5 5 7
n34-m289 5715 15 18 15 2 3 3 3 3 4 4 4 4 4 5 5 5 5 5 18 1 1 1 1 1 1 2 3 3 4 4 4 4 5 5 5 6 6
n34-m289 5717 15 18 15 2 3 3 3 3 4 4 4 4 4 5 5 5 5 5 18 1 1 1 1 1 1 2 3 3 4 4 4 5 5 5 5 5 6
n34-m289 5718 15 18 15 2 3 3 3 3 4 4 4 4 4 5 5 5 5 5 18 1 1 1 1 1 1 2 3 3 4 4 5 5 5 5 5 5 5
n34-m289 5720 15 18 15 2 3 3 3 3 4 4 4 4 4 5 5 5 5 5 18 1 1 1 1 1 1 2 3 4 4 4 4 4 5 5 5 5 6
n34-m289 5721 15 18 15 2 3 3 3 3 4 4 4 4 4 5 5 5 5 5 18 1 1 1 1 1 1 2 3 4 4 4 4 5 5 5 5 5 5
n34-m289 5722 15 18 15 2 3 3 3 3 4 4 4 4 4 5 5 5 5 5 18 1 1 1 1 1 1 2 4 4 4 4 4 4 5 5 5 5 5
n34-m289 5724 15 18 15 2 3 3 3 3 4 4 4 4 4 5 5 5 5 5 18 1 1 1 1 1 1 3 3 3 4 4 4 4 5 5 5 5 6
n34-m289 5725 15 18 15 2 3 3 3 3 4 4 4 4 4 5 5 5 5 5 18 1 1 1 1 1 1 3 3 3 4 4 4 5 5 5 5 5 5
n34-m289 5726 15 18 15 2 3 3 3 3 4 4 4 4 4 5 5 5 5 5 18 1 1 1 1 1 1 3 3 4 4 4 4 4 5 5 5 5 5
n34-m289 5728 15 18 15 2 3 3 3 3 4 4 4 4 4 5 5 5 5 5 18 1 1 1 1 1 2 2 3 3 4 4 4 4 5 5 5 5 6
n34-m289 5729 15 18 15 2 3 3 3 3 4 4 4 4 4 5 5 5 5 5 18 1 1 1 1 1 2 2 3 3 4 4 4 5 5 5 5 5 5
n34-m289 5730 15 18 15 2 3 3 3 3 4 4 4 4 4 5 5 5 5 5 18 1 1 1 1 1 2 2 3 4 4 4 4 4 5 5 5 5 5
n34-m289 5731 15 18 15 2 3 3 3 3 4 4 4 4 4 5 5 5 5 5 18 1 1 1 1 1 2 3 3 3 4 4 4 4 5 5 5 5 5
n34-m289 5732 15 18 15 2 3 3 3 3 4 4 4 4 4 5 5 5 5 5 18 1 1 1 1 2 2 2 3 3 4 4 4 4 5 5 5 5 5
n34-m289 5759 15 18 15 3 3 3 3 3 4 4 4 4 4 5 5 5 5 5 18 1 1 1 1 1 1 3 3 3 4 4 4 4 5 5 5 5 7
n34-m289 5760 15 18 15 3 3 3 3 3 4 4 4 4 4 5 5 5 5 5 18 1 1 1 1 1 1 3 3 3 4 4 4 4 5 5 5 6 6
n34-m289 5762 15 18 15 3 3 3 3 3 4 4 4 4 4 5 5 5 5 5 18 1 1 1 1 1 1 3 3 3 4 4 4 5 5 5 5 5 6
n34-m289 5763 15 18 15 3 3 3 3 3 4 4 4 4 4 5 5 5 5 5 18 1 1 1 1 1 1 3 3 3 4 4 5 5 5 5 5 5 5
n34-m289 5765 15 18 15 3 3 3 3 3 4 4 4 4 4 5 5 5 5 5 18 1 1 1 1 1 1 3 3 4 4 4 4 4 5 5 5 5 6
n34-m289 5766 15 18 15 3 3 3 3 3 4 4 4 4 4 5 5 5 5 5 18 1 1 1 1 1 1 3 3 4 4 4 4 5 5 5 5 5 5
n34-m289 5767 15 18 15 3 3 3 3 3 4 4 4 4 4 5 5 5 5 5 18 1 1 1 1 1 1 3 4 4 4 4 4 4 5 5 5 5 5
n34-m289 5780 15 18 15 3 3 3 3 3 4 4 4 4 4 5 5 5 5 5 18 1 1 1 1 1 2 3 3 3 4 4 4 4 5 5 5 5 6
n34-m289 5781 15 18 15 3 3 3 3 3 4 4 4 4 4 5 5 5 5 5 18 1 1 1 1 1 2 3 3 3 4 4 4 5 5 5 5 5 5
n34-m289 5782 15 18 15 3 3 3 3 3 4 4 4 4 4 5 5 5 5 5 18 1 1 1 1 1 2 3 3 4 4 4 4 4 5 5 5 5 5
n34-m289 5783 15 18 15 3 3 3 3 3 4 4 4 4 4 5 5 5 5 5 18 1 1 1 1 1 3 3 3 3 4 4 4 4 5 5 5 5 5
n34-m289 5788 15 18 15 3 3 3 3 3 4 4 4 4 4 5 5 5 5 5 18 1 1 1 1 2 2 3 3 3 4 4 4 4 5 5 5 5 5
n34-m289 5790 15 18 15 1 2 2 2 4 4 4 4 4 4 5 5 5 5 5 18 1 1 1 1 1 1 1 2 4 4 4 4 4 5 5 5 5 5
n34-m289 5792 15 18 15 2 2 2 2 4 4 4 4 4 4 5 5 5 5 5 18 1 1 1 1 1 1 1 2 4 4 4 4 4 5 5 5 5 6
n34-m289 5793 15 18 15 2 2 2 2 4 4 4 4 4 4 5 5 5 5 5 18 1 1 1 1 1 1 1 2 4 4 4 4 5 5 5 5 5 5
n34-m289 5794 15 18 15 2 2 2 2 4 4 4 4 4 4 5 5 5 5 5 18 1 1 1 1 1 1 1 3 4 4 4 4 4 5 5 5 5 5
n34-m289 5795 15 18 15 2 2 2 2 4 4 4 4 4 4 5 5 5 5 5 18 1 1 1 1 1 1 2 2 4 4 4 4 4 5 5 5 5 5
n34-m289 5796 15 18 15 1 2 2 3 4 4 4 4 4 4 5 5 5 5 5 18 1 1 1 1 1 1 1 3 4 4 4 4 4 5 5 5 5 5
n34-m289 5801 15 18 15 2 2 2 3 4 4 4 4 4 4 5 5 5 5 5 18 1 1 1 1 1 1 2 3 4 4 4 4 4 5 5 5 5 5
n34-m289 5802 15 18 15 1 1 3 3 4 4 4 4 4 4 5 5 5 5 5 18 1 1 1 1 1 1 1 3 4 4 4 4 4 5 5 5 5 5
n34-m289 5803 15 18 15 0 2 3 3 4 4 4 4 4 4 5 5 5 5 5 18 1 1 1 1 1 1 1 3 4 4 4 4 4 5 5 5 5 5
n34-m289 5805 15 18 15 1 2 3 3 4 4 4 4 4 4 5 5 5 5 5 18 1 1 1 1 1 1 1 3 4 4 4 4 4 5 5 5 5 6
n34-m289 5806 15 18 15 1 2 3 3 4 4 4 4 4 4 5 5 5 5 5 18 1 1 1 1 1 1 1 3 4 4 4 4 5 5 5 5 5 5
n34-m289 5807 15 18 15 1 2 3 3 4 4 4 4 4 4 5 5 5 5 5 18 1 1 1 1 1 1 1 4 4 4 4 4 4 5 5 5 5 5
n34-m289 5808 15 18 15 1 2 3 3 4 4 4 4 4 4 5 5 5 5 5 18 1 1 1 1 1 1 2 3 4 4 4 4 4 5 5 5 5 5
n34-m289 5810 15 18 15 2 2 3 3 4 4 4 4 4 4 5 5 5 5 5 18 1 1 1 1 1 1 2 3 4 4 4 4 4 5 5 5 5 6
n34-m289 5811 15 18 15 2 2 3 3 4 4 4 4 4 4 5 5 5 5 5 18 1 1 1 1 1 1 2 3 4 4 4 4 5 5 5 5 5 5
n34-m289 5812 15 18 15 2 2 3 3 4 4 4 4 4 4 5 5 5 5 5 18 1 1 1 1 1 1 2 4 4 4 4 4 4 5 5 5 5 5
n34-m289 5813 15 18 15 2 2 3 3 4 4 4 4 4 4 5 5 5 5 5 18 1 1 1 1 1 1 3 3 4 4 4 4 4 5 5 5 5 5
n34-m289 5814 15 18 15 2 2 3 3 4 4 4 4 4 4 5 5 5 5 5 18 1 1 1 1 1 2 2 3 4 4 4 4 4 5 5 5 5 5
n34-m289 5819 15 18 15 0 3 3 3 4 4 4 4 4 4 5 5 5 5 5 18 1 1 1 1 1 1 2 3 4 4 4 4 4 5 5 5 5 5
n34-m289 5831 15 18 15 1 3 3 3 4 4 4 4 4 4 5 5 5 5 5 18 1 1 1 1 1 1 2 3 4 4 4 4 4 5 5 5 5 6
n34-m289 5832 15 18 15 1 3 3 3 4 4 4 4 4 4 5 5 5 5 5 18 1 1 1 1 1 1 2 3 4 4 4 4 5 5 5 5 5 5
n34-m289 5833 15 18 15 1 3 3 3 4 4 4 4 4 4 5 5 5 5 5 18 1 1 1 1 1 1 2 4 4 4 4 4 4 5 5 5 5 5
n34-m289 5834 15 18 15 1 3 3 3 4 4 4 4 4 4 5 5 5 5 5 18 1 1 1 1 1 1 3 3 4 4 4 4 4 5 5 5 5 5
n34-m289 5835 15 18 15 1 3 3 3 4 4 4 4 4 4 5 5 5 5 5 18 1 1 1 1 1 2 2 3 4 4 4 4 4 5 5 5 5 5
n34-m289 5838 15 18 15 2 3 3 3 4 4 4 4 4 4 5 5 5 5 5 18 1 1 1 1 1 1 2 3 4 4 4 4 4 5 5 5 5 7
n34-m289 5839 15 18 15 2 3 3 3 4 4 4 4 4 4 5 5 5 5 5 18 1 1 1 1 1 1 2 3 4 4 4 4 4 5 5 5 6 6
n34-m289 5841 15 18 15 2 3 3 3 4 4 4 4 4 4 5 5 5 5 5 18 1 1 1 1 1 1 2 3 4 4 4 4 5 5 5 5 5 6
n34-m289 5842 15 18 15 2 3 3 3 4 4 4 4 4 4 5 5 5 5 5 18 1 1 1 1 1 1 2 3 4 4 4 5 5 5 5 5 5 5
n34-m289 5844 15 18 15 2 3 3 3 4 4 4 4 4 4 5 5 5 5 5 18 1 1 1 1 1 1 2 4 4 4 4 4 4 5 5 5 5 6
n34-m289 5845 15 18 15 2 3 3 3 4 4 4 4 4 4 5 5 5 5 5 18 1 1 1 1 1 1 2 4 4 4 4 4 5 5 5 5 5 5
n34-m289 5847 15 18 15 2 3 3 3 4 4 4 4 4 4 5 5 5 5 5 18 1 1 1 1 1 1 3 3 4 4 4 4 4 5 5 5 5 6
n34-m289 5848 15 18 15 2 3 3 3 4 4 4 4 4 4 5 5 5 5 5 18 1 1 1 1 1 1 3 3 4 4 4 4 5 5 5 5 5 5
n34-m289 5849 15 18 15 2 3 3 3 4 4 4 4 4 4 5 5 5 5 5 18 1 1 1 1 1 1 3 4 4 4 4 4 4 5 5 5 5 5
n34-m289 5851 15 18 15 2 3 3 3 4 4 4 4 4 4 5 5 5 5 5 18 1 1 1 1 1 2 2 3 4 4 4 4 4 5 5 5 5 6
n34-m289 5852 15 18 15 2 3 3 3 4 4 4 4 4 4 5 5 5 5 5 18 1 1 1 1 1 2 2 3 4 4 4 4 5 5 5 5 5 5
n34-m289 5853 15 18 15 2 3 3 3 4 4 4 4 4 4 5 5 5 5 5 18 1 1 1 1 1 2 2 4 4 4 4 4 4 5 5 5 5 5
n34-m289 5854 15 18 15 2 3 3 3 4 4 4 4 4 4 5 5 5 5 5 18 1 1 1 1 1 2 3 3 4 4 4 4 4 5 5 5 5 5
n34-m289 5855 15 18 15 2 3 3 3 4 4 4 4 4 4 5 5 5 5 5 18 1 1 1 1 2 2 2 3 4 4 4 4 4 5 5 5 5 5
n34-m289 5879 15 18 15 3 3 3 3 4 4 4 4 4 4 5 5 5 5 5 18 1 1 1 1 1 1 3 3 4 4 4 4 4 5 5 5 5 7
n34-m289 5880 15 18 15 3 3 3 3 4 4 4 4 4 4 5 5 5 5 5 18 1 1 1 1 1 1 3 3 4 4 4 4 4 5 5 5 6 6
n34-m289 5882 15 18 15 3 3 3 3 4 4 4 4 4 4 5 5 5 5 5 18 1 1 1 1 1 1 3 3 4 4 4 4 5 5 5 5 5 6
n34-m289 5883 15 18 15 3 3 3 3 4 4 4 4 4 4 5 5 5 5 5 18 1 1 1 1 1 1 3 3 4 4 4 5 5 5 5 5 5 5
n34-m289 5885 15 18 15 3 3 3 3 4 4 4 4 4 4 5 5 5 5 5 18 1 1 1 1 1 1 3 4 4 4 4 4 4 5 5 5 5 6
n34-m289 5886 15 18 15 3 3 3 3 4 4 4 4 4 4 5 5 5 5 5 18 1 1 1 1 1 1 3 4 4 4 4 4 5 5 5 5 5 5
n34-m289 5887 15 18 15 3 3 3 3 4 4 4 4 4 4 5 5 5 5 5 18 1 1 1 1 1 1 4 4 4 4 4 4 4 5 5 5 5 5
n34-m289 5899 15 18 15 3 3 3 3 4 4 4 4 4 4 5 5 5 5 5 18 1 1 1 1 1 2 3 3 4 4 4 4 4 5 5 5 5 6
n34-m289 5900 15 18 15 3 3 3 3 4 4 4 4 4 4 5 5 5 5 5 18 1 1 1 1 1 2 3 3 4 4 4 4 5 5 5 5 5 5
n34-m289 5901 15 18 15 3 3 3 3 4 4 4 4 4 4 5 5 5 5 5 18 1 1 1 1 1 2 3 4 4 4 4 4 4 5 5 5 5 5
n34-m289 5902 15 18 15 3 3 3 3 4 4 4 4 4 4 5 5 5 5 5 18 1 1 1 1 1 3 3 3 4 4 4 4 4 5 5 5 5 5
n34-m289 5907 15 18 15 3 3 3 3 4 4 4 4 4 4 5 5 5 5 5 18 1 1 1 1 2 2 3 3 4 4 4 4 4 5 5 5 5 5
n34-m289 5909 15 18 15 1 1 2 4 4 4 4 4 4 4 5 5 5 5 5 18 1 1 1 1 1 1 1 3 4 4 4 4 4 5 5 5 5 5
n34-m289 5910 15 18 15 0 2 2 4 4 4 4 4 4 4 5 5 5 5 5 18 1 1 1 1 1 1 1 3 4 4 4 4 4 5 5 5 5 5
n34-m289 5912 15 18 15 1 2 2 4 4 4 4 4 4 4 5 5 5 5 5 18 1 1 1 1 1 1 1 3 4 4 4 4 4 5 5 5 5 6
n34-m289 5913 15 18 15 1 2 2 4 4 4 4 4 4 4 5 5 5 5 5 18 1 1 1 1 1 1 1 3 4 4 4 4 5 5 5 5 5 5
n34-m289 5914 15 18 15 1 2 2 4 4 4 4 4 4 4 5 5 5 5 5 18 1 1 1 1 1 1 1 4 4 4 4 4 4 5 5 5 5 5
n34-m289 5915 15 18 15 1 2 2 4 4 4 4 4 4 4 5 5 5 5 5 18 1 1 1 1 1 1 2 3 4 4 4 4 4 5 5 5 5 5
n34-m289 5917 15 18 15 2 2 2 4 4 4 4 4 4 4 5 5 5 5 5 18 1 1 1 1 1 1 2 3 4 4 4 4 4 5 5 5 5 6
n34-m289 5918 15 18 15 2 2 2 4 4 4 4 4 4 4 5 5 5 5 5 18 1 1 1 1 1 1 2 3 4 4 4 4 5 5 5 5 5 5
n34-m289 5919 15 18 15 2 2 2 4 4 4 4 4 4 4 5 5 5 5 5 18 1 1 1 1 1 1 2 4 4 4 4 4 4 5 5 5 5 5
n34-m289 5920 15 18 15 2 2 2 4 4 4 4 4 4 4 5 5 5 5 5 18 1 1 1 1 1 1 3 3 4 4 4 4 4 5 5 5 5 5
n34-m289 5921 15 18 15 2 2 2 4 4 4 4 4 4 4 5 5 5 5 5 18 1 1 1 1 1 2 2 3 4 4 4 4 4 5 5 5 5 5
n34-m289 5922 15 18 15 0 1 3 4 4 4 4 4 4 4 5 5 5 5 5 18 1 1 1 1 1 1 1 3 4 4 4 4 4 5 5 5 5 5
n34-m289 5924 15 18 15 1 1 3 4 4 4 4 4 4 4 5 5 5 5 5 18 1 1 1 1 1 1 1 3 4 4 4 4 4 5 5 5 5 6
n34-m289 5925 15 18 15 1 1 3 4 4 4 4 4 4 4 5 5 5 5 5 18 1 1 1 1 1 1 1 3 4 4 4 4 5 5 5 5 5 5
n34-m289 5926 15 18 15 1 1 3 4 4 4 4 4 4 4 5 5 5 5 5 18 1 1 1 1 1 1 1 4 4 4 4 4 4 5 5 5 5 5
n34-m289 5927 15 18 15 1 1 3 4 4 4 4 4 4 4 5 5 5 5 5 18 1 1 1 1 1 1 2 3 4 4 4 4 4 5 5 5 5 5
n34-m289 5932 15 18 15 0 2 3 4 4 4 4 4 4 4 5 5 5 5 5 18 1 1 1 1 1 1 2 3 4 4 4 4 4 5 5 5 5 5
n34-m289 5944 15 18 15 1 2 3 4 4 4 4 4 4 4 5 5 5 5 5 18 1 1 1 1 1 1 2 3 4 4 4 4 4 5 5 5 5 6
n34-m289 5945 15 18 15 1 2 3 4 4 4 4 4 4 4 5 5 5 5 5 18 1 1 1 1 1 1 2 3 4 4 4 4 5 5 5 5 5 5
n34-m289 5946 15 18 15 1 2 3 4 4 4 4 4 4 4 5 5 5 5 5 18 1 1 1 1 1 1 2 4 4 4 4 4 4 5 5 5 5 5
n34-m289 5947 15 18 15 1 2 3 4 4 4 4 4 4 4 5 5 5 5 5 18 1 1 1 1 1 1 3 3 4 4 4 4 4 5 5 5 5 5
n34-m289 5948 15 18 15 1 2 3 4 4 4 4 4 4 4 5 5 5 5 5 18 1 1 1 1 1 2 2 3 4 4 4 4 4 5 5 5 5 5
n34-m289 5951 15 18 15 2 2 3 4 4 4 4 4 4 4 5 5 5 5 5 18 1 1 1 1 1 1 2 3 4 4 4 4 4 5 5 5 5 7
n34-m289 5952 15 18 15 2 2 3 4 4 4 4 4 4 4 5 5 5 5 5 18 1 1 1 1 1 1 2 3 4 4 4 4 4 5 5 5 6 6
n34-m289 5954 15 18 15 2 2 3 4 4 4 4 4 4 4 5 5 5 5 5 18 1 1 1 1 1 1 2 3 4 4 4 4 5 5 5 5 5 6
n34-m289 5955 15 18 15 2 2 3 4 4 4 4 4 4 4 5 5 5 5 5 18 1 1 1 1 1 1 2 3 4 4 4 5 5 5 5 5 5 5
n34-m289 5957 15 18 15 2 2 3 4 4 4 4 4 4 4 5 5 5 5 5 18 1 1 1 1 1 1 2 4 4 4 4 4 4 5 5 5 5 6
n34-m289 5958 15 18 15 2 2 3 4 4 4 4 4 4 4 5 5 5 5 5 18 1 1 1 1 1 1 2 4 4 4 4 4 5 5 5 5 5 5
n34-m289 5960 15 18 15 2 2 3 4 4 4 4 4 4 4 5 5 5 5 5 18 1 1 1 1 1 1 3 3 4 4 4 4 4 5 5 5 5 6
n34-m289 5961 15 18 15 2 2 3 4 4 4 4 4 4 4 5 5 5 5 5 18 1 1 1 1 1 1 3 3 4 4 4 4 5 5 5 5 5 5
n34-m289 5962 15 18 15 2 2 3 4 4 4 4 4 4 4 5 5 5 5 5 18 1 1 1 1 1 1 3 4 4 4 4 4 4 5 5 5 5 5
n34-m289 5964 15 18 15 2 2 3 4 4 4 4 4 4 4 5 5 5 5 5 18 1 1 1 1 1 2 2 3 4 4 4 4 4 5 5 5 5 6
n34-m289 5965 15 18 15 2 2 3 4 4 4 4 4 4 4 5 5 5 5 5 18 1 1 1 1 1 2 2 3 4 4 4 4 5 5 5 5 5 5
n34-m289 5966 15 18 15 2 2 3 4 4 4 4 4 4 4 5 5 5 5 5 18 1 1 1 1 1 2 2 4 4 4 4 4 4 5 5 5 5 5
n34-m289 5967 15 18 15 2 2 3 4 4 4 4 4 4 4 5 5 5 5 5 18 1 1 1 1 1 2 3 3 4 4 4 4 4 5 5 5 5 5
n34-m289 5968 15 18 15 2 2 3 4 4 4 4 4 4 4 5 5 5 5 5 18 1 1 1 1 2 2 2 3 4 4 4 4 4 5 5 5 5 5
n34-m289 5969 15 18 15 0 3 3 4 4 4 4 4 4 4 5 5 5 5 5 18 1 1 1 1 1 1 2 3 4 4 4 4 4 5 5 5 5 5
n34-m289 5970 15 18 15 0 3 3 4 4 4 4 4 4 4 5 5 5 5 5 18 1 1 1 1 1 1 2 3 4 4 4 4 4 5 5 5 5 6
n34-m289 5971 15 18 15 0 3 3 4 4 4 4 4 4 4 5 5 5 5 5 18 1 1 1 1 1 1 2 3 4 4 4 4 5 5 5 5 5 5
n34-m289 5972 15 18 15 0 3 3 4 4 4 4 4 4 4 5 5 5 5 5 18 1 1 1 1 1 1 2 4 4 4 4 4 4 5 5 5 5 5
n34-m289 5973 15 18 15 0 3 3 4 4 4 4 4 4 4 5 5 5 5 5 18 1 1 1 1 1 1 3 3 4 4 4 4 4 5 5 5 5 5
n34-m289 5974 15 18 15 0 3 3 4 4 4 4 4 4 4 5 5 5 5 5 18 1 1 1 1 1 2 2 3 4 4 4 4 4 5 5 5 5 5
n34-m289 5977 15 18 15 1 3 3 4 4 4 4 4 4 4 5 5 5 5 5 18 1 1 1 1 1 1 2 3 4 4 4 4 4 5 5 5 5 7
n34-m289 5978 15 18 15 1 3 3 4 4 4 4 4 4 4 5 5 5 5 5 18 1 1 1 1 1 1 2 3 4 4 4 4 4 5 5 5 6 6
n34-m289 5980 15 18 15 1 3 3 4 4 4 4 4 4 4 5 5 5 5 5 18 1 1 1 1 1 1 2 3 4 4 4 4 5 5 5 5 5 6
n34-m289 5981 15 18 15 1 3 3 4 4 4 4 4 4 4 5 5 5 5 5 18 1 1 1 1 1 1 2 3 4 4 4 5 5 5 5 5 5 5
n34-m289 5983 15 18 15 1 3 3 4 4 4 4 4 4 4 5 5 5 5 5 18 1 1 1 1 1 1 2 4 4 4 4 4 4 5 5 5 5 6
n34-m289 5984 15 18 15 1 3 3 4 4 4 4 4 4 4 5 5 5 5 5 18 1 1 1 1 1 1 2 4 4 4 4 4 5 5 5 5 5 5
n34-m289 5986 15 18 15 1 3 3 4 4 4 4 4 4 4 5 5 5 5 5 18 1 1 1 1 1 1 3 3 4 4 4 4 4 5 5 5 5 6
n34-m289 5987 15 18 15 1 3 3 4 4 4 4 4 4 4 5 5 5 5 5 18 1 1 1 1 1 1 3 3 4 4 4 4 5 5 5 5 5 5
n34-m289 5988 15 18 15 1 3 3 4 4 4 4 4 4 4 5 5 5 5 5 18 1 1 1 1 1 1 3 4 4 4 4 4 4 5 5 5 5 5
n34-m289 5990 15 18 15 1 3 3 4 4 4 4 4 4 4 5 5 5 5 5 18 1 1 1 1 1 2 2 3 4 4 4 4 4 5 5 5 5 6
n34-m289 5991 15 18 15 1 3 3 4 4 4 4 4 4 4 5 5 5 5 5 18 1 1 1 1 1 2 2 3 4 4 4 4 5 5 5 5 5 5
n34-m289 5992 15 18 15 1 3 3 4 4 4 4 4 4 4 5 5 5 5 5 18 1 1 1 1 1 2 2 4 4 4 4 4 4 5 5 5 5 5
n34-m289 5993 15 18 15 1 3 3 4 4 4 4 4 4 4 5 5 5 5 5 18 1 1 1 1 1 2 3 3 4 4 4 4 4 5 5 5 5 5
n34-m289 5994 15 18 15 1 3 3 4 4 4 4 4 4 4 5 5 5 5 5 18 1 1 1 1 2 2 2 3 4 4 4 4 4 5 5 5 5 5
n34-m289 5998 15 18 15 2 3 3 4 4 4 4 4 4 4 5 5 5 5 5 18 1 1 1 1 1 1 2 3 4 4 4 4 4 5 5 5 5 8
n34-m289 6000 15 18 15 2 3 3 4 4 4 4 4 4 4 5 5 5 5 5 18 1 1 1 1 1 1 2 3 4 4 4 4 4 5 5 5 6 7
n34-m289 6001 15 18 15 2 3 3 4 4 4 4 4 4 4 5 5 5 5 5 18 1 1 1 1 1 1 2 3 4 4 4 4 4 5 5 6 6 6
n34-m289 6004 15 18 15 2 3 3 4 4 4 4 4 4 4 5 5 5 5 5 18 1 1 1 1 1 1 2 3 4 4 4 4 5 5 5 5 5 7
n34-m289 6005 15 18 15 2 3 3 4 4 4 4 4 4 4 5 5 5 5 5 18 1 1 1 1 1 1 2 3 4 4 4 4 5 5 5 5 6 6
n34-m289 6007 15 18 15 2 3 3 4 4 4 4 4 4 4 5 5 5 5 5 18 1 1 1 1 1 1 2 3 4 4 4 5 5 5 5 5 5 6
n34-m289 6008 15 18 15 2 3 3 4 4 4 4 4 4 4 5 5 5 5 5 18 1 1 1 1 1 1 2 3 4 4 5 5 5 5 5 5 5 5
n34-m289 6011 15 18 15 2 3 3 4 4 4 4 4 4 4 5 5 5 5 5 18 1 1 1 1 1 1 2 4 4 4 4 4 4 5 5 5 5 7
n34-m289 6012 15 18 15 2 3 3 4 4 4 4 4 4 4 5 5 5 5 5 18 1 1 1 1 1 1 2 4 4 4 4 4 4 5 5 5 6 6
n34-m289 6014 15 18 15 2 3 3 4 4 4 4 4 4 4 5 5 5 5 5 18 1 1 1 1 1 1 2 4 4 4 4 4 5 5 5 5 5 6
n34-m289 6015 15 18 15 2 3 3 4 4 4 4 4 4 4 5 5 5 5 5 18 1 1 1 1 1 1 2 4 4 4 4 5 5 5 5 5 5 5
n34-m289 6018 15 18 15 2 3 3 4 4 4 4 4 4 4 5 5 5 5 5 18 1 1 1 1 1 1 3 3 4 4 4 4 4 5 5 5 5 7
n34-m289 6019 15 18 15 2 3 3 4 4 4 4 4 4 4 5 5 5 5 5 18 1 1 1 1 1 1 3 3 4 4 4 4 4 5 5 5 6 6
n34-m289 6021 15 18 15 2 3 3 4 4 4 4 4 4 4 5 5 5 5 5 18 1 1 1 1 1 1 3 3 4 4 4 4 5 5 5 5 5 6
n34-m289 6022 15 18 15 2 3 3 4 4 4 4 4 4 4 5 5 5 5 5 18 1 1 1 1 1 1 3 3 4 4 4 5 5 5 5 5 5 5
n34-m289 6024 15 18 15 2 3 3 4 4 4 4 4 4 4 5 5 5 5 5 18 1 1 1 1 1 1 3 4 4 4 4 4 4 5 5 5 5 6
n34-m289 6025 15 18 15 2 3 3 4 4 4 4 4 4 4 5 5 5 5 5 18 1 1 1 1 1 1 3 4 4 4 4 4 5 5 5 5 5 5
n34-m289 6026 15 18 15 2 3 3 4 4 4 4 4 4 4 5 5 5 5 5 18 1 1 1 1 1 1 4 4 4 4 4 4 4 5 5 5 5 5
n34-m289 6029 15 18 15 2 3 3 4 4 4 4 4 4 4 5 5 5 5 5 18 1 1 1 1 1 2 2 3 4 4 4 4 4 5 5 5 5 7
n34-m289 6030 15 18 15 2 3 3 4 4 4 4 4 4 4 5 5 5 5 5 18 1 1 1 1 1 2 2 3 4 4 4 4 4 5 5 5 6 6
n34-m289 6032 15 18 15 2 3 3 4 4 4 4 4 4 4 5 5 5 5 5 18 1 1 1 1 1 2 2 3 4 4 4 4 5 5 5 5 5 6
n34-m289 6033 15 18 15 2 3 3 4 4 4 4 4 4 4 5 5 5 5 5 18 1 1 1 1 1 2 2 3 4 4 4 5 5 5 5 5 5 5
n34-m289 6035 15 18 15 2 3 3 4 4 4 4 4 4 4 5 5 5 5 5 18 1 1 1 1 1 2 2 4 4 4 4 4 4 5 5 5 5 6
n34-m289 6036 15 18 15 2 3 3 4 4 4 4 4 4 4 5 5 5 5 5 18 1 1 1 1 1 2 2 4 4 4 4 4 5 5 5 5 5 5
n34-m289 6038 15 18 15 2 3 3 4 4 4 4 4 4 4 5 5 5 5 5 18 1 1 1 1 1 2 3 3 4 4 4 4 4 5 5 5 5 6
n34-m289 6039 15 18 15 2 3 3 4 4 4 4 4 4 4 5 5 5 5 5 18 1 1 1 1 1 2 3 3 4 4 4 4 5 5 5 5 5 5
n34-m289 6040 15 18 15 2 3 3 4 4 4 4 4 4 4 5 5 5 5 5 18 1 1 1 1 1 2 3 4 4 4 4 4 4 5 5 5 5 5
n34-m289 6041 15 18 15 2 3 3 4 4 4 4 4 4 4 5 5 5 5 5 18 1 1 1 1 1 3 3 3 4 4 4 4 4 5 5 5 5 5
n34-m289 6043 15 18 15 2 3 3 4 4 4 4 4 4 4 5 5 5 5 5 18 1 1 1 1 2 2 2 3 4 4 4 4 4 5 5 5 5 6
n34-m289 6044 15 18 15 2 3 3 4 4 4 4 4 4 4 5 5 5 5 5 18 1 1 1 1 2 2 2 3 4 4 4 4 5 5 5 5 5 5
n34-m289 6045 15 18 15 2 3 3 4 4 4 4 4 4 4 5 5 5 5 5 18 1 1 1 1 2 2 2 4 4 4 4 4 4 5 5 5 5 5
n34-m289 6046 15 18 15 2 3 3 4 4 4 4 4 4 4 5 5 5 5 5 18 1 1 1 1 2 2 3 3 4 4 4 4 4 5 5 5 5 5
n34-m289 6047 15 18 15 2 3 3 4 4 4 4 4 4 4 5 5 5 5 5 18 1 1 1 2 2 2 2 3 4 4 4 4 4 5 5 5 5 5
n34-m289 6051 15 18 15 3 3 3 4 4 4 4 4 4 4 5 5 5 5 5 18 1 1 1 1 1 1 3 3 4 4 4 4 4 5 5 5 5 8
n34-m289 6053 15 18 15 3 3 3 4 4 4 4 4 4 4 5 5 5 5 5 18 1 1 1 1 1 1 3 3 4 4 4 4 4 5 5 5 6 7
n34-m289 6054 15 18 15 3 3 3 4 4 4 4 4 4 4 5 5 5 5 5 18 1 1 1 1 1 1 3 3 4 4 4 4 4 5 5 6 6 6
n34-m289 6057 15 18 15 3 3 3 4 4 4 4 4 4 4 5 5 5 5 5 18 1 1 1 1 1 1 3 3 4 4 4 4 5 5 5 5 5 7
n34-m289 6058 15 18 15 3 3 3 4 4 4 4 4 4 4 5 5 5 5 5 18 1 1 1 1 1 1 3 3 4 4 4 4 5 5 5 5 6 6
n34-m289 6060 15 18 15 3 3 3 4 4 4 4 4 4 4 5 5 5 5 5 18 1 1 1 1 1 1 3 3 4 4 4 5 5 5 5 5 5 6
n34-m289 6061 15 18 15 3 3 3 4 4 4 4 4 4 4 5 5 5 5 5 18 1 1 1 1 1 1 3 3 4 4 5 5 5 5 5 5 5 5
n34-m289 6064 15 18 15 3 3 3 4 4 4 4 4 4 4 5 5 5 5 5 18 1 1 1 1 1 1 3 4 4 4 4 4 4 5 5 5 5 7
n34-m289 6065 15 18 15 3 3 3 4 4 4 4 4 4 4 5 5 5 5 5 18 1 1 1 1 1 1 3 4 4 4 4 4 4 5 5 5 6 6
n34-m289 6067 15 18 15 3 3 3 4 4 4 4 4 4 4 5 5 5 5 5 18 1 1 1 1 1 1 3 4 4 4 4 4 5 5 5 5 5 6
n34-m289 6068 15 18 15 3 3 3 4 4 4 4 4 4 4 5 5 5 5 5 18 1 1 1 1 1 1 3 4 4 4 4 5 5 5 5 5 5 5
n34-m289 6070 15 18 15 3 3 3 4 4 4 4 4 4 4 5 5 5 5 5 18 1 1 1 1 1 1 4 4 4 4 4 4 4 5 5 5 5 6
n34-m289 6071 15 18 15 3 3 3 4 4 4 4 4 4 4 5 5 5 5 5 18 1 1 1 1 1 1 4 4 4 4 4 4 5 5 5 5 5 5
n34-m289 6074 15 18 15 3 3 3 4 4 4 4 4 4 4 5 5 5 5 5 18 1 1 1 1 1 2 3 3 4 4 4 4 4 5 5 5 5 7
n34-m289 6075 15 18 15 3 3 3 4 4 4 4 4 4 4 5 5 5 5 5 18 1 1 1 1 1 2 3 3 4 4 4 4 4 5 5 5 6 6
n34-m289 6077 15 18 15 3 3 3 4 4 4 4 4 4 4 5 5 5 5 5 18 1 1 1 1 1 2 3 3 4 4 4 4 5 5 5 5 5 6
n34-m289 6078 15 18 15 3 3 3 4 4 4 4 4 4 4 5 5 5 5 5 18 1 1 1 1 1 2 3 3 4 4 4 5 5 5 5 5 5 5
n34-m289 6080 15 18 15 3 3 3 4 4 4 4 4 4 4 5 5 5 5 5 18 1 1 1 1 1 2 3 4 4 4 4 4 4 5 5 5 5 6
n34-m289 6081 15 18 15 3 3 3 4 4 4 4 4 4 4 5 5 5 5 5 18 1 1 1 1 1 2 3 4 4 4 4 4 5 5 5 5 5 5
n34-m289 6082 15 18 15 3 3 3 4 4 4 4 4 4 4 5 5 5 5 5 18 1 1 1 1 1 2 4 4 4 4 4 4 4 5 5 5 5 5
n34-m289 6084 15 18 15 3 3 3 4 4 4 4 4 4 4 5 5 5 5 5 18 1 1 1 1 1 3 3 3 4 4 4 4 4 5 5 5 5 6
n34-m289 6085 15 18 15 3 3 3 4 4 4 4 4 4 4 5 5 5 5 5 18 1 1 1 1 1 3 3 3 4 4 4 4 5 5 5 5 5 5
n34-m289 6086 15 18 15 3 3 3 4 4 4 4 4 4 4 5 5 5 5 5 18 1 1 1 1 1 3 3 4 4 4 4 4 4 5 5 5 5 5
n34-m289 6088 15 18 15 3 3 3 4 4 4 4 4 4 4 5 5 5 5 5 18 1 1 1 1 2 2 3 3 4 4 4 4 4 5 5 5 5 6
n34-m289 6089 15 18 15 3 3 3 4 4 4 4 4 4 4 5 5 5 5 5 18 1 1 1 1 2 2 3 3 4 4 4 4 5 5 5 5 5 5
n34-m289 6090 15 18 15 3 3 3 4 4 4 4 4 4 4 5 5 5 5 5 18 1 1 1 1 2 2 3 4 4 4 4 4 4 5 5 5 5 5
n34-m289 6091 15 18 15 3 3 3 4 4 4 4 4 4 4 5 5 5 5 5 18 1 1 1 1 2 3 3 3 4 4 4 4 4 5 5 5 5 5
n34-m289 6092 15 18 15 3 3 3 4 4 4 4 4 4 4 5 5 5 5 5 18 1 1 1 2 2 2 3 3 4 4 4 4 4 5 5 5 5 5
n34-m289 6093 15 18 15 0 1 4 4 4 4 4 4 4 4 5 5 5 5 5 18 1 1 1 1 1 1 1 4 4 4 4 4 4 5 5 5 5 5
n34-m289 6095 15 18 15 1 1 4 4 4 4 4 4 4 4 5 5 5 5 5 18 1 1 1 1 1 1 1 4 4 4 4 4 4 5 5 5 5 6
n34-m289 6096 15 18 15 1 1 4 4 4 4 4 4 4 4 5 5 5 5 5 18 1 1 1 1 1 1 1 4 4 4 4 4 5 5 5 5 5 5
n34-m289 6097 15 18 15 1 1 4 4 4 4 4 4 4 4 5 5 5 5 5 18 1 1 1 1 1 1 2 4 4 4 4 4 4 5 5 5 5 5
n34-m289 6098 15 18 15 0 2 4 4 4 4 4 4 4 4 5 5 5 5 5 18 1 1 1 1 1 1 2 4 4 4 4 4 4 5 5 5 5 5
n34-m289 6100 15 18 15 1 2 4 4 4 4 4 4 4 4 5 5 5 5 5 18 1 1 1 1 1 1 2 4 4 4 4 4 4 5 5 5 5 6
n34-m289 6101 15 18 15 1 2 4 4 4 4 4 4 4 4 5 5 5 5 5 18 1 1 1 1 1 1 2 4 4 4 4 4 5 5 5 5 5 5
n34-m289 6102 15 18 15 1 2 4 4 4 4 4 4 4 4 5 5 5 5 5 18 1 1 1 1 1 1 3 4 4 4 4 4 4 5 5 5 5 5
n34-m289 6103 15 18 15 1 2 4 4 4 4 4 4 4 4 5 5 5 5 5 18 1 1 1 1 1 2 2 4 4 4 4 4 4 5 5 5 5 5
n34-m289 6106 15 18 15 2 2 4 4 4 4 4 4 4 4 5 5 5 5 5 18 1 1 1 1 1 1 2 4 4 4 4 4 4 5 5 5 5 7
n34-m289 6107 15 18 15 2 2 4 4 4 4 4 4 4 4 5 5 5 5 5 18 1 1 1 1 1 1 2 4 4 4 4 4 4 5 5 5 6 6
n34-m289 6109 15 18 15 2 2 4 4 4 4 4 4 4 4 5 5 5 5 5 18 1 1 1 1 1 1 2 4 4 4 4 4 5 5 5 5 5 6
n34-m289 6110 15 18 15 2 2 4 4 4 4 4 4 4 4 5 5 5 5 5 18 1 1 1 1 1 1 2 4 4 4 4 5 5 5 5 5 5 5
n34-m289 6112 15 18 15 2 2 4 4 4 4 4 4 4 4 5 5 5 5 5 18 1 1 1 1 1 1 3 4 4 4 4 4 4 5 5 5 5 6
n34-m289 6113 15 18 15 2 2 4 4 4 4 4 4 4 4 5 5 5 5 5 18 1 1 1 1 1 1 3 4 4 4 4 4 5 5 5 5 5 5
n34-m289 6114 15 18 15 2 2 4 4 4 4 4 4 4 4 5 5 5 5 5 18 1 1 1 1 1 1 4 4 4 4 4 4 4 5 5 5 5 5
n34-m289 6116 15 18 15 2 2 4 4 4 4 4 4 4 4 5 5 5 5 5 18 1 1 1 1 1 2 2 4 4 4 4 4 4 5 5 5 5 6
n34-m289 6117 15 18 15 2 2 4 4 4 4 4 4 4 4 5 5 5 5 5 18 1 1 1 1 1 2 2 4 4 4 4 4 5 5 5 5 5 5
n34-m289 6118 15 18 15 2 2 4 4 4 4 4 4 4 4 5 5 5 5 5 18 1 1 1 1 1 2 3 4 4 4 4 4 4 5 5 5 5 5
n34-m289 6119 15 18 15 2 2 4 4 4 4 4 4 4 4 5 5 5 5 5 18 1 1 1 1 2 2 2 4 4 4 4 4 4 5 5 5 5 5
n34-m289 6120 15 18 15 0 3 4 4 4 4 4 4 4 4 5 5 5 5 5 18 1 1 1 1 1 1 2 4 4 4 4 4 4 5 5 5 5 5
n34-m289 6121 15 18 15 0 3 4 4 4 4 4 4 4 4 5 5 5 5 5 18 1 1 1 1 1 1 2 4 4 4 4 4 4 5 5 5 5 6
n34-m289 6122 15 18 15 0 3 4 4 4 4 4 4 4 4 5 5 5 5 5 18 1 1 1 1 1 1 2 4 4 4 4 4 5 5 5 5 5 5
n34-m289 6123 15 18 15 0 3 4 4 4 4 4 4 4 4 5 5 5 5 5 18 1 1 1 1 1 1 3 4 4 4 4 4 4 5 5 5 5 5
n34-m289 6124 15 18 15 0 3 4 4 4 4 4 4 4 4 5 5 5 5 5 18 1 1 1 1 1 2 2 4 4 4 4 4 4 5 5 5 5 5
n34-m289 6127 15 18 15 1 3 4 4 4 4 4 4 4 4 5 5 5 5 5 18 1 1 1 1 1 1 2 4 4 4 4 4 4 5 5 5 5 7
n34-m289 6128 15 18 15 1 3 4 4 4 4 4 4 4 4 5 5 5 5 5 18 1 1 1 1 1 1 2 4 4 4 4 4 4 5 5 5 6 6
n34-m289 6130 15 18 15 1 3 4 4 4 4 4 4 4 4 5 5 5 5 5 18 1 1 1 1 1 1 2 4 4 4 4 4 5 5 5 5 5 6
n34-m289 6131 15 18 15 1 3 4 4 4 4 4 4 4 4 5 5 5 5 5 18 1 1 1 1 1 1 2 4 4 4 4 5 5 5 5 5 5 5
n34-m289 6133 15 18 15 1 3 4 4 4 4 4 4 4 4 5 5 5 5 5 18 1 1 1 1 1 1 3 4 4 4 4 4 4 5 5 5 5 6
n34-m289 6134 15 18 15 1 3 4 4 4 4 4 4 4 4 5 5 5 5 5 18 1 1 1 1 1 1 3 4 4 4 4 4 5 5 5 5 5 5
n34-m289 6135 15 18 15 1 3 4 4 4 4 4 4 4 4 5 5 5 5 5 18 1 1 1 1 1 1 4 4 4 4 4 4 4 5 5 5 5 5
n34-m289 6137 15 18 15 1 3 4 4 4 4 4 4 4 4 5 5 5 5 5 18 1 1 1 1 1 2 2 4 4 4 4 4 4 5 5 5 5 6
n34-m289 6138 15 18 15 1 3 4 4 4 4 4 4 4 4 5 5 5 5 5 18 1 1 1 1 1 2 2 4 4 4 4 4 5 5 5 5 5 5
n34-m289 6139 15 18 15 1 3 4 4 4 4 4 4 4 4 5 5 5 5 5 18 1 1 1 1 1 2 3 4 4 4 4 4 4 5 5 5 5 5
n34-m289 6140 15 18 15 1 3 4 4 4 4 4 4 4 4 5 5 5 5 5 18 1 1 1 1 2 2 2 4 4 4 4 4 4 5 5 5 5 5
n34-m289 6144 15 18 15 2 3 4 4 4 4 4 4 4 4 5 5 5 5 5 18 1 1 1 1 1 1 2 4 4 4 4 4 4 5 5 5 5 8
n34-m289 6146 15 18 15 2 3 4 4 4 4 4 4 4 4 5 5 5 5 5 18 1 1 1 1 1 1 2 4 4 4 4 4 4 5 5 5 6 7
n34-m289 6147 15 18 15 2 3 4 4 4 4 4 4 4 4 5 5 5 5 5 18 1 1 1 1 1 1 2 4 4 4 4 4 4 5 5 6 6 6
n34-m289 6150 15 18 15 2 3 4 4 4 4 4 4 4 4 5 5 5 5 5 18 1 1 1 1 1 1 2 4 4 4 4 4 5 5 5 5 5 7
n34-m289 6151 15 18 15 2 3 4 4 4 4 4 4 4 4 5 5 5 5 5 18 1 1 1 1 1 1 2 4 4 4 4 4 5 5 5 5 6 6
n34-m289 6153 15 18 15 2 3 4 4 4 4 4 4 4 4 5 5 5 5 5 18 1 1 1 1 1 1 2 4 4 4 4 5 5 5 5 5 5 6
n34-m289 6154 15 18 15 2 3 4 4 4 4 4 4 4 4 5 5 5 5 5 18 1 1 1 1 1 1 2 4 4 4 5 5 5 5 5 5 5 5
n34-m289 6157 15 18 15 2 3 4 4 4 4 4 4 4 4 5 5 5 5 5 18 1 1 1 1 1 1 3 4 4 4 4 4 4 5 5 5 5 7
n34-m289 6158 15 18 15 2 3 4 4 4 4 4 4 4 4 5 5 5 5 5 18 1 1 1 1 1 1 3 4 4 4 4 4 4 5 5 5 6 6
n34-m289 6160 15 18 15 2 3 4 4 4 4 4 4 4 4 5 5 5 5 5 18 1 1 1 1 1 1 3 4 4 4 4 4 5 5 5 5 5 6
n34-m289 6161 15 18 15 2 3 4 4 4 4 4 4 4 4 5 5 5 5 5 18 1 1 1 1 1 1 3 4 4 4 4 5 5 5 5 5 5 5
n34-m289 6163 15 18 15 2 3 4 4 4 4 4 4 4 4 5 5 5 5 5 18 1 1 1 1 1 1 4 4 4 4 4 4 4 5 5 5 5 6
n34-m289 6164 15 18 15 2 3 4 4 4 4 4 4 4 4 5 5 5 5 5 18 1 1 1 1 1 1 4 4 4 4 4 4 5 5 5 5 5 5
n34-m289 6167 15 18 15 2 3 4 4 4 4 4 4 4 4 5 5 5 5 5 18 1 1 1 1 1 2 2 4 4 4 4 4 4 5 5 5 5 7
n34-m289 6168 15 18 15 2 3 4 4 4 4 4 4 4 4 5 5 5 5 5 18 1 1 1 1 1 2 2 4 4 4 4 4 4 5 5 5 6 6
n34-m289 6170 15 18 15 2 3 4 4 4 4 4 4 4 4 5 5 5 5 5 18 1 1 1 1 1 2 2 4 4 4 4 4 5 5 5 5 5 6
n34-m289 6171 15 18 15 2 3 4 4 4 4 4 4 4 4 5 5 5 5 5 18 1 1 1 1 1 2 2 4 4 4 4 5 5 5 5 5 5 5
n34-m289 6173 15 18 15 2 3 4 4 4 4 4 4 4 4 5 5 5 5 5 18 1 1 1 1 1 2 3 4 4 4 4 4 4 5 5 5 5 6
n34-m289 6174 15 18 15 2 3 4 4 4 4 4 4 4 4 5 5 5 5 5 18 1 1 1 1 1 2 3 4 4 4 4 4 5 5 5 5 5 5
n34-m289 6175 15 18 15 2 3 4 4 4 4 4 4 4 4 5 5 5 5 5 18 1 1 1 1 1 2 4 4 4 4 4 4 4 5 5 5 5 5
n34-m289 6176 15 18 15 2 3 4 4 4 4 4 4 4 4 5 5 5 5 5 18 1 1 1 1 1 3 3 4 4 4 4 4 4 5 5 5 5 5
n34-m289 6178 15 18 15 2 3 4 4 4 4 4 4 4 4 5 5 5 5 5 18 1 1 1 1 2 2 2 4 4 4 4 4 4 5 5 5 5 6
n34-m289 6179 15 18 15 2 3 4 4 4 4 4 4 4 4 5 5 5 5 5 18 1 1 1 1 2 2 2 4 4 4 4 4 5 5 5 5 5 5
n34-m289 6180 15 18 15 2 3 4 4 4 4 4 4 4 4 5 5 5 5 5 18 1 1 1 1 2 2 3 4 4 4 4 4 4 5 5 5 5 5
n34-m289 6181 15 18 15 2 3 4 4 4 4 4 4 4 4 5 5 5 5 5 18 1 1 1 2 2 2 2 4 4 4 4 4 4 5 5 5 5 5
n34-m289 6185 15 18 15 3 3 4 4 4 4 4 4 4 4 5 5 5 5 5 18 1 1 1 1 1 1 3 4 4 4 4 4 4 5 5 5 5 8
n34-m289 6187 15 18 15 3 3 4 4 4 4 4 4 4 4 5 5 5 5 5 18 1 1 1 1 1 1 3 4 4 4 4 4 4 5 5 5 6 7
n34-m289 6188 15 18 15 3 3 4 4 4 4 4 4 4 4 5 5 5 5 5 18 1 1 1 1 1 1 3 4 4 4 4 4 4 5 5 6 6 6
n34-m289 6191 15 18 15 3 3 4 4 4 4 4 4 4 4 5 5 5 5 5 18 1 1 1 1 1 1 3 4 4 4 4 4 5 5 5 5 5 7
n34-m289 6192 15 18 15 3 3 4 4 4 4 4 4 4 4 5 5 5 5 5 18 1 1 1 1 1 1 3 4 4 4 4 4 5 5 5 5 6 6
n34-m289 6194 15 18 15 3 3 4 4 4 4 4 4 4 4 5 5 5 5 5 18 1 1 1 1 1 1 3 4 4 4 4 5 5 5 5 5 5 6
n34-m289 6195 15 18 15 3 3 4 4 4 4 4 4 4 4 5 5 5 5 5 18 1 1 1 1 1 1 3 4 4 4 5 5 5 5 5 5 5 5
n34-m289 6198 15 18 15 3 3 4 4 4 4 4 4 4 4 5 5 5 5 5 18 1 1 1 1 1 1 4 4 4 4 4 4 4 5 5 5 5 7
n34-m289 6199 15 18 15 3 3 4 4 4 4 4 4 4 4 5 5 5 5 5 18 1 1 1 1 1 1 4 4 4 4 4 4 4 5 5 5 6 6
n34-m289 6201 15 18 15 3 3 4 4 4 4 4 4 4 4 5 5 5 5 5 18 1 1 1 1 1 1 4 4 4 4 4 4 5 5 5 5 5 6
n34-m289 6202 15 18 15 3 3 4 4 4 4 4 4 4 4 5 5 5 5 5 18 1 1 1 1 1 1 4 4 4 4 4 5 5 5 5 5 5 5
n34-m289 6205 15 18 15 3 3 4 4 4 4 4 4 4 4 5 5 5 5 5 18 1 1 1 1 1 2 3 4 4 4 4 4 4 5 5 5 5 7
n34-m289 6206 15 18 15 3 3 4 4 4 4 4 4 4 4 5 5 5 5 5 18 1 1 1 1 1 2 3 4 4 4 4 4 4 5 5 5 6 6
n34-m289 6208 15 18 15 3 3 4 4 4 4 4 4 4 4 5 5 5 5 5 18 1 1 1 1 1 2 3 4 4 4 4 4 5 5 5 5 5 6
n34-m289 6209 15 18 15 3 3 4 4 4 4 4 4 4 4 5 5 5 5 5 18 1 1 1 1 1 2 3 4 4 4 4 5 5 5 5 5 5 5
n34-m289 6211 15 18 15 3 3 4 4 4 4 4 4 4 4 5 5 5 5 5 18 1 1 1 1 1 2 4 4 4 4 4 4 4 5 5 5 5 6
n34-m289 6212 15 18 15 3 3 4 4 4 4 4 4 4 4 5 5 5 5 5 18 1 1 1 1 1 2 4 4 4 4 4 4 5 5 5 5 5 5
n34-m289 6214 15 18 15 3 3 4 4 4 4 4 4 4 4 5 5 5 5 5 18 1 1 1 1 1 3 3 4 4 4 4 4 4 5 5 5 5 6
n34-m289 6215 15 18 15 3 3 4 4 4 4 4 4 4 4 5 5 5 5 5 18 1 1 1 1 1 3 3 4 4 4 4 4 5 5 5 5 5 5
n34-m289 6216 15 18 15 3 3 4 4 4 4 4 4 4 4 5 5 5 5 5 18 1 1 1 1 1 3 4 4 4 4 4 4 4 5 5 5 5 5
n34-m289 6218 15 18 15 3 3 4 4 4 4 4 4 4 4 5 5 5 5 5 18 1 1 1 1 2 2 3 4 4 4 4 4 4 5 5 5 5 6
n34-m289 6219 15 18 15 3 3 4 4 4 4 4 4 4 4 5 5 5 5 5 18 1 1 1 1 2 2 3 4 4 4 4 4 5 5 5 5 5 5
n34-m289 6220 15 18 15 3 3 4 4 4 4 4 4 4 4 5 5 5 5 5 18 1 1 1 1 2 2 4 4 4 4 4 4 4 5 5 5 5 5
n34-m289 6221 15 18 15 3 3 4 4 4 4 4 4 4 4 5 5 5 5 5 18 1 1 1 1 2 3 3 4 4 4 4 4 4 5 5 5 5 5
n34-m289 6222 15 18 15 3 3 4 4 4 4 4 4 4 4 5 5 5 5 5 18 1 1 1 2 2 2 3 4 4 4 4 4 4 5 5 5 5 5
n34-m289 6233 15 18 15 0 4 4 4 4 4 4 4 4 4 5 5 5 5 5 18 1 1 1 1 1 1 4 4 4 4 4 4 4 5 5 5 5 5
n34-m289 6237 15 18 15 0 4 4 4 4 4 4 4 4 4 5 5 5 5 5 18 1 1 1 1 1 2 3 4 4 4 4 4 4 5 5 5 5 5
n34-m289 6261 15 18 15 1 4 4 4 4 4 4 4 4 4 5 5 5 5 5 18 1 1 1 1 1 1 4 4 4 4 4 4 4 5 5 5 5 6
n34-m289 6262 15 18 15 1 4 4 4 4 4 4 4 4 4 5 5 5 5 5 18 1 1 1 1 1 1 4 4 4 4 4 4 5 5 5 5 5 5
n34-m289 6271 15 18 15 1 4 4 4 4 4 4 4 4 4 5 5 5 5 5 18 1 1 1 1 1 2 3 4 4 4 4 4 4 5 5 5 5 6
n34-m289 6272 15 18 15 1 4 4 4 4 4 4 4 4 4 5 5 5 5 5 18 1 1 1 1 1 2 3 4 4 4 4 4 5 5 5 5 5 5
n34-m289 6273 15 18 15 1 4 4 4 4 4 4 4 4 4 5 5 5 5 5 18 1 1 1 1 1 2 4 4 4 4 4 4 4 5 5 5 5 5
n34-m289 6274 15 18 15 1 4 4 4 4 4 4 4 4 4 5 5 5 5 5 18 1 1 1 1 1 3 3 4 4 4 4 4 4 5 5 5 5 5
n34-m289 6278 15 18 15 1 4 4 4 4 4 4 4 4 4 5 5 5 5 5 18 1 1 1 1 2 2 3 4 4 4 4 4 4 5 5 5 5 5
n34-m289 6322 15 18 15 2 4 4 4 4 4 4 4 4 4 5 5 5 5 5 18 1 1 1 1 1 1 4 4 4 4 4 4 4 5 5 5 5 7
n34-m289 6323 15 18 15 2 4 4 4 4 4 4 4 4 4 5 5 5 5 5 18 1 1 1 1 1 1 4 4 4 4 4 4 4 5 5 5 6 6
n34-m289 6325 15 18 15 2 4 4 4 4 4 4 4 4 4 5 5 5 5 5 18 1 1 1 1 1 1 4 4 4 4 4 4 5 5 5 5 5 6
n34-m289 6326 15 18 15 2 4 4 4 4 4 4 4 4 4 5 5 5 5 5 18 1 1 1 1 1 1 4 4 4 4 4 5 5 5 5 5 5 5
n34-m289 6349 15 18 15 2 4 4 4 4 4 4 4 4 4 5 5 5 5 5 18 1 1 1 1 1 2 4 4 4 4 4 4 4 5 5 5 5 6
n34-m289 6350 15 18 15 2 4 4 4 4 4 4 4 4 4 5 5 5 5 5 18 1 1 1 1 1 2 4 4 4 4 4 4 5 5 5 5 5 5
n34-m289 6354 15 18 15 2 4 4 4 4 4 4 4 4 4 5 5 5 5 5 18 1 1 1 1 1 3 4 4 4 4 4 4 4 5 5 5 5 5
n34-m289 6365 15 18 15 2 4 4 4 4 4 4 4 4 4 5 5 5 5 5 18 1 1 1 1 2 2 4 4 4 4 4 4 4 5 5 5 5 5
n34-m289 6370 15 18 15 2 4 4 4 4 4 4 4 4 4 5 5 5 5 5 18 1 1 1 2 2 2 3 4 4 4 4 4 4 5 5 5 5 5
n34-m289 6401 15 18 15 3 4 4 4 4 4 4 4 4 4 5 5 5 5 5 18 1 1 1 1 1 1 4 4 4 4 4 4 4 5 5 5 5 8
n34-m289 6403 15 18 15 3 4 4 4 4 4 4 4 4 4 5 5 5 5 5 18 1 1 1 1 1 1 4 4 4 4 4 4 4 5 5 5 6 7
n34-m289 6404 15 18 15 3 4 4 4 4 4 4 4 4 4 5 5 5 5 5 18 1 1 1 1 1 1 4 4 4 4 4 4 4 5 5 6 6 6
n34-m289 6407 15 18 15 3 4 4 4 4 4 4 4 4 4 5 5 5 5 5 18 1 1 1 1 1 1 4 4 4 4 4 4 5 5 5 5 5 7
n34-m289 6408 15 18 15 3 4 4 4 4 4 4 4 4 4 5 5 5 5 5 18 1 1 1 1 1 1 4 4 4 4 4 4 5 5 5 5 6 6
n34-m289 6410 15 18 15 3 4 4 4 4 4 4 4 4 4 5 5 5 5 5 18 1 1 1 1 1 1 4 4 4 4 4 5 5 5 5 5 5 6
n34-m289 6411 15 18 15 3 4 4 4 4 4 4 4 4 4 5 5 5 5 5 18 1 1 1 1 1 1 4 4 4 4 5 5 5 5 5 5 5 5
n34-m289 6428 15 18 15 3 4 4 4 4 4 4 4 4 4 5 5 5 5 5 18 1 1 1 1 1 2 4 4 4 4 4 4 4 5 5 5 5 7
n34-m289 6429 15 18 15 3 4 4 4 4 4 4 4 4 4 5 5 5 5 5 18 1 1 1 1 1 2 4 4 4 4 4 4 4 5 5 5 6 6
n34-m289 6431 15 18 15 3 4 4 4 4 4 4 4 4 4 5 5 5 5 5 18 1 1 1 1 1 2 4 4 4 4 4 4 5 5 5 5 5 6
n34-m289 6432 15 18 15 3 4 4 4 4 4 4 4 4 4 5 5 5 5 5 18 1 1 1 1 1 2 4 4 4 4 4 5 5 5 5 5 5 5
n34-m289 6441 15 18 15 3 4 4 4 4 4 4 4 4 4 5 5 5 5 5 18 1 1 1 1 1 3 4 4 4 4 4 4 4 5 5 5 5 6
n34-m289 6442 15 18 15 3 4 4 4 4 4 4 4 4 4 5 5 5 5 5 18 1 1 1 1 1 3 4 4 4 4 4 4 5 5 5 5 5 5
n34-m289 6443 15 18 15 3 4 4 4 4 4 4 4 4 4 5 5 5 5 5 18 1 1 1 1 1 4 4 4 4 4 4 4 4 5 5 5 5 5
n34-m289 6446 15 18 15 3 4 4 4 4 4 4 4 4 4 5 5 5 5 5 18 1 1 1 1 2 2 3 4 4 4 4 4 4 5 5 5 5 7
n34-m289 6452 15 18 15 3 4 4 4 4 4 4 4 4 4 5 5 5 5 5 18 1 1 1 1 2 2 4 4 4 4 4 4 4 5 5 5 5 6
n34-m289 6453 15 18 15 3 4 4 4 4 4 4 4 4 4 5 5 5 5 5 18 1 1 1 1 2 2 4 4 4 4 4 4 5 5 5 5 5 5
n34-m289 6455 15 18 15 3 4 4 4 4 4 4 4 4 4 5 5 5 5 5 18 1 1 1 1 2 3 3 4 4 4 4 4 4 5 5 5 5 6
n34-m289 6456 15 18 15 3 4 4 4 4 4 4 4 4 4 5 5 5 5 5 18 1 1 1 1 2 3 3 4 4 4 4 4 5 5 5 5 5 5
n34-m289 6457 15 18 15 3 4 4 4 4 4 4 4 4 4 5 5 5 5 5 18 1 1 1 1 2 3 4 4 4 4 4 4 4 5 5 5 5 5
n34-m289 6458 15 18 15 3 4 4 4 4 4 4 4 4 4 5 5 5 5 5 18 1 1 1 1 3 3 3 4 4 4 4 4 4 5 5 5 5 5
n34-m289 6460 15 18 15 3 4 4 4 4 4 4 4 4 4 5 5 5 5 5 18 1 1 1 2 2 2 3 4 4 4 4 4 4 5 5 5 5 6
n34-m289 6461 15 18 15 3 4 4 4 4 4 4 4 4 4 5 5 5 5 5 18 1 1 1 2 2 2 3 4 4 4 4 4 5 5 5 5 5 5
n34-m289 6462 15 18 15 3 4 4 4 4 4 4 4 4 4 5 5 5 5 5 18 1 1 1 2 2 2 4 4 4 4 4 4 4 5 5 5 5 5
n34-m289 6463 15 18 15 3 4 4 4 4 4 4 4 4 4 5 5 5 5 5 18 1 1 1 2 2 3 3 4 4 4 4 4 4 5 5 5 5 5
n34-m289 6464 15 18 15 3 4 4 4 4 4 4 4 4 4 5 5 5 5 5 18 1 1 2 2 2 2 3 4 4 4 4 4 4 5 5 5 5 5
n34-m289 6598 15 18 15 4 4 4 4 4 4 4 4 4 4 5 5 5 5 5 18 1 1 1 1 1 4 4 4 4 4 4 4 4 5 5 5 5 6
n34-m289 6599 15 18 15 4 4 4 4 4 4 4 4 4 4 5 5 5 5 5 18 1 1 1 1 1 4 4 4 4 4 4 4 5 5 5 5 5 5
n34-m289 6631 15 18 15 4 4 4 4 4 4 4 4 4 4 5 5 5 5 5 18 1 1 1 1 2 4 4 4 4 4 4 4 4 5 5 5 5 5
n34-m289 6649 15 18 15 4 4 4 4 4 4 4 4 4 4 5 5 5 5 5 18 1 1 1 2 2 3 4 4 4 4 4 4 4 5 5 5 5 5
n34-m289 6654 15 18 15 4 4 4 4 4 4 4 4 4 4 5 5 5 5 5 18 1 1 2 2 2 2 4 4 4 4 4 4 4 5 5 5 5 5
n34-m289 6668 15 18 15 2 3 3 3 3 3 3 3 3 5 5 5 5 5 5 18 1 1 1 1 1 1 1 3 3 3 3 5 5 5 5 5 5 5
n34-m289 6669 15 18 15 2 3 3 3 3 3 3 3 3 5 5 5 5 5 5 18 1 1 1 1 1 1 1 3 3 3 4 4 5 5 5 5 5 5
n34-m289 6692 15 18 15 2 3 3 3 3 3 3 3 4 5 5 5 5 5 5 18 1 1 1 1 1 1 1 3 3 3 4 5 5 5 5 5 5 5
n34-m289 6693 15 18 15 2 3 3 3 3 3 3 3 4 5 5 5 5 5 5 18 1 1 1 1 1 1 1 3 3 4 4 4 5 5 5 5 5 5
n34-m289 6717 15 18 15 2 2 2 3 3 3 3 4 4 5 5 5 5 5 5 18 1 1 1 1 1 1 1 2 3 4 4 4 5 5 5 5 5 5
n34-m289 6724 15 18 15 2 2 3 3 3 3 3 4 4 5 5 5 5 5 5 18 1 1 1 1 1 1 1 3 3 4 4 4 5 5 5 5 5 5
n34-m289 6730 15 18 15 1 3 3 3 3 3 3 4 4 5 5 5 5 5 5 18 1 1 1 1 1 1 1 3 3 4 4 4 5 5 5 5 5 5
n34-m289 6746 15 18 15 2 3 3 3 3 3 3 4 4 5 5 5 5 5 5 18 1 1 1 1 1 1 2 3 3 4 4 4 5 5 5 5 5 5
n34-m289 6763 15 18 15 3 3 3 3 3 3 3 4 4 5 5 5 5 5 5 18 1 1 1 1 1 1 3 3 3 4 4 4 5 5 5 5 5 5
n34-m289 6770 15 18 15 2 2 2 2 3 3 4 4 4 5 5 5 5 5 5 18 1 1 1 1 1 1 1 2 3 4 4 4 5 5 5 5 5 5
n34-m289 6776 15 18 15 2 2 2 3 3 3 4 4 4 5 5 5 5 5 5 18 1 1 1 1 1 1 1 3 3 4 4 4 5 5 5 5 5 5
n34-m289 6778 15 18 15 1 2 3 3 3 3 4 4 4 5 5 5 5 5 5 18 1 1 1 1 1 1 1 3 3 4 4 4 5 5 5 5 5 5
n34-m289 6783 15 18 15 2 2 3 3 3 3 4 4 4 5 5 5 5 5 5 18 1 1 1 1 1 1 2 3 3 4 4 4 5 5 5 5 5 5
n34-m289 6784 15 18 15 0 3 3 3 3 3 4 4 4 5 5 5 5 5 5 18 1 1 1 1 1 1 1 3 3 4 4 4 5 5 5 5 5 5
n34-m289 6786 15 18 15 1 3 3 3 3 3 4 4 4 5 5 5 5 5 5 18 1 1 1 1 1 1 1 3 3 4 4 4 5 5 5 5 5 6
n34-m289 6787 15 18 15 1 3 3 3 3 3 4 4 4 5 5 5 5 5 5 18 1 1 1 1 1 1 1 3 3 4 4 5 5 5 5 5 5 5
n34-m289 6788 15 18 15 1 3 3 3 3 3 4 4 4 5 5 5 5 5 5 18 1 1 1 1 1 1 1 3 4 4 4 4 5 5 5 5 5 5
n34-m289 6789 15 18 15 1 3 3 3 3 3 4 4 4 5 5 5 5 5 5 18 1 1 1 1 1 1 2 3 3 4 4 4 5 5 5 5 5 5
n34-m289 6791 15 18 15 2 3 3 3 3 3 4 4 4 5 5 5 5 5 5 18 1 1 1 1 1 1 2 3 3 4 4 4 5 5 5 5 5 6
n34-m289 6792 15 18 15 2 3 3 3 3 3 4 4 4 5 5 5 5 5 5 18 1 1 1 1 1 1 2 3 3 4 4 5 5 5 5 5 5 5
n34-m289 6793 15 18 15 2 3 3 3 3 3 4 4 4 5 5 5 5 5 5 18 1 1 1 1 1 1 2 3 4 4 4 4 5 5 5 5 5 5
n34-m289 6794 15 18 15 2 3 3 3 3 3 4 4 4 5 5 5 5 5 5 18 1 1 1 1 1 1 3 3 3 4 4 4 5 5 5 5 5 5
n34-m289 6795 15 18 15 2 3 3 3 3 3 4 4 4 5 5 5 5 5 5 18 1 1 1 1 1 2 2 3 3 4 4 4 5 5 5 5 5 5
n34-m289 6808 15 18 15 3 3 3 3 3 3 4 4 4 5 5 5 5 5 5 18 1 1 1 1 1 1 3 3 3 4 4 4 5 5 5 5 5 6
n34-m289 6809 15 18 15 3 3 3 3 3 3 4 4 4 5 5 5 5 5 5 18 1 1 1 1 1 1 3 3 3 4 4 5 5 5 5 5 5 5
n34-m289 6810 15 18 15 3 3 3 3 3 3 4 4 4 5 5 5 5 5 5 18 1 1 1 1 1 1 3 3 4 4 4 4 5 5 5 5 5 5
n34-m289 6815 15 18 15 3 3 3 3 3 3 4 4 4 5 5 5 5 5 5 18 1 1 1 1 1 2 3 3 3 4 4 4 5 5 5 5 5 5
n34-m289 6817 15 18 15 2 2 2 2 2 4 4 4 4 5 5 5 5 5 5 18 1 1 1 1 1 1 1 2 3 4 4 4 5 5 5 5 5 5
n34-m289 6818 15 18 15 1 2 2 2 3 4 4 4 4 5 5 5 5 5 5 18 1 1 1 1 1 1 1 2 3 4 4 4 5 5 5 5 5 5
n34-m289 6820 15 18 15 2 2 2 2 3 4 4 4 4 5 5 5 5 5 5 18 1 1 1 1 1 1 1 2 3 4 4 4 5 5 5 5 5 6
n34-m289 6821 15 18 15 2 2 2 2 3 4 4 4 4 5 5 5 5 5 5 18 1 1 1 1 1 1 1 2 3 4 4 5 5 5 5 5 5 5
n34-m289 6822 15 18 15 2 2 2 2 3 4 4 4 4 5 5 5 5 5 5 18 1 1 1 1 1 1 1 2 4 4 4 4 5 5 5 5 5 5
n34-m289 6823 15 18 15 2 2 2 2 3 4 4 4 4 5 5 5 5 5 5 18 1 1 1 1 1 1 1 3 3 4 4 4 5 5 5 5 5 5
n34-m289 6824 15 18 15 2 2 2 2 3 4 4 4 4 5 5 5 5 5 5 18 1 1 1 1 1 1 2 2 3 4 4 4 5 5 5 5 5 5
n34-m289 6825 15 18 15 1 2 2 3 3 4 4 4 4 5 5 5 5 5 5 18 1 1 1 1 1 1 1 3 3 4 4 4 5 5 5 5 5 5
n34-m289 6830 15 18 15 2 2 2 3 3 4 4 4 4 5 5 5 5 5 5 18 1 1 1 1 1 1 2 3 3 4 4 4 5 5 5 5 5 5
n34-m289 6831 15 18 15 1 1 3 3 3 4 4 4 4 5 5 5 5 5 5 18 1 1 1 1 1 1 1 3 3 4 4 4 5 5 5 5 5 5
n34-m289 6832 15 18 15 0 2 3 3 3 4 4 4 4 5 5 5 5 5 5 18 1 1 1 1 1 1 1 3 3 4 4 4 5 5 5 5 5 5
n34-m289 6834 15 18 15 1 2 3 3 3 4 4 4 4 5 5 5 5 5 5 18 1 1 1 1 1 1 1 3 3 4 4 4 5 5 5 5 5 6
n34-m289 6835 15 18 15 1 2 3 3 3 4 4 4 4 5 5 5 5 5 5 18 1 1 1 1 1 1 1 3 3 4 4 5 5 5 5 5 5 5
n34-m289 6836 15 18 15 1 2 3 3 3 4 4 4 4 5 5 5 5 5 5 18 1 1 1 1 1 1 1 3 4 4 4 4 5 5 5 5 5 5
n34-m289 6837 15 18 15 1 2 3 3 3 4 4 4 4 5 5 5 5 5 5 18 1 1 1 1 1 1 2 3 3 4 4 4 5 5 5 5 5 5
n34-m289 6839 15 18 15 2 2 3 3 3 4 4 4 4 5 5 5 5 5 5 18 1 1 1 1 1 1 2 3 3 4 4 4 5 5 5 5 5 6
n34-m289 6840 15 18 15 2 2 3 3 3 4 4 4 4 5 5 5 5 5 5 18 1 1 1 1 1 1 2 3 3 4 4 5 5 5 5 5 5 5
n34-m289 6841 15 18 15 2 2 3 3 3 4 4 4 4 5 5 5 5 5 5 18 1 1 1 1 1 1 2 3 4 4 4 4 5 5 5 5 5 5
n34-m289 6842 15 18 15 2 2 3 3 3 4 4 4 4 5 5 5 5 5 5 18 1 1 1 1 1 1 3 3 3 4 4 4 5 5 5 5 5 5
n34-m289 6843 15 18 15 2 2 3 3 3 4 4 4 4 5 5 5 5 5 5 18 1 1 1 1 1 2 2 3 3 4 4 4 5 5 5 5 5 5
n34-m289 6848 15 18 15 0 3 3 3 3 4 4 4 4 5 5 5 5 5 5 18 1 1 1 1 1 1 2 3 3 4 4 4 5 5 5 5 5 5
n34-m289 6861 15 18 15 1 3 3 3 3 4 4 4 4 5 5 5 5 5 5 18 1 1 1 1 1 1 2 3 3 4 4 4 5 5 5 5 5 6
n34-m289 6862 15 18 15 1 3 3 3 3 4 4 4 4 5 5 5 5 5 5 18 1 1 1 1 1 1 2 3 3 4 4 5 5 5 5 5 5 5
n34-m289 6863 15 18 15 1 3 3 3 3 4 4 4 4 5 5 5 5 5 5 18 1 1 1 1 1 1 2 3 4 4 4 4 5 5 5 5 5 5
n34-m289 6864 15 18 15 1 3 3 3 3 4 4 4 4 5 5 5 5 5 5 18 1 1 1 1 1 1 3 3 3 4 4 4 5 5 5 5 5 5
n34-m289 6865 15 18 15 1 3 3 3 3 4 4 4 4 5 5 5 5 5 5 18 1 1 1 1 1 2 2 3 3 4 4 4 5 5 5 5 5 5
n34-m289 6868 15 18 15 2 3 3 3 3 4 4 4 4 5 5 5 5 5 5 18 1 1 1 1 1 1 2 3 3 4 4 4 5 5 5 5 5 7
n34-m289 6869 15 18 15 2 3 3 3 3 4 4 4 4 5 5 5 5 5 5 18 1 1 1 1 1 1 2 3 3 4 4 4 5 5 5 5 6 6
n34-m289 6871 15 18 15 2 3 3 3 3 4 4 4 4 5 5 5 5 5 5 18 1 1 1 1 1 1 2 3 3 4 4 5 5 5 5 5 5 6
n34-m289 6872 15 18 15 2 3 3 3 3 4 4 4 4 5 5 5 5 5 5 18 1 1 1 1 1 1 2 3 3 4 5 5 5 5 5 5 5 5
n34-m289 6874 15 18 15 2 3 3 3 3 4 4 4 4 5 5 5 5 5 5 18 1 1 1 1 1 1 2 3 4 4 4 4 5 5 5 5 5 6
n34-m289 6875 15 18 15 2 3 3 3 3 4 4 4 4 5 5 5 5 5 5 18 1 1 1 1 1 1 2 3 4 4 4 5 5 5 5 5 5 5
n34-m289 6876 15 18 15 2 3 3 3 3 4 4 4 4 5 5 5 5 5 5 18 1 1 1 1 1 1 2 4 4 4 4 4 5 5 5 5 5 5
n34-m289 6878 15 18 15 2 3 3 3 3 4 4 4 4 5 5 5 5 5 5 18 1 1 1 1 1 1 3 3 3 4 4 4 5 5 5 5 5 6
n34-m289 6879 15 18 15 2 3 3 3 3 4 4 4 4 5 5 5 5 5 5 18 1 1 1 1 1 1 3 3 3 4 4 5 5 5 5 5 5 5
n34-m289 6880 15 18 15 2 3 3 3 3 4 4 4 4 5 5 5 5 5 5 18 1 1 1 1 1 1 3 3 4 4 4 4 5 5 5 5 5 5
n34-m289 6882 15 18 15 2 3 3 3 3 4 4 4 4 5 5 5 5 5 5 18 1 1 1 1 1 2 2 3 3 4 4 4 5 5 5 5 5 6
n34-m289 6883 15 18 15 2 3 3 3 3 4 4 4 4 5 5 5 5 5 5 18 1 1 1 1 1 2 2 3 3 4 4 5 5 5 5 5 5 5
n34-m289 6884 15 18 15 2 3 3 3 3 4 4 4 4 5 5 5 5 5 5 18 1 1 1 1 1 2 2 3 4 4 4 4 5 5 5 5 5 5
n34-m289 6885 15 18 15 2 3 3 3 3 4 4 4 4 5 5 5 5 5 5 18 1 1 1 1 1 2 3 3 3 4 4 4 5 5 5 5 5 5
n34-m289 6886 15 18 15 2 3 3 3 3 4 4 4 4 5 5 5 5 5 5 18 1 1 1 1 2 2 2 3 3 4 4 4 5 5 5 5 5 5
n34-m289 6913 15 18 15 3 3 3 3 3 4 4 4 4 5 5 5 5 5 5 18 1 1 1 1 1 1 3 3 3 4 4 4 5 5 5 5 5 7
n34-m289 6914 15 18 15 3 3 3 3 3 4 4 4 4 5 5 5 5 5 5 18 1 1 1 1 1 1 3 3 3 4 4 4 5 5 5 5 6 6
n34-m289 6916 15 18 15 3 3 3 3 3 4 4 4 4 5 5 5 5 5 5 18 1 1 1 1 1 1 3 3 3 4 4 5 5 5 5 5 5 6
n34-m289 6917 15 18 15 3 3 3 3 3 4 4 4 4 5 5 5 5 5 5 18 1 1 1 1 1 1 3 3 3 4 5 5 5 5 5 5 5 5
n34-m289 6919 15 18 15 3 3 3 3 3 4 4 4 4 5 5 5 5 5 5 18 1 1 1 1 1 1 3 3 4 4 4 4 5 5 5 5 5 6
n34-m289 6920 15 18 15 3 3 3 3 3 4 4 4 4 5 5 5 5 5 5 18 1 1 1 1 1 1 3 3 4 4 4 5 5 5 5 5 5 5
n34-m289 6921 15 18 15 3 3 3 3 3 4 4 4 4 5 5 5 5 5 5 18 1 1 1 1 1 1 3 4 4 4 4 4 5 5 5 5 5 5
n34-m289 6934 15 18 15 3 3 3 3 3 4 4 4 4 5 5 5 5 5 5 18 1 1 1 1 1 2 3 3 3 4 4 4 5 5 5 5 5 6
n34-m289 6935 15 18 15 3 3 3 3 3 4 4 4 4 5 5 5 5 5 5 18 1 1 1 1 1 2 3 3 3 4 4 5 5 5 5 5 5 5
n34-m289 6936 15 18 15 3 3 3 3 3 4 4 4 4 5 5 5 5 5 5 18 1 1 1 1 1 2 3 3 4 4 4 4 5 5 5 5 5 5
n34-m289 6937 15 18 15 3 3 3 3 3 4 4 4 4 5 5 5 5 5 5 18 1 1 1 1 1 3 3 3 3 4 4 4 5 5 5 5 5 5
n34-m289 6942 15 18 15 3 3 3 3 3 4 4 4 4 5 5 5 5 5 5 18 1 1 1 1 2 2 3 3 3 4 4 4 5 5 5 5 5 5
n34-m289 6944 15 18 15 1 2 2 2 4 4 4 4 4 5 5 5 5 5 5 18 1 1 1 1 1 1 1 2 4 4 4 4 5 5 5 5 5 5
n34-m289 6949 15 18 15 2 2 2 2 4 4 4 4 4 5 5 5 5 5 5 18 1 1 1 1 1 1 2 2 4 4 4 4 5 5 5 5 5 5
n34-m289 6950 15 18 15 1 2 2 3 4 4 4 4 4 5 5 5 5 5 5 18 1 1 1 1 1 1 1 3 4 4 4 4 5 5 5 5 5 5
n34-m289 6951 15 18 15 2 2 2 3 4 4 4 4 4 5 5 5 5 5 5 18 1 1 1 1 1 1 2 3 4 4 4 4 5 5 5 5 5 5
n34-m289 6952 15 18 15 1 1 3 3 4 4 4 4 4 5 5 5 5 5 5 18 1 1 1 1 1 1 1 3 4 4 4 4 5 5 5 5 5 5
n34-m289 6958 15 18 15 1 2 3 3 4 4 4 4 4 5 5 5 5 5 5 18 1 1 1 1 1 1 2 3 4 4 4 4 5 5 5 5 5 5
n34-m289 6960 15 18 15 2 2 3 3 4 4 4 4 4 5 5 5 5 5 5 18 1 1 1 1 1 1 2 3 4 4 4 4 5 5 5 5 5 6
n34-m289 6961 15 18 15 2 2 3 3 4 4 4 4 4 5 5 5 5 5 5 18 1 1 1 1 1 1 2 3 4 4 4 5 5 5 5 5 5 5
n34-m289 6962 15 18 15 2 2 3 3 4 4 4 4 4 5 5 5 5 5 5 18 1 1 1 1 1 1 2 4 4 4 4 4 5 5 5 5 5 5
n34-m289 6963 15 18 15 2 2 3 3 4 4 4 4 4 5 5 5 5 5 5 18 1 1 1 1 1 1 3 3 4 4 4 4 5 5 5 5 5 5
n34-m289 6964 15 18 15 2 2 3 3 4 4 4 4 4 5 5 5 5 5 5 18 1 1 1 1 1 2 2 3 4 4 4 4 5 5 5 5 5 5
n34-m289 6965 15 18 15 0 3 3 3 4 4 4 4 4 5 5 5 5 5 5 18 1 1 1 1 1 1 2 3 4 4 4 4 5 5 5 5 5 5
n34-m289 6967 15 18 15 1 3 3 3 4 4 4 4 4 5 5 5 5 5 5 18 1 1 1 1 1 1 2 3 4 4 4 4 5 5 5 5 5 6
n34-m289 6968 15 18 15 1 3 3 3 4 4 4 4 4 5 5 5 5 5 5 18 1 1 1 1 1 1 2 3 4 4 4 5 5 5 5 5 5 5
n34-m289 6969 15 18 15 1 3 3 3 4 4 4 4 4 5 5 5 5 5 5 18 1 1 1 1 1 1 2 4 4 4 4 4 5 5 5 5 5 5
n34-m289 6970 15 18 15 1 3 3 3 4 4 4 4 4 5 5 5 5 5 5 18 1 1 1 1 1 1 3 3 4 4 4 4 5 5 5 5 5 5
n34-m289 6971 15 18 15 1 3 3 3 4 4 4 4 4 5 5 5 5 5 5 18 1 1 1 1 1 2 2 3 4 4 4 4 5 5 5 5 5 5
n34-m289 6974 15 18 15 2 3 3 3 4 4 4 4 4 5 5 5 5 5 5 18 1 1 1 1 1 1 2 3 4 4 4 4 5 5 5 5 5 7
n34-m289 6975 15 18 15 2 3 3 3 4 4 4 4 4 5 5 5 5 5 5 18 1 1 1 1 1 1 2 3 4 4 4 4 5 5 5 5 6 6
n34-m289 6977 15 18 15 2 3 3 3 4 4 4 4 4 5 5 5 5 5 5 18 1 1 1 1 1 1 2 3 4 4 4 5 5 5 5 5 5 6
n34-m289 6978 15 18 15 2 3 3 3 4 4 4 4 4 5 5 5 5 5 5 18 1 1 1 1 1 1 2 3 4 4 5 5 5 5 5 5 5 5
n34-m289 6980 15 18 15 2 3 3 3 4 4 4 4 4 5 5 5 5 5 5 18 1 1 1 1 1 1 2 4 4 4 4 4 5 5 5 5 5 6
n34-m289 6981 15 18 15 2 3 3 3 4 4 4 4 4 5 5 5 5 5 5 18 1 1 1 1 1 1 2 4 4 4 4 5 5 5 5 5 5 5
n34-m289 6983 15 18 15 2 3 3 3 4 4 4 4 4 5 5 5 5 5 5 18 1 1 1 1 1 1 3 3 4 4 4 4 5 5 5 5 5 6
n34-m289 6984 15 18 15 2 3 3 3 4 4 4 4 4 5 5 5 5 5 5 18 1 1 1 1 1 1 3 3 4 4 4 5 5 5 5 5 5 5
n34-m289 6985 15 18 15 2 3 3 3 4 4 4 4 4 5 5 5 5 5 5 18 1 1 1 1 1 1 3 4 4 4 4 4 5 5 5 5 5 5
n34-m289 6987 15 18 15 2 3 3 3 4 4 4 4 4 5 5 5 5 5 5 18 1 1 1 1 1 2 2 3 4 4 4 4 5 5 5 5 5 6
n34-m289 6988 15 18 15 2 3 3 3 4 4 4 4 4 5 5 5 5 5 5 18 1 1 1 1 1 2 2 3 4 4 4 5 5 5 5 5 5 5
n34-m289 6989 15 18 15 2 3 3 3 4 4 4 4 4 5 5 5 5 5 5 18 1 1 1 1 1 2 2 4 4 4 4 4 5 5 5 5 5 5
n34-m289 6990 15 18 15 2 3 3 3 4 4 4 4 4 5 5 5 5 5 5 18 1 1 1 1 1 2 3 3 4 4 4 4 5 5 5 5 5 5
n34-m289 6991 15 18 15 2 3 3 3 4 4 4 4 4 5 5 5 5 5 5 18 1 1 1 1 2 2 2 3 4 4 4 4 5 5 5 5 5 5
n34-m289 6994 15 18 15 3 3 3 3 4 4 4 4 4 5 5 5 5 5 5 18 1 1 1 1 1 1 3 3 4 4 4 4 5 5 5 5 5 7
n34-m289 6995 15 18 15 3 3 3 3 4 4 4 4 4 5 5 5 5 5 5 18 1 1 1 1 1 1 3 3 4 4 4 4 5 5 5 5 6 6
n34-m289 6997 15 18 15 3 3 3 3 4 4 4 4 4 5 5 5 5 5 5 18 1 1 1 1 1 1 3 3 4 4 4 5 5 5 5 5 5 6
n34-m289 6998 15 18 15 3 3 3 3 4 4 4 4 4 5 5 5 5 5 5 18 1 1 1 1 1 1 3 3 4 4 5 5 5 5 5 5 5 5
n34-m289 7000 15 18 15 3 3 3 3 4 4 4 4 4 5 5 5 5 5 5 18 1 1 1 1 1 1 3 4 4 4 4 4 5 5 5 5 5 6
n34-m289 7001 15 18 15 3 3 3 3 4 4 4 4 4 5 5 5 5 5 5 18 1 1 1 1 1 1 3 4 4 4 4 5 5 5 5 5 5 5
n34-m289 7002 15 18 15 3 3 3 3 4 4 4 4 4 5 5 5 5 5 5 18 1 1 1 1 1 1 4 4 4 4 4 4 5 5 5 5 5 5
n34-m289 7004 15 18 15 3 3 3 3 4 4 4 4 4 5 5 5 5 5 5 18 1 1 1 1 1 2 3 3 4 4 4 4 5 5 5 5 5 6
n34-m289 7005 15 18 15 3 3 3 3 4 4 4 4 4 5 5 5 5 5 5 18 1 1 1 1 1 2 3 3 4 4 4 5 5 5 5 5 5 5
n34-m289 7006 15 18 15 3 3 3 3 4 4 4 4 4 5 5 5 5 5 5 18 1 1 1 1 1 2 3 4 4 4 4 4 5 5 5 5 5 5
n34-m289 7007 15 18 15 3 3 3 3 4 4 4 4 4 5 5 5 5 5 5 18 1 1 1 1 1 3 3 3 4 4 4 4 5 5 5 5 5 5
n34-m289 7008 15 18 15 3 3 3 3 4 4 4 4 4 5 5 5 5 5 5 18 1 1 1 1 2 2 3 3 4 4 4 4 5 5 5 5 5 5
n34-m289 7009 15 18 15 1 1 2 4 4 4 4 4 4 5 5 5 5 5 5 18 1 1 1 1 1 1 1 3 4 4 4 4 5 5 5 5 5 5
n34-m289 7015 15 18 15 1 2 2 4 4 4 4 4 4 5 5 5 5 5 5 18 1 1 1 1 1 1 2 3 4 4 4 4 5 5 5 5 5 5
n34-m289 7017 15 18 15 2 2 2 4 4 4 4 4 4 5 5 5 5 5 5 18 1 1 1 1 1 1 2 3 4 4 4 4 5 5 5 5 5 6
n34-m289 7018 15 18 15 2 2 2 4 4 4 4 4 4 5 5 5 5 5 5 18 1 1 1 1 1 1 2 3 4 4 4 5 5 5 5 5 5 5
n34-m289 7019 15 18 15 2 2 2 4 4 4 4 4 4 5 5 5 5 5 5 18 1 1 1 1 1 1 2 4 4 4 4 4 5 5 5 5 5 5
n34-m289 7020 15 18 15 2 2 2 4 4 4 4 4 4 5 5 5 5 5 5 18 1 1 1 1 1 1 3 3 4 4 4 4 5 5 5 5 5 5
n34-m289 7021 15 18 15 2 2 2 4 4 4 4 4 4 5 5 5 5 5 5 18 1 1 1 1 1 2 2 3 4 4 4 4 5 5 5 5 5 5
n34-m289 7022 15 18 15 0 1 3 4 4 4 4 4 4 5 5 5 5 5 5 18 1 1 1 1 1 1 1 3 4 4 4 4 5 5 5 5 5 5
n34-m289 7024 15 18 15 1 1 3 4 4 4 4 4 4 5 5 5 5 5 5 18 1 1 1 1 1 1 1 3 4 4 4 4 5 5 5 5 5 6
n34-m289 7025 15 18 15 1 1 3 4 4 4 4 4 4 5 5 5 5 5 5 18 1 1 1 1 1 1 1 3 4 4 4 5 5 5 5 5 5 5
n34-m289 7026 15 18 15 1 1 3 4 4 4 4 4 4 5 5 5 5 5 5 18 1 1 1 1 1 1 1 4 4 4 4 4 5 5 5 5 5 5
n34-m289 7027 15 18 15 1 1 3 4 4 4 4 4 4 5 5 5 5 5 5 18 1 1 1 1 1 1 2 3 4 4 4 4 5 5 5 5 5 5
n34-m289 7028 15 18 15 0 2 3 4 4 4 4 4 4 5 5 5 5 5 5 18 1 1 1 1 1 1 2 3 4 4 4 4 5 5 5 5 5 5
n34-m289 7030 15 18 15 1 2 3 4 4 4 4 4 4 5 5 5 5 5 5 18 1 1 1 1 1 1 2 3 4 4 4 4 5 5 5 5 5 6
n34-m289 7031 15 18 15 1 2 3 4 4 4 4 4 4 5 5 5 5 5 5 18 1 1 1 1 1 1 2 3 4 4 4 5 5 5 5 5 5 5
n34-m289 7032 15 18 15 1 2 3 4 4 4 4 4 4 5 5 5 5 5 5 18 1 1 1 1 1 1 2 4 4 4 4 4 5 5 5 5 5 5
n34-m289 7033 15 18 15 1 2 3 4 4 4 4 4 4 5 5 5 5 5 5 18 1 1 1 1 1 1 3 3 4 4 4 4 5 5 5 5 5 5
n34-m289 7034 15 18 15 1 2 3 4 4 4 4 4 4 5 5 5 5 5 5 18 1 1 1 1 1 2 2 3 4 4 4 4 5 5 5 5 5 5
n34-m289 7037 15 18 15 2 2 3 4 4 4 4 4 4 5 5 5 5 5 5 18 1 1 1 1 1 1 2 3 4 4 4 4 5 5 5 5 5 7
n34-m289 7038 15 18 15 2 2 3 4 4 4 4 4 4 5 5 5 5 5 5 18 1 1 1 1 1 1 2 3 4 4 4 4 5 5 5 5 6 6
n34-m289 7040 15 18 15 2 2 3 4 4 4 4 4 4 5 5 5 5 5 5 18 1 1 1 1 1 1 2 3 4 4 4 5 5 5 5 5 5 6
n34-m289 7041 15 18 15 2 2 3 4 4 4 4 4 4 5 5 5 5 5 5 18 1 1 1 1 1 1 2 3 4 4 5 5 5 5 5 5 5 5
n34-m289 7043 15 18 15 2 2 3 4 4 4 4 4 4 5 5 5 5 5 5 18 1 1 1 1 1 1 2 4 4 4 4 4 5 5 5 5 5 6
n34-m289 7044 15 18 15 2 2 3 4 4 4 4 4 4 5 5 5 5 5 5 18 1 1 1 1 1 1 2 4 4 4 4 5 5 5 5 5 5 5
n34-m289 7046 15 18 15 2 2 3 4 4 4 4 4 4 5 5 5 5 5 5 18 1 1 1 1 1 1 3 3 4 4 4 4 5 5 5 5 5 6
n34-m289 7047 15 18 15 2 2 3 4 4 4 4 4 4 5 5 5 5 5 5 18 1 1 1 1 1 1 3 3 4 4 4 5 5 5 5 5 5 5
n34-m289 7048 15 18 15 2 2 3 4 4 4 4 4 4 5 5 5 5 5 5 18 1 1 1 1 1 1 3 4 4 4 4 4 5 5 5 5 5 5
n34-m289 7050 15 18 15 2 2 3 4 4 4 4 4 4 5 5 5 5 5 5 18 1 1 1 1 1 2 2 3 4 4 4 4 5 5 5 5 5 6
n34-m289 7051 15 18 15 2 2 3 4 4 4 4 4 4 5 5 5 5 5 5 18 1 1 1 1 1 2 2 3 4 4 4 5 5 5 5 5 5 5
n34-m289 7052 15 18 15 2 2 3 4 4 4 4 4 4 5 5 5 5 5 5 18 1 1 1 1 1 2 2 4 4 4 4 4 5 5 5 5 5 5
n34-m289 7053 15 18 15 2 2 3 4 4 4 4 4 4 5 5 5 5 5 5 18 1 1 1 1 1 2 3 3 4 4 4 4 5 5 5 5 5 5
n34-m289 7054 15 18 15 2 2 3 4 4 4 4 4 4 5 5 5 5 5 5 18 1 1 1 1 2 2 2 3 4 4 4 4 5 5 5 5 5 5
n34-m289 7055 15 18 15 0 3 3 4 4 4 4 4 4 5 5 5 5 5 5 18 1 1 1 1 1 1 2 3 4 4 4 4 5 5 5 5 5 5
n34-m289 7056 15 18 15 0 3 3 4 4 4 4 4 4 5 5 5 5 5 5 18 1 1 1 1 1 1 2 3 4 4 4 4 5 5 5 5 5 6
n34-m289 7057 15 18 15 0 3 3 4 4 4 4 4 4 5 5 5 5 5 5 18 1 1 1 1 1 1 2 3 4 4 4 5 5 5 5 5 5 5
n34-m289 7058 15 18 15 0 3 3 4 4 4 4 4 4 5 5 5 5 5 5 18 1 1 1 1 1 1 2 4 4 4 4 4 5 5 5 5 5 5
n34-m289 7059 15 18 15 0 3 3 4 4 4 4 4 4 5 5 5 5 5 5 18 1 1 1 1 1 1 3 3 4 4 4 4 5 5 5 5 5 5
n34-m289 7060 15 18 15 0 3 3 4 4 4 4 4 4 5 5 5 5 5 5 18 1 1 1 1 1 2 2 3 4 4 4 4 5 5 5 5 5 5
n34-m289 7063 15 18 15 1 3 3 4 4 4 4 4 4 5 5 5 5 5 5 18 1 1 1 1 1 1 2 3 4 4 4 4 5 5 5 5 5 7
n34-m289 7064 15 18 15 1 3 3 4 4 4 4 4 4 5 5 5 5 5 5 18 1 1 1 1 1 1 2 3 4 4 4 4 5 5 5 5 6 6
n34-m289 7066 15 18 15 1 3 3 4 4 4 4 4 4 5 5 5 5 5 5 18 1 1 1 1 1 1 2 3 4 4 4 5 5 5 5 5 5 6
n34-m289 7067 15 18 15 1 3 3 4 4 4 4 4 4 5 5 5 5 5 5 18 1 1 1 1 1 1 2 3 4 4 5 5 5 5 5 5 5 5
n34-m289 7069 15 18 15 1 3 3 4 4 4 4 4 4 5 5 5 5 5 5 18 1 1 1 1 1 1 2 4 4 4 4 4 5 5 5 5 5 6
n34-m289 7070 15 18 15 1 3 3 4 4 4 4 4 4 5 5 5 5 5 5 18 1 1 1 1 1 1 2 4 4 4 4 5 5 5 5 5 5 5
n34-m289 7072 15 18 15 1 3 3 4 4 4 4 4 4 5 5 5 5 5 5 18 1 1 1 1 1 1 3 3 4 4 4 4 5 5 5 5 5 6
n34-m289 7073 15 18 15 1 3 3 4 4 4 4 4 4 5 5 5 5 5 5 18 1 1 1 1 1 1 3 3 4 4 4 5 5 5 5 5 5 5
n34-m289 7074 15 18 15 1 3 3 4 4 4 4 4 4 5 5 5 5 5 5 18 1 1 1 1 1 1 3 4 4 4 4 4 5 5 5 5 5 5
n34-m289 7076 15 18 15 1 3 3 4 4 4 4 4 4 5 5 5 5 5 5 18 1 1 1 1 1 2 2 3 4 4 4 4 5 5 5 5 5 6
n34-m289 7077 15 18 15 1 3 3 4 4 4 4 4 4 5 5 5 5 5 5 18 1 1 1 1 1 2 2 3 4 4 4 5 5 5 5 5 5 5
n34-m289 7078 15 18 15 1 3 3 4 4 4 4 4 4 5 5 5 5 5 5 18 1 1 1 1 1 2 2 4 4 4 4 4 5 5 5 5 5 5
n34-m289 7079 15 18 15 1 3 3 4 4 4 4 4 4 5 5 5 5 5 5 18 1 1 1 1 1 2 3 3 4 4 4 4 5 5 5 5 5 5
n34-m289 7080 15 18 15 1 3 3 4 4 4 4 4 4 5 5 5 5 5 5 18 1 1 1 1 2 2 2 3 4 4 4 4 5 5 5 5 5 5
n34-m289 7084 15 18 15 2 3 3 4 4 4 4 4 4 5 5 5 5 5 5 18 1 1 1 1 1 1 2 3 4 4 4 4 5 5 5 5 5 8
n34-m289 7086 15 18 15 2 3 3 4 4 4 4 4 4 5 5 5 5 5 5 18 1 1 1 1 1 1 2 3 4 4 4 4 5 5 5 5 6 7
n34-m289 7087 15 18 15 2 3 3 4 4 4 4 4 4 5 5 5 5 5 5 18 1 1 1 1 1 1 2 3 4 4 4 4 5 5 5 6 6 6
n34-m289 7090 15 18 15 2 3 3 4 4 4 4 4 4 5 5 5 5 5 5 18 1 1 1 1 1 1 2 3 4 4 4 5 5 5 5 5 5 7
n34-m289 7091 15 18 15 2 3 3 4 4 4 4 4 4 5 5 5 5 5 5 18 1 1 1 1 1 1 2 3 4 4 4 5 5 5 5 5 6 6
n34-m289 7093 15 18 15 2 3 3 4 4 4 4 4 4 5 5 5 5 5 5 18 1 1 1 1 1 1 2 3 4 4 5 5 5 5 5 5 5 6
n34-m289 7094 15 18 15 2 3 3 4 4 4 4 4 4 5 5 5 5 5 5 18 1 1 1 1 1 1 2 3 4 5 5 5 5 5 5 5 5 5
n34-m289 7097 15 18 15 2 3 3 4 4 4 4 4 4 5 5 5 5 5 5 18 1 1 1 1 1 1 2 4 4 4 4 4 5 5 5 5 5 7
n34-m289 7098 15 18 15 2 3 3 4 4 4 4 4 4 5 5 5 5 5 5 18 1 1 1 1 1 1 2 4 4 4 4 4 5 5 5 5 6 6
n34-m289 7100 15 18 15 2 3 3 4 4 4 4 4 4 5 5 5 5 5 5 18 1 1 1 1 1 1 2 4 4 4 4 5 5 5 5 5 5 6
n34-m289 7101 15 18 15 2 3 3 4 4 4 4 4 4 5 5 5 5 5 5 18 1 1 1 1 1 1 2 4 4 4 5 5 5 5 5 5 5 5
n34-m289 7104 15 18 15 2 3 3 4 4 4 4 4 4 5 5 5 5 5 5 18 1 1 1 1 1 1 3 3 4 4 4 4 5 5 5 5 5 7
n34-m289 7105 15 18 15 2 3 3 4 4 4 4 4 4 5 5 5 5 5 5 18 1 1 1 1 1 1 3 3 4 4 4 4 5 5 5 5 6 6
n34-m289 7107 15 18 15 2 3 3 4 4 4 4 4 4 5 5 5 5 5 5 18 1 1 1 1 1 1 3 3 4 4 4 5 5 5 5 5 5 6
n34-m289 7108 15 18 15 2 3 3 4 4 4 4 4 4 5 5 5 5 5 5 18 1 1 1 1 1 1 3 3 4 4 5 5 5 5 5 5 5 5
n34-m289 7110 15 18 15 2 3 3 4 4 4 4 4 4 5 5 5 5 5 5 18 1 1 1 1 1 1 3 4 4 4 4 4 5 5 5 5 5 6
n34-m289 7111 15 18 15 2 3 3 4 4 4 4 4 4 5 5 5 5 5 5 18 1 1 1 1 1 1 3 4 4 4 4 5 5 5 5 5 5 5
n34-m289 7112 15 18 15 2 3 3 4 4 4 4 4 4 5 5 5 5 5 5 18 1 1 1 1 1 1 4 4 4 4 4 4 5 5 5 5 5 5
n34-m289 7115 15 18 15 2 3 3 4 4 4 4 4 4 5 5 5 5 5 5 18 1 1 1 1 1 2 2 3 4 4 4 4 5 5 5 5 5 7
n34-m289 7116 15 18 15 2 3 3 4 4 4 4 4 4 5 5 5 5 5 5 18 1 1 1 1 1 2 2 3 4 4 4 4 5 5 5 5 6 6
n34-m289 7118 15 18 15 2 3 3 4 4 4 4 4 4 5 5 5 5 5 5 18 1 1 1 1 1 2 2 3 4 4 4 5 5 5 5 5 5 6
n34-m289 7119 15 18 15 2 3 3 4 4 4 4 4 4 5 5 5 5 5 5 18 1 1 1 1 1 2 2 3 4 4 5 5 5 5 5 5 5 5
n34-m289 7121 15 18 15 2 3 3 4 4 4 4 4 4 5 5 5 5 5 5 18 1 1 1 1 1 2 2 4 4 4 4 4 5 5 5 5 5 6
n34-m289 7122 15 18 15 2 3 3 4 4 4 4 4 4 5 5 5 5 5 5 18 1 1 1 1 1 2 2 4 4 4 4 5 5 5 5 5 5 5
n34-m289 7124 15 18 15 2 3 3 4 4 4 4 4 4 5 5 5 5 5 5 18 1 1 1 1 1 2 3 3 4 4 4 4 5 5 5 5 5 6
n34-m289 7125 15 18 15 2 3 3 4 4 4 4 4 4 5 5 5 5 5 5 18 1 1 1 1 1 2 3 3 4 4 4 5 5 5 5 5 5 5
n34-m289 7126 15 18 15 2 3 3 4 4 4 4 4 4 5 5 5 5 5 5 18 1 1 1 1 1 2 3 4 4 4 4 4 5 5 5 5 5 5
n34-m289 7127 15 18 15 2 3 3 4 4 4 4 4 4 5 5 5 5 5 5 18 1 1 1 1 1 3 3 3 4 4 4 4 5 5 5 5 5 5
n34-m289 7129 15 18 15 2 3 3 4 4 4 4 4 4 5 5 5 5 5 5 18 1 1 1 1 2 2 2 3 4 4 4 4 5 5 5 5 5 6
n34-m289 7130 15 18 15 2 3 3 4 4 4 4 4 4 5 5 5 5 5 5 18 1 1 1 1 2 2 2 3 4 4 4 5 5 5 5 5 5 5
n34-m289 7131 15 18 15 2 3 3 4 4 4 4 4 4 5 5 5 5 5 5 18 1 1 1 1 2 2 2 4 4 4 4 4 5 5 5 5 5 5
n34-m289 7132 15 18 15 2 3 3 4 4 4 4 4 4 5 5 5 5 5 5 18 1 1 1 1 2 2 3 3 4 4 4 4 5 5 5 5 5 5
n34-m289 7133 15 18 15 2 3 3 4 4 4 4 4 4 5 5 5 5 5 5 18 1 1 1 2 2 2 2 3 4 4 4 4 5 5 5 5 5 5
n34-m289 7137 15 18 15 3 3 3 4 4 4 4 4 4 5 5 5 5 5 5 18 1 1 1 1 1 1 3 3 4 4 4 4 5 5 5 5 5 8
n34-m289 7139 15 18 15 3 3 3 4 4 4 4 4 4 5 5 5 5 5 5 18 1 1 1 1 1 1 3 3 4 4 4 4 5 5 5 5 6 7
n34-m289 7140 15 18 15 3 3 3 4 4 4 4 4 4 5 5 5 5 5 5 18 1 1 1 1 1 1 3 3 4 4 4 4 5 5 5 6 6 6
n34-m289 7143 15 18 15 3 3 3 4 4 4 4 4 4 5 5 5 5 5 5 18 1 1 1 1 1 1 3 3 4 4 4 5 5 5 5 5 5 7
n34-m289 7144 15 18 15 3 3 3 4 4 4 4 4 4 5 5 5 5 5 5 18 1 1 1 1 1 1 3 3 4 4 4 5 5 5 5 5 6 6
n34-m289 7146 15 18 15 3 3 3 4 4 4 4 4 4 5 5 5 5 5 5 18 1 1 1 1 1 1 3 3 4 4 5 5 5 5 5 5 5 6
n34-m289 7147 15 18 15 3 3 3 4 4 4 4 4 4 5 5 5 5 5 5 18 1 1 1 1 1 1 3 3 4 5 5 5 5 5 5 5 5 5
n34-m289 7150 15 18 15 3 3 3 4 4 4 4 4 4 5 5 5 5 5 5 18 1 1 1 1 1 1 3 4 4 4 4 4 5 5 5 5 5 7
n34-m289 7151 15 18 15 3 3 3 4 4 4 4 4 4 5 5 5 5 5 5 18 1 1 1 1 1 1 3 4 4 4 4 4 5 5 5 5 6 6
n34-m289 7153 15 18 15 3 3 3 4 4 4 4 4 4 5 5 5 5 5 5 18 1 1 1 1 1 1 3 4 4 4 4 5 5 5 5 5 5 6
n34-m289 7154 15 18 15 3 3 3 4 4 4 4 4 4 5 5 5 5 5 5 18 1 1 1 1 1 1 3 4 4 4 5 5 5 5 5 5 5 5
n34-m289 7156 15 18 15 3 3 3 4 4 4 4 4 4 5 5 5 5 5 5 18 1 1 1 1 1 1 4 4 4 4 4 4 5 5 5 5 5 6
n34-m289 7157 15 18 15 3 3 3 4 4 4 4 4 4 5 5 5 5 5 5 18 1 1 1 1 1 1 4 4 4 4 4 5 5 5 5 5 5 5
n34-m289 7160 15 18 15 3 3 3 4 4 4 4 4 4 5 5 5 5 5 5 18 1 1 1 1 1 2 3 3 4 4 4 4 5 5 5 5 5 7
n34-m289 7161 15 18 15 3 3 3 4 4 4 4 4 4 5 5 5 5 5 5 18 1 1 1 1 1 2 3 3 4 4 4 4 5 5 5 5 6 6
n34-m289 7163 15 18 15 3 3 3 4 4 4 4 4 4 5 5 5 5 5 5 18 1 1 1 1 1 2 3 3 4 4 4 5 5 5 5 5 5 6
n34-m289 7164 15 18 15 3 3 3 4 4 4 4 4 4 5 5 5 5 5 5 18 1 1 1 1 1 2 3 3 4 4 5 5 5 5 5 5 5 5
n34-m289 7166 15 18 15 3 3 3 4 4 4 4 4 4 5 5 5 5 5 5 18 1 1 1 1 1 2 3 4 4 4 4 4 5 5 5 5 5 6
n34-m289 7167 15 18 15 3 3 3 4 4 4 4 4 4 5 5 5 5 5 5 18 1 1 1 1 1 2 3 4 4 4 4 5 5 5 5 5 5 5
n34-m289 7168 15 18 15 3 3 3 4 4 4 4 4 4 5 5 5 5 5 5 18 1 1 1 1 1 2 4 4 4 4 4 4 5 5 5 5 5 5
n34-m289 7170 15 18 15 3 3 3 4 4 4 4 4 4 5 5 5 5 5 5 18 1 1 1 1 1 3 3 3 4 4 4 4 5 5 5 5 5 6
n34-m289 7171 15 18 15 3 3 3 4 4 4 4 4 4 5 5 5 5 5 5 18 1 1 1 1 1 3 3 3 4 4 4 5 5 5 5 5 5 5
n34-m289 7172 15 18 15 3 3 3 4 4 4 4 4 4 5 5 5 5 5 5 18 1 1 1 1 1 3 3 4 4 4 4 4 5 5 5 5 5 5
n34-m289 7174 15 18 15 3 3 3 4 4 4 4 4 4 5 5 5 5 5 5 18 1 1 1 1 2 2 3 3 4 4 4 4 5 5 5 5 5 6
n34-m289 7175 15 18 15 3 3 3 4 4 4 4 4 4 5 5 5 5 5 5 18 1 1 1 1 2 2 3 3 4 4 4 5 5 5 5 5 5 5
n34-m289 7176 15 18 15 3 3 3 4 4 4 4 4 4 5 5 5 5 5 5 18 1 1 1 1 2 2 3 4 4 4 4 4 5 5 5 5 5 5
n34-m289 7177 15 18 15 3 3 3 4 4 4 4 4 4 5 5 5 5 5 5 18 1 1 1 1 2 3 3 3 4 4 4 4 5 5 5 5 5 5
n34-m289 7178 15 18 15 3 3 3 4 4 4 4 4 4 5 5 5 5 5 5 18 1 1 1 2 2 2 3 3 4 4 4 4 5 5 5 5 5 5
n34-m289 7183 15 18 15 1 1 4 4 4 4 4 4 4 5 5 5 5 5 5 18 1 1 1 1 1 1 2 4 4 4 4 4 5 5 5 5 5 5
n34-m289 7184 15 18 15 0 2 4 4 4 4 4 4 4 5 5 5 5 5 5 18 1 1 1 1 1 1 2 4 4 4 4 4 5 5 5 5 5 5
n34-m289 7186 15 18 15 1 2 4 4 4 4 4 4 4 5 5 5 5 5 5 18 1 1 1 1 1 1 2 4 4 4 4 4 5 5 5 5 5 6
n34-m289 7187 15 18 15 1 2 4 4 4 4 4 4 4 5 5 5 5 5 5 18 1 1 1 1 1 1 2 4 4 4 4 5 5 5 5 5 5 5
n34-m289 7188 15 18 15 1 2 4 4 4 4 4 4 4 5 5 5 5 5 5 18 1 1 1 1 1 1 3 4 4 4 4 4 5 5 5 5 5 5
n34-m289 7189 15 18 15 1 2 4 4 4 4 4 4 4 5 5 5 5 5 5 18 1 1 1 1 1 2 2 4 4 4 4 4 5 5 5 5 5 5
n34-m289 7192 15 18 15 2 2 4 4 4 4 4 4 4 5 5 5 5 5 5 18 1 1 1 1 1 1 2 4 4 4 4 4 5 5 5 5 5 7
n34-m289 7193 15 18 15 2 2 4 4 4 4 4 4 4 5 5 5 5 5 5 18 1 1 1 1 1 1 2 4 4 4 4 4 5 5 5 5 6 6
n34-m289 7195 15 18 15 2 2 4 4 4 4 4 4 4 5 5 5 5 5 5 18 1 1 1 1 1 1 2 4 4 4 4 5 5 5 5 5 5 6
n34-m289 7196 15 18 15 2 2 4 4 4 4 4 4 4 5 5 5 5 5 5 18 1 1 1 1 1 1 2 4 4 4 5 5 5 5 5 5 5 5
n34-m289 7198 15 18 15 2 2 4 4 4 4 4 4 4 5 5 5 5 5 5 18 1 1 1 1 1 1 3 4 4 4 4 4 5 5 5 5 5 6
n34-m289 7199 15 18 15 2 2 4 4 4 4 4 4 4 5 5 5 5 5 5 18 1 1 1 1 1 1 3 4 4 4 4 5 5 5 5 5 5 5
n34-m289 7200 15 18 15 2 2 4 4 4 4 4 4 4 5 5 5 5 5 5 18 1 1 1 1 1 1 4 4 4 4 4 4 5 5 5 5 5 5
n34-m289 7202 15 18 15 2 2 4 4 4 4 4 4 4 5 5 5 5 5 5 18 1 1 1 1 1 2 2 4 4 4 4 4 5 5 5 5 5 6
n34-m289 7203 15 18 15 2 2 4 4 4 4 4 4 4 5 5 5 5 5 5 18 1 1 1 1 1 2 2 4 4 4 4 5 5 5 5 5 5 5
n34-m289 7204 15 18 15 2 2 4 4 4 4 4 4 4 5 5 5 5 5 5 18 1 1 1 1 1 2 3 4 4 4 4 4 5 5 5 5 5 5
n34-m289 7205 15 18 15 2 2 4 4 4 4 4 4 4 5 5 5 5 5 5 18 1 1 1 1 2 2 2 4 4 4 4 4 5 5 5 5 5 5
n34-m289 7209 15 18 15 0 3 4 4 4 4 4 4 4 5 5 5 5 5 5 18 1 1 1 1 1 1 3 4 4 4 4 4 5 5 5 5 5 5
n34-m289 7219 15 18 15 1 3 4 4 4 4 4 4 4 5 5 5 5 5 5 18 1 1 1 1 1 1 3 4 4 4 4 4 5 5 5 5 5 6
n34-m289 7220 15 18 15 1 3 4 4 4 4 4 4 4 5 5 5 5 5 5 18 1 1 1 1 1 1 3 4 4 4 4 5 5 5 5 5 5 5
n34-m289 7221 15 18 15 1 3 4 4 4 4 4 4 4 5 5 5 5 5 5 18 1 1 1 1 1 1 4 4 4 4 4 4 5 5 5 5 5 5
n34-m289 7225 15 18 15 1 3 4 4 4 4 4 4 4 5 5 5 5 5 5 18 1 1 1 1 1 2 3 4 4 4 4 4 5 5 5 5 5 5
n34-m289 7243 15 18 15 2 3 4 4 4 4 4 4 4 5 5 5 5 5 5 18 1 1 1 1 1 1 3 4 4 4 4 4 5 5 5 5 5 7
n34-m289 7244 15 18 15 2 3 4 4 4 4 4 4 4 5 5 5 5 5 5 18 1 1 1 1 1 1 3 4 4 4 4 4 5 5 5 5 6 6
n34-m289 7246 15 18 15 2 3 4 4 4 4 4 4 4 5 5 5 5 5 5 18 1 1 1 1 1 1 3 4 4 4 4 5 5 5 5 5 5 6
n34-m289 7247 15 18 15 2 3 4 4 4 4 4 4 4 5 5 5 5 5 5 18 1 1 1 1 1 1 3 4 4 4 5 5 5 5 5 5 5 5
n34-m289 7249 15 18 15 2 3 4 4 4 4 4 4 4 5 5 5 5 5 5 18 1 1 1 1 1 1 4 4 4 4 4 4 5 5 5 5 5 6
n34-m289 7250 15 18 15 2 3 4 4 4 4 4 4 4 5 5 5 5 5 5 18 1 1 1 1 1 1 4 4 4 4 4 5 5 5 5 5 5 5
n34-m289 7259 15 18 15 2 3 4 4 4 4 4 4 4 5 5 5 5 5 5 18 1 1 1 1 1 2 3 4 4 4 4 4 5 5 5 5 5 6
n34-m289 7260 15 18 15 2 3 4 4 4 4 4 4 4 5 5 5 5 5 5 18 1 1 1 1 1 2 3 4 4 4 4 5 5 5 5 5 5 5
n34-m289 7261 15 18 15 2 3 4 4 4 4 4 4 4 5 5 5 5 5 5 18 1 1 1 1 1 2 4 4 4 4 4 4 5 5 5 5 5 5
n34-m289 7262 15 18 15 2 3 4 4 4 4 4 4 4 5 5 5 5 5 5 18 1 1 1 1 1 3 3 4 4 4 4 4 5 5 5 5 5 5
n34-m289 7266 15 18 15 2 3 4 4 4 4 4 4 4 5 5 5 5 5 5 18 1 1 1 1 2 2 3 4 4 4 4 4 5 5 5 5 5 5
n34-m289 7271 15 18 15 3 3 4 4 4 4 4 4 4 5 5 5 5 5 5 18 1 1 1 1 1 1 3 4 4 4 4 4 5 5 5 5 5 8
n34-m289 7273 15 18 15 3 3 4 4 4 4 4 4 4 5 5 5 5 5 5 18 1 1 1 1 1 1 3 4 4 4 4 4 5 5 5 5 6 7
n34-m289 7274 15 18 15 3 3 4 4 4 4 4 4 4 5 5 5 5 5 5 18 1 1 1 1 1 1 3 4 4 4 4 4 5 5 5 6 6 6
n34-m289 7277 15 18 15 3 3 4 4 4 4 4 4 4 5 5 5 5 5 5 18 1 1 1 1 1 1 3 4 4 4 4 5 5 5 5 5 5 7
n34-m289 7278 15 18 15 3 3 4 4 4 4 4 4 4 5 5 5 5 5 5 18 1 1 1 1 1 1 3 4 4 4 4 5 5 5 5 5 6 6
n34-m289 7280 15 18 15 3 3 4 4 4 4 4 4 4 5 5 5 5 5 5 18 1 1 1 1 1 1 3 4 4 4 5 5 5 5 5 5 5 6
n34-m289 7281 15 18 15 3 3 4 4 4 4 4 4 4 5 5 5 5 5 5 18 1 1 1 1 1 1 3 4 4 5 5 5 5 5 5 5 5 5
n34-m289 7284 15 18 15 3 3 4 4 4 4 4 4 4 5 5 5 5 5 5 18 1 1 1 1 1 1 4 4 4 4 4 4 5 5 5 5 5 7
n34-m289 7285 15 18 15 3 3 4 4 4 4 4 4 4 5 5 5 5 5 5 18 1 1 1 1 1 1 4 4 4 4 4 4 5 5 5 5 6 6
n34-m289 7287 15 18 15 3 3 4 4 4 4 4 4 4 5 5 5 5 5 5 18 1 1 1 1 1 1 4 4 4 4 4 5 5 5 5 5 5 6
n34-m289 7288 15 18 15 3 3 4 4 4 4 4 4 4 5 5 5 5 5 5 18 1 1 1 1 1 1 4 4 4 4 5 5 5 5 5 5 5 5
n34-m289 7291 15 18 15 3 3 4 4 4 4 4 4 4 5 5 5 5 5 5 18 1 1 1 1 1 2 3 4 4 4 4 4 5 5 5 5 5 7
n34-m289 7292 15 18 15 3 3 4 4 4 4 4 4 4 5 5 5 5 5 5 18 1 1 1 1 1 2 3 4 4 4 4 4 5 5 5 5 6 6
n34-m289 7294 15 18 15 3 3 4 4 4 4 4 4 4 5 5 5 5 5 5 18 1 1 1 1 1 2 3 4 4 4 4 5 5 5 5 5 5 6
n34-m289 7295 15 18 15 3 3 4 4 4 4 4 4 4 5 5 5 5 5 5 18 1 1 1 1 1 2 3 4 4 4 5 5 5 5 5 5 5 5
n34-m289 7297 15 18 15 3 3 4 4 4 4 4 4 4 5 5 5 5 5 5 18 1 1 1 1 1 2 4 4 4 4 4 4 5 5 5 5 5 6
n34-m289 7298 15 18 15 3 3 4 4 4 4 4 4 4 5 5 5 5 5 5 18 1 1 1 1 1 2 4 4 4 4 4 5 5 5 5 5 5 5
n34-m289 7300 15 18 15 3 3 4 4 4 4 4 4 4 5 5 5 5 5 5 18 1 1 1 1 1 3 3 4 4 4 4 4 5 5 5 5 5 6
n34-m289 7301 15 18 15 3 3 4 4 4 4 4 4 4 5 5 5 5 5 5 18 1 1 1 1 1 3 3 4 4 4 4 5 5 5 5 5 5 5
n34-m289 7302 15 18 15 3 3 4 4 4 4 4 4 4 5 5 5 5 5 5 18 1 1 1 1 1 3 4 4 4 4 4 4 5 5 5 5 5 5
n34-m289 7304 15 18 15 3 3 4 4 4 4 4 4 4 5 5 5 5 5 5 18 1 1 1 1 2 2 3 4 4 4 4 4 5 5 5 5 5 6
n34-m289 7305 15 18 15 3 3 4 4 4 4 4 4 4 5 5 5 5 5 5 18 1 1 1 1 2 2 3 4 4 4 4 5 5 5 5 5 5 5
n34-m289 7306 15 18 15 3 3 4 4 4 4 4 4 4 5 5 5 5 5 5 18 1 1 1 1 2 2 4 4 4 4 4 4 5 5 5 5 5 5
n34-m289 7307 15 18 15 3 3 4 4 4 4 4 4 4 5 5 5 5 5 5 18 1 1 1 1 2 3 3 4 4 4 4 4 5 5 5 5 5 5
n34-m289 7308 15 18 15 3 3 4 4 4 4 4 4 4 5 5 5 5 5 5 18 1 1 1 2 2 2 3 4 4 4 4 4 5 5 5 5 5 5
n34-m289 7312 15 18 15 0 4 4 4 4 4 4 4 4 5 5 5 5 5 5 18 1 1 1 1 1 1 4 4 4 4 4 4 5 5 5 5 5 5
n34-m289 7313 15 18 15 0 4 4 4 4 4 4 4 4 5 5 5 5 5 5 18 1 1 1 1 1 2 3 4 4 4 4 4 5 5 5 5 5 5
n34-m289 7316 15 18 15 1 4 4 4 4 4 4 4 4 5 5 5 5 5 5 18 1 1 1 1 1 1 3 4 4 4 4 4 5 5 5 5 5 7
n34-m289 7317 15 18 15 1 4 4 4 4 4 4 4 4 5 5 5 5 5 5 18 1 1 1 1 1 1 3 4 4 4 4 4 5 5 5 5 6 6
n34-m289 7319 15 18 15 1 4 4 4 4 4 4 4 4 5 5 5 5 5 5 18 1 1 1 1 1 1 3 4 4 4 4 5 5 5 5 5 5 6
n34-m289 7320 15 18 15 1 4 4 4 4 4 4 4 4 5 5 5 5 5 5 18 1 1 1 1 1 1 3 4 4 4 5 5 5 5 5 5 5 5
n34-m289 7322 15 18 15 1 4 4 4 4 4 4 4 4 5 5 5 5 5 5 18 1 1 1 1 1 1 4 4 4 4 4 4 5 5 5 5 5 6
n34-m289 7323 15 18 15 1 4 4 4 4 4 4 4 4 5 5 5 5 5 5 18 1 1 1 1 1 1 4 4 4 4 4 5 5 5 5 5 5 5
n34-m289 7325 15 18 15 1 4 4 4 4 4 4 4 4 5 5 5 5 5 5 18 1 1 1 1 1 2 3 4 4 4 4 4 5 5 5 5 5 6
n34-m289 7326 15 18 15 1 4 4 4 4 4 4 4 4 5 5 5 5 5 5 18 1 1 1 1 1 2 3 4 4 4 4 5 5 5 5 5 5 5
n34-m289 7327 15 18 15 1 4 4 4 4 4 4 4 4 5 5 5 5 5 5 18 1 1 1 1 1 2 4 4 4 4 4 4 5 5 5 5 5 5
n34-m289 7328 15 18 15 1 4 4 4 4 4 4 4 4 5 5 5 5 5 5 18 1 1 1 1 1 3 3 4 4 4 4 4 5 5 5 5 5 5
n34-m289 7329 15 18 15 1 4 4 4 4 4 4 4 4 5 5 5 5 5 5 18 1 1 1 1 2 2 3 4 4 4 4 4 5 5 5 5 5 5
n34-m289 7346 15 18 15 2 4 4 4 4 4 4 4 4 5 5 5 5 5 5 18 1 1 1 1 1 1 4 4 4 4 4 4 5 5 5 5 5 7
n34-m289 7347 15 18 15 2 4 4 4 4 4 4 4 4 5 5 5 5 5 5 18 1 1 1 1 1 1 4 4 4 4 4 4 5 5 5 5 6 6
n34-m289 7349 15 18 15 2 4 4 4 4 4 4 4 4 5 5 5 5 5 5 18 1 1 1 1 1 1 4 4 4 4 4 5 5 5 5 5 5 6
n34-m289 7350 15 18 15 2 4 4 4 4 4 4 4 4 5 5 5 5 5 5 18 1 1 1 1 1 1 4 4 4 4 5 5 5 5 5 5 5 5
n34-m289 7359 15 18 15 2 4 4 4 4 4 4 4 4 5 5 5 5 5 5 18 1 1 1 1 1 2 4 4 4 4 4 4 5 5 5 5 5 6
n34-m289 7360 15 18 15 2 4 4 4 4 4 4 4 4 5 5 5 5 5 5 18 1 1 1 1 1 2 4 4 4 4 4 5 5 5 5 5 5 5
n34-m289 7364 15 18 15 2 4 4 4 4 4 4 4 4 5 5 5 5 5 5 18 1 1 1 1 1 3 4 4 4 4 4 4 5 5 5 5 5 5
n34-m289 7366 15 18 15 2 4 4 4 4 4 4 4 4 5 5 5 5 5 5 18 1 1 1 1 2 2 3 4 4 4 4 4 5 5 5 5 5 6
n34-m289 7368 15 18 15 2 4 4 4 4 4 4 4 4 5 5 5 5 5 5 18 1 1 1 1 2 2 4 4 4 4 4 4 5 5 5 5 5 5
n34-m289 7369 15 18 15 2 4 4 4 4 4 4 4 4 5 5 5 5 5 5 18 1 1 1 1 2 3 3 4 4 4 4 4 5 5 5 5 5 5
n34-m289 7370 15 18 15 2 4 4 4 4 4 4 4 4 5 5 5 5 5 5 18 1 1 1 2 2 2 3 4 4 4 4 4 5 5 5 5 5 5
n34-m289 7400 15 18 15 3 4 4 4 4 4 4 4 4 5 5 5 5 5 5 18 1 1 1 1 1 1 4 4 4 4 4 4 5 5 5 5 5 8
n34-m289 7402 15 18 15 3 4 4 4 4 4 4 4 4 5 5 5 5 5 5 18 1 1 1 1 1 1 4 4 4 4 4 4 5 5 5 5 6 7
n34-m289 7403 15 18 15 3 4 4 4 4 4 4 4 4 5 5 5 5 5 5 18 1 1 1 1 1 1 4 4 4 4 4 4 5 5 5 6 6 6
n34-m289 7406 15 18 15 3 4 4 4 4 4 4 4 4 5 5 5 5 5 5 18 1 1 1 1 1 1 4 4 4 4 4 5 5 5 5 5 5 7
n34-m289 7407 15 18 15 3 4 4 4 4 4 4 4 4 5 5 5 5 5 5 18 1 1 1 1 1 1 4 4 4 4 4 5 5 5 5 5 6 6
n34-m289 7409 15 18 15 3 4 4 4 4 4 4 4 4 5 5 5 5 5 5 18 1 1 1 1 1 1 4 4 4 4 5 5 5 5 5 5 5 6
n34-m289 7410 15 18 15 3 4 4 4 4 4 4 4 4 5 5 5 5 5 5 18 1 1 1 1 1 1 4 4 4 5 5 5 5 5 5 5 5 5
n34-m289 7427 15 18 15 3 4 4 4 4 4 4 4 4 5 5 5 5 5 5 18 1 1 1 1 1 2 4 4 4 4 4 4 5 5 5 5 5 7
n34-m289 7428 15 18 15 3 4 4 4 4 4 4 4 4 5 5 5 5 5 5 18 1 1 1 1 1 2 4 4 4 4 4 4 5 5 5 5 6 6
n34-m289 7430 15 18 15 3 4 4 4 4 4 4 4 4 5 5 5 5 5 5 18 1 1 1 1 1 2 4 4 4 4 4 5 5 5 5 5 5 6
n34-m289 7431 15 18 15 3 4 4 4 4 4 4 4 4 5 5 5 5 5 5 18 1 1 1 1 1 2 4 4 4 4 5 5 5 5 5 5 5 5
n34-m289 7440 15 18 15 3 4 4 4 4 4 4 4 4 5 5 5 5 5 5 18 1 1 1 1 1 3 4 4 4 4 4 4 5 5 5 5 5 6
n34-m289 7441 15 18 15 3 4 4 4 4 4 4 4 4 5 5 5 5 5 5 18 1 1 1 1 1 3 4 4 4 4 4 5 5 5 5 5 5 5
n34-m289 7442 15 18 15 3 4 4 4 4 4 4 4 4 5 5 5 5 5 5 18 1 1 1 1 1 4 4 4 4 4 4 4 5 5 5 5 5 5
n34-m289 7445 15 18 15 3 4 4 4 4 4 4 4 4 5 5 5 5 5 5 18 1 1 1 1 2 2 3 4 4 4 4 4 5 5 5 5 5 7
n34-m289 7446 15 18 15 3 4 4 4 4 4 4 4 4 5 5 5 5 5 5 18 1 1 1 1 2 2 3 4 4 4 4 4 5 5 5 5 6 6
n34-m289 7448 15 18 15 3 4 4 4 4 4 4 4 4 5 5 5 5 5 5 18 1 1 1 1 2 2 3 4 4 4 4 5 5 5 5 5 5 6
n34-m289 7449 15 18 15 3 4 4 4 4 4 4 4 4 5 5 5 5 5 5 18 1 1 1 1 2 2 3 4 4 4 5 5 5 5 5 5 5 5
n34-m289 7451 15 18 15 3 4 4 4 4 4 4 4 4 5 5 5 5 5 5 18 1 1 1 1 2 2 4 4 4 4 4 4 5 5 5 5 5 6
n34-m289 7452 15 18 15 3 4 4 4 4 4 4 4 4 5 5 5 5 5 5 18 1 1 1 1 2 2 4 4 4 4 4 5 5 5 5 5 5 5
n34-m289 7454 15 18 15 3 4 4 4 4 4 4 4 4 5 5 5 5 5 5 18 1 1 1 1 2 3 3 4 4 4 4 4 5 5 5 5 5 6
n34-m289 7455 15 18 15 3 4 4 4 4 4 4 4 4 5 5 5 5 5 5 18 1 1 1 1 2 3 3 4 4 4 4 5 5 5 5 5 5 5
n34-m289 7456 15 18 15 3 4 4 4 4 4 4 4 4 5 5 5 5 5 5 18 1 1 1 1 2 3 4 4 4 4 4 4 5 5 5 5 5 5
n34-m289 7457 15 18 15 3 4 4 4 4 4 4 4 4 5 5 5 5 5 5 18 1 1 1 1 3 3 3 4 4 4 4 4 5 5 5 5 5 5
n34-m289 7459 15 18 15 3 4 4 4 4 4 4 4 4 5 5 5 5 5 5 18 1 1 1 2 2 2 3 4 4 4 4 4 5 5 5 5 5 6
n34-m289 7460 15 18 15 3 4 4 4 4 4 4 4 4 5 5 5 5 5 5 18 1 1 1 2 2 2 3 4 4 4 4 5 5 5 5 5 5 5
n34-m289 7461 15 18 15 3 4 4 4 4 4 4 4 4 5 5 5 5 5 5 18 1 1 1 2 2 2 4 4 4 4 4 4 5 5 5 5 5 5
n34-m289 7462 15 18 15 3 4 4 4 4 4 4 4 4 5 5 5 5 5 5 18 1 1 1 2 2 3 3 4 4 4 4 4 5 5 5 5 5 5
n34-m289 7463 15 18 15 3 4 4 4 4 4 4 4 4 5 5 5 5 5 5 18 1 1 2 2 2 2 3 4 4 4 4 4 5 5 5 5 5 5
n34-m289 7512 15 18 15 4 4 4 4 4 4 4 4 4 5 5 5 5 5 5 18 1 1 1 1 1 4 4 4 4 4 4 4 5 5 5 5 5 6
n34-m289 7513 15 18 15 4 4 4 4 4 4 4 4 4 5 5 5 5 5 5 18 1 1 1 1 1 4 4 4 4 4 4 5 5 5 5 5 5 5
n34-m289 7524 15 18 15 4 4 4 4 4 4 4 4 4 5 5 5 5 5 5 18 1 1 1 1 2 4 4 4 4 4 4 4 5 5 5 5 5 5
n34-m289 7529 15 18 15 4 4 4 4 4 4 4 4 4 5 5 5 5 5 5 18 1 1 1 2 2 3 4 4 4 4 4 4 5 5 5 5 5 5
n34-m289 7530 15 18 15 4 4 4 4 4 4 4 4 4 5 5 5 5 5 5 18 1 1 2 2 2 2 4 4 4 4 4 4 5 5 5 5 5 5
n34-m289 7547 15 18 15 1 3 3 3 3 3 3 4 5 5 5 5 5 5 5 18 1 1 1 1 1 1 1 3 3 4 4 5 5 5 5 5 5 5
n34-m289 7548 15 18 15 2 3 3 3 3 3 3 4 5 5 5 5 5 5 5 18 1 1 1 1 1 1 2 3 3 4 4 5 5 5 5 5 5 5
n34-m289 7553 15 18 15 3 3 3 3 3 3 3 4 5 5 5 5 5 5 5 18 1 1 1 1 1 1 3 3 3 4 4 5 5 5 5 5 5 5
n34-m289 7567 15 18 15 2 3 3 3 3 3 4 4 5 5 5 5 5 5 5 18 1 1 1 1 1 1 2 3 3 4 5 5 5 5 5 5 5 5
n34-m289 7568 15 18 15 2 3 3 3 3 3 4 4 5 5 5 5 5 5 5 18 1 1 1 1 1 1 2 3 4 4 4 5 5 5 5 5 5 5
n34-m289 7584 15 18 15 3 3 3 3 3 3 4 4 5 5 5 5 5 5 5 18 1 1 1 1 1 1 3 3 3 4 5 5 5 5 5 5 5 5
n34-m289 7585 15 18 15 3 3 3 3 3 3 4 4 5 5 5 5 5 5 5 18 1 1 1 1 1 1 3 3 4 4 4 5 5 5 5 5 5 5
n34-m289 7594 15 18 15 2 2 3 3 3 4 4 4 5 5 5 5 5 5 5 18 1 1 1 1 1 1 2 3 4 4 4 5 5 5 5 5 5 5
n34-m289 7595 15 18 15 1 3 3 3 3 4 4 4 5 5 5 5 5 5 5 18 1 1 1 1 1 1 2 3 4 4 4 5 5 5 5 5 5 5
n34-m289 7597 15 18 15 2 3 3 3 3 4 4 4 5 5 5 5 5 5 5 18 1 1 1 1 1 1 2 3 4 4 4 5 5 5 5 5 5 6
n34-m289 7598 15 18 15 2 3 3 3 3 4 4 4 5 5 5 5 5 5 5 18 1 1 1 1 1 1 2 3 4 4 5 5 5 5 5 5 5 5
n34-m289 7599 15 18 15 2 3 3 3 3 4 4 4 5 5 5 5 5 5 5 18 1 1 1 1 1 1 2 4 4 4 4 5 5 5 5 5 5 5
n34-m289 7600 15 18 15 2 3 3 3 3 4 4 4 5 5 5 5 5 5 5 18 1 1 1 1 1 1 3 3 4 4 4 5 5 5 5 5 5 5
n34-m289 7601 15 18 15 2 3 3 3 3 4 4 4 5 5 5 5 5 5 5 18 1 1 1 1 1 2 2 3 4 4 4 5 5 5 5 5 5 5
n34-m289 7603 15 18 15 3 3 3 3 3 4 4 4 5 5 5 5 5 5 5 18 1 1 1 1 1 1 3 3 4 4 4 5 5 5 5 5 5 6
n34-m289 7604 15 18 15 3 3 3 3 3 4 4 4 5 5 5 5 5 5 5 18 1 1 1 1 1 1 3 3 4 4 5 5 5 5 5 5 5 5
n34-m289 7605 15 18 15 3 3 3 3 3 4 4 4 5 5 5 5 5 5 5 18 1 1 1 1 1 1 3 4 4 4 4 5 5 5 5 5 5 5
n34-m289 7606 15 18 15 3 3 3 3 3 4 4 4 5 5 5 5 5 5 5 18 1 1 1 1 1 2 3 3 4 4 4 5 5 5 5 5 5 5
n34-m289 7610 15 18 15 2 2 2 3 4 4 4 4 5 5 5 5 5 5 5 18 1 1 1 1 1 1 2 3 4 4 4 5 5 5 5 5 5 5
n34-m289 7611 15 18 15 1 1 3 3 4 4 4 4 5 5 5 5 5 5 5 18 1 1 1 1 1 1 1 3 4 4 4 5 5 5 5 5 5 5
n34-m289 7612 15 18 15 1 2 3 3 4 4 4 4 5 5 5 5 5 5 5 18 1 1 1 1 1 1 2 3 4 4 4 5 5 5 5 5 5 5
n34-m289 7614 15 18 15 2 2 3 3 4 4 4 4 5 5 5 5 5 5 5 18 1 1 1 1 1 1 2 3 4 4 4 5 5 5 5 5 5 6
n34-m289 7615 15 18 15 2 2 3 3 4 4 4 4 5 5 5 5 5 5 5 18 1 1 1 1 1 1 2 3 4 4 5 5 5 5 5 5 5 5
n34-m289 7616 15 18 15 2 2 3 3 4 4 4 4 5 5 5 5 5 5 5 18 1 1 1 1 1 1 2 4 4 4 4 5 5 5 5 5 5 5
n34-m289 7617 15 18 15 2 2 3 3 4 4 4 4 5 5 5 5 5 5 5 18 1 1 1 1 1 1 3 3 4 4 4 5 5 5 5 5 5 5
n34-m289 7618 15 18 15 2 2 3 3 4 4 4 4 5 5 5 5 5 5 5 18 1 1 1 1 1 2 2 3 4 4 4 5 5 5 5 5 5 5
n34-m289 7619 15 18 15 0 3 3 3 4 4 4 4 5 5 5 5 5 5 5 18 1 1 1 1 1 1 2 3 4 4 4 5 5 5 5 5 5 5
n34-m289 7621 15 18 15 1 3 3 3 4 4 4 4 5 5 5 5 5 5 5 18 1 1 1 1 1 1 2 3 4 4 4 5 5 5 5 5 5 6
n34-m289 7622 15 18 15 1 3 3 3 4 4 4 4 5 5 5 5 5 5 5 18 1 1 1 1 1 1 2 3 4 4 5 5 5 5 5 5 5 5
n34-m289 7623 15 18 15 1 3 3 3 4 4 4 4 5 5 5 5 5 5 5 18 1 1 1 1 1 1 2 4 4 4 4 5 5 5 5 5 5 5
n34-m289 7624 15 18 15 1 3 3 3 4 4 4 4 5 5 5 5 5 5 5 18 1 1 1 1 1 1 3 3 4 4 4 5 5 5 5 5 5 5
n34-m289 7625 15 18 15 1 3 3 3 4 4 4 4 5 5 5 5 5 5 5 18 1 1 1 1 1 2 2 3 4 4 4 5 5 5 5 5 5 5
n34-m289 7628 15 18 15 2 3 3 3 4 4 4 4 5 5 5 5 5 5 5 18 1 1 1 1 1 1 2 3 4 4 4 5 5 5 5 5 5 7
n34-m289 7629 15 18 15 2 3 3 3 4 4 4 4 5 5 5 5 5 5 5 18 1 1 1 1 1 1 2 3 4 4 4 5 5 5 5 5 6 6
n34-m289 7631 15 18 15 2 3 3 3 4 4 4 4 5 5 5 5 5 5 5 18 1 1 1 1 1 1 2 3 4 4 5 5 5 5 5 5 5 6
n34-m289 7632 15 18 15 2 3 3 3 4 4 4 4 5 5 5 5 5 5 5 18 1 1 1 1 1 1 2 3 4 5 5 5 5 5 5 5 5 5
n34-m289 7634 15 18 15 2 3 3 3 4 4 4 4 5 5 5 5 5 5 5 18 1 1 1 1 1 1 2 4 4 4 4 5 5 5 5 5 5 6
n34-m289 7635 15 18 15 2 3 3 3 4 4 4 4 5 5 5 5 5 5 5 18 1 1 1 1 1 1 2 4 4 4 5 5 5 5 5 5 5 5
n34-m289 7637 15 18 15 2 3 3 3 4 4 4 4 5 5 5 5 5 5 5 18 1 1 1 1 1 1 3 3 4 4 4 5 5 5 5 5 5 6
n34-m289 7638 15 18 15 2 3 3 3 4 4 4 4 5 5 5 5 5 5 5 18 1 1 1 1 1 1 3 3 4 4 5 5 5 5 5 5 5 5
n34-m289 7639 15 18 15 2 3 3 3 4 4 4 4 5 5 5 5 5 5 5 18 1 1 1 1 1 1 3 4 4 4 4 5 5 5 5 5 5 5
n34-m289 7641 15 18 15 2 3 3 3 4 4 4 4 5 5 5 5 5 5 5 18 1 1 1 1 1 2 2 3 4 4 4 5 5 5 5 5 5 6
n34-m289 7642 15 18 15 2 3 3 3 4 4 4 4 5 5 5 5 5 5 5 18 1 1 1 1 1 2 2 3 4 4 5 5 5 5 5 5 5 5
n34-m289 7643 15 18 15 2 3 3 3 4 4 4 4 5 5 5 5 5 5 5 18 1 1 1 1 1 2 2 4 4 4 4 5 5 5 5 5 5 5
n34-m289 7644 15 18 15 2 3 3 3 4 4 4 4 5 5 5 5 5 5 5 18 1 1 1 1 1 2 3 3 4 4 4 5 5 5 5 5 5 5
n34-m289 7645 15 18 15 2 3 3 3 4 4 4 4 5 5 5 5 5 5 5 18 1 1 1 1 2 2 2 3 4 4 4 5 5 5 5 5 5 5
n34-m289 7648 15 18 15 3 3 3 3 4 4 4 4 5 5 5 5 5 5 5 18 1 1 1 1 1 1 3 3 4 4 4 5 5 5 5 5 5 7
n34-m289 7649 15 18 15 3 3 3 3 4 4 4 4 5 5 5 5 5 5 5 18 1 1 1 1 1 1 3 3 4 4 4 5 5 5 5 5 6 6
n34-m289 7651 15 18 15 3 3 3 3 4 4 4 4 5 5 5 5 5 5 5 18 1 1 1 1 1 1 3 3 4 4 5 5 5 5 5 5 5 6
n34-m289 7652 15 18 15 3 3 3 3 4 4 4 4 5 5 5 5 5 5 5 18 1 1 1 1 1 1 3 3 4 5 5 5 5 5 5 5 5 5
n34-m289 7654 15 18 15 3 3 3 3 4 4 4 4 5 5 5 5 5 5 5 18 1 1 1 1 1 1 3 4 4 4 4 5 5 5 5 5 5 6
n34-m289 7655 15 18 15 3 3 3 3 4 4 4 4 5 5 5 5 5 5 5 18 1 1 1 1 1 1 3 4 4 4 5 5 5 5 5 5 5 5
n34-m289 7656 15 18 15 3 3 3 3 4 4 4 4 5 5 5 5 5 5 5 18 1 1 1 1 1 1 4 4 4 4 4 5 5 5 5 5 5 5
n34-m289 7658 15 18 15 3 3 3 3 4 4 4 4 5 5 5 5 5 5 5 18 1 1 1 1 1 2 3 3 4 4 4 5 5 5 5 5 5 6
n34-m289 7659 15 18 15 3 3 3 3 4 4 4 4 5 5 5 5 5 5 5 18 1 1 1 1 1 2 3 3 4 4 5 5 5 5 5 5 5 5
n34-m289 7660 15 18 15 3 3 3 3 4 4 4 4 5 5 5 5 5 5 5 18 1 1 1 1 1 2 3 4 4 4 4 5 5 5 5 5 5 5
n34-m289 7661 15 18 15 3 3 3 3 4 4 4 4 5 5 5 5 5 5 5 18 1 1 1 1 1 3 3 3 4 4 4 5 5 5 5 5 5 5
n34-m289 7662 15 18 15 3 3 3 3 4 4 4 4 5 5 5 5 5 5 5 18 1 1 1 1 2 2 3 3 4 4 4 5 5 5 5 5 5 5
n34-m289 7663 15 18 15 1 1 2 4 4 4 4 4 5 5 5 5 5 5 5 18 1 1 1 1 1 1 1 3 4 4 4 5 5 5 5 5 5 5
n34-m289 7664 15 18 15 1 2 2 4 4 4 4 4 5 5 5 5 5 5 5 18 1 1 1 1 1 1 2 3 4 4 4 5 5 5 5 5 5 5
n34-m289 7666 15 18 15 2 2 2 4 4 4 4 4 5 5 5 5 5 5 5 18 1 1 1 1 1 1 2 3 4 4 4 5 5 5 5 5 5 6
n34-m289 7667 15 18 15 2 2 2 4 4 4 4 4 5 5 5 5 5 5 5 18 1 1 1 1 1 1 2 3 4 4 5 5 5 5 5 5 5 5
n34-m289 7668 15 18 15 2 2 2 4 4 4 4 4 5 5 5 5 5 5 5 18 1 1 1 1 1 1 2 4 4 4 4 5 5 5 5 5 5 5
n34-m289 7669 15 18 15 2 2 2 4 4 4 4 4 5 5 5 5 5 5 5 18 1 1 1 1 1 1 3 3 4 4 4 5 5 5 5 5 5 5
n34-m289 7670 15 18 15 2 2 2 4 4 4 4 4 5 5 5 5 5 5 5 18 1 1 1 1 1 2 2 3 4 4 4 5 5 5 5 5 5 5
n34-m289 7676 15 18 15 1 1 3 4 4 4 4 4 5 5 5 5 5 5 5 18 1 1 1 1 1 1 2 3 4 4 4 5 5 5 5 5 5 5
n34-m289 7677 15 18 15 0 2 3 4 4 4 4 4 5 5 5 5 5 5 5 18 1 1 1 1 1 1 2 3 4 4 4 5 5 5 5 5 5 5
n34-m289 7679 15 18 15 1 2 3 4 4 4 4 4 5 5 5 5 5 5 5 18 1 1 1 1 1 1 2 3 4 4 4 5 5 5 5 5 5 6
n34-m289 7680 15 18 15 1 2 3 4 4 4 4 4 5 5 5 5 5 5 5 18 1 1 1 1 1 1 2 3 4 4 5 5 5 5 5 5 5 5
n34-m289 7681 15 18 15 1 2 3 4 4 4 4 4 5 5 5 5 5 5 5 18 1 1 1 1 1 1 2 4 4 4 4 5 5 5 5 5 5 5
n34-m289 7682 15 18 15 1 2 3 4 4 4 4 4 5 5 5 5 5 5 5 18 1 1 1 1 1 1 3 3 4 4 4 5 5 5 5 5 5 5
n34-m289 7683 15 18 15 1 2 3 4 4 4 4 4 5 5 5 5 5 5 5 18 1 1 1 1 1 2 2 3 4 4 4 5 5 5 5 5 5 5
n34-m289 7686 15 18 15 2 2 3 4 4 4 4 4 5 5 5 5 5 5 5 18 1 1 1 1 1 1 2 3 4 4 4 5 5 5 5 5 5 7
n34-m289 7687 15 18 15 2 2 3 4 4 4 4 4 5 5 5 5 5 5 5 18 1 1 1 1 1 1 2 3 4 4 4 5 5 5 5 5 6 6
n34-m289 7689 15 18 15 2 2 3 4 4 4 4 4 5 5 5 5 5 5 5 18 1 1 1 1 1 1 2 3 4 4 5 5 5 5 5 5 5 6
n34-m289 7690 15 18 15 2 2 3 4 4 4 4 4 5 5 5 5 5 5 5 18 1 1 1 1 1 1 2 3 4 5 5 5 5 5 5 5 5 5
n34-m289 7692 15 18 15 2 2 3 4 4 4 4 4 5 5 5 5 5 5 5 18 1 1 1 1 1 1 2 4 4 4 4 5 5 5 5 5 5 6
n34-m289 7693 15 18 15 2 2 3 4 4 4 4 4 5 5 5 5 5 5 5 18 1 1 1 1 1 1 2 4 4 4 5 5 5 5 5 5 5 5
n34-m289 7695 15 18 15 2 2 3 4 4 4 4 4 5 5 5 5 5 5 5 18 1 1 1 1 1 1 3 3 4 4 4 5 5 5 5 5 5 6
n34-m289 7696 15 18 15 2 2 3 4 4 4 4 4 5 5 5 5 5 5 5 18 1 1 1 1 1 1 3 3 4 4 5 5 5 5 5 5 5 5
n34-m289 7697 15 18 15 2 2 3 4 4 4 4 4 5 5 5 5 5 5 5 18 1 1 1 1 1 1 3 4 4 4 4 5 5 5 5 5 5 5
n34-m289 7699 15 18 15 2 2 3 4 4 4 4 4 5 5 5 5 5 5 5 18 1 1 1 1 1 2 2 3 4 4 4 5 5 5 5 5 5 6
n34-m289 7700 15 18 15 2 2 3 4 4 4 4 4 5 5 5 5 5 5 5 18 1 1 1 1 1 2 2 3 4 4 5 5 5 5 5 5 5 5
n34-m289 7701 15 18 15 2 2 3 4 4 4 4 4 5 5 5 5 5 5 5 18 1 1 1 1 1 2 2 4 4 4 4 5 5 5 5 5 5 5
n34-m289 7702 15 18 15 2 2 3 4 4 4 4 4 5 5 5 5 5 5 5 18 1 1 1 1 1 2 3 3 4 4 4 5 5 5 5 5 5 5
n34-m289 7703 15 18 15 2 2 3 4 4 4 4 4 5 5 5 5 5 5 5 18 1 1 1 1 2 2 2 3 4 4 4 5 5 5 5 5 5 5
n34-m289 7708 15 18 15 0 3 3 4 4 4 4 4 5 5 5 5 5 5 5 18 1 1 1 1 1 1 3 3 4 4 4 5 5 5 5 5 5 5
n34-m289 7721 15 18 15 1 3 3 4 4 4 4 4 5 5 5 5 5 5 5 18 1 1 1 1 1 1 3 3 4 4 4 5 5 5 5 5 5 6
n34-m289 7722 15 18 15 1 3 3 4 4 4 4 4 5 5 5 5 5 5 5 18 1 1 1 1 1 1 3 3 4 4 5 5 5 5 5 5 5 5
n34-m289 7723 15 18 15 1 3 3 4 4 4 4 4 5 5 5 5 5 5 5 18 1 1 1 1 1 1 3 4 4 4 4 5 5 5 5 5 5 5
n34-m289 7728 15 18 15 1 3 3 4 4 4 4 4 5 5 5 5 5 5 5 18 1 1 1 1 1 2 3 3 4 4 4 5 5 5 5 5 5 5
n34-m289 7753 15 18 15 2 3 3 4 4 4 4 4 5 5 5 5 5 5 5 18 1 1 1 1 1 1 3 3 4 4 4 5 5 5 5 5 5 7
n34-m289 7754 15 18 15 2 3 3 4 4 4 4 4 5 5 5 5 5 5 5 18 1 1 1 1 1 1 3 3 4 4 4 5 5 5 5 5 6 6
n34-m289 7756 15 18 15 2 3 3 4 4 4 4 4 5 5 5 5 5 5 5 18 1 1 1 1 1 1 3 3 4 4 5 5 5 5 5 5 5 6
n34-m289 7757 15 18 15 2 3 3 4 4 4 4 4 5 5 5 5 5 5 5 18 1 1 1 1 1 1 3 3 4 5 5 5 5 5 5 5 5 5
n34-m289 7759 15 18 15 2 3 3 4 4 4 4 4 5 5 5 5 5 5 5 18 1 1 1 1 1 1 3 4 4 4 4 5 5 5 5 5 5 6
n34-m289 7760 15 18 15 2 3 3 4 4 4 4 4 5 5 5 5 5 5 5 18 1 1 1 1 1 1 3 4 4 4 5 5 5 5 5 5 5 5
n34-m289 7761 15 18 15 2 3 3 4 4 4 4 4 5 5 5 5 5 5 5 18 1 1 1 1 1 1 4 4 4 4 4 5 5 5 5 5 5 5
n34-m289 7773 15 18 15 2 3 3 4 4 4 4 4 5 5 5 5 5 5 5 18 1 1 1 1 1 2 3 3 4 4 4 5 5 5 5 5 5 6
n34-m289 7774 15 18 15 2 3 3 4 4 4 4 4 5 5 5 5 5 5 5 18 1 1 1 1 1 2 3 3 4 4 5 5 5 5 5 5 5 5
n34-m289 7775 15 18 15 2 3 3 4 4 4 4 4 5 5 5 5 5 5 5 18 1 1 1 1 1 2 3 4 4 4 4 5 5 5 5 5 5 5
n34-m289 7776 15 18 15 2 3 3 4 4 4 4 4 5 5 5 5 5 5 5 18 1 1 1 1 1 3 3 3 4 4 4 5 5 5 5 5 5 5
n34-m289 7781 15 18 15 2 3 3 4 4 4 4 4 5 5 5 5 5 5 5 18 1 1 1 1 2 2 3 3 4 4 4 5 5 5 5 5 5 5
n34-m289 7786 15 18 15 3 3 3 4 4 4 4 4 5 5 5 5 5 5 5 18 1 1 1 1 1 1 3 3 4 4 4 5 5 5 5 5 5 8
n34-m289 7788 15 18 15 3 3 3 4 4 4 4 4 5 5 5 5 5 5 5 18 1 1 1 1 1 1 3 3 4 4 4 5 5 5 5 5 6 7
n34-m289 7789 15 18 15 3 3 3 4 4 4 4 4 5 5 5 5 5 5 5 18 1 1 1 1 1 1 3 3 4 4 4 5 5 5 5 6 6 6
n34-m289 7792 15 18 15 3 3 3 4 4 4 4 4 5 5 5 5 5 5 5 18 1 1 1 1 1 1 3 3 4 4 5 5 5 5 5 5 5 7
n34-m289 7793 15 18 15 3 3 3 4 4 4 4 4 5 5 5 5 5 5 5 18 1 1 1 1 1 1 3 3 4 4 5 5 5 5 5 5 6 6
n34-m289 7795 15 18 15 3 3 3 4 4 4 4 4 5 5 5 5 5 5 5 18 1 1 1 1 1 1 3 3 4 5 5 5 5 5 5 5 5 6
n34-m289 7796 15 18 15 3 3 3 4 4 4 4 4 5 5 5 5 5 5 5 18 1 1 1 1 1 1 3 3 5 5 5 5 5 5 5 5 5 5
n34-m289 7799 15 18 15 3 3 3 4 4 4 4 4 5 5 5 5 5 5 5 18 1 1 1 1 1 1 3 4 4 4 4 5 5 5 5 5 5 7
n34-m289 7800 15 18 15 3 3 3 4 4 4 4 4 5 5 5 5 5 5 5 18 1 1 1 1 1 1 3 4 4 4 4 5 5 5 5 5 6 6
n34-m289 7802 15 18 15 3 3 3 4 4 4 4 4 5 5 5 5 5 5 5 18 1 1 1 1 1 1 3 4 4 4 5 5 5 5 5 5 5 6
n34-m289 7803 15 18 15 3 3 3 4 4 4 4 4 5 5 5 5 5 5 5 18 1 1 1 1 1 1 3 4 4 5 5 5 5 5 5 5 5 5
n34-m289 7805 15 18 15 3 3 3 4 4 4 4 4 5 5 5 5 5 5 5 18 1 1 1 1 1 1 4 4 4 4 4 5 5 5 5 5 5 6
n34-m289 7806 15 18 15 3 3 3 4 4 4 4 4 5 5 5 5 5 5 5 18 1 1 1 1 1 1 4 4 4 4 5 5 5 5 5 5 5 5
n34-m289 7809 15 18 15 3 3 3 4 4 4 4 4 5 5 5 5 5 5 5 18 1 1 1 1 1 2 3 3 4 4 4 5 5 5 5 5 5 7
n34-m289 7810 15 18 15 3 3 3 4 4 4 4 4 5 5 5 5 5 5 5 18 1 1 1 1 1 2 3 3 4 4 4 5 5 5 5 5 6 6
n34-m289 7812 15 18 15 3 3 3 4 4 4 4 4 5 5 5 5 5 5 5 18 1 1 1 1 1 2 3 3 4 4 5 5 5 5 5 5 5 6
n34-m289 7813 15 18 15 3 3 3 4 4 4 4 4 5 5 5 5 5 5 5 18 1 1 1 1 1 2 3 3 4 5 5 5 5 5 5 5 5 5
n34-m289 7815 15 18 15 3 3 3 4 4 4 4 4 5 5 5 5 5 5 5 18 1 1 1 1 1 2 3 4 4 4 4 5 5 5 5 5 5 6
n34-m289 7816 15 18 15 3 3 3 4 4 4 4 4 5 5 5 5 5 5 5 18 1 1 1 1 1 2 3 4 4 4 5 5 5 5 5 5 5 5
n34-m289 7817 15 18 15 3 3 3 4 4 4 4 4 5 5 5 5 5 5 5 18 1 1 1 1 1 2 4 4 4 4 4 5 5 5 5 5 5 5
n34-m289 7819 15 18 15 3 3 3 4 4 4 4 4 5 5 5 5 5 5 5 18 1 1 1 1 1 3 3 3 4 4 4 5 5 5 5 5 5 6
n34-m289 7820 15 18 15 3 3 3 4 4 4 4 4 5 5 5 5 5 5 5 18 1 1 1 1 1 3 3 3 4 4 5 5 5 5 5 5 5 5
n34-m289 7821 15 18 15 3 3 3 4 4 4 4 4 5 5 5 5 5 5 5 18 1 1 1 1 1 3 3 4 4 4 4 5 5 5 5 5 5 5
n34-m289 7823 15 18 15 3 3 3 4 4 4 4 4 5 5 5 5 5 5 5 18 1 1 1 1 2 2 3 3 4 4 4 5 5 5 5 5 5 6
n34-m289 7824 15 18 15 3 3 3 4 4 4 4 4 5 5 5 5 5 5 5 18 1 1 1 1 2 2 3 3 4 4 5 5 5 5 5 5 5 5
n34-m289 7825 15 18 15 3 3 3 4 4 4 4 4 5 5 5 5 5 5 5 18 1 1 1 1 2 2 3 4 4 4 4 5 5 5 5 5 5 5
n34-m289 7826 15 18 15 3 3 3 4 4 4 4 4 5 5 5 5 5 5 5 18 1 1 1 1 2 3 3 3 4 4 4 5 5 5 5 5 5 5
n34-m289 7827 15 18 15 3 3 3 4 4 4 4 4 5 5 5 5 5 5 5 18 1 1 1 2 2 2 3 3 4 4 4 5 5 5 5 5 5 5
n34-m289 7828 15 18 15 1 1 4 4 4 4 4 4 5 5 5 5 5 5 5 18 1 1 1 1 1 1 2 4 4 4 4 5 5 5 5 5 5 5
n34-m289 7829 15 18 15 0 2 4 4 4 4 4 4 5 5 5 5 5 5 5 18 1 1 1 1 1 1 2 4 4 4 4 5 5 5 5 5 5 5
n34-m289 7831 15 18 15 1 2 4 4 4 4 4 4 5 5 5 5 5 5 5 18 1 1 1 1 1 1 2 4 4 4 4 5 5 5 5 5 5 6
n34-m289 7832 15 18 15 1 2 4 4 4 4 4 4 5 5 5 5 5 5 5 18 1 1 1 1 1 1 2 4 4 4 5 5 5 5 5 5 5 5
n34-m289 7833 15 18 15 1 2 4 4 4 4 4 4 5 5 5 5 5 5 5 18 1 1 1 1 1 1 3 4 4 4 4 5 5 5 5 5 5 5
n34-m289 7834 15 18 15 1 2 4 4 4 4 4 4 5 5 5 5 5 5 5 18 1 1 1 1 1 2 2 4 4 4 4 5 5 5 5 5 5 5
n34-m289 7837 15 18 15 2 2 4 4 4 4 4 4 5 5 5 5 5 5 5 18 1 1 1 1 1 1 2 4 4 4 4 5 5 5 5 5 5 7
n34-m289 7838 15 18 15 2 2 4 4 4 4 4 4 5 5 5 5 5 5 5 18 1 1 1 1 1 1 2 4 4 4 4 5 5 5 5 5 6 6
n34-m289 7840 15 18 15 2 2 4 4 4 4 4 4 5 5 5 5 5 5 5 18 1 1 1 1 1 1 2 4 4 4 5 5 5 5 5 5 5 6
n34-m289 7841 15 18 15 2 2 4 4 4 4 4 4 5 5 5 5 5 5 5 18 1 1 1 1 1 1 2 4 4 5 5 5 5 5 5 5 5 5
n34-m289 7843 15 18 15 2 2 4 4 4 4 4 4 5 5 5 5 5 5 5 18 1 1 1 1 1 1 3 4 4 4 4 5 5 5 5 5 5 6
n34-m289 7844 15 18 15 2 2 4 4 4 4 4 4 5 5 5 5 5 5 5 18 1 1 1 1 1 1 3 4 4 4 5 5 5 5 5 5 5 5
n34-m289 7845 15 18 15 2 2 4 4 4 4 4 4 5 5 5 5 5 5 5 18 1 1 1 1 1 1 4 4 4 4 4 5 5 5 5 5 5 5
n34-m289 7847 15 18 15 2 2 4 4 4 4 4 4 5 5 5 5 5 5 5 18 1 1 1 1 1 2 2 4 4 4 4 5 5 5 5 5 5 6
n34-m289 7848 15 18 15 2 2 4 4 4 4 4 4 5 5 5 5 5 5 5 18 1 1 1 1 1 2 2 4 4 4 5 5 5 5 5 5 5 5
n34-m289 7849 15 18 15 2 2 4 4 4 4 4 4 5 5 5 5 5 5 5 18 1 1 1 1 1 2 3 4 4 4 4 5 5 5 5 5 5 5
n34-m289 7850 15 18 15 2 2 4 4 4 4 4 4 5 5 5 5 5 5 5 18 1 1 1 1 2 2 2 4 4 4 4 5 5 5 5 5 5 5
n34-m289 7851 15 18 15 0 3 4 4 4 4 4 4 5 5 5 5 5 5 5 18 1 1 1 1 1 1 3 4 4 4 4 5 5 5 5 5 5 5
n34-m289 7853 15 18 15 1 3 4 4 4 4 4 4 5 5 5 5 5 5 5 18 1 1 1 1 1 1 3 4 4 4 4 5 5 5 5 5 5 6
n34-m289 7854 15 18 15 1 3 4 4 4 4 4 4 5 5 5 5 5 5 5 18 1 1 1 1 1 1 3 4 4 4 5 5 5 5 5 5 5 5
n34-m289 7855 15 18 15 1 3 4 4 4 4 4 4 5 5 5 5 5 5 5 18 1 1 1 1 1 1 4 4 4 4 4 5 5 5 5 5 5 5
n34-m289 7856 15 18 15 1 3 4 4 4 4 4 4 5 5 5 5 5 5 5 18 1 1 1 1 1 2 3 4 4 4 4 5 5 5 5 5 5 5
n34-m289 7859 15 18 15 2 3 4 4 4 4 4 4 5 5 5 5 5 5 5 18 1 1 1 1 1 1 3 4 4 4 4 5 5 5 5 5 5 7
n34-m289 7860 15 18 15 2 3 4 4 4 4 4 4 5 5 5 5 5 5 5 18 1 1 1 1 1 1 3 4 4 4 4 5 5 5 5 5 6 6
n34-m289 7862 15 18 15 2 3 4 4 4 4 4 4 5 5 5 5 5 5 5 18 1 1 1 1 1 1 3 4 4 4 5 5 5 5 5 5 5 6
n34-m289 7863 15 18 15 2 3 4 4 4 4 4 4 5 5 5 5 5 5 5 18 1 1 1 1 1 1 3 4 4 5 5 5 5 5 5 5 5 5
n34-m289 7865 15 18 15 2 3 4 4 4 4 4 4 5 5 5 5 5 5 5 18 1 1 1 1 1 1 4 4 4 4 4 5 5 5 5 5 5 6
n34-m289 7866 15 18 15 2 3 4 4 4 4 4 4 5 5 5 5 5 5 5 18 1 1 1 1 1 1 4 4 4 4 5 5 5 5 5 5 5 5
n34-m289 7868 15 18 15 2 3 4 4 4 4 4 4 5 5 5 5 5 5 5 18 1 1 1 1 1 2 3 4 4 4 4 5 5 5 5 5 5 6
n34-m289 7869 15 18 15 2 3 4 4 4 4 4 4 5 5 5 5 5 5 5 18 1 1 1 1 1 2 3 4 4 4 5 5 5 5 5 5 5 5
n34-m289 7870 15 18 15 2 3 4 4 4 4 4 4 5 5 5 5 5 5 5 18 1 1 1 1 1 2 4 4 4 4 4 5 5 5 5 5 5 5
n34-m289 7871 15 18 15 2 3 4 4 4 4 4 4 5 5 5 5 5 5 5 18 1 1 1 1 1 3 3 4 4 4 4 5 5 5 5 5 5 5
n34-m289 7872 15 18 15 2 3 4 4 4 4 4 4 5 5 5 5 5 5 5 18 1 1 1 1 2 2 3 4 4 4 4 5 5 5 5 5 5 5
n34-m289 7876 15 18 15 3 3 4 4 4 4 4 4 5 5 5 5 5 5 5 18 1 1 1 1 1 1 3 4 4 4 4 5 5 5 5 5 5 8
n34-m289 7878 15 18 15 3 3 4 4 4 4 4 4 5 5 5 5 5 5 5 18 1 1 1 1 1 1 3 4 4 4 4 5 5 5 5 5 6 7
n34-m289 7879 15 18 15 3 3 4 4 4 4 4 4 5 5 5 5 5 5 5 18 1 1 1 1 1 1 3 4 4 4 4 5 5 5 5 6 6 6
n34-m289 7882 15 18 15 3 3 4 4 4 4 4 4 5 5 5 5 5 5 5 18 1 1 1 1 1 1 3 4 4 4 5 5 5 5 5 5 5 7
n34-m289 7883 15 18 15 3 3 4 4 4 4 4 4 5 5 5 5 5 5 5 18 1 1 1 1 1 1 3 4 4 4 5 5 5 5 5 5 6 6
n34-m289 7885 15 18 15 3 3 4 4 4 4 4 4 5 5 5 5 5 5 5 18 1 1 1 1 1 1 3 4 4 5 5 5 5 5 5 5 5 6
n34-m289 7886 15 18 15 3 3 4 4 4 4 4 4 5 5 5 5 5 5 5 18 1 1 1 1 1 1 3 4 5 5 5 5 5 5 5 5 5 5
n34-m289 7889 15 18 15 3 3 4 4 4 4 4 4 5 5 5 5 5 5 5 18 1 1 1 1 1 1 4 4 4 4 4 5 5 5 5 5 5 7
n34-m289 7890 15 18 15 3 3 4 4 4 4 4 4 5 5 5 5 5 5 5 18 1 1 1 1 1 1 4 4 4 4 4 5 5 5 5 5 6 6
n34-m289 7892 15 18 15 3 3 4 4 4 4 4 4 5 5 5 5 5 5 5 18 1 1 1 1 1 1 4 4 4 4 5 5 5 5 5 5 5 6
n34-m289 7893 15 18 15 3 3 4 4 4 4 4 4 5 5 5 5 5 5 5 18 1 1 1 1 1 1 4 4 4 5 5 5 5 5 5 5 5 5
n34-m289 7896 15 18 15 3 3 4 4 4 4 4 4 5 5 5 5 5 5 5 18 1 1 1 1 1 2 3 4 4 4 4 5 5 5 5 5 5 7
n34-m289 7897 15 18 15 3 3 4 4 4 4 4 4 5 5 5 5 5 5 5 18 1 1 1 1 1 2 3 4 4 4 4 5 5 5 5 5 6 6
n34-m289 7899 15 18 15 3 3 4 4 4 4 4 4 5 5 5 5 5 5 5 18 1 1 1 1 1 2 3 4 4 4 5 5 5 5 5 5 5 6
n34-m289 7900 15 18 15 3 3 4 4 4 4 4 4 5 5 5 5 5 5 5 18 1 1 1 1 1 2 3 4 4 5 5 5 5 5 5 5 5 5
n34-m289 7902 15 18 15 3 3 4 4 4 4 4 4 5 5 5 5 5 5 5 18 1 1 1 1 1 2 4 4 4 4 4 5 5 5 5 5 5 6
n34-m289 7903 15 18 15 3 3 4 4 4 4 4 4 5 5 5 5 5 5 5 18 1 1 1 1 1 2 4 4 4 4 5 5 5 5 5 5 5 5
n34-m289 7905 15 18 15 3 3 4 4 4 4 4 4 5 5 5 5 5 5 5 18 1 1 1 1 1 3 3 4 4 4 4 5 5 5 5 5 5 6
n34-m289 7906 15 18 15 3 3 4 4 4 4 4 4 5 5 5 5 5 5 5 18 1 1 1 1 1 3 3 4 4 4 5 5 5 5 5 5 5 5
n34-m289 7907 15 18 15 3 3 4 4 4 4 4 4 5 5 5 5 5 5 5 18 1 1 1 1 1 3 4 4 4 4 4 5 5 5 5 5 5 5
n34-m289 7909 15 18 15 3 3 4 4 4 4 4 4 5 5 5 5 5 5 5 18 1 1 1 1 2 2 3 4 4 4 4 5 5 5 5 5 5 6
n34-m289 7910 15 18 15 3 3 4 4 4 4 4 4 5 5 5 5 5 5 5 18 1 1 1 1 2 2 3 4 4 4 5 5 5 5 5 5 5 5
n34-m289 7911 15 18 15 3 3 4 4 4 4 4 4 5 5 5 5 5 5 5 18 1 1 1 1 2 2 4 4 4 4 4 5 5 5 5 5 5 5
n34-m289 7912 15 18 15 3 3 4 4 4 4 4 4 5 5 5 5 5 5 5 18 1 1 1 1 2 3 3 4 4 4 4 5 5 5 5 5 5 5
n34-m289 7913 15 18 15 3 3 4 4 4 4 4 4 5 5 5 5 5 5 5 18 1 1 1 2 2 2 3 4 4 4 4 5 5 5 5 5 5 5
n34-m289 7915 15 18 15 0 4 4 4 4 4 4 4 5 5 5 5 5 5 5 18 1 1 1 1 1 1 3 4 4 4 4 5 5 5 5 5 5 6
n34-m289 7916 15 18 15 0 4 4 4 4 4 4 4 5 5 5 5 5 5 5 18 1 1 1 1 1 1 3 4 4 4 5 5 5 5 5 5 5 5
n34-m289 7917 15 18 15 0 4 4 4 4 4 4 4 5 5 5 5 5 5 5 18 1 1 1 1 1 1 4 4 4 4 4 5 5 5 5 5 5 5
n34-m289 7918 15 18 15 0 4 4 4 4 4 4 4 5 5 5 5 5 5 5 18 1 1 1 1 1 2 3 4 4 4 4 5 5 5 5 5 5 5
n34-m289 7921 15 18 15 1 4 4 4 4 4 4 4 5 5 5 5 5 5 5 18 1 1 1 1 1 1 3 4 4 4 4 5 5 5 5 5 5 7
n34-m289 7922 15 18 15 1 4 4 4 4 4 4 4 5 5 5 5 5 5 5 18 1 1 1 1 1 1 3 4 4 4 4 5 5 5 5 5 6 6
n34-m289 7924 15 18 15 1 4 4 4 4 4 4 4 5 5 5 5 5 5 5 18 1 1 1 1 1 1 3 4 4 4 5 5 5 5 5 5 5 6
n34-m289 7925 15 18 15 1 4 4 4 4 4 4 4 5 5 5 5 5 5 5 18 1 1 1 1 1 1 3 4 4 5 5 5 5 5 5 5 5 5
n34-m289 7927 15 18 15 1 4 4 4 4 4 4 4 5 5 5 5 5 5 5 18 1 1 1 1 1 1 4 4 4 4 4 5 5 5 5 5 5 6
n34-m289 7928 15 18 15 1 4 4 4 4 4 4 4 5 5 5 5 5 5 5 18 1 1 1 1 1 1 4 4 4 4 5 5 5 5 5 5 5 5
n34-m289 7930 15 18 15 1 4 4 4 4 4 4 4 5 5 5 5 5 5 5 18 1 1 1 1 1 2 3 4 4 4 4 5 5 5 5 5 5 6
n34-m289 7931 15 18 15 1 4 4 4 4 4 4 4 5 5 5 5 5 5 5 18 1 1 1 1 1 2 3 4 4 4 5 5 5 5 5 5 5 5
n34-m289 7932 15 18 15 1 4 4 4 4 4 4 4 5 5 5 5 5 5 5 18 1 1 1 1 1 2 4 4 4 4 4 5 5 5 5 5 5 5
n34-m289 7933 15 18 15 1 4 4 4 4 4 4 4 5 5 5 5 5 5 5 18 1 1 1 1 1 3 3 4 4 4 4 5 5 5 5 5 5 5
n34-m289 7934 15 18 15 1 4 4 4 4 4 4 4 5 5 5 5 5 5 5 18 1 1 1 1 2 2 3 4 4 4 4 5 5 5 5 5 5 5
n34-m289 7951 15 18 15 2 4 4 4 4 4 4 4 5 5 5 5 5 5 5 18 1 1 1 1 1 1 4 4 4 4 4 5 5 5 5 5 5 7
n34-m289 7952 15 18 15 2 4 4 4 4 4 4 4 5 5 5 5 5 5 5 18 1 1 1 1 1 1 4 4 4 4 4 5 5 5 5 5 6 6
n34-m289 7954 15 18 15 2 4 4 4 4 4 4 4 5 5 5 5 5 5 5 18 1 1 1 1 1 1 4 4 4 4 5 5 5 5 5 5 5 6
n34-m289 7955 15 18 15 2 4 4 4 4 4 4 4 5 5 5 5 5 5 5 18 1 1 1 1 1 1 4 4 4 5 5 5 5 5 5 5 5 5
n34-m289 7964 15 18 15 2 4 4 4 4 4 4 4 5 5 5 5 5 5 5 18 1 1 1 1 1 2 4 4 4 4 4 5 5 5 5 5 5 6
n34-m289 7965 15 18 15 2 4 4 4 4 4 4 4 5 5 5 5 5 5 5 18 1 1 1 1 1 2 4 4 4 4 5 5 5 5 5 5 5 5
n34-m289 7969 15 18 15 2 4 4 4 4 4 4 4 5 5 5 5 5 5 5 18 1 1 1 1 1 3 4 4 4 4 4 5 5 5 5 5 5 5
n34-m289 7971 15 18 15 2 4 4 4 4 4 4 4 5 5 5 5 5 5 5 18 1 1 1 1 2 2 3 4 4 4 4 5 5 5 5 5 5 6
n34-m289 7972 15 18 15 2 4 4 4 4 4 4 4 5 5 5 5 5 5 5 18 1 1 1 1 2 2 3 4 4 4 5 5 5 5 5 5 5 5
n34-m289 7973 15 18 15 2 4 4 4 4 4 4 4 5 5 5 5 5 5 5 18 1 1 1 1 2 2 4 4 4 4 4 5 5 5 5 5 5 5
n34-m289 7974 15 18 15 2 4 4 4 4 4 4 4 5 5 5 5 5 5 5 18 1 1 1 1 2 3 3 4 4 4 4 5 5 5 5 5 5 5
n34-m289 7975 15 18 15 2 4 4 4 4 4 4 4 5 5 5 5 5 5 5 18 1 1 1 2 2 2 3 4 4 4 4 5 5 5 5 5 5 5
n34-m289 8005 15 18 15 3 4 4 4 4 4 4 4 5 5 5 5 5 5 5 18 1 1 1 1 1 1 4 4 4 4 4 5 5 5 5 5 5 8
n34-m289 8007 15 18 15 3 4 4 4 4 4 4 4 5 5 5 5 5 5 5 18 1 1 1 1 1 1 4 4 4 4 4 5 5 5 5 5 6 7
n34-m289 8008 15 18 15 3 4 4 4 4 4 4 4 5 5 5 5 5 5 5 18 1 1 1 1 1 1 4 4 4 4 4 5 5 5 5 6 6 6
n34-m289 8011 15 18 15 3 4 4 4 4 4 4 4 5 5 5 5 5 5 5 18 1 1 1 1 1 1 4 4 4 4 5 5 5 5 5 5 5 7
n34-m289 8012 15 18 15 3 4 4 4 4 4 4 4 5 5 5 5 5 5 5 18 1 1 1 1 1 1 4 4 4 4 5 5 5 5 5 5 6 6
n34-m289 8014 15 18 15 3 4 4 4 4 4 4 4 5 5 5 5 5 5 5 18 1 1 1 1 1 1 4 4 4 5 5 5 5 5 5 5 5 6
n34-m289 8015 15 18 15 3 4 4 4 4 4 4 4 5 5 5 5 5 5 5 18 1 1 1 1 1 1 4 4 5 5 5 5 5 5 5 5 5 5
n34-m289 8032 15 18 15 3 4 4 4 4 4 4 4 5 5 5 5 5 5 5 18 1 1 1 1 1 2 4 4 4 4 4 5 5 5 5 5 5 7
n34-m289 8033 15 18 15 3 4 4 4 4 4 4 4 5 5 5 5 5 5 5 18 1 1 1 1 1 2 4 4 4 4 4 5 5 5 5 5 6 6
n34-m289 8035 15 18 15 3 4 4 4 4 4 4 4 5 5 5 5 5 5 5 18 1 1 1 1 1 2 4 4 4 4 5 5 5 5 5 5 5 6
n34-m289 8036 15 18 15 3 4 4 4 4 4 4 4 5 5 5 5 5 5 5 18 1 1 1 1 1 2 4 4 4 5 5 5 5 5 5 5 5 5
n34-m289 8045 15 18 15 3 4 4 4 4 4 4 4 5 5 5 5 5 5 5 18 1 1 1 1 1 3 4 4 4 4 4 5 5 5 5 5 5 6
n34-m289 8046 15 18 15 3 4 4 4 4 4 4 4 5 5 5 5 5 5 5 18 1 1 1 1 1 3 4 4 4 4 5 5 5 5 5 5 5 5
n34-m289 8047 15 18 15 3 4 4 4 4 4 4 4 5 5 5 5 5 5 5 18 1 1 1 1 1 4 4 4 4 4 4 5 5 5 5 5 5 5
n34-m289 8050 15 18 15 3 4 4 4 4 4 4 4 5 5 5 5 5 5 5 18 1 1 1 1 2 2 3 4 4 4 4 5 5 5 5 5 5 7
n34-m289 8051 15 18 15 3 4 4 4 4 4 4 4 5 5 5 5 5 5 5 18 1 1 1 1 2 2 3 4 4 4 4 5 5 5 5 5 6 6
n34-m289 8053 15 18 15 3 4 4 4 4 4 4 4 5 5 5 5 5 5 5 18 1 1 1 1 2 2 3 4 4 4 5 5 5 5 5 5 5 6
n34-m289 8054 15 18 15 3 4 4 4 4 4 4 4 5 5 5 5 5 5 5 18 1 1 1 1 2 2 3 4 4 5 5 5 5 5 5 5 5 5
n34-m289 8056 15 18 15 3 4 4 4 4 4 4 4 5 5 5 5 5 5 5 18 1 1 1 1 2 2 4 4 4 4 4 5 5 5 5 5 5 6
n34-m289 8057 15 18 15 3 4 4 4 4 4 4 4 5 5 5 5 5 5 5 18 1 1 1 1 2 2 4 4 4 4 5 5 5 5 5 5 5 5
n34-m289 8059 15 18 15 3 4 4 4 4 4 4 4 5 5 5 5 5 5 5 18 1 1 1 1 2 3 3 4 4 4 4 5 5 5 5 5 5 6
n34-m289 8060 15 18 15 3 4 4 4 4 4 4 4 5 5 5 5 5 5 5 18 1 1 1 1 2 3 3 4 4 4 5 5 5 5 5 5 5 5
n34-m289 8061 15 18 15 3 4 4 4 4 4 4 4 5 5 5 5 5 5 5 18 1 1 1 1 2 3 4 4 4 4 4 5 5 5 5 5 5 5
n34-m289 8062 15 18 15 3 4 4 4 4 4 4 4 5 5 5 5 5 5 5 18 1 1 1 1 3 3 3 4 4 4 4 5 5 5 5 5 5 5
n34-m289 8064 15 18 15 3 4 4 4 4 4 4 4 5 5 5 5 5 5 5 18 1 1 1 2 2 2 3 4 4 4 4 5 5 5 5 5 5 6
n34-m289 8065 15 18 15 3 4 4 4 4 4 4 4 5 5 5 5 5 5 5 18 1 1 1 2 2 2 3 4 4 4 5 5 5 5 5 5 5 5
n34-m289 8066 15 18 15 3 4 4 4 4 4 4 4 5 5 5 5 5 5 5 18 1 1 1 2 2 2 4 4 4 4 4 5 5 5 5 5 5 5
n34-m289 8067 15 18 15 3 4 4 4 4 4 4 4 5 5 5 5 5 5 5 18 1 1 1 2 2 3 3 4 4 4 4 5 5 5 5 5 5 5
n34-m289 8068 15 18 15 3 4 4 4 4 4 4 4 5 5 5 5 5 5 5 18 1 1 2 2 2 2 3 4 4 4 4 5 5 5 5 5 5 5
n34-m289 8117 15 18 15 4 4 4 4 4 4 4 4 5 5 5 5 5 5 5 18 1 1 1 1 1 4 4 4 4 4 4 5 5 5 5 5 5 6
n34-m289 8118 15 18 15 4 4 4 4 4 4 4 4 5 5 5 5 5 5 5 18 1 1 1 1 1 4 4 4 4 4 5 5 5 5 5 5 5 5
n34-m289 8129 15 18 15 4 4 4 4 4 4 4 4 5 5 5 5 5 5 5 18 1 1 1 1 2 4 4 4 4 4 4 5 5 5 5 5 5 5
n34-m289 8132 15 18 15 4 4 4 4 4 4 4 4 5 5 5 5 5 5 5 18 1 1 1 2 2 2 4 4 4 4 4 5 5 5 5 5 5 6
n34-m289 8133 15 18 15 4 4 4 4 4 4 4 4 5 5 5 5 5 5 5 18 1 1 1 2 2 2 4 4 4 4 5 5 5 5 5 5 5 5
n34-m289 8134 15 18 15 4 4 4 4 4 4 4 4 5 5 5 5 5 5 5 18 1 1 1 2 2 3 4 4 4 4 4 5 5 5 5 5 5 5
n34-m289 8135 15 18 15 4 4 4 4 4 4 4 4 5 5 5 5 5 5 5 18 1 1 2 2 2 2 4 4 4 4 4 5 5 5 5 5 5 5
n34-m289 8137 15 18 15 2 3 3 3 3 3 3 5 5 5 5 5 5 5 5 18 1 1 1 1 1 1 2 3 3 4 5 5 5 5 5 5 5 5
n34-m289 8142 15 18 15 3 3 3 3 3 3 3 5 5 5 5 5 5 5 5 18 1 1 1 1 1 1 3 3 3 4 5 5 5 5 5 5 5 5
n34-m289 8150 15 18 15 2 3 3 3 3 3 4 5 5 5 5 5 5 5 5 18 1 1 1 1 1 1 2 3 3 5 5 5 5 5 5 5 5 5
n34-m289 8151 15 18 15 2 3 3 3 3 3 4 5 5 5 5 5 5 5 5 18 1 1 1 1 1 1 2 3 4 4 5 5 5 5 5 5 5 5
n34-m289 8156 15 18 15 3 3 3 3 3 3 4 5 5 5 5 5 5 5 5 18 1 1 1 1 1 1 3 3 3 5 5 5 5 5 5 5 5 5
n34-m289 8157 15 18 15 3 3 3 3 3 3 4 5 5 5 5 5 5 5 5 18 1 1 1 1 1 1 3 3 4 4 5 5 5 5 5 5 5 5
n34-m289 8159 15 18 15 2 2 3 3 3 4 4 5 5 5 5 5 5 5 5 18 1 1 1 1 1 1 2 3 4 4 5 5 5 5 5 5 5 5
n34-m289 8160 15 18 15 1 3 3 3 3 4 4 5 5 5 5 5 5 5 5 18 1 1 1 1 1 1 2 3 4 4 5 5 5 5 5 5 5 5
n34-m289 8162 15 18 15 2 3 3 3 3 4 4 5 5 5 5 5 5 5 5 18 1 1 1 1 1 1 2 3 4 4 5 5 5 5 5 5 5 6
n34-m289 8163 15 18 15 2 3 3 3 3 4 4 5 5 5 5 5 5 5 5 18 1 1 1 1 1 1 2 3 4 5 5 5 5 5 5 5 5 5
n34-m289 8164 15 18 15 2 3 3 3 3 4 4 5 5 5 5 5 5 5 5 18 1 1 1 1 1 1 2 4 4 4 5 5 5 5 5 5 5 5
n34-m289 8165 15 18 15 2 3 3 3 3 4 4 5 5 5 5 5 5 5 5 18 1 1 1 1 1 1 3 3 4 4 5 5 5 5 5 5 5 5
n34-m289 8166 15 18 15 2 3 3 3 3 4 4 5 5 5 5 5 5 5 5 18 1 1 1 1 1 2 2 3 4 4 5 5 5 5 5 5 5 5
n34-m289 8168 15 18 15 3 3 3 3 3 4 4 5 5 5 5 5 5 5 5 18 1 1 1 1 1 1 3 3 4 4 5 5 5 5 5 5 5 6
n34-m289 8169 15 18 15 3 3 3 3 3 4 4 5 5 5 5 5 5 5 5 18 1 1 1 1 1 1 3 3 4 5 5 5 5 5 5 5 5 5
n34-m289 8170 15 18 15 3 3 3 3 3 4 4 5 5 5 5 5 5 5 5 18 1 1 1 1 1 1 3 4 4 4 5 5 5 5 5 5 5 5
n34-m289 8171 15 18 15 3 3 3 3 3 4 4 5 5 5 5 5 5 5 5 18 1 1 1 1 1 2 3 3 4 4 5 5 5 5 5 5 5 5
n34-m289 8172 15 18 15 2 2 2 3 4 4 4 5 5 5 5 5 5 5 5 18 1 1 1 1 1 1 2 3 4 4 5 5 5 5 5 5 5 5
n34-m289 8174 15 18 15 1 2 3 3 4 4 4 5 5 5 5 5 5 5 5 18 1 1 1 1 1 1 2 3 4 4 5 5 5 5 5 5 5 5
n34-m289 8176 15 18 15 2 2 3 3 4 4 4 5 5 5 5 5 5 5 5 18 1 1 1 1 1 1 2 3 4 4 5 5 5 5 5 5 5 6
n34-m289 8177 15 18 15 2 2 3 3 4 4 4 5 5 5 5 5 5 5 5 18 1 1 1 1 1 1 2 3 4 5 5 5 5 5 5 5 5 5
n34-m289 8178 15 18 15 2 2 3 3 4 4 4 5 5 5 5 5 5 5 5 18 1 1 1 1 1 1 2 4 4 4 5 5 5 5 5 5 5 5
n34-m289 8179 15 18 15 2 2 3 3 4 4 4 5 5 5 5 5 5 5 5 18 1 1 1 1 1 1 3 3 4 4 5 5 5 5 5 5 5 5
n34-m289 8180 15 18 15 2 2 3 3 4 4 4 5 5 5 5 5 5 5 5 18 1 1 1 1 1 2 2 3 4 4 5 5 5 5 5 5 5 5
n34-m289 8186 15 18 15 1 3 3 3 4 4 4 5 5 5 5 5 5 5 5 18 1 1 1 1 1 1 3 3 4 4 5 5 5 5 5 5 5 5
n34-m289 8199 15 18 15 2 3 3 3 4 4 4 5 5 5 5 5 5 5 5 18 1 1 1 1 1 1 3 3 4 4 5 5 5 5 5 5 5 6
n34-m289 8200 15 18 15 2 3 3 3 4 4 4 5 5 5 5 5 5 5 5 18 1 1 1 1 1 1 3 3 4 5 5 5 5 5 5 5 5 5
n34-m289 8201 15 18 15 2 3 3 3 4 4 4 5 5 5 5 5 5 5 5 18 1 1 1 1 1 1 3 4 4 4 5 5 5 5 5 5 5 5
n34-m289 8206 15 18 15 2 3 3 3 4 4 4 5 5 5 5 5 5 5 5 18 1 1 1 1 1 2 3 3 4 4 5 5 5 5 5 5 5 5
n34-m289 8210 15 18 15 3 3 3 3 4 4 4 5 5 5 5 5 5 5 5 18 1 1 1 1 1 1 3 3 4 4 5 5 5 5 5 5 5 7
n34-m289 8211 15 18 15 3 3 3 3 4 4 4 5 5 5 5 5 5 5 5 18 1 1 1 1 1 1 3 3 4 4 5 5 5 5 5 5 6 6
n34-m289 8213 15 18 15 3 3 3 3 4 4 4 5 5 5 5 5 5 5 5 18 1 1 1 1 1 1 3 3 4 5 5 5 5 5 5 5 5 6
n34-m289 8214 15 18 15 3 3 3 3 4 4 4 5 5 5 5 5 5 5 5 18 1 1 1 1 1 1 3 3 5 5 5 5 5 5 5 5 5 5
n34-m289 8216 15 18 15 3 3 3 3 4 4 4 5 5 5 5 5 5 5 5 18 1 1 1 1 1 1 3 4 4 4 5 5 5 5 5 5 5 6
n34-m289 8217 15 18 15 3 3 3 3 4 4 4 5 5 5 5 5 5 5 5 18 1 1 1 1 1 1 3 4 4 5 5 5 5 5 5 5 5 5
n34-m289 8218 15 18 15 3 3 3 3 4 4 4 5 5 5 5 5 5 5 5 18 1 1 1 1 1 1 4 4 4 4 5 5 5 5 5 5 5 5
n34-m289 8220 15 18 15 3 3 3 3 4 4 4 5 5 5 5 5 5 5 5 18 1 1 1 1 1 2 3 3 4 4 5 5 5 5 5 5 5 6
n34-m289 8221 15 18 15 3 3 3 3 4 4 4 5 5 5 5 5 5 5 5 18 1 1 1 1 1 2 3 3 4 5 5 5 5 5 5 5 5 5
n34-m289 8222 15 18 15 3 3 3 3 4 4 4 5 5 5 5 5 5 5 5 18 1 1 1 1 1 2 3 4 4 4 5 5 5 5 5 5 5 5
n34-m289 8223 15 18 15 3 3 3 3 4 4 4 5 5 5 5 5 5 5 5 18 1 1 1 1 1 3 3 3 4 4 5 5 5 5 5 5 5 5
n34-m289 8224 15 18 15 3 3 3 3 4 4 4 5 5 5 5 5 5 5 5 18 1 1 1 1 2 2 3 3 4 4 5 5 5 5 5 5 5 5
n34-m289 8225 15 18 15 2 2 2 4 4 4 4 5 5 5 5 5 5 5 5 18 1 1 1 1 1 1 2 4 4 4 5 5 5 5 5 5 5 5
n34-m289 8226 15 18 15 1 2 3 4 4 4 4 5 5 5 5 5 5 5 5 18 1 1 1 1 1 1 2 4 4 4 5 5 5 5 5 5 5 5
n34-m289 8228 15 18 15 2 2 3 4 4 4 4 5 5 5 5 5 5 5 5 18 1 1 1 1 1 1 2 4 4 4 5 5 5 5 5 5 5 6
n34-m289 8229 15 18 15 2 2 3 4 4 4 4 5 5 5 5 5 5 5 5 18 1 1 1 1 1 1 2 4 4 5 5 5 5 5 5 5 5 5
n34-m289 8230 15 18 15 2 2 3 4 4 4 4 5 5 5 5 5 5 5 5 18 1 1 1 1 1 1 3 4 4 4 5 5 5 5 5 5 5 5
n34-m289 8231 15 18 15 2 2 3 4 4 4 4 5 5 5 5 5 5 5 5 18 1 1 1 1 1 2 2 4 4 4 5 5 5 5 5 5 5 5
n34-m289 8232 15 18 15 1 3 3 4 4 4 4 5 5 5 5 5 5 5 5 18 1 1 1 1 1 1 3 4 4 4 5 5 5 5 5 5 5 5
n34-m289 8234 15 18 15 2 3 3 4 4 4 4 5 5 5 5 5 5 5 5 18 1 1 1 1 1 1 3 4 4 4 5 5 5 5 5 5 5 6
n34-m289 8235 15 18 15 2 3 3 4 4 4 4 5 5 5 5 5 5 5 5 18 1 1 1 1 1 1 3 4 4 5 5 5 5 5 5 5 5 5
n34-m289 8236 15 18 15 2 3 3 4 4 4 4 5 5 5 5 5 5 5 5 18 1 1 1 1 1 1 4 4 4 4 5 5 5 5 5 5 5 5
n34-m289 8237 15 18 15 2 3 3 4 4 4 4 5 5 5 5 5 5 5 5 18 1 1 1 1 1 2 3 4 4 4 5 5 5 5 5 5 5 5
n34-m289 8240 15 18 15 3 3 3 4 4 4 4 5 5 5 5 5 5 5 5 18 1 1 1 1 1 1 3 4 4 4 5 5 5 5 5 5 5 7
n34-m289 8241 15 18 15 3 3 3 4 4 4 4 5 5 5 5 5 5 5 5 18 1 1 1 1 1 1 3 4 4 4 5 5 5 5 5 5 6 6
n34-m289 8243 15 18 15 3 3 3 4 4 4 4 5 5 5 5 5 5 5 5 18 1 1 1 1 1 1 3 4 4 5 5 5 5 5 5 5 5 6
n34-m289 8244 15 18 15 3 3 3 4 4 4 4 5 5 5 5 5 5 5 5 18 1 1 1 1 1 1 3 4 5 5 5 5 5 5 5 5 5 5
n34-m289 8246 15 18 15 3 3 3 4 4 4 4 5 5 5 5 5 5 5 5 18 1 1 1 1 1 1 4 4 4 4 5 5 5 5 5 5 5 6
n34-m289 8247 15 18 15 3 3 3 4 4 4 4 5 5 5 5 5 5 5 5 18 1 1 1 1 1 1 4 4 4 5 5 5 5 5 5 5 5 5
n34-m289 8249 15 18 15 3 3 3 4 4 4 4 5 5 5 5 5 5 5 5 18 1 1 1 1 1 2 3 4 4 4 5 5 5 5 5 5 5 6
n34-m289 8250 15 18 15 3 3 3 4 4 4 4 5 5 5 5 5 5 5 5 18 1 1 1 1 1 2 3 4 4 5 5 5 5 5 5 5 5 5
n34-m289 8251 15 18 15 3 3 3 4 4 4 4 5 5 5 5 5 5 5 5 18 1 1 1 1 1 2 4 4 4 4 5 5 5 5 5 5 5 5
n34-m289 8252 15 18 15 3 3 3 4 4 4 4 5 5 5 5 5 5 5 5 18 1 1 1 1 1 3 3 4 4 4 5 5 5 5 5 5 5 5
n34-m289 8253 15 18 15 3 3 3 4 4 4 4 5 5 5 5 5 5 5 5 18 1 1 1 1 2 2 3 4 4 4 5 5 5 5 5 5 5 5
n34-m289 8254 15 18 15 1 1 4 4 4 4 4 5 5 5 5 5 5 5 5 18 1 1 1 1 1 1 2 4 4 4 5 5 5 5 5 5 5 5
n34-m289 8255 15 18 15 0 2 4 4 4 4 4 5 5 5 5 5 5 5 5 18 1 1 1 1 1 1 2 4 4 4 5 5 5 5 5 5 5 5
n34-m289 8257 15 18 15 1 2 4 4 4 4 4 5 5 5 5 5 5 5 5 18 1 1 1 1 1 1 2 4 4 4 5 5 5 5 5 5 5 6
n34-m289 8258 15 18 15 1 2 4 4 4 4 4 5 5 5 5 5 5 5 5 18 1 1 1 1 1 1 2 4 4 5 5 5 5 5 5 5 5 5
n34-m289 8259 15 18 15 1 2 4 4 4 4 4 5 5 5 5 5 5 5 5 18 1 1 1 1 1 1 3 4 4 4 5 5 5 5 5 5 5 5
n34-m289 8260 15 18 15 1 2 4 4 4 4 4 5 5 5 5 5 5 5 5 18 1 1 1 1 1 2 2 4 4 4 5 5 5 5 5 5 5 5
n34-m289 8263 15 18 15 2 2 4 4 4 4 4 5 5 5 5 5 5 5 5 18 1 1 1 1 1 1 2 4 4 4 5 5 5 5 5 5 5 7
n34-m289 8264 15 18 15 2 2 4 4 4 4 4 5 5 5 5 5 5 5 5 18 1 1 1 1 1 1 2 4 4 4 5 5 5 5 5 5 6 6
n34-m289 8266 15 18 15 2 2 4 4 4 4 4 5 5 5 5 5 5 5 5 18 1 1 1 1 1 1 2 4 4 5 5 5 5 5 5 5 5 6
n34-m289 8267 15 18 15 2 2 4 4 4 4 4 5 5 5 5 5 5 5 5 18 1 1 1 1 1 1 2 4 5 5 5 5 5 5 5 5 5 5
n34-m289 8269 15 18 15 2 2 4 4 4 4 4 5 5 5 5 5 5 5 5 18 1 1 1 1 1 1 3 4 4 4 5 5 5 5 5 5 5 6
n34-m289 8270 15 18 15 2 2 4 4 4 4 4 5 5 5 5 5 5 5 5 18 1 1 1 1 1 1 3 4 4 5 5 5 5 5 5 5 5 5
n34-m289 8271 15 18 15 2 2 4 4 4 4 4 5 5 5 5 5 5 5 5 18 1 1 1 1 1 1 4 4 4 4 5 5 5 5 5 5 5 5
n34-m289 8273 15 18 15 2 2 4 4 4 4 4 5 5 5 5 5 5 5 5 18 1 1 1 1 1 2 2 4 4 4 5 5 5 5 5 5 5 6
n34-m289 8274 15 18 15 2 2 4 4 4 4 4 5 5 5 5 5 5 5 5 18 1 1 1 1 1 2 2 4 4 5 5 5 5 5 5 5 5 5
n34-m289 8275 15 18 15 2 2 4 4 4 4 4 5 5 5 5 5 5 5 5 18 1 1 1 1 1 2 3 4 4 4 5 5 5 5 5 5 5 5
n34-m289 8276 15 18 15 2 2 4 4 4 4 4 5 5 5 5 5 5 5 5 18 1 1 1 1 2 2 2 4 4 4 5 5 5 5 5 5 5 5
n34-m289 8277 15 18 15 0 3 4 4 4 4 4 5 5 5 5 5 5 5 5 18 1 1 1 1 1 1 3 4 4 4 5 5 5 5 5 5 5 5
n34-m289 8279 15 18 15 1 3 4 4 4 4 4 5 5 5 5 5 5 5 5 18 1 1 1 1 1 1 3 4 4 4 5 5 5 5 5 5 5 6
n34-m289 8280 15 18 15 1 3 4 4 4 4 4 5 5 5 5 5 5 5 5 18 1 1 1 1 1 1 3 4 4 5 5 5 5 5 5 5 5 5
n34-m289 8281 15 18 15 1 3 4 4 4 4 4 5 5 5 5 5 5 5 5 18 1 1 1 1 1 1 4 4 4 4 5 5 5 5 5 5 5 5
n34-m289 8282 15 18 15 1 3 4 4 4 4 4 5 5 5 5 5 5 5 5 18 1 1 1 1 1 2 3 4 4 4 5 5 5 5 5 5 5 5
n34-m289 8285 15 18 15 2 3 4 4 4 4 4 5 5 5 5 5 5 5 5 18 1 1 1 1 1 1 3 4 4 4 5 5 5 5 5 5 5 7
n34-m289 8286 15 18 15 2 3 4 4 4 4 4 5 5 5 5 5 5 5 5 18 1 1 1 1 1 1 3 4 4 4 5 5 5 5 5 5 6 6
n34-m289 8288 15 18 15 2 3 4 4 4 4 4 5 5 5 5 5 5 5 5 18 1 1 1 1 1 1 3 4 4 5 5 5 5 5 5 5 5 6
n34-m289 8289 15 18 15 2 3 4 4 4 4 4 5 5 5 5 5 5 5 5 18 1 1 1 1 1 1 3 4 5 5 5 5 5 5 5 5 5 5
n34-m289 8291 15 18 15 2 3 4 4 4 4 4 5 5 5 5 5 5 5 5 18 1 1 1 1 1 1 4 4 4 4 5 5 5 5 5 5 5 6
n34-m289 8292 15 18 15 2 3 4 4 4 4 4 5 5 5 5 5 5 5 5 18 1 1 1 1 1 1 4 4 4 5 5 5 5 5 5 5 5 5
n34-m289 8294 15 18 15 2 3 4 4 4 4 4 5 5 5 5 5 5 5 5 18 1 1 1 1 1 2 3 4 4 4 5 5 5 5 5 5 5 6
n34-m289 8295 15 18 15 2 3 4 4 4 4 4 5 5 5 5 5 5 5 5 18 1 1 1 1 1 2 3 4 4 5 5 5 5 5 5 5 5 5
n34-m289 8296 15 18 15 2 3 4 4 4 4 4 5 5 5 5 5 5 5 5 18 1 1 1 1 1 2 4 4 4 4 5 5 5 5 5 5 5 5
n34-m289 8297 15 18 15 2 3 4 4 4 4 4 5 5 5 5 5 5 5 5 18 1 1 1 1 1 3 3 4 4 4 5 5 5 5 5 5 5 5
n34-m289 8298 15 18 15 2 3 4 4 4 4 4 5 5 5 5 5 5 5 5 18 1 1 1 1 2 2 3 4 4 4 5 5 5 5 5 5 5 5
n34-m289 8302 15 18 15 3 3 4 4 4 4 4 5 5 5 5 5 5 5 5 18 1 1 1 1 1 1 3 4 4 4 5 5 5 5 5 5 5 8
n34-m289 8304 15 18 15 3 3 4 4 4 4 4 5 5 5 5 5 5 5 5 18 1 1 1 1 1 1 3 4 4 4 5 5 5 5 5 5 6 7
n34-m289 8305 15 18 15 3 3 4 4 4 4 4 5 5 5 5 5 5 5 5 18 1 1 1 1 1 1 3 4 4 4 5 5 5 5 5 6 6 6
n34-m289 8308 15 18 15 3 3 4 4 4 4 4 5 5 5 5 5 5 5 5 18 1 1 1 1 1 1 3 4 4 5 5 5 5 5 5 5 5 7
n34-m289 8309 15 18 15 3 3 4 4 4 4 4 5 5 5 5 5 5 5 5 18 1 1 1 1 1 1 3 4 4 5 5 5 5 5 5 5 6 6
n34-m289 8311 15 18 15 3 3 4 4 4 4 4 5 5 5 5 5 5 5 5 18 1 1 1 1 1 1 3 4 5 5 5 5 5 5 5 5 5 6
n34-m289 8312 15 18 15 3 3 4 4 4 4 4 5 5 5 5 5 5 5 5 18 1 1 1 1 1 1 3 5 5 5 5 5 5 5 5 5 5 5
n34-m289 8315 15 18 15 3 3 4 4 4 4 4 5 5 5 5 5 5 5 5 18 1 1 1 1 1 1 4 4 4 4 5 5 5 5 5 5 5 7
n34-m289 8316 15 18 15 3 3 4 4 4 4 4 5 5 5 5 5 5 5 5 18 1 1 1 1 1 1 4 4 4 4 5 5 5 5 5 5 6 6
n34-m289 8318 15 18 15 3 3 4 4 4 4 4 5 5 5 5 5 5 5 5 18 1 1 1 1 1 1 4 4 4 5 5 5 5 5 5 5 5 6
n34-m289 8319 15 18 15 3 3 4 4 4 4 4 5 5 5 5 5 5 5 5 18 1 1 1 1 1 1 4 4 5 5 5 5 5 5 5 5 5 5
n34-m289 8322 15 18 15 3 3 4 4 4 4 4 5 5 5 5 5 5 5 5 18 1 1 1 1 1 2 3 4 4 4 5 5 5 5 5 5 5 7
n34-m289 8323 15 18 15 3 3 4 4 4 4 4 5 5 5 5 5 5 5 5 18 1 1 1 1 1 2 3 4 4 4 5 5 5 5 5 5 6 6
n34-m289 8325 15 18 15 3 3 4 4 4 4 4 5 5 5 5 5 5 5 5 18 1 1 1 1 1 2 3 4 4 5 5 5 5 5 5 5 5 6
n34-m289 8326 15 18 15 3 3 4 4 4 4 4 5 5 5 5 5 5 5 5 18 1 1 1 1 1 2 3 4 5 5 5 5 5 5 5 5 5 5
n34-m289 8328 15 18 15 3 3 4 4 4 4 4 5 5 5 5 5 5 5 5 18 1 1 1 1 1 2 4 4 4 4 5 5 5 5 5 5 5 6
n34-m289 8329 15 18 15 3 3 4 4 4 4 4 5 5 5 5 5 5 5 5 18 1 1 1 1 1 2 4 4 4 5 5 5 5 5 5 5 5 5
n34-m289 8331 15 18 15 3 3 4 4 4 4 4 5 5 5 5 5 5 5 5 18 1 1 1 1 1 3 3 4 4 4 5 5 5 5 5 5 5 6
n34-m289 8332 15 18 15 3 3 4 4 4 4 4 5 5 5 5 5 5 5 5 18 1 1 1 1 1 3 3 4 4 5 5 5 5 5 5 5 5 5
n34-m289 8333 15 18 15 3 3 4 4 4 4 4 5 5 5 5 5 5 5 5 18 1 1 1 1 1 3 4 4 4 4 5 5 5 5 5 5 5 5
n34-m289 8335 15 18 15 3 3 4 4 4 4 4 5 5 5 5 5 5 5 5 18 1 1 1 1 2 2 3 4 4 4 5 5 5 5 5 5 5 6
n34-m289 8336 15 18 15 3 3 4 4 4 4 4 5 5 5 5 5 5 5 5 18 1 1 1 1 2 2 3 4 4 5 5 5 5 5 5 5 5 5
n34-m289 8337 15 18 15 3 3 4 4 4 4 4 5 5 5 5 5 5 5 5 18 1 1 1 1 2 2 4 4 4 4 5 5 5 5 5 5 5 5
n34-m289 8338 15 18 15 3 3 4 4 4 4 4 5 5 5 5 5 5 5 5 18 1 1 1 1 2 3 3 4 4 4 5 5 5 5 5 5 5 5
n34-m289 8339 15 18 15 3 3 4 4 4 4 4 5 5 5 5 5 5 5 5 18 1 1 1 2 2 2 3 4 4 4 5 5 5 5 5 5 5 5
n34-m289 8340 15 18 15 0 4 4 4 4 4 4 5 5 5 5 5 5 5 5 18 1 1 1 1 1 1 3 4 4 4 5 5 5 5 5 5 5 5
n34-m289 8341 15 18 15 0 4 4 4 4 4 4 5 5 5 5 5 5 5 5 18 1 1 1 1 1 1 3 4 4 4 5 5 5 5 5 5 5 6
n34-m289 8342 15 18 15 0 4 4 4 4 4 4 5 5 5 5 5 5 5 5 18 1 1 1 1 1 1 3 4 4 5 5 5 5 5 5 5 5 5
n34-m289 8343 15 18 15 0 4 4 4 4 4 4 5 5 5 5 5 5 5 5 18 1 1 1 1 1 1 4 4 4 4 5 5 5 5 5 5 5 5
n34-m289 8344 15 18 15 0 4 4 4 4 4 4 5 5 5 5 5 5 5 5 18 1 1 1 1 1 2 3 4 4 4 5 5 5 5 5 5 5 5
n34-m289 8347 15 18 15 1 4 4 4 4 4 4 5 5 5 5 5 5 5 5 18 1 1 1 1 1 1 3 4 4 4 5 5 5 5 5 5 5 7
n34-m289 8348 15 18 15 1 4 4 4 4 4 4 5 5 5 5 5 5 5 5 18 1 1 1 1 1 1 3 4 4 4 5 5 5 5 5 5 6 6
n34-m289 8350 15 18 15 1 4 4 4 4 4 4 5 5 5 5 5 5 5 5 18 1 1 1 1 1 1 3 4 4 5 5 5 5 5 5 5 5 6
n34-m289 8351 15 18 15 1 4 4 4 4 4 4 5 5 5 5 5 5 5 5 18 1 1 1 1 1 1 3 4 5 5 5 5 5 5 5 5 5 5
n34-m289 8353 15 18 15 1 4 4 4 4 4 4 5 5 5 5 5 5 5 5 18 1 1 1 1 1 1 4 4 4 4 5 5 5 5 5 5 5 6
n34-m289 8354 15 18 15 1 4 4 4 4 4 4 5 5 5 5 5 5 5 5 18 1 1 1 1 1 1 4 4 4 5 5 5 5 5 5 5 5 5
n34-m289 8356 15 18 15 1 4 4 4 4 4 4 5 5 5 5 5 5 5 5 18 1 1 1 1 1 2 3 4 4 4 5 5 5 5 5 5 5 6
n34-m289 8357 15 18 15 1 4 4 4 4 4 4 5 5 5 5 5 5 5 5 18 1 1 1 1 1 2 3 4 4 5 5 5 5 5 5 5 5 5
n34-m289 8358 15 18 15 1 4 4 4 4 4 4 5 5 5 5 5 5 5 5 18 1 1 1 1 1 2 4 4 4 4 5 5 5 5 5 5 5 5
n34-m289 8359 15 18 15 1 4 4 4 4 4 4 5 5 5 5 5 5 5 5 18 1 1 1 1 1 3 3 4 4 4 5 5 5 5 5 5 5 5
n34-m289 8360 15 18 15 1 4 4 4 4 4 4 5 5 5 5 5 5 5 5 18 1 1 1 1 2 2 3 4 4 4 5 5 5 5 5 5 5 5
n34-m289 8377 15 18 15 2 4 4 4 4 4 4 5 5 5 5 5 5 5 5 18 1 1 1 1 1 1 4 4 4 4 5 5 5 5 5 5 5 7
n34-m289 8378 15 18 15 2 4 4 4 4 4 4 5 5 5 5 5 5 5 5 18 1 1 1 1 1 1 4 4 4 4 5 5 5 5 5 5 6 6
n34-m289 8380 15 18 15 2 4 4 4 4 4 4 5 5 5 5 5 5 5 5 18 1 1 1 1 1 1 4 4 4 5 5 5 5 5 5 5 5 6
n34-m289 8381 15 18 15 2 4 4 4 4 4 4 5 5 5 5 5 5 5 5 18 1 1 1 1 1 1 4 4 5 5 5 5 5 5 5 5 5 5
n34-m289 8390 15 18 15 2 4 4 4 4 4 4 5 5 5 5 5 5 5 5 18 1 1 1 1 1 2 4 4 4 4 5 5 5 5 5 5 5 6
n34-m289 8391 15 18 15 2 4 4 4 4 4 4 5 5 5 5 5 5 5 5 18 1 1 1 1 1 2 4 4 4 5 5 5 5 5 5 5 5 5
n34-m289 8395 15 18 15 2 4 4 4 4 4 4 5 5 5 5 5 5 5 5 18 1 1 1 1 1 3 4 4 4 4 5 5 5 5 5 5 5 5
n34-m289 8397 15 18 15 2 4 4 4 4 4 4 5 5 5 5 5 5 5 5 18 1 1 1 1 2 2 3 4 4 4 5 5 5 5 5 5 5 6
n34-m289 8398 15 18 15 2 4 4 4 4 4 4 5 5 5 5 5 5 5 5 18 1 1 1 1 2 2 3 4 4 5 5 5 5 5 5 5 5 5
n34-m289 8399 15 18 15 2 4 4 4 4 4 4 5 5 5 5 5 5 5 5 18 1 1 1 1 2 2 4 4 4 4 5 5 5 5 5 5 5 5
n34-m289 8400 15 18 15 2 4 4 4 4 4 4 5 5 5 5 5 5 5 5 18 1 1 1 1 2 3 3 4 4 4 5 5 5 5 5 5 5 5
n34-m289 8401 15 18 15 2 4 4 4 4 4 4 5 5 5 5 5 5 5 5 18 1 1 1 2 2 2 3 4 4 4 5 5 5 5 5 5 5 5
n34-m289 8430 15 18 15 3 4 4 4 4 4 4 5 5 5 5 5 5 5 5 18 1 1 1 1 1 1 4 4 4 4 5 5 5 5 5 5 5 8
n34-m289 8432 15 18 15 3 4 4 4 4 4 4 5 5 5 5 5 5 5 5 18 1 1 1 1 1 1 4 4 4 4 5 5 5 5 5 5 6 7
n34-m289 8433 15 18 15 3 4 4 4 4 4 4 5 5 5 5 5 5 5 5 18 1 1 1 1 1 1 4 4 4 4 5 5 5 5 5 6 6 6
n34-m289 8436 15 18 15 3 4 4 4 4 4 4 5 5 5 5 5 5 5 5 18 1 1 1 1 1 1 4 4 4 5 5 5 5 5 5 5 5 7
n34-m289 8437 15 18 15 3 4 4 4 4 4 4 5 5 5 5 5 5 5 5 18 1 1 1 1 1 1 4 4 4 5 5 5 5 5 5 5 6 6
n34-m289 8439 15 18 15 3 4 4 4 4 4 4 5 5 5 5 5 5 5 5 18 1 1 1 1 1 1 4 4 5 5 5 5 5 5 5 5 5 6
n34-m289 8440 15 18 15 3 4 4 4 4 4 4 5 5 5 5 5 5 5 5 18 1 1 1 1 1 1 4 5 5 5 5 5 5 5 5 5 5 5
n34-m289 8457 15 18 15 3 4 4 4 4 4 4 5 5 5 5 5 5 5 5 18 1 1 1 1 1 2 4 4 4 4 5 5 5 5 5 5 5 7
n34-m289 8458 15 18 15 3 4 4 4 4 4 4 5 5 5 5 5 5 5 5 18 1 1 1 1 1 2 4 4 4 4 5 5 5 5 5 5 6 6
n34-m289 8460 15 18 15 3 4 4 4 4 4 4 5 5 5 5 5 5 5 5 18 1 1 1 1 1 2 4 4 4 5 5 5 5 5 5 5 5 6
n34-m289 8461 15 18 15 3 4 4 4 4 4 4 5 5 5 5 5 5 5 5 18 1 1 1 1 1 2 4 4 5 5 5 5 5 5 5 5 5 5
n34-m289 8464 15 18 15 3 4 4 4 4 4 4 5 5 5 5 5 5 5 5 18 1 1 1 1 1 3 3 4 4 4 5 5 5 5 5 5 5 7
n34-m289 8465 15 18 15 3 4 4 4 4 4 4 5 5 5 5 5 5 5 5 18 1 1 1 1 1 3 3 4 4 4 5 5 5 5 5 5 6 6
n34-m289 8470 15 18 15 3 4 4 4 4 4 4 5 5 5 5 5 5 5 5 18 1 1 1 1 1 3 4 4 4 4 5 5 5 5 5 5 5 6
n34-m289 8471 15 18 15 3 4 4 4 4 4 4 5 5 5 5 5 5 5 5 18 1 1 1 1 1 3 4 4 4 5 5 5 5 5 5 5 5 5
n34-m289 8472 15 18 15 3 4 4 4 4 4 4 5 5 5 5 5 5 5 5 18 1 1 1 1 1 4 4 4 4 4 5 5 5 5 5 5 5 5
n34-m289 8475 15 18 15 3 4 4 4 4 4 4 5 5 5 5 5 5 5 5 18 1 1 1 1 2 2 3 4 4 4 5 5 5 5 5 5 5 7
n34-m289 8476 15 18 15 3 4 4 4 4 4 4 5 5 5 5 5 5 5 5 18 1 1 1 1 2 2 3 4 4 4 5 5 5 5 5 5 6 6
n34-m289 8478 15 18 15 3 4 4 4 4 4 4 5 5 5 5 5 5 5 5 18 1 1 1 1 2 2 3 4 4 5 5 5 5 5 5 5 5 6
n34-m289 8479 15 18 15 3 4 4 4 4 4 4 5 5 5 5 5 5 5 5 18 1 1 1 1 2 2 3 4 5 5 5 5 5 5 5 5 5 5
n34-m289 8481 15 18 15 3 4 4 4 4 4 4 5 5 5 5 5 5 5 5 18 1 1 1 1 2 2 4 4 4 4 5 5 5 5 5 5 5 6
n34-m289 8482 15 18 15 3 4 4 4 4 4 4 5 5 5 5 5 5 5 5 18 1 1 1 1 2 2 4 4 4 5 5 5 5 5 5 5 5 5
n34-m289 8484 15 18 15 3 4 4 4 4 4 4 5 5 5 5 5 5 5 5 18 1 1 1 1 2 3 3 4 4 4 5 5 5 5 5 5 5 6
n34-m289 8485 15 18 15 3 4 4 4 4 4 4 5 5 5 5 5 5 5 5 18 1 1 1 1 2 3 3 4 4 5 5 5 5 5 5 5 5 5
n34-m289 8486 15 18 15 3 4 4 4 4 4 4 5 5 5 5 5 5 5 5 18 1 1 1 1 2 3 4 4 4 4 5 5 5 5 5 5 5 5
n34-m289 8487 15 18 15 3 4 4 4 4 4 4 5 5 5 5 5 5 5 5 18 1 1 1 1 3 3 3 4 4 4 5 5 5 5 5 5 5 5
n34-m289 8489 15 18 15 3 4 4 4 4 4 4 5 5 5 5 5 5 5 5 18 1 1 1 2 2 2 3 4 4 4 5 5 5 5 5 5 5 6
n34-m289 8490 15 18 15 3 4 4 4 4 4 4 5 5 5 5 5 5 5 5 18 1 1 1 2 2 2 3 4 4 5 5 5 5 5 5 5 5 5
n34-m289 8491 15 18 15 3 4 4 4 4 4 4 5 5 5 5 5 5 5 5 18 1 1 1 2 2 2 4 4 4 4 5 5 5 5 5 5 5 5
n34-m289 8492 15 18 15 3 4 4 4 4 4 4 5 5 5 5 5 5 5 5 18 1 1 1 2 2 3 3 4 4 4 5 5 5 5 5 5 5 5
n34-m289 8493 15 18 15 3 4 4 4 4 4 4 5 5 5 5 5 5 5 5 18 1 1 2 2 2 2 3 4 4 4 5 5 5 5 5 5 5 5
n34-m289 8542 15 18 15 4 4 4 4 4 4 4 5 5 5 5 5 5 5 5 18 1 1 1 1 1 4 4 4 4 4 5 5 5 5 5 5 5 6
n34-m289 8543 15 18 15 4 4 4 4 4 4 4 5 5 5 5 5 5 5 5 18 1 1 1 1 1 4 4 4 4 5 5 5 5 5 5 5 5 5
n34-m289 8554 15 18 15 4 4 4 4 4 4 4 5 5 5 5 5 5 5 5 18 1 1 1 1 2 4 4 4 4 4 5 5 5 5 5 5 5 5
n34-m289 8557 15 18 15 4 4 4 4 4 4 4 5 5 5 5 5 5 5 5 18 1 1 1 2 2 2 4 4 4 4 5 5 5 5 5 5 5 6
n34-m289 8558 15 18 15 4 4 4 4 4 4 4 5 5 5 5 5 5 5 5 18 1 1 1 2 2 2 4 4 4 5 5 5 5 5 5 5 5 5
n34-m289 8559 15 18 15 4 4 4 4 4 4 4 5 5 5 5 5 5 5 5 18 1 1 1 2 2 3 4 4 4 4 5 5 5 5 5 5 5 5
n34-m289 8560 15 18 15 4 4 4 4 4 4 4 5 5 5 5 5 5 5 5 18 1 1 2 2 2 2 4 4 4 4 5 5 5 5 5 5 5 5
n34-m289 8561 15 18 15 2 2 3 3 3 3 5 5 5 5 5 5 5 5 5 18 1 1 1 1 1 1 2 3 3 5 5 5 5 5 5 5 5 5
n34-m289 8562 15 18 15 1 3 3 3 3 3 5 5 5 5 5 5 5 5 5 18 1 1 1 1 1 1 2 3 3 5 5 5 5 5 5 5 5 5
n34-m289 8564 15 18 15 2 3 3 3 3 3 5 5 5 5 5 5 5 5 5 18 1 1 1 1 1 1 2 3 3 5 5 5 5 5 5 5 5 6
n34-m289 8565 15 18 15 2 3 3 3 3 3 5 5 5 5 5 5 5 5 5 18 1 1 1 1 1 1 2 3 4 5 5 5 5 5 5 5 5 5
n34-m289 8566 15 18 15 2 3 3 3 3 3 5 5 5 5 5 5 5 5 5 18 1 1 1 1 1 1 3 3 3 5 5 5 5 5 5 5 5 5
n34-m289 8567 15 18 15 2 3 3 3 3 3 5 5 5 5 5 5 5 5 5 18 1 1 1 1 1 2 2 3 3 5 5 5 5 5 5 5 5 5
n34-m289 8569 15 18 15 3 3 3 3 3 3 5 5 5 5 5 5 5 5 5 18 1 1 1 1 1 1 3 3 3 5 5 5 5 5 5 5 5 6
n34-m289 8570 15 18 15 3 3 3 3 3 3 5 5 5 5 5 5 5 5 5 18 1 1 1 1 1 1 3 3 4 5 5 5 5 5 5 5 5 5
n34-m289 8571 15 18 15 3 3 3 3 3 3 5 5 5 5 5 5 5 5 5 18 1 1 1 1 1 2 3 3 3 5 5 5 5 5 5 5 5 5
n34-m289 8572 15 18 15 2 2 3 3 3 4 5 5 5 5 5 5 5 5 5 18 1 1 1 1 1 1 2 3 4 5 5 5 5 5 5 5 5 5
n34-m289 8578 15 18 15 2 3 3 3 3 4 5 5 5 5 5 5 5 5 5 18 1 1 1 1 1 1 3 3 4 5 5 5 5 5 5 5 5 5
n34-m289 8581 15 18 15 3 3 3 3 3 4 5 5 5 5 5 5 5 5 5 18 1 1 1 1 1 1 3 3 4 5 5 5 5 5 5 5 5 6
n34-m289 8582 15 18 15 3 3 3 3 3 4 5 5 5 5 5 5 5 5 5 18 1 1 1 1 1 1 3 3 5 5 5 5 5 5 5 5 5 5
n34-m289 8583 15 18 15 3 3 3 3 3 4 5 5 5 5 5 5 5 5 5 18 1 1 1 1 1 1 3 4 4 5 5 5 5 5 5 5 5 5
n34-m289 8584 15 18 15 3 3 3 3 3 4 5 5 5 5 5 5 5 5 5 18 1 1 1 1 1 2 3 3 4 5 5 5 5 5 5 5 5 5
n34-m289 8585 15 18 15 2 2 2 3 4 4 5 5 5 5 5 5 5 5 5 18 1 1 1 1 1 1 2 3 4 5 5 5 5 5 5 5 5 5
n34-m289 8586 15 18 15 1 2 3 3 4 4 5 5 5 5 5 5 5 5 5 18 1 1 1 1 1 1 2 3 4 5 5 5 5 5 5 5 5 5
n34-m289 8588 15 18 15 2 2 3 3 4 4 5 5 5 5 5 5 5 5 5 18 1 1 1 1 1 1 2 3 4 5 5 5 5 5 5 5 5 6
n34-m289 8589 15 18 15 2 2 3 3 4 4 5 5 5 5 5 5 5 5 5 18 1 1 1 1 1 1 2 3 5 5 5 5 5 5 5 5 5 5
n34-m289 8590 15 18 15 2 2 3 3 4 4 5 5 5 5 5 5 5 5 5 18 1 1 1 1 1 1 2 4 4 5 5 5 5 5 5 5 5 5
n34-m289 8591 15 18 15 2 2 3 3 4 4 5 5 5 5 5 5 5 5 5 18 1 1 1 1 1 1 3 3 4 5 5 5 5 5 5 5 5 5
n34-m289 8592 15 18 15 2 2 3 3 4 4 5 5 5 5 5 5 5 5 5 18 1 1 1 1 1 2 2 3 4 5 5 5 5 5 5 5 5 5
n34-m289 8593 15 18 15 1 3 3 3 4 4 5 5 5 5 5 5 5 5 5 18 1 1 1 1 1 1 3 3 4 5 5 5 5 5 5 5 5 5
n34-m289 8595 15 18 15 2 3 3 3 4 4 5 5 5 5 5 5 5 5 5 18 1 1 1 1 1 1 3 3 4 5 5 5 5 5 5 5 5 6
n34-m289 8596 15 18 15 2 3 3 3 4 4 5 5 5 5 5 5 5 5 5 18 1 1 1 1 1 1 3 3 5 5 5 5 5 5 5 5 5 5
n34-m289 8597 15 18 15 2 3 3 3 4 4 5 5 5 5 5 5 5 5 5 18 1 1 1 1 1 1 3 4 4 5 5 5 5 5 5 5 5 5
n34-m289 8598 15 18 15 2 3 3 3 4 4 5 5 5 5 5 5 5 5 5 18 1 1 1 1 1 2 3 3 4 5 5 5 5 5 5 5 5 5
n34-m289 8601 15 18 15 3 3 3 3 4 4 5 5 5 5 5 5 5 5 5 18 1 1 1 1 1 1 3 3 4 5 5 5 5 5 5 5 5 7
n34-m289 8602 15 18 15 3 3 3 3 4 4 5 5 5 5 5 5 5 5 5 18 1 1 1 1 1 1 3 3 4 5 5 5 5 5 5 5 6 6
n34-m289 8604 15 18 15 3 3 3 3 4 4 5 5 5 5 5 5 5 5 5 18 1 1 1 1 1 1 3 3 5 5 5 5 5 5 5 5 5 6
n34-m289 8606 15 18 15 3 3 3 3 4 4 5 5 5 5 5 5 5 5 5 18 1 1 1 1 1 1 3 4 4 5 5 5 5 5 5 5 5 6
n34-m289 8607 15 18 15 3 3 3 3 4 4 5 5 5 5 5 5 5 5 5 18 1 1 1 1 1 1 3 4 5 5 5 5 5 5 5 5 5 5
n34-m289 8608 15 18 15 3 3 3 3 4 4 5 5 5 5 5 5 5 5 5 18 1 1 1 1 1 1 4 4 4 5 5 5 5 5 5 5 5 5
n34-m289 8610 15 18 15 3 3 3 3 4 4 5 5 5 5 5 5 5 5 5 18 1 1 1 1 1 2 3 3 4 5 5 5 5 5 5 5 5 6
n34-m289 8611 15 18 15 3 3 3 3 4 4 5 5 5 5 5 5 5 5 5 18 1 1 1 1 1 2 3 3 5 5 5 5 5 5 5 5 5 5
n34-m289 8612 15 18 15 3 3 3 3 4 4 5 5 5 5 5 5 5 5 5 18 1 1 1 1 1 2 3 4 4 5 5 5 5 5 5 5 5 5
n34-m289 8613 15 18 15 3 3 3 3 4 4 5 5 5 5 5 5 5 5 5 18 1 1 1 1 1 3 3 3 4 5 5 5 5 5 5 5 5 5
n34-m289 8614 15 18 15 3 3 3 3 4 4 5 5 5 5 5 5 5 5 5 18 1 1 1 1 2 2 3 3 4 5 5 5 5 5 5 5 5 5
n34-m289 8615 15 18 15 2 2 2 4 4 4 5 5 5 5 5 5 5 5 5 18 1 1 1 1 1 1 2 4 4 5 5 5 5 5 5 5 5 5
n34-m289 8616 15 18 15 1 2 3 4 4 4 5 5 5 5 5 5 5 5 5 18 1 1 1 1 1 1 2 4 4 5 5 5 5 5 5 5 5 5
n34-m289 8618 15 18 15 2 2 3 4 4 4 5 5 5 5 5 5 5 5 5 18 1 1 1 1 1 1 2 4 4 5 5 5 5 5 5 5 5 6
n34-m289 8619 15 18 15 2 2 3 4 4 4 5 5 5 5 5 5 5 5 5 18 1 1 1 1 1 1 2 4 5 5 5 5 5 5 5 5 5 5
n34-m289 8620 15 18 15 2 2 3 4 4 4 5 5 5 5 5 5 5 5 5 18 1 1 1 1 1 1 3 4 4 5 5 5 5 5 5 5 5 5
n34-m289 8621 15 18 15 2 2 3 4 4 4 5 5 5 5 5 5 5 5 5 18 1 1 1 1 1 2 2 4 4 5 5 5 5 5 5 5 5 5
n34-m289 8622 15 18 15 1 3 3 4 4 4 5 5 5 5 5 5 5 5 5 18 1 1 1 1 1 1 3 4 4 5 5 5 5 5 5 5 5 5
n34-m289 8624 15 18 15 2 3 3 4 4 4 5 5 5 5 5 5 5 5 5 18 1 1 1 1 1 1 3 4 4 5 5 5 5 5 5 5 5 6
n34-m289 8625 15 18 15 2 3 3 4 4 4 5 5 5 5 5 5 5 5 5 18 1 1 1 1 1 1 3 4 5 5 5 5 5 5 5 5 5 5
n34-m289 8626 15 18 15 2 3 3 4 4 4 5 5 5 5 5 5 5 5 5 18 1 1 1 1 1 1 4 4 4 5 5 5 5 5 5 5 5 5
n34-m289 8627 15 18 15 2 3 3 4 4 4 5 5 5 5 5 5 5 5 5 18 1 1 1 1 1 2 3 4 4 5 5 5 5 5 5 5 5 5
n34-m289 8630 15 18 15 3 3 3 4 4 4 5 5 5 5 5 5 5 5 5 18 1 1 1 1 1 1 3 4 4 5 5 5 5 5 5 5 5 7
n34-m289 8631 15 18 15 3 3 3 4 4 4 5 5 5 5 5 5 5 5 5 18 1 1 1 1 1 1 3 4 4 5 5 5 5 5 5 5 6 6
n34-m289 8633 15 18 15 3 3 3 4 4 4 5 5 5 5 5 5 5 5 5 18 1 1 1 1 1 1 3 4 5 5 5 5 5 5 5 5 5 6
n34-m289 8634 15 18 15 3 3 3 4 4 4 5 5 5 5 5 5 5 5 5 18 1 1 1 1 1 1 3 5 5 5 5 5 5 5 5 5 5 5
n34-m289 8636 15 18 15 3 3 3 4 4 4 5 5 5 5 5 5 5 5 5 18 1 1 1 1 1 1 4 4 4 5 5 5 5 5 5 5 5 6
n34-m289 8637 15 18 15 3 3 3 4 4 4 5 5 5 5 5 5 5 5 5 18 1 1 1 1 1 1 4 4 5 5 5 5 5 5 5 5 5 5
n34-m289 8639 15 18 15 3 3 3 4 4 4 5 5 5 5 5 5 5 5 5 18 1 1 1 1 1 2 3 4 4 5 5 5 5 5 5 5 5 6
n34-m289 8640 15 18 15 3 3 3 4 4 4 5 5 5 5 5 5 5 5 5 18 1 1 1 1 1 2 3 4 5 5 5 5 5 5 5 5 5 5
n34-m289 8641 15 18 15 3 3 3 4 4 4 5 5 5 5 5 5 5 5 5 18 1 1 1 1 1 2 4 4 4 5 5 5 5 5 5 5 5 5
n34-m289 8642 15 18 15 3 3 3 4 4 4 5 5 5 5 5 5 5 5 5 18 1 1 1 1 1 3 3 4 4 5 5 5 5 5 5 5 5 5
n34-m289 8643 15 18 15 3 3 3 4 4 4 5 5 5 5 5 5 5 5 5 18 1 1 1 1 2 2 3 4 4 5 5 5 5 5 5 5 5 5
n34-m289 8649 15 18 15 1 2 4 4 4 4 5 5 5 5 5 5 5 5 5 18 1 1 1 1 1 1 3 4 4 5 5 5 5 5 5 5 5 5
n34-m289 8659 15 18 15 2 2 4 4 4 4 5 5 5 5 5 5 5 5 5 18 1 1 1 1 1 1 3 4 4 5 5 5 5 5 5 5 5 6
n34-m289 8660 15 18 15 2 2 4 4 4 4 5 5 5 5 5 5 5 5 5 18 1 1 1 1 1 1 3 4 5 5 5 5 5 5 5 5 5 5
n34-m289 8661 15 18 15 2 2 4 4 4 4 5 5 5 5 5 5 5 5 5 18 1 1 1 1 1 1 4 4 4 5 5 5 5 5 5 5 5 5
n34-m289 8665 15 18 15 2 2 4 4 4 4 5 5 5 5 5 5 5 5 5 18 1 1 1 1 1 2 3 4 4 5 5 5 5 5 5 5 5 5
n34-m289 8667 15 18 15 0 3 4 4 4 4 5 5 5 5 5 5 5 5 5 18 1 1 1 1 1 1 3 4 4 5 5 5 5 5 5 5 5 5
n34-m289 8669 15 18 15 1 3 4 4 4 4 5 5 5 5 5 5 5 5 5 18 1 1 1 1 1 1 3 4 4 5 5 5 5 5 5 5 5 6
n34-m289 8670 15 18 15 1 3 4 4 4 4 5 5 5 5 5 5 5 5 5 18 1 1 1 1 1 1 3 4 5 5 5 5 5 5 5 5 5 5
n34-m289 8671 15 18 15 1 3 4 4 4 4 5 5 5 5 5 5 5 5 5 18 1 1 1 1 1 1 4 4 4 5 5 5 5 5 5 5 5 5
n34-m289 8672 15 18 15 1 3 4 4 4 4 5 5 5 5 5 5 5 5 5 18 1 1 1 1 1 2 3 4 4 5 5 5 5 5 5 5 5 5
n34-m289 8675 15 18 15 2 3 4 4 4 4 5 5 5 5 5 5 5 5 5 18 1 1 1 1 1 1 3 4 4 5 5 5 5 5 5 5 5 7
n34-m289 8676 15 18 15 2 3 4 4 4 4 5 5 5 5 5 5 5 5 5 18 1 1 1 1 1 1 3 4 4 5 5 5 5 5 5 5 6 6
n34-m289 8678 15 18 15 2 3 4 4 4 4 5 5 5 5 5 5 5 5 5 18 1 1 1 1 1 1 3 4 5 5 5 5 5 5 5 5 5 6
n34-m289 8679 15 18 15 2 3 4 4 4 4 5 5 5 5 5 5 5 5 5 18 1 1 1 1 1 1 3 5 5 5 5 5 5 5 5 5 5 5
n34-m289 8681 15 18 15 2 3 4 4 4 4 5 5 5 5 5 5 5 5 5 18 1 1 1 1 1 1 4 4 4 5 5 5 5 5 5 5 5 6
n34-m289 8682 15 18 15 2 3 4 4 4 4 5 5 5 5 5 5 5 5 5 18 1 1 1 1 1 1 4 4 5 5 5 5 5 5 5 5 5 5
n34-m289 8684 15 18 15 2 3 4 4 4 4 5 5 5 5 5 5 5 5 5 18 1 1 1 1 1 2 3 4 4 5 5 5 5 5 5 5 5 6
n34-m289 8685 15 18 15 2 3 4 4 4 4 5 5 5 5 5 5 5 5 5 18 1 1 1 1 1 2 3 4 5 5 5 5 5 5 5 5 5 5
n34-m289 8686 15 18 15 2 3 4 4 4 4 5 5 5 5 5 5 5 5 5 18 1 1 1 1 1 2 4 4 4 5 5 5 5 5 5 5 5 5
n34-m289 8687 15 18 15 2 3 4 4 4 4 5 5 5 5 5 5 5 5 5 18 1 1 1 1 1 3 3 4 4 5 5 5 5 5 5 5 5 5
n34-m289 8688 15 18 15 2 3 4 4 4 4 5 5 5 5 5 5 5 5 5 18 1 1 1 1 2 2 3 4 4 5 5 5 5 5 5 5 5 5
n34-m289 8692 15 18 15 3 3 4 4 4 4 5 5 5 5 5 5 5 5 5 18 1 1 1 1 1 1 3 4 4 5 5 5 5 5 5 5 5 8
n34-m289 8694 15 18 15 3 3 4 4 4 4 5 5 5 5 5 5 5 5 5 18 1 1 1 1 1 1 3 4 4 5 5 5 5 5 5 5 6 7
n34-m289 8695 15 18 15 3 3 4 4 4 4 5 5 5 5 5 5 5 5 5 18 1 1 1 1 1 1 3 4 4 5 5 5 5 5 5 6 6 6
n34-m289 8698 15 18 15 3 3 4 4 4 4 5 5 5 5 5 5 5 5 5 18 1 1 1 1 1 1 3 4 5 5 5 5 5 5 5 5 5 7
n34-m289 8699 15 18 15 3 3 4 4 4 4 5 5 5 5 5 5 5 5 5 18 1 1 1 1 1 1 3 4 5 5 5 5 5 5 5 5 6 6
n34-m289 8701 15 18 15 3 3 4 4 4 4 5 5 5 5 5 5 5 5 5 18 1 1 1 1 1 1 3 5 5 5 5 5 5 5 5 5 5 6
n34-m289 8704 15 18 15 3 3 4 4 4 4 5 5 5 5 5 5 5 5 5 18 1 1 1 1 1 1 4 4 4 5 5 5 5 5 5 5 5 7
n34-m289 8705 15 18 15 3 3 4 4 4 4 5 5 5 5 5 5 5 5 5 18 1 1 1 1 1 1 4 4 4 5 5 5 5 5 5 5 6 6
n34-m289 8707 15 18 15 3 3 4 4 4 4 5 5 5 5 5 5 5 5 5 18 1 1 1 1 1 1 4 4 5 5 5 5 5 5 5 5 5 6
n34-m289 8708 15 18 15 3 3 4 4 4 4 5 5 5 5 5 5 5 5 5 18 1 1 1 1 1 1 4 5 5 5 5 5 5 5 5 5 5 5
n34-m289 8711 15 18 15 3 3 4 4 4 4 5 5 5 5 5 5 5 5 5 18 1 1 1 1 1 2 3 4 4 5 5 5 5 5 5 5 5 7
n34-m289 8712 15 18 15 3 3 4 4 4 4 5 5 5 5 5 5 5 5 5 18 1 1 1 1 1 2 3 4 4 5 5 5 5 5 5 5 6 6
n34-m289 8714 15 18 15 3 3 4 4 4 4 5 5 5 5 5 5 5 5 5 18 1 1 1 1 1 2 3 4 5 5 5 5 5 5 5 5 5 6
n34-m289 8715 15 18 15 3 3 4 4 4 4 5 5 5 5 5 5 5 5 5 18 1 1 1 1 1 2 3 5 5 5 5 5 5 5 5 5 5 5
n34-m289 8717 15 18 15 3 3 4 4 4 4 5 5 5 5 5 5 5 5 5 18 1 1 1 1 1 2 4 4 4 5 5 5 5 5 5 5 5 6
n34-m289 8718 15 18 15 3 3 4 4 4 4 5 5 5 5 5 5 5 5 5 18 1 1 1 1 1 2 4 4 5 5 5 5 5 5 5 5 5 5
n34-m289 8720 15 18 15 3 3 4 4 4 4 5 5 5 5 5 5 5 5 5 18 1 1 1 1 1 3 3 4 4 5 5 5 5 5 5 5 5 6
n34-m289 8721 15 18 15 3 3 4 4 4 4 5 5 5 5 5 5 5 5 5 18 1 1 1 1 1 3 3 4 5 5 5 5 5 5 5 5 5 5
n34-m289 8722 15 18 15 3 3 4 4 4 4 5 5 5 5 5 5 5 5 5 18 1 1 1 1 1 3 4 4 4 5 5 5 5 5 5 5 5 5
n34-m289 8724 15 18 15 3 3 4 4 4 4 5 5 5 5 5 5 5 5 5 18 1 1 1 1 2 2 3 4 4 5 5 5 5 5 5 5 5 6
n34-m289 8725 15 18 15 3 3 4 4 4 4 5 5 5 5 5 5 5 5 5 18 1 1 1 1 2 2 3 4 5 5 5 5 5 5 5 5 5 5
n34-m289 8726 15 18 15 3 3 4 4 4 4 5 5 5 5 5 5 5 5 5 18 1 1 1 1 2 2 4 4 4 5 5 5 5 5 5 5 5 5
n34-m289 8727 15 18 15 3 3 4 4 4 4 5 5 5 5 5 5 5 5 5 18 1 1 1 1 2 3 3 4 4 5 5 5 5 5 5 5 5 5
n34-m289 8728 15 18 15 3 3 4 4 4 4 5 5 5 5 5 5 5 5 5 18 1 1 1 2 2 2 3 4 4 5 5 5 5 5 5 5 5 5
n34-m289 8732 15 18 15 0 4 4 4 4 4 5 5 5 5 5 5 5 5 5 18 1 1 1 1 1 1 4 4 4 5 5 5 5 5 5 5 5 5
n34-m289 8742 15 18 15 1 4 4 4 4 4 5 5 5 5 5 5 5 5 5 18 1 1 1 1 1 1 4 4 4 5 5 5 5 5 5 5 5 6
n34-m289 8743 15 18 15 1 4 4 4 4 4 5 5 5 5 5 5 5 5 5 18 1 1 1 1 1 1 4 4 5 5 5 5 5 5 5 5 5 5
n34-m289 8747 15 18 15 1 4 4 4 4 4 5 5 5 5 5 5 5 5 5 18 1 1 1 1 1 2 4 4 4 5 5 5 5 5 5 5 5 5
n34-m289 8765 15 18 15 2 4 4 4 4 4 5 5 5 5 5 5 5 5 5 18 1 1 1 1 1 1 4 4 4 5 5 5 5 5 5 5 5 7
n34-m289 8766 15 18 15 2 4 4 4 4 4 5 5 5 5 5 5 5 5 5 18 1 1 1 1 1 1 4 4 4 5 5 5 5 5 5 5 6 6
n34-m289 8768 15 18 15 2 4 4 4 4 4 5 5 5 5 5 5 5 5 5 18 1 1 1 1 1 1 4 4 5 5 5 5 5 5 5 5 5 6
n34-m289 8769 15 18 15 2 4 4 4 4 4 5 5 5 5 5 5 5 5 5 18 1 1 1 1 1 1 4 5 5 5 5 5 5 5 5 5 5 5
n34-m289 8778 15 18 15 2 4 4 4 4 4 5 5 5 5 5 5 5 5 5 18 1 1 1 1 1 2 4 4 4 5 5 5 5 5 5 5 5 6
n34-m289 8779 15 18 15 2 4 4 4 4 4 5 5 5 5 5 5 5 5 5 18 1 1 1 1 1 2 4 4 5 5 5 5 5 5 5 5 5 5
n34-m289 8783 15 18 15 2 4 4 4 4 4 5 5 5 5 5 5 5 5 5 18 1 1 1 1 1 3 4 4 4 5 5 5 5 5 5 5 5 5
n34-m289 8787 15 18 15 2 4 4 4 4 4 5 5 5 5 5 5 5 5 5 18 1 1 1 1 2 2 4 4 4 5 5 5 5 5 5 5 5 5
n34-m289 8816 15 18 15 3 4 4 4 4 4 5 5 5 5 5 5 5 5 5 18 1 1 1 1 1 1 4 4 4 5 5 5 5 5 5 5 5 8
n34-m289 8818 15 18 15 3 4 4 4 4 4 5 5 5 5 5 5 5 5 5 18 1 1 1 1 1 1 4 4 4 5 5 5 5 5 5 5 6 7
n34-m289 8819 15 18 15 3 4 4 4 4 4 5 5 5 5 5 5 5 5 5 18 1 1 1 1 1 1 4 4 4 5 5 5 5 5 5 6 6 6
n34-m289 8822 15 18 15 3 4 4 4 4 4 5 5 5 5 5 5 5 5 5 18 1 1 1 1 1 1 4 4 5 5 5 5 5 5 5 5 5 7
n34-m289 8823 15 18 15 3 4 4 4 4 4 5 5 5 5 5 5 5 5 5 18 1 1 1 1 1 1 4 4 5 5 5 5 5 5 5 5 6 6
n34-m289 8825 15 18 15 3 4 4 4 4 4 5 5 5 5 5 5 5 5 5 18 1 1 1 1 1 1 4 5 5 5 5 5 5 5 5 5 5 6
n34-m289 8826 15 18 15 3 4 4 4 4 4 5 5 5 5 5 5 5 5 5 18 1 1 1 1 1 1 5 5 5 5 5 5 5 5 5 5 5 5
n34-m289 8842 15 18 15 3 4 4 4 4 4 5 5 5 5 5 5 5 5 5 18 1 1 1 1 1 2 4 4 4 5 5 5 5 5 5 5 5 7
n34-m289 8843 15 18 15 3 4 4 4 4 4 5 5 5 5 5 5 5 5 5 18 1 1 1 1 1 2 4 4 4 5 5 5 5 5 5 5 6 6
n34-m289 8845 15 18 15 3 4 4 4 4 4 5 5 5 5 5 5 5 5 5 18 1 1 1 1 1 2 4 4 5 5 5 5 5 5 5 5 5 6
n34-m289 8846 15 18 15 3 4 4 4 4 4 5 5 5 5 5 5 5 5 5 18 1 1 1 1 1 2 4 5 5 5 5 5 5 5 5 5 5 5
n34-m289 8855 15 18 15 3 4 4 4 4 4 5 5 5 5 5 5 5 5 5 18 1 1 1 1 1 3 4 4 4 5 5 5 5 5 5 5 5 6
n34-m289 8856 15 18 15 3 4 4 4 4 4 5 5 5 5 5 5 5 5 5 18 1 1 1 1 1 3 4 4 5 5 5 5 5 5 5 5 5 5
n34-m289 8857 15 18 15 3 4 4 4 4 4 5 5 5 5 5 5 5 5 5 18 1 1 1 1 1 4 4 4 4 5 5 5 5 5 5 5 5 5
n34-m289 8866 15 18 15 3 4 4 4 4 4 5 5 5 5 5 5 5 5 5 18 1 1 1 1 2 2 4 4 4 5 5 5 5 5 5 5 5 6
n34-m289 8867 15 18 15 3 4 4 4 4 4 5 5 5 5 5 5 5 5 5 18 1 1 1 1 2 2 4 4 5 5 5 5 5 5 5 5 5 5
n34-m289 8871 15 18 15 3 4 4 4 4 4 5 5 5 5 5 5 5 5 5 18 1 1 1 1 2 3 4 4 4 5 5 5 5 5 5 5 5 5
n34-m289 8876 15 18 15 3 4 4 4 4 4 5 5 5 5 5 5 5 5 5 18 1 1 1 2 2 2 4 4 4 5 5 5 5 5 5 5 5 5
n34-m289 8926 15 18 15 4 4 4 4 4 4 5 5 5 5 5 5 5 5 5 18 1 1 1 1 1 4 4 4 4 5 5 5 5 5 5 5 5 6
n34-m289 8927 15 18 15 4 4 4 4 4 4 5 5 5 5 5 5 5 5 5 18 1 1 1 1 1 4 4 4 5 5 5 5 5 5 5 5 5 5
n34-m289 8938 15 18 15 4 4 4 4 4 4 5 5 5 5 5 5 5 5 5 18 1 1 1 1 2 4 4 4 4 5 5 5 5 5 5 5 5 5
n34-m289 8939 15 18 15 4 4 4 4 4 4 5 5 5 5 5 5 5 5 5 18 1 1 1 1 3 3 4 4 4 5 5 5 5 5 5 5 5 5
n34-m289 8941 15 18 15 4 4 4 4 4 4 5 5 5 5 5 5 5 5 5 18 1 1 1 2 2 2 4 4 4 5 5 5 5 5 5 5 5 6
n34-m289 8942 15 18 15 4 4 4 4 4 4 5 5 5 5 5 5 5 5 5 18 1 1 1 2 2 2 4 4 5 5 5 5 5 5 5 5 5 5
n34-m289 8943 15 18 15 4 4 4 4 4 4 5 5 5 5 5 5 5 5 5 18 1 1 1 2 2 3 4 4 4 5 5 5 5 5 5 5 5 5
n34-m289 8944 15 18 15 4 4 4 4 4 4 5 5 5 5 5 5 5 5 5 18 1 1 2 2 2 2 4 4 4 5 5 5 5 5 5 5 5 5
n34-m289 8945 15 18 15 2 2 2 3 3 5 5 5 5 5 5 5 5 5 5 18 1 1 1 1 1 1 2 3 4 5 5 5 5 5 5 5 5 5
n34-m289 8946 15 18 15 1 2 3 3 3 5 5 5 5 5 5 5 5 5 5 18 1 1 1 1 1 1 2 3 4 5 5 5 5 5 5 5 5 5
n34-m289 8948 15 18 15 2 2 3 3 3 5 5 5 5 5 5 5 5 5 5 18 1 1 1 1 1 1 2 3 4 5 5 5 5 5 5 5 5 6
n34-m289 8949 15 18 15 2 2 3 3 3 5 5 5 5 5 5 5 5 5 5 18 1 1 1 1 1 1 2 3 5 5 5 5 5 5 5 5 5 5
n34-m289 8950 15 18 15 2 2 3 3 3 5 5 5 5 5 5 5 5 5 5 18 1 1 1 1 1 1 2 4 4 5 5 5 5 5 5 5 5 5
n34-m289 8951 15 18 15 2 2 3 3 3 5 5 5 5 5 5 5 5 5 5 18 1 1 1 1 1 1 3 3 4 5 5 5 5 5 5 5 5 5
n34-m289 8952 15 18 15 2 2 3 3 3 5 5 5 5 5 5 5 5 5 5 18 1 1 1 1 1 2 2 3 4 5 5 5 5 5 5 5 5 5
n34-m289 8953 15 18 15 1 3 3 3 3 5 5 5 5 5 5 5 5 5 5 18 1 1 1 1 1 1 3 3 4 5 5 5 5 5 5 5 5 5
n34-m289 8955 15 18 15 2 3 3 3 3 5 5 5 5 5 5 5 5 5 5 18 1 1 1 1 1 1 3 3 4 5 5 5 5 5 5 5 5 6
n34-m289 8956 15 18 15 2 3 3 3 3 5 5 5 5 5 5 5 5 5 5 18 1 1 1 1 1 1 3 3 5 5 5 5 5 5 5 5 5 5
n34-m289 8957 15 18 15 2 3 3 3 3 5 5 5 5 5 5 5 5 5 5 18 1 1 1 1 1 1 3 4 4 5 5 5 5 5 5 5 5 5
n34-m289 8958 15 18 15 2 3 3 3 3 5 5 5 5 5 5 5 5 5 5 18 1 1 1 1 1 2 3 3 4 5 5 5 5 5 5 5 5 5
n34-m289 8961 15 18 15 3 3 3 3 3 5 5 5 5 5 5 5 5 5 5 18 1 1 1 1 1 1 3 3 4 5 5 5 5 5 5 5 5 7
n34-m289 8962 15 18 15 3 3 3 3 3 5 5 5 5 5 5 5 5 5 5 18 1 1 1 1 1 1 3 3 4 5 5 5 5 5 5 5 6 6
n34-m289 8964 15 18 15 3 3 3 3 3 5 5 5 5 5 5 5 5 5 5 18 1 1 1 1 1 1 3 3 5 5 5 5 5 5 5 5 5 6
n34-m289 8966 15 18 15 3 3 3 3 3 5 5 5 5 5 5 5 5 5 5 18 1 1 1 1 1 1 3 4 4 5 5 5 5 5 5 5 5 6
n34-m289 8967 15 18 15 3 3 3 3 3 5 5 5 5 5 5 5 5 5 5 18 1 1 1 1 1 1 3 4 5 5 5 5 5 5 5 5 5 5
n34-m289 8968 15 18 15 3 3 3 3 3 5 5 5 5 5 5 5 5 5 5 18 1 1 1 1 1 1 4 4 4 5 5 5 5 5 5 5 5 5
n34-m289 8970 15 18 15 3 3 3 3 3 5 5 5 5 5 5 5 5 5 5 18 1 1 1 1 1 2 3 3 4 5 5 5 5 5 5 5 5 6
n34-m289 8971 15 18 15 3 3 3 3 3 5 5 5 5 5 5 5 5 5 5 18 1 1 1 1 1 2 3 3 5 5 5 5 5 5 5 5 5 5
n34-m289 8972 15 18 15 3 3 3 3 3 5 5 5 5 5 5 5 5 5 5 18 1 1 1 1 1 2 3 4 4 5 5 5 5 5 5 5 5 5
n34-m289 8973 15 18 15 3 3 3 3 3 5 5 5 5 5 5 5 5 5 5 18 1 1 1 1 1 3 3 3 4 5 5 5 5 5 5 5 5 5
n34-m289 8974 15 18 15 3 3 3 3 3 5 5 5 5 5 5 5 5 5 5 18 1 1 1 1 2 2 3 3 4 5 5 5 5 5 5 5 5 5
n34-m289 8979 15 18 15 2 2 2 3 4 5 5 5 5 5 5 5 5 5 5 18 1 1 1 1 1 1 2 3 5 5 5 5 5 5 5 5 5 5
n34-m289 8980 15 18 15 2 2 2 3 4 5 5 5 5 5 5 5 5 5 5 18 1 1 1 1 1 1 2 4 4 5 5 5 5 5 5 5 5 5
n34-m289 8987 15 18 15 1 2 3 3 4 5 5 5 5 5 5 5 5 5 5 18 1 1 1 1 1 1 2 3 5 5 5 5 5 5 5 5 5 5
n34-m289 8988 15 18 15 1 2 3 3 4 5 5 5 5 5 5 5 5 5 5 18 1 1 1 1 1 1 2 4 4 5 5 5 5 5 5 5 5 5
n34-m289 8996 15 18 15 2 2 3 3 4 5 5 5 5 5 5 5 5 5 5 18 1 1 1 1 1 1 2 3 5 5 5 5 5 5 5 5 5 6
n34-m289 8998 15 18 15 2 2 3 3 4 5 5 5 5 5 5 5 5 5 5 18 1 1 1 1 1 1 2 4 4 5 5 5 5 5 5 5 5 6
n34-m289 8999 15 18 15 2 2 3 3 4 5 5 5 5 5 5 5 5 5 5 18 1 1 1 1 1 1 2 4 5 5 5 5 5 5 5 5 5 5
n34-m289 9002 15 18 15 2 2 3 3 4 5 5 5 5 5 5 5 5 5 5 18 1 1 1 1 1 1 3 3 5 5 5 5 5 5 5 5 5 5
n34-m289 9003 15 18 15 2 2 3 3 4 5 5 5 5 5 5 5 5 5 5 18 1 1 1 1 1 1 3 4 4 5 5 5 5 5 5 5 5 5
n34-m289 9006 15 18 15 2 2 3 3 4 5 5 5 5 5 5 5 5 5 5 18 1 1 1 1 1 2 2 3 5 5 5 5 5 5 5 5 5 5
n34-m289 9007 15 18 15 2 2 3 3 4 5 5 5 5 5 5 5 5 5 5 18 1 1 1 1 1 2 2 4 4 5 5 5 5 5 5 5 5 5
n34-m289 9013 15 18 15 1 3 3 3 4 5 5 5 5 5 5 5 5 5 5 18 1 1 1 1 1 1 3 3 5 5 5 5 5 5 5 5 5 5
n34-m289 9014 15 18 15 1 3 3 3 4 5 5 5 5 5 5 5 5 5 5 18 1 1 1 1 1 1 3 4 4 5 5 5 5 5 5 5 5 5
n34-m289 9021 15 18 15 2 3 3 3 4 5 5 5 5 5 5 5 5 5 5 18 1 1 1 1 1 1 3 3 5 5 5 5 5 5 5 5 5 6
n34-m289 9023 15 18 15 2 3 3 3 4 5 5 5 5 5 5 5 5 5 5 18 1 1 1 1 1 1 3 4 4 5 5 5 5 5 5 5 5 6
n34-m289 9024 15 18 15 2 3 3 3 4 5 5 5 5 5 5 5 5 5 5 18 1 1 1 1 1 1 3 4 5 5 5 5 5 5 5 5 5 5
n34-m289 9025 15 18 15 2 3 3 3 4 5 5 5 5 5 5 5 5 5 5 18 1 1 1 1 1 1 4 4 4 5 5 5 5 5 5 5 5 5
n34-m289 9028 15 18 15 2 3 3 3 4 5 5 5 5 5 5 5 5 5 5 18 1 1 1 1 1 2 3 3 5 5 5 5 5 5 5 5 5 5
n34-m289 9029 15 18 15 2 3 3 3 4 5 5 5 5 5 5 5 5 5 5 18 1 1 1 1 1 2 3 4 4 5 5 5 5 5 5 5 5 5
n34-m289 9041 15 18 15 3 3 3 3 4 5 5 5 5 5 5 5 5 5 5 18 1 1 1 1 1 1 3 3 5 5 5 5 5 5 5 5 5 7
n34-m289 9042 15 18 15 3 3 3 3 4 5 5 5 5 5 5 5 5 5 5 18 1 1 1 1 1 1 3 3 5 5 5 5 5 5 5 5 6 6
n34-m289 9045 15 18 15 3 3 3 3 4 5 5 5 5 5 5 5 5 5 5 18 1 1 1 1 1 1 3 4 4 5 5 5 5 5 5 5 5 7
n34-m289 9046 15 18 15 3 3 3 3 4 5 5 5 5 5 5 5 5 5 5 18 1 1 1 1 1 1 3 4 4 5 5 5 5 5 5 5 6 6
n34-m289 9048 15 18 15 3 3 3 3 4 5 5 5 5 5 5 5 5 5 5 18 1 1 1 1 1 1 3 4 5 5 5 5 5 5 5 5 5 6
n34-m289 9049 15 18 15 3 3 3 3 4 5 5 5 5 5 5 5 5 5 5 18 1 1 1 1 1 1 3 5 5 5 5 5 5 5 5 5 5 5
n34-m289 9051 15 18 15 3 3 3 3 4 5 5 5 5 5 5 5 5 5 5 18 1 1 1 1 1 1 4 4 4 5 5 5 5 5 5 5 5 6
n34-m289 9052 15 18 15 3 3 3 3 4 5 5 5 5 5 5 5 5 5 5 18 1 1 1 1 1 1 4 4 5 5 5 5 5 5 5 5 5 5
n34-m289 9058 15 18 15 3 3 3 3 4 5 5 5 5 5 5 5 5 5 5 18 1 1 1 1 1 2 3 3 5 5 5 5 5 5 5 5 5 6
n34-m289 9060 15 18 15 3 3 3 3 4 5 5 5 5 5 5 5 5 5 5 18 1 1 1 1 1 2 3 4 4 5 5 5 5 5 5 5 5 6
n34-m289 9061 15 18 15 3 3 3 3 4 5 5 5 5 5 5 5 5 5 5 18 1 1 1 1 1 2 3 4 5 5 5 5 5 5 5 5 5 5
n34-m289 9062 15 18 15 3 3 3 3 4 5 5 5 5 5 5 5 5 5 5 18 1 1 1 1 1 2 4 4 4 5 5 5 5 5 5 5 5 5
n34-m289 9065 15 18 15 3 3 3 3 4 5 5 5 5 5 5 5 5 5 5 18 1 1 1 1 1 3 3 3 5 5 5 5 5 5 5 5 5 5
n34-m289 9066 15 18 15 3 3 3 3 4 5 5 5 5 5 5 5 5 5 5 18 1 1 1 1 1 3 3 4 4 5 5 5 5 5 5 5 5 5
n34-m289 9069 15 18 15 3 3 3 3 4 5 5 5 5 5 5 5 5 5 5 18 1 1 1 1 2 2 3 3 5 5 5 5 5 5 5 5 5 5
n34-m289 9070 15 18 15 3 3 3 3 4 5 5 5 5 5 5 5 5 5 5 18 1 1 1 1 2 2 3 4 4 5 5 5 5 5 5 5 5 5
n34-m289 9073 15 18 15 1 2 2 4 4 5 5 5 5 5 5 5 5 5 5 18 1 1 1 1 1 1 2 4 4 5 5 5 5 5 5 5 5 5
n34-m289 9075 15 18 15 2 2 2 4 4 5 5 5 5 5 5 5 5 5 5 18 1 1 1 1 1 1 2 4 4 5 5 5 5 5 5 5 5 6
n34-m289 9076 15 18 15 2 2 2 4 4 5 5 5 5 5 5 5 5 5 5 18 1 1 1 1 1 1 2 4 5 5 5 5 5 5 5 5 5 5
n34-m289 9077 15 18 15 2 2 2 4 4 5 5 5 5 5 5 5 5 5 5 18 1 1 1 1 1 1 3 4 4 5 5 5 5 5 5 5 5 5
n34-m289 9078 15 18 15 2 2 2 4 4 5 5 5 5 5 5 5 5 5 5 18 1 1 1 1 1 2 2 4 4 5 5 5 5 5 5 5 5 5
n34-m289 9084 15 18 15 1 2 3 4 4 5 5 5 5 5 5 5 5 5 5 18 1 1 1 1 1 1 3 4 4 5 5 5 5 5 5 5 5 5
n34-m289 9094 15 18 15 2 2 3 4 4 5 5 5 5 5 5 5 5 5 5 18 1 1 1 1 1 1 3 4 4 5 5 5 5 5 5 5 5 6
n34-m289 9095 15 18 15 2 2 3 4 4 5 5 5 5 5 5 5 5 5 5 18 1 1 1 1 1 1 3 4 5 5 5 5 5 5 5 5 5 5
n34-m289 9096 15 18 15 2 2 3 4 4 5 5 5 5 5 5 5 5 5 5 18 1 1 1 1 1 1 4 4 4 5 5 5 5 5 5 5 5 5
n34-m289 9100 15 18 15 2 2 3 4 4 5 5 5 5 5 5 5 5 5 5 18 1 1 1 1 1 2 3 4 4 5 5 5 5 5 5 5 5 5
n34-m289 9102 15 18 15 0 3 3 4 4 5 5 5 5 5 5 5 5 5 5 18 1 1 1 1 1 1 3 4 4 5 5 5 5 5 5 5 5 5
n34-m289 9104 15 18 15 1 3 3 4 4 5 5 5 5 5 5 5 5 5 5 18 1 1 1 1 1 1 3 4 4 5 5 5 5 5 5 5 5 6
n34-m289 9105 15 18 15 1 3 3 4 4 5 5 5 5 5 5 5 5 5 5 18 1 1 1 1 1 1 3 4 5 5 5 5 5 5 5 5 5 5
n34-m289 9106 15 18 15 1 3 3 4 4 5 5 5 5 5 5 5 5 5 5 18 1 1 1 1 1 1 4 4 4 5 5 5 5 5 5 5 5 5
n34-m289 9107 15 18 15 1 3 3 4 4 5 5 5 5 5 5 5 5 5 5 18 1 1 1 1 1 2 3 4 4 5 5 5 5 5 5 5 5 5
n34-m289 9110 15 18 15 2 3 3 4 4 5 5 5 5 5 5 5 5 5 5 18 1 1 1 1 1 1 3 4 4 5 5 5 5 5 5 5 5 7
n34-m289 9111 15 18 15 2 3 3 4 4 5 5 5 5 5 5 5 5 5 5 18 1 1 1 1 1 1 3 4 4 5 5 5 5 5 5 5 6 6
n34-m289 9113 15 18 15 2 3 3 4 4 5 5 5 5 5 5 5 5 5 5 18 1 1 1 1 1 1 3 4 5 5 5 5 5 5 5 5 5 6
n34-m289 9114 15 18 15 2 3 3 4 4 5 5 5 5 5 5 5 5 5 5 18 1 1 1 1 1 1 3 5 5 5 5 5 5 5 5 5 5 5
n34-m289 9116 15 18 15 2 3 3 4 4 5 5 5 5 5 5 5 5 5 5 18 1 1 1 1 1 1 4 4 4 5 5 5 5 5 5 5 5 6
n34-m289 9117 15 18 15 2 3 3 4 4 5 5 5 5 5 5 5 5 5 5 18 1 1 1 1 1 1 4 4 5 5 5 5 5 5 5 5 5 5
n34-m289 9119 15 18 15 2 3 3 4 4 5 5 5 5 5 5 5 5 5 5 18 1 1 1 1 1 2 3 4 4 5 5 5 5 5 5 5 5 6
n34-m289 9120 15 18 15 2 3 3 4 4 5 5 5 5 5 5 5 5 5 5 18 1 1 1 1 1 2 3 4 5 5 5 5 5 5 5 5 5 5
n34-m289 9121 15 18 15 2 3 3 4 4 5 5 5 5 5 5 5 5 5 5 18 1 1 1 1 1 2 4 4 4 5 5 5 5 5 5 5 5 5
n34-m289 9122 15 18 15 2 3 3 4 4 5 5 5 5 5 5 5 5 5 5 18 1 1 1 1 1 3 3 4 4 5 5 5 5 5 5 5 5 5
n34-m289 9123 15 18 15 2 3 3 4 4 5 5 5 5 5 5 5 5 5 5 18 1 1 1 1 2 2 3 4 4 5 5 5 5 5 5 5 5 5
n34-m289 9127 15 18 15 3 3 3 4 4 5 5 5 5 5 5 5 5 5 5 18 1 1 1 1 1 1 3 4 4 5 5 5 5 5 5 5 5 8
n34-m289 9129 15 18 15 3 3 3 4 4 5 5 5 5 5 5 5 5 5 5 18 1 1 1 1 1 1 3 4 4 5 5 5 5 5 5 5 6 7
n34-m289 9130 15 18 15 3 3 3 4 4 5 5 5 5 5 5 5 5 5 5 18 1 1 1 1 1 1 3 4 4 5 5 5 5 5 5 6 6 6
n34-m289 9133 15 18 15 3 3 3 4 4 5 5 5 5 5 5 5 5 5 5 18 1 1 1 1 1 1 3 4 5 5 5 5 5 5 5 5 5 7
n34-m289 9134 15 18 15 3 3 3 4 4 5 5 5 5 5 5 5 5 5 5 18 1 1 1 1 1 1 3 4 5 5 5 5 5 5 5 5 6 6
n34-m289 9136 15 18 15 3 3 3 4 4 5 5 5 5 5 5 5 5 5 5 18 1 1 1 1 1 1 3 5 5 5 5 5 5 5 5 5 5 6
n34-m289 9139 15 18 15 3 3 3 4 4 5 5 5 5 5 5 5 5 5 5 18 1 1 1 1 1 1 4 4 4 5 5 5 5 5 5 5 5 7
n34-m289 9140 15 18 15 3 3 3 4 4 5 5 5 5 5 5 5 5 5 5 18 1 1 1 1 1 1 4 4 4 5 5 5 5 5 5 5 6 6
n34-m289 9142 15 18 15 3 3 3 4 4 5 5 5 5 5 5 5 5 5 5 18 1 1 1 1 1 1 4 4 5 5 5 5 5 5 5 5 5 6
n34-m289 9143 15 18 15 3 3 3 4 4 5 5 5 5 5 5 5 5 5 5 18 1 1 1 1 1 1 4 5 5 5 5 5 5 5 5 5 5 5
n34-m289 9146 15 18 15 3 3 3 4 4 5 5 5 5 5 5 5 5 5 5 18 1 1 1 1 1 2 3 4 4 5 5 5 5 5 5 5 5 7
n34-m289 9147 15 18 15 3 3 3 4 4 5 5 5 5 5 5 5 5 5 5 18 1 1 1 1 1 2 3 4 4 5 5 5 5 5 5 5 6 6
n34-m289 9149 15 18 15 3 3 3 4 4 5 5 5 5 5 5 5 5 5 5 18 1 1 1 1 1 2 3 4 5 5 5 5 5 5 5 5 5 6
n34-m289 9150 15 18 15 3 3 3 4 4 5 5 5 5 5 5 5 5 5 5 18 1 1 1 1 1 2 3 5 5 5 5 5 5 5 5 5 5 5
n34-m289 9152 15 18 15 3 3 3 4 4 5 5 5 5 5 5 5 5 5 5 18 1 1 1 1 1 2 4 4 4 5 5 5 5 5 5 5 5 6
n34-m289 9153 15 18 15 3 3 3 4 4 5 5 5 5 5 5 5 5 5 5 18 1 1 1 1 1 2 4 4 5 5 5 5 5 5 5 5 5 5
n34-m289 9155 15 18 15 3 3 3 4 4 5 5 5 5 5 5 5 5 5 5 18 1 1 1 1 1 3 3 4 4 5 5 5 5 5 5 5 5 6
n34-m289 9156 15 18 15 3 3 3 4 4 5 5 5 5 5 5 5 5 5 5 18 1 1 1 1 1 3 3 4 5 5 5 5 5 5 5 5 5 5
n34-m289 9157 15 18 15 3 3 3 4 4 5 5 5 5 5 5 5 5 5 5 18 1 1 1 1 1 3 4 4 4 5 5 5 5 5 5 5 5 5
n34-m289 9159 15 18 15 3 3 3 4 4 5 5 5 5 5 5 5 5 5 5 18 1 1 1 1 2 2 3 4 4 5 5 5 5 5 5 5 5 6
n34-m289 9160 15 18 15 3 3 3 4 4 5 5 5 5 5 5 5 5 5 5 18 1 1 1 1 2 2 3 4 5 5 5 5 5 5 5 5 5 5
n34-m289 9161 15 18 15 3 3 3 4 4 5 5 5 5 5 5 5 5 5 5 18 1 1 1 1 2 2 4 4 4 5 5 5 5 5 5 5 5 5
n34-m289 9162 15 18 15 3 3 3 4 4 5 5 5 5 5 5 5 5 5 5 18 1 1 1 1 2 3 3 4 4 5 5 5 5 5 5 5 5 5
n34-m289 9163 15 18 15 3 3 3 4 4 5 5 5 5 5 5 5 5 5 5 18 1 1 1 2 2 2 3 4 4 5 5 5 5 5 5 5 5 5
n34-m289 9164 15 18 15 1 1 4 4 4 5 5 5 5 5 5 5 5 5 5 18 1 1 1 1 1 1 3 4 4 5 5 5 5 5 5 5 5 5
n34-m289 9165 15 18 15 0 2 4 4 4 5 5 5 5 5 5 5 5 5 5 18 1 1 1 1 1 1 3 4 4 5 5 5 5 5 5 5 5 5
n34-m289 9167 15 18 15 1 2 4 4 4 5 5 5 5 5 5 5 5 5 5 18 1 1 1 1 1 1 3 4 4 5 5 5 5 5 5 5 5 6
n34-m289 9168 15 18 15 1 2 4 4 4 5 5 5 5 5 5 5 5 5 5 18 1 1 1 1 1 1 3 4 5 5 5 5 5 5 5 5 5 5
n34-m289 9169 15 18 15 1 2 4 4 4 5 5 5 5 5 5 5 5 5 5 18 1 1 1 1 1 1 4 4 4 5 5 5 5 5 5 5 5 5
n34-m289 9170 15 18 15 1 2 4 4 4 5 5 5 5 5 5 5 5 5 5 18 1 1 1 1 1 2 3 4 4 5 5 5 5 5 5 5 5 5
n34-m289 9173 15 18 15 2 2 4 4 4 5 5 5 5 5 5 5 5 5 5 18 1 1 1 1 1 1 3 4 4 5 5 5 5 5 5 5 5 7
n34-m289 9174 15 18 15 2 2 4 4 4 5 5 5 5 5 5 5 5 5 5 18 1 1 1 1 1 1 3 4 4 5 5 5 5 5 5 5 6 6
n34-m289 9176 15 18 15 2 2 4 4 4 5 5 5 5 5 5 5 5 5 5 18 1 1 1 1 1 1 3 4 5 5 5 5 5 5 5 5 5 6
n34-m289 9177 15 18 15 2 2 4 4 4 5 5 5 5 5 5 5 5 5 5 18 1 1 1 1 1 1 3 5 5 5 5 5 5 5 5 5 5 5
n34-m289 9179 15 18 15 2 2 4 4 4 5 5 5 5 5 5 5 5 5 5 18 1 1 1 1 1 1 4 4 4 5 5 5 5 5 5 5 5 6
n34-m289 9180 15 18 15 2 2 4 4 4 5 5 5 5 5 5 5 5 5 5 18 1 1 1 1 1 1 4 4 5 5 5 5 5 5 5 5 5 5
n34-m289 9182 15 18 15 2 2 4 4 4 5 5 5 5 5 5 5 5 5 5 18 1 1 1 1 1 2 3 4 4 5 5 5 5 5 5 5 5 6
n34-m289 9183 15 18 15 2 2 4 4 4 5 5 5 5 5 5 5 5 5 5 18 1 1 1 1 1 2 3 4 5 5 5 5 5 5 5 5 5 5
n34-m289 9184 15 18 15 2 2 4 4 4 5 5 5 5 5 5 5 5 5 5 18 1 1 1 1 1 2 4 4 4 5 5 5 5 5 5 5 5 5
n34-m289 9185 15 18 15 2 2 4 4 4 5 5 5 5 5 5 5 5 5 5 18 1 1 1 1 1 3 3 4 4 5 5 5 5 5 5 5 5 5
n34-m289 9186 15 18 15 2 2 4 4 4 5 5 5 5 5 5 5 5 5 5 18 1 1 1 1 2 2 3 4 4 5 5 5 5 5 5 5 5 5
n34-m289 9187 15 18 15 0 3 4 4 4 5 5 5 5 5 5 5 5 5 5 18 1 1 1 1 1 1 3 4 4 5 5 5 5 5 5 5 5 5
n34-m289 9188 15 18 15 0 3 4 4 4 5 5 5 5 5 5 5 5 5 5 18 1 1 1 1 1 1 3 4 4 5 5 5 5 5 5 5 5 6
n34-m289 9189 15 18 15 0 3 4 4 4 5 5 5 5 5 5 5 5 5 5 18 1 1 1 1 1 1 3 4 5 5 5 5 5 5 5 5 5 5
n34-m289 9190 15 18 15 0 3 4 4 4 5 5 5 5 5 5 5 5 5 5 18 1 1 1 1 1 1 4 4 4 5 5 5 5 5 5 5 5 5
n34-m289 9191 15 18 15 0 3 4 4 4 5 5 5 5 5 5 5 5 5 5 18 1 1 1 1 1 2 3 4 4 5 5 5 5 5 5 5 5 5
n34-m289 9194 15 18 15 1 3 4 4 4 5 5 5 5 5 5 5 5 5 5 18 1 1 1 1 1 1 3 4 4 5 5 5 5 5 5 5 5 7
n34-m289 9195 15 18 15 1 3 4 4 4 5 5 5 5 5 5 5 5 5 5 18 1 1 1 1 1 1 3 4 4 5 5 5 5 5 5 5 6 6
n34-m289 9197 15 18 15 1 3 4 4 4 5 5 5 5 5 5 5 5 5 5 18 1 1 1 1 1 1 3 4 5 5 5 5 5 5 5 5 5 6
n34-m289 9198 15 18 15 1 3 4 4 4 5 5 5 5 5 5 5 5 5 5 18 1 1 1 1 1 1 3 5 5 5 5 5 5 5 5 5 5 5
n34-m289 9200 15 18 15 1 3 4 4 4 5 5 5 5 5 5 5 5 5 5 18 1 1 1 1 1 1 4 4 4 5 5 5 5 5 5 5 5 6
n34-m289 9201 15 18 15 1 3 4 4 4 5 5 5 5 5 5 5 5 5 5 18 1 1 1 1 1 1 4 4 5 5 5 5 5 5 5 5 5 5
n34-m289 9203 15 18 15 1 3 4 4 4 5 5 5 5 5 5 5 5 5 5 18 1 1 1 1 1 2 3 4 4 5 5 5 5 5 5 5 5 6
n34-m289 9204 15 18 15 1 3 4 4 4 5 5 5 5 5 5 5 5 5 5 18 1 1 1 1 1 2 3 4 5 5 5 5 5 5 5 5 5 5
n34-m289 9205 15 18 15 1 3 4 4 4 5 5 5 5 5 5 5 5 5 5 18 1 1 1 1 1 2 4 4 4 5 5 5 5 5 5 5 5 5
n34-m289 9206 15 18 15 1 3 4 4 4 5 5 5 5 5 5 5 5 5 5 18 1 1 1 1 1 3 3 4 4 5 5 5 5 5 5 5 5 5
n34-m289 9207 15 18 15 1 3 4 4 4 5 5 5 5 5 5 5 5 5 5 18 1 1 1 1 2 2 3 4 4 5 5 5 5 5 5 5 5 5
n34-m289 9211 15 18 15 2 3 4 4 4 5 5 5 5 5 5 5 5 5 5 18 1 1 1 1 1 1 3 4 4 5 5 5 5 5 5 5 5 8
n34-m289 9213 15 18 15 2 3 4 4 4 5 5 5 5 5 5 5 5 5 5 18 1 1 1 1 1 1 3 4 4 5 5 5 5 5 5 5 6 7
n34-m289 9214 15 18 15 2 3 4 4 4 5 5 5 5 5 5 5 5 5 5 18 1 1 1 1 1 1 3 4 4 5 5 5 5 5 5 6 6 6
n34-m289 9217 15 18 15 2 3 4 4 4 5 5 5 5 5 5 5 5 5 5 18 1 1 1 1 1 1 3 4 5 5 5 5 5 5 5 5 5 7
n34-m289 9218 15 18 15 2 3 4 4 4 5 5 5 5 5 5 5 5 5 5 18 1 1 1 1 1 1 3 4 5 5 5 5 5 5 5 5 6 6
n34-m289 9220 15 18 15 2 3 4 4 4 5 5 5 5 5 5 5 5 5 5 18 1 1 1 1 1 1 3 5 5 5 5 5 5 5 5 5 5 6
n34-m289 9223 15 18 15 2 3 4 4 4 5 5 5 5 5 5 5 5 5 5 18 1 1 1 1 1 1 4 4 4 5 5 5 5 5 5 5 5 7
n34-m289 9224 15 18 15 2 3 4 4 4 5 5 5 5 5 5 5 5 5 5 18 1 1 1 1 1 1 4 4 4 5 5 5 5 5 5 5 6 6
n34-m289 9226 15 18 15 2 3 4 4 4 5 5 5 5 5 5 5 5 5 5 18 1 1 1 1 1 1 4 4 5 5 5 5 5 5 5 5 5 6
n34-m289 9227 15 18 15 2 3 4 4 4 5 5 5 5 5 5 5 5 5 5 18 1 1 1 1 1 1 4 5 5 5 5 5 5 5 5 5 5 5
n34-m289 9230 15 18 15 2 3 4 4 4 5 5 5 5 5 5 5 5 5 5 18 1 1 1 1 1 2 3 4 4 5 5 5 5 5 5 5 5 7
n34-m289 9231 15 18 15 2 3 4 4 4 5 5 5 5 5 5 5 5 5 5 18 1 1 1 1 1 2 3 4 4 5 5 5 5 5 5 5 6 6
n34-m289 9233 15 18 15 2 3 4 4 4 5 5 5 5 5 5 5 5 5 5 18 1 1 1 1 1 2 3 4 5 5 5 5 5 5 5 5 5 6
n34-m289 9234 15 18 15 2 3 4 4 4 5 5 5 5 5 5 5 5 5 5 18 1 1 1 1 1 2 3 5 5 5 5 5 5 5 5 5 5 5
n34-m289 9236 15 18 15 2 3 4 4 4 5 5 5 5 5 5 5 5 5 5 18 1 1 1 1 1 2 4 4 4 5 5 5 5 5 5 5 5 6
n34-m289 9237 15 18 15 2 3 4 4 4 5 5 5 5 5 5 5 5 5 5 18 1 1 1 1 1 2 4 4 5 5 5 5 5 5 5 5 5 5
n34-m289 9239 15 18 15 2 3 4 4 4 5 5 5 5 5 5 5 5 5 5 18 1 1 1 1 1 3 3 4 4 5 5 5 5 5 5 5 5 6
n34-m289 9240 15 18 15 2 3 4 4 4 5 5 5 5 5 5 5 5 5 5 18 1 1 1 1 1 3 3 4 5 5 5 5 5 5 5 5 5 5
n34-m289 9241 15 18 15 2 3 4 4 4 5 5 5 5 5 5 5 5 5 5 18 1 1 1 1 1 3 4 4 4 5 5 5 5 5 5 5 5 5
n34-m289 9243 15 18 15 2 3 4 4 4 5 5 5 5 5 5 5 5 5 5 18 1 1 1 1 2 2 3 4 4 5 5 5 5 5 5 5 5 6
n34-m289 9244 15 18 15 2 3 4 4 4 5 5 5 5 5 5 5 5 5 5 18 1 1 1 1 2 2 3 4 5 5 5 5 5 5 5 5 5 5
n34-m289 9245 15 18 15 2 3 4 4 4 5 5 5 5 5 5 5 5 5 5 18 1 1 1 1 2 2 4 4 4 5 5 5 5 5 5 5 5 5
n34-m289 9246 15 18 15 2 3 4 4 4 5 5 5 5 5 5 5 5 5 5 18 1 1 1 1 2 3 3 4 4 5 5 5 5 5 5 5 5 5
n34-m289 9247 15 18 15 2 3 4 4 4 5 5 5 5 5 5 5 5 5 5 18 1 1 1 2 2 2 3 4 4 5 5 5 5 5 5 5 5 5
n34-m289 9252 15 18 15 3 3 4 4 4 5 5 5 5 5 5 5 5 5 5 18 1 1 1 1 1 1 3 4 4 5 5 5 5 5 5 5 5 9
n34-m289 9255 15 18 15 3 3 4 4 4 5 5 5 5 5 5 5 5 5 5 18 1 1 1 1 1 1 3 4 4 5 5 5 5 5 5 5 6 8
n34-m289 9256 15 18 15 3 3 4 4 4 5 5 5 5 5 5 5 5 5 5 18 1 1 1 1 1 1 3 4 4 5 5 5 5 5 5 5 7 7
n34-m289 9258 15 18 15 3 3 4 4 4 5 5 5 5 5 5 5 5 5 5 18 1 1 1 1 1 1 3 4 4 5 5 5 5 5 5 6 6 7
n34-m289 9259 15 18 15 3 3 4 4 4 5 5 5 5 5 5 5 5 5 5 18 1 1 1 1 1 1 3 4 4 5 5 5 5 5 6 6 6 6
n34-m289 9263 15 18 15 3 3 4 4 4 5 5 5 5 5 5 5 5 5 5 18 1 1 1 1 1 1 3 4 5 5 5 5 5 5 5 5 5 8
n34-m289 9265 15 18 15 3 3 4 4 4 5 5 5 5 5 5 5 5 5 5 18 1 1 1 1 1 1 3 4 5 5 5 5 5 5 5 5 6 7
n34-m289 9266 15 18 15 3 3 4 4 4 5 5 5 5 5 5 5 5 5 5 18 1 1 1 1 1 1 3 4 5 5 5 5 5 5 5 6 6 6
n34-m289 9269 15 18 15 3 3 4 4 4 5 5 5 5 5 5 5 5 5 5 18 1 1 1 1 1 1 3 5 5 5 5 5 5 5 5 5 5 7
n34-m289 9270 15 18 15 3 3 4 4 4 5 5 5 5 5 5 5 5 5 5 18 1 1 1 1 1 1 3 5 5 5 5 5 5 5 5 5 6 6
n34-m289 9274 15 18 15 3 3 4 4 4 5 5 5 5 5 5 5 5 5 5 18 1 1 1 1 1 1 4 4 4 5 5 5 5 5 5 5 5 8
n34-m289 9276 15 18 15 3 3 4 4 4 5 5 5 5 5 5 5 5 5 5 18 1 1 1 1 1 1 4 4 4 5 5 5 5 5 5 5 6 7
n34-m289 9277 15 18 15 3 3 4 4 4 5 5 5 5 5 5 5 5 5 5 18 1 1 1 1 1 1 4 4 4 5 5 5 5 5 5 6 6 6
n34-m289 9280 15 18 15 3 3 4 4 4 5 5 5 5 5 5 5 5 5 5 18 1 1 1 1 1 1 4 4 5 5 5 5 5 5 5 5 5 7
n34-m289 9281 15 18 15 3 3 4 4 4 5 5 5 5 5 5 5 5 5 5 18 1 1 1 1 1 1 4 4 5 5 5 5 5 5 5 5 6 6
n34-m289 9283 15 18 15 3 3 4 4 4 5 5 5 5 5 5 5 5 5 5 18 1 1 1 1 1 1 4 5 5 5 5 5 5 5 5 5 5 6
n34-m289 9284 15 18 15 3 3 4 4 4 5 5 5 5 5 5 5 5 5 5 18 1 1 1 1 1 1 5 5 5 5 5 5 5 5 5 5 5 5
n34-m289 9288 15 18 15 3 3 4 4 4 5 5 5 5 5 5 5 5 5 5 18 1 1 1 1 1 2 3 4 4 5 5 5 5 5 5 5 5 8
n34-m289 9290 15 18 15 3 3 4 4 4 5 5 5 5 5 5 5 5 5 5 18 1 1 1 1 1 2 3 4 4 5 5 5 5 5 5 5 6 7
n34-m289 9291 15 18 15 3 3 4 4 4 5 5 5 5 5 5 5 5 5 5 18 1 1 1 1 1 2 3 4 4 5 5 5 5 5 5 6 6 6
n34-m289 9294 15 18 15 3 3 4 4 4 5 5 5 5 5 5 5 5 5 5 18 1 1 1 1 1 2 3 4 5 5 5 5 5 5 5 5 5 7
n34-m289 9295 15 18 15 3 3 4 4 4 5 5 5 5 5 5 5 5 5 5 18 1 1 1 1 1 2 3 4 5 5 5 5 5 5 5 5 6 6
n34-m289 9297 15 18 15 3 3 4 4 4 5 5 5 5 5 5 5 5 5 5 18 1 1 1 1 1 2 3 5 5 5 5 5 5 5 5 5 5 6
n34-m289 9300 15 18 15 3 3 4 4 4 5 5 5 5 5 5 5 5 5 5 18 1 1 1 1 1 2 4 4 4 5 5 5 5 5 5 5 5 7
n34-m289 9301 15 18 15 3 3 4 4 4 5 5 5 5 5 5 5 5 5 5 18 1 1 1 1 1 2 4 4 4 5 5 5 5 5 5 5 6 6
n34-m289 9303 15 18 15 3 3 4 4 4 5 5 5 5 5 5 5 5 5 5 18 1 1 1 1 1 2 4 4 5 5 5 5 5 5 5 5 5 6
n34-m289 9304 15 18 15 3 3 4 4 4 5 5 5 5 5 5 5 5 5 5 18 1 1 1 1 1 2 4 5 5 5 5 5 5 5 5 5 5 5
n34-m289 9307 15 18 15 3 3 4 4 4 5 5 5 5 5 5 5 5 5 5 18 1 1 1 1 1 3 3 4 4 5 5 5 5 5 5 5 5 7
n34-m289 9308 15 18 15 3 3 4 4 4 5 5 5 5 5 5 5 5 5 5 18 1 1 1 1 1 3 3 4 4 5 5 5 5 5 5 5 6 6
n34-m289 9310 15 18 15 3 3 4 4 4 5 5 5 5 5 5 5 5 5 5 18 1 1 1 1 1 3 3 4 5 5 5 5 5 5 5 5 5 6
n34-m289 9311 15 18 15 3 3 4 4 4 5 5 5 5 5 5 5 5 5 5 18 1 1 1 1 1 3 3 5 5 5 5 5 5 5 5 5 5 5
n34-m289 9313 15 18 15 3 3 4 4 4 5 5 5 5 5 5 5 5 5 5 18 1 1 1 1 1 3 4 4 4 5 5 5 5 5 5 5 5 6
n34-m289 9314 15 18 15 3 3 4 4 4 5 5 5 5 5 5 5 5 5 5 18 1 1 1 1 1 3 4 4 5 5 5 5 5 5 5 5 5 5
n34-m289 9315 15 18 15 3 3 4 4 4 5 5 5 5 5 5 5 5 5 5 18 1 1 1 1 1 4 4 4 4 5 5 5 5 5 5 5 5 5
n34-m289 9318 15 18 15 3 3 4 4 4 5 5 5 5 5 5 5 5 5 5 18 1 1 1 1 2 2 3 4 4 5 5 5 5 5 5 5 5 7
n34-m289 9319 15 18 15 3 3 4 4 4 5 5 5 5 5 5 5 5 5 5 18 1 1 1 1 2 2 3 4 4 5 5 5 5 5 5 5 6 6
n34-m289 9321 15 18 15 3 3 4 4 4 5 5 5 5 5 5 5 5 5 5 18 1 1 1 1 2 2 3 4 5 5 5 5 5 5 5 5 5 6
n34-m289 9322 15 18 15 3 3 4 4 4 5 5 5 5 5 5 5 5 5 5 18 1 1 1 1 2 2 3 5 5 5 5 5 5 5 5 5 5 5
n34-m289 9324 15 18 15 3 3 4 4 4 5 5 5 5 5 5 5 5 5 5 18 1 1 1 1 2 2 4 4 4 5 5 5 5 5 5 5 5 6
n34-m289 9325 15 18 15 3 3 4 4 4 5 5 5 5 5 5 5 5 5 5 18 1 1 1 1 2 2 4 4 5 5 5 5 5 5 5 5 5 5
n34-m289 9327 15 18 15 3 3 4 4 4 5 5 5 5 5 5 5 5 5 5 18 1 1 1 1 2 3 3 4 4 5 5 5 5 5 5 5 5 6
n34-m289 9328 15 18 15 3 3 4 4 4 5 5 5 5 5 5 5 5 5 5 18 1 1 1 1 2 3 3 4 5 5 5 5 5 5 5 5 5 5
n34-m289 9329 15 18 15 3 3 4 4 4 5 5 5 5 5 5 5 5 5 5 18 1 1 1 1 2 3 4 4 4 5 5 5 5 5 5 5 5 5
n34-m289 9330 15 18 15 3 3 4 4 4 5 5 5 5 5 5 5 5 5 5 18 1 1 1 1 3 3 3 4 4 5 5 5 5 5 5 5 5 5
n34-m289 9332 15 18 15 3 3 4 4 4 5 5 5 5 5 5 5 5 5 5 18 1 1 1 2 2 2 3 4 4 5 5 5 5 5 5 5 5 6
n34-m289 9333 15 18 15 3 3 4 4 4 5 5 5 5 5 5 5 5 5 5 18 1 1 1 2 2 2 3 4 5 5 5 5 5 5 5 5 5 5
n34-m289 9334 15 18 15 3 3 4 4 4 5 5 5 5 5 5 5 5 5 5 18 1 1 1 2 2 2 4 4 4 5 5 5 5 5 5 5 5 5
n34-m289 9335 15 18 15 3 3 4 4 4 5 5 5 5 5 5 5 5 5 5 18 1 1 1 2 2 3 3 4 4 5 5 5 5 5 5 5 5 5
n34-m289 9336 15 18 15 3 3 4 4 4 5 5 5 5 5 5 5 5 5 5 18 1 1 2 2 2 2 3 4 4 5 5 5 5 5 5 5 5 5
n34-m289 9337 15 18 15 0 4 4 4 4 5 5 5 5 5 5 5 5 5 5 18 1 1 1 1 1 1 4 4 4 5 5 5 5 5 5 5 5 5
n34-m289 9338 15 18 15 0 4 4 4 4 5 5 5 5 5 5 5 5 5 5 18 1 1 1 1 1 1 4 4 4 5 5 5 5 5 5 5 5 6
n34-m289 9339 15 18 15 0 4 4 4 4 5 5 5 5 5 5 5 5 5 5 18 1 1 1 1 1 1 4 4 5 5 5 5 5 5 5 5 5 5
n34-m289 9340 15 18 15 0 4 4 4 4 5 5 5 5 5 5 5 5 5 5 18 1 1 1 1 1 2 4 4 4 5 5 5 5 5 5 5 5 5
n34-m289 9343 15 18 15 1 4 4 4 4 5 5 5 5 5 5 5 5 5 5 18 1 1 1 1 1 1 4 4 4 5 5 5 5 5 5 5 5 7
n34-m289 9344 15 18 15 1 4 4 4 4 5 5 5 5 5 5 5 5 5 5 18 1 1 1 1 1 1 4 4 4 5 5 5 5 5 5 5 6 6
n34-m289 9346 15 18 15 1 4 4 4 4 5 5 5 5 5 5 5 5 5 5 18 1 1 1 1 1 1 4 4 5 5 5 5 5 5 5 5 5 6
n34-m289 9347 15 18 15 1 4 4 4 4 5 5 5 5 5 5 5 5 5 5 18 1 1 1 1 1 1 4 5 5 5 5 5 5 5 5 5 5 5
n34-m289 9349 15 18 15 1 4 4 4 4 5 5 5 5 5 5 5 5 5 5 18 1 1 1 1 1 2 4 4 4 5 5 5 5 5 5 5 5 6
n34-m289 9350 15 18 15 1 4 4 4 4 5 5 5 5 5 5 5 5 5 5 18 1 1 1 1 1 2 4 4 5 5 5 5 5 5 5 5 5 5
n34-m289 9351 15 18 15 1 4 4 4 4 5 5 5 5 5 5 5 5 5 5 18 1 1 1 1 1 3 4 4 4 5 5 5 5 5 5 5 5 5
n34-m289 9352 15 18 15 1 4 4 4 4 5 5 5 5 5 5 5 5 5 5 18 1 1 1 1 2 2 4 4 4 5 5 5 5 5 5 5 5 5
n34-m289 9356 15 18 15 2 4 4 4 4 5 5 5 5 5 5 5 5 5 5 18 1 1 1 1 1 1 4 4 4 5 5 5 5 5 5 5 5 8
n34-m289 9358 15 18 15 2 4 4 4 4 5 5 5 5 5 5 5 5 5 5 18 1 1 1 1 1 1 4 4 4 5 5 5 5 5 5 5 6 7
n34-m289 9359 15 18 15 2 4 4 4 4 5 5 5 5 5 5 5 5 5 5 18 1 1 1 1 1 1 4 4 4 5 5 5 5 5 5 6 6 6
n34-m289 9362 15 18 15 2 4 4 4 4 5 5 5 5 5 5 5 5 5 5 18 1 1 1 1 1 1 4 4 5 5 5 5 5 5 5 5 5 7
n34-m289 9363 15 18 15 2 4 4 4 4 5 5 5 5 5 5 5 5 5 5 18 1 1 1 1 1 1 4 4 5 5 5 5 5 5 5 5 6 6
n34-m289 9365 15 18 15 2 4 4 4 4 5 5 5 5 5 5 5 5 5 5 18 1 1 1 1 1 1 4 5 5 5 5 5 5 5 5 5 5 6
n34-m289 9366 15 18 15 2 4 4 4 4 5 5 5 5 5 5 5 5 5 5 18 1 1 1 1 1 1 5 5 5 5 5 5 5 5 5 5 5 5
n34-m289 9369 15 18 15 2 4 4 4 4 5 5 5 5 5 5 5 5 5 5 18 1 1 1 1 1 2 4 4 4 5 5 5 5 5 5 5 5 7
n34-m289 9370 15 18 15 2 4 4 4 4 5 5 5 5 5 5 5 5 5 5 18 1 1 1 1 1 2 4 4 4 5 5 5 5 5 5 5 6 6
n34-m289 9372 15 18 15 2 4 4 4 4 5 5 5 5 5 5 5 5 5 5 18 1 1 1 1 1 2 4 4 5 5 5 5 5 5 5 5 5 6
n34-m289 9373 15 18 15 2 4 4 4 4 5 5 5 5 5 5 5 5 5 5 18 1 1 1 1 1 2 4 5 5 5 5 5 5 5 5 5 5 5
n34-m289 9375 15 18 15 2 4 4 4 4 5 5 5 5 5 5 5 5 5 5 18 1 1 1 1 1 3 4 4 4 5 5 5 5 5 5 5 5 6
n34-m289 9376 15 18 15 2 4 4 4 4 5 5 5 5 5 5 5 5 5 5 18 1 1 1 1 1 3 4 4 5 5 5 5 5 5 5 5 5 5
n34-m289 9377 15 18 15 2 4 4 4 4 5 5 5 5 5 5 5 5 5 5 18 1 1 1 1 1 4 4 4 4 5 5 5 5 5 5 5 5 5
n34-m289 9379 15 18 15 2 4 4 4 4 5 5 5 5 5 5 5 5 5 5 18 1 1 1 1 2 2 4 4 4 5 5 5 5 5 5 5 5 6
n34-m289 9380 15 18 15 2 4 4 4 4 5 5 5 5 5 5 5 5 5 5 18 1 1 1 1 2 2 4 4 5 5 5 5 5 5 5 5 5 5
n34-m289 9381 15 18 15 2 4 4 4 4 5 5 5 5 5 5 5 5 5 5 18 1 1 1 1 2 3 4 4 4 5 5 5 5 5 5 5 5 5
n34-m289 9382 15 18 15 2 4 4 4 4 5 5 5 5 5 5 5 5 5 5 18 1 1 1 2 2 2 4 4 4 5 5 5 5 5 5 5 5 5
n34-m289 9411 15 18 15 3 4 4 4 4 5 5 5 5 5 5 5 5 5 5 18 1 1 1 1 1 2 4 4 4 5 5 5 5 5 5 5 5 8
n34-m289 9413 15 18 15 3 4 4 4 4 5 5 5 5 5 5 5 5 5 5 18 1 1 1 1 1 2 4 4 4 5 5 5 5 5 5 5 6 7
n34-m289 9414 15 18 15 3 4 4 4 4 5 5 5 5 5 5 5 5 5 5 18 1 1 1 1 1 2 4 4 4 5 5 5 5 5 5 6 6 6
n34-m289 9417 15 18 15 3 4 4 4 4 5 5 5 5 5 5 5 5 5 5 18 1 1 1 1 1 2 4 4 5 5 5 5 5 5 5 5 5 7
n34-m289 9418 15 18 15 3 4 4 4 4 5 5 5 5 5 5 5 5 5 5 18 1 1 1 1 1 2 4 4 5 5 5 5 5 5 5 5 6 6
n34-m289 9420 15 18 15 3 4 4 4 4 5 5 5 5 5 5 5 5 5 5 18 1 1 1 1 1 2 4 5 5 5 5 5 5 5 5 5 5 6
n34-m289 9421 15 18 15 3 4 4 4 4 5 5 5 5 5 5 5 5 5 5 18 1 1 1 1 1 2 5 5 5 5 5 5 5 5 5 5 5 5
n34-m289 9424 15 18 15 3 4 4 4 4 5 5 5 5 5 5 5 5 5 5 18 1 1 1 1 1 3 4 4 4 5 5 5 5 5 5 5 5 7
n34-m289 9425 15 18 15 3 4 4 4 4 5 5 5 5 5 5 5 5 5 5 18 1 1 1 1 1 3 4 4 4 5 5 5 5 5 5 5 6 6
n34-m289 9427 15 18 15 3 4 4 4 4 5 5 5 5 5 5 5 5 5 5 18 1 1 1 1 1 3 4 4 5 5 5 5 5 5 5 5 5 6
n34-m289 9428 15 18 15 3 4 4 4 4 5 5 5 5 5 5 5 5 5 5 18 1 1 1 1 1 3 4 5 5 5 5 5 5 5 5 5 5 5
n34-m289 9430 15 18 15 3 4 4 4 4 5 5 5 5 5 5 5 5 5 5 18 1 1 1 1 1 4 4 4 4 5 5 5 5 5 5 5 5 6
n34-m289 9431 15 18 15 3 4 4 4 4 5 5 5 5 5 5 5 5 5 5 18 1 1 1 1 1 4 4 4 5 5 5 5 5 5 5 5 5 5
n34-m289 9434 15 18 15 3 4 4 4 4 5 5 5 5 5 5 5 5 5 5 18 1 1 1 1 2 2 4 4 4 5 5 5 5 5 5 5 5 7
n34-m289 9435 15 18 15 3 4 4 4 4 5 5 5 5 5 5 5 5 5 5 18 1 1 1 1 2 2 4 4 4 5 5 5 5 5 5 5 6 6
n34-m289 9437 15 18 15 3 4 4 4 4 5 5 5 5 5 5 5 5 5 5 18 1 1 1 1 2 2 4 4 5 5 5 5 5 5 5 5 5 6
n34-m289 9438 15 18 15 3 4 4 4 4 5 5 5 5 5 5 5 5 5 5 18 1 1 1 1 2 2 4 5 5 5 5 5 5 5 5 5 5 5
n34-m289 9440 15 18 15 3 4 4 4 4 5 5 5 5 5 5 5 5 5 5 18 1 1 1 1 2 3 4 4 4 5 5 5 5 5 5 5 5 6
n34-m289 9441 15 18 15 3 4 4 4 4 5 5 5 5 5 5 5 5 5 5 18 1 1 1 1 2 3 4 4 5 5 5 5 5 5 5 5 5 5
n34-m289 9442 15 18 15 3 4 4 4 4 5 5 5 5 5 5 5 5 5 5 18 1 1 1 1 2 4 4 4 4 5 5 5 5 5 5 5 5 5
n34-m289 9443 15 18 15 3 4 4 4 4 5 5 5 5 5 5 5 5 5 5 18 1 1 1 1 3 3 4 4 4 5 5 5 5 5 5 5 5 5
n34-m289 9445 15 18 15 3 4 4 4 4 5 5 5 5 5 5 5 5 5 5 18 1 1 1 2 2 2 4 4 4 5 5 5 5 5 5 5 5 6
n34-m289 9446 15 18 15 3 4 4 4 4 5 5 5 5 5 5 5 5 5 5 18 1 1 1 2 2 2 4 4 5 5 5 5 5 5 5 5 5 5
n34-m289 9447 15 18 15 3 4 4 4 4 5 5 5 5 5 5 5 5 5 5 18 1 1 1 2 2 3 4 4 4 5 5 5 5 5 5 5 5 5
n34-m289 9448 15 18 15 3 4 4 4 4 5 5 5 5 5 5 5 5 5 5 18 1 1 2 2 2 2 4 4 4 5 5 5 5 5 5 5 5 5
n34-m289 9490 15 18 15 4 4 4 4 4 5 5 5 5 5 5 5 5 5 5 18 1 1 1 1 1 4 4 4 4 5 5 5 5 5 5 5 5 7
n34-m289 9491 15 18 15 4 4 4 4 4 5 5 5 5 5 5 5 5 5 5 18 1 1 1 1 1 4 4 4 4 5 5 5 5 5 5 5 6 6
n34-m289 9493 15 18 15 4 4 4 4 4 5 5 5 5 5 5 5 5 5 5 18 1 1 1 1 1 4 4 4 5 5 5 5 5 5 5 5 5 6
n34-m289 9494 15 18 15 4 4 4 4 4 5 5 5 5 5 5 5 5 5 5 18 1 1 1 1 1 4 4 5 5 5 5 5 5 5 5 5 5 5
n34-m289 9511 15 18 15 4 4 4 4 4 5 5 5 5 5 5 5 5 5 5 18 1 1 1 1 2 3 4 4 4 5 5 5 5 5 5 5 5 7
n34-m289 9512 15 18 15 4 4 4 4 4 5 5 5 5 5 5 5 5 5 5 18 1 1 1 1 2 3 4 4 4 5 5 5 5 5 5 5 6 6
n34-m289 9514 15 18 15 4 4 4 4 4 5 5 5 5 5 5 5 5 5 5 18 1 1 1 1 2 3 4 4 5 5 5 5 5 5 5 5 5 6
n34-m289 9515 15 18 15 4 4 4 4 4 5 5 5 5 5 5 5 5 5 5 18 1 1 1 1 2 3 4 5 5 5 5 5 5 5 5 5 5 5
n34-m289 9517 15 18 15 4 4 4 4 4 5 5 5 5 5 5 5 5 5 5 18 1 1 1 1 2 4 4 4 4 5 5 5 5 5 5 5 5 6
n34-m289 9518 15 18 15 4 4 4 4 4 5 5 5 5 5 5 5 5 5 5 18 1 1 1 1 2 4 4 4 5 5 5 5 5 5 5 5 5 5
n34-m289 9520 15 18 15 4 4 4 4 4 5 5 5 5 5 5 5 5 5 5 18 1 1 1 1 3 3 4 4 4 5 5 5 5 5 5 5 5 6
n34-m289 9521 15 18 15 4 4 4 4 4 5 5 5 5 5 5 5 5 5 5 18 1 1 1 1 3 3 4 4 5 5 5 5 5 5 5 5 5 5
n34-m289 9522 15 18 15 4 4 4 4 4 5 5 5 5 5 5 5 5 5 5 18 1 1 1 1 3 4 4 4 4 5 5 5 5 5 5 5 5 5
n34-m289 9525 15 18 15 4 4 4 4 4 5 5 5 5 5 5 5 5 5 5 18 1 1 1 2 2 2 4 4 4 5 5 5 5 5 5 5 5 7
n34-m289 9526 15 18 15 4 4 4 4 4 5 5 5 5 5 5 5 5 5 5 18 1 1 1 2 2 2 4 4 4 5 5 5 5 5 5 5 6 6
n34-m289 9528 15 18 15 4 4 4 4 4 5 5 5 5 5 5 5 5 5 5 18 1 1 1 2 2 2 4 4 5 5 5 5 5 5 5 5 5 6
n34-m289 9529 15 18 15 4 4 4 4 4 5 5 5 5 5 5 5 5 5 5 18 1 1 1 2 2 2 4 5 5 5 5 5 5 5 5 5 5 5
n34-m289 9531 15 18 15 4 4 4 4 4 5 5 5 5 5 5 5 5 5 5 18 1 1 1 2 2 3 4 4 4 5 5 5 5 5 5 5 5 6
n34-m289 9532 15 18 15 4 4 4 4 4 5 5 5 5 5 5 5 5 5 5 18 1 1 1 2 2 3 4 4 5 5 5 5 5 5 5 5 5 5
n34-m289 9533 15 18 15 4 4 4 4 4 5 5 5 5 5 5 5 5 5 5 18 1 1 1 2 2 4 4 4 4 5 5 5 5 5 5 5 5 5
n34-m289 9534 15 18 15 4 4 4 4 4 5 5 5 5 5 5 5 5 5 5 18 1 1 1 2 3 3 4 4 4 5 5 5 5 5 5 5 5 5
n34-m289 9536 15 18 15 4 4 4 4 4 5 5 5 5 5 5 5 5 5 5 18 1 1 2 2 2 2 4 4 4 5 5 5 5 5 5 5 5 6
n34-m289 9537 15 18 15 4 4 4 4 4 5 5 5 5 5 5 5 5 5 5 18 1 1 2 2 2 2 4 4 5 5 5 5 5 5 5 5 5 5
n34-m289 9538 15 18 15 4 4 4 4 4 5 5 5 5 5 5 5 5 5 5 18 1 1 2 2 2 3 4 4 4 5 5 5 5 5 5 5 5 5
n34-m289 9539 15 18 15 4 4 4 4 4 5 5 5 5 5 5 5 5 5 5 18 1 2 2 2 2 2 4 4 4 5 5 5 5 5 5 5 5 5
n34-m289 9540 15 18 15 2 2 2 2 5 5 5 5 5 5 5 5 5 5 5 18 1 1 1 1 1 1 2 3 5 5 5 5 5 5 5 5 5 5
n34-m289 9541 15 18 15 1 2 2 3 5 5 5 5 5 5 5 5 5 5 5 18 1 1 1 1 1 1 2 3 5 5 5 5 5 5 5 5 5 5
n34-m289 9543 15 18 15 2 2 2 3 5 5 5 5 5 5 5 5 5 5 5 18 1 1 1 1 1 1 2 3 5 5 5 5 5 5 5 5 5 6
n34-m289 9544 15 18 15 2 2 2 3 5 5 5 5 5 5 5 5 5 5 5 18 1 1 1 1 1 1 2 4 5 5 5 5 5 5 5 5 5 5
n34-m289 9545 15 18 15 2 2 2 3 5 5 5 5 5 5 5 5 5 5 5 18 1 1 1 1 1 1 3 3 5 5 5 5 5 5 5 5 5 5
n34-m289 9546 15 18 15 2 2 2 3 5 5 5 5 5 5 5 5 5 5 5 18 1 1 1 1 1 2 2 3 5 5 5 5 5 5 5 5 5 5
n34-m289 9552 15 18 15 1 2 3 3 5 5 5 5 5 5 5 5 5 5 5 18 1 1 1 1 1 1 3 3 5 5 5 5 5 5 5 5 5 5
n34-m289 9562 15 18 15 2 2 3 3 5 5 5 5 5 5 5 5 5 5 5 18 1 1 1 1 1 1 3 3 5 5 5 5 5 5 5 5 5 6
n34-m289 9563 15 18 15 2 2 3 3 5 5 5 5 5 5 5 5 5 5 5 18 1 1 1 1 1 1 3 4 5 5 5 5 5 5 5 5 5 5
n34-m289 9567 15 18 15 2 2 3 3 5 5 5 5 5 5 5 5 5 5 5 18 1 1 1 1 1 2 3 3 5 5 5 5 5 5 5 5 5 5
n34-m289 9569 15 18 15 0 3 3 3 5 5 5 5 5 5 5 5 5 5 5 18 1 1 1 1 1 1 3 3 5 5 5 5 5 5 5 5 5 5
n34-m289 9571 15 18 15 1 3 3 3 5 5 5 5 5 5 5 5 5 5 5 18 1 1 1 1 1 1 3 3 5 5 5 5 5 5 5 5 5 6
n34-m289 9572 15 18 15 1 3 3 3 5 5 5 5 5 5 5 5 5 5 5 18 1 1 1 1 1 1 3 4 5 5 5 5 5 5 5 5 5 5
n34-m289 9573 15 18 15 1 3 3 3 5 5 5 5 5 5 5 5 5 5 5 18 1 1 1 1 1 2 3 3 5 5 5 5 5 5 5 5 5 5
n34-m289 9576 15 18 15 2 3 3 3 5 5 5 5 5 5 5 5 5 5 5 18 1 1 1 1 1 1 3 3 5 5 5 5 5 5 5 5 5 7
n34-m289 9577 15 18 15 2 3 3 3 5 5 5 5 5 5 5 5 5 5 5 18 1 1 1 1 1 1 3 3 5 5 5 5 5 5 5 5 6 6
n34-m289 9579 15 18 15 2 3 3 3 5 5 5 5 5 5 5 5 5 5 5 18 1 1 1 1 1 1 3 4 5 5 5 5 5 5 5 5 5 6
n34-m289 9580 15 18 15 2 3 3 3 5 5 5 5 5 5 5 5 5 5 5 18 1 1 1 1 1 1 3 5 5 5 5 5 5 5 5 5 5 5
n34-m289 9581 15 18 15 2 3 3 3 5 5 5 5 5 5 5 5 5 5 5 18 1 1 1 1 1 1 4 4 5 5 5 5 5 5 5 5 5 5
n34-m289 9583 15 18 15 2 3 3 3 5 5 5 5 5 5 5 5 5 5 5 18 1 1 1 1 1 2 3 3 5 5 5 5 5 5 5 5 5 6
n34-m289 9584 15 18 15 2 3 3 3 5 5 5 5 5 5 5 5 5 5 5 18 1 1 1 1 1 2 3 4 5 5 5 5 5 5 5 5 5 5
n34-m289 9585 15 18 15 2 3 3 3 5 5 5 5 5 5 5 5 5 5 5 18 1 1 1 1 1 3 3 3 5 5 5 5 5 5 5 5 5 5
n34-m289 9586 15 18 15 2 3 3 3 5 5 5 5 5 5 5 5 5 5 5 18 1 1 1 1 2 2 3 3 5 5 5 5 5 5 5 5 5 5
n34-m289 9590 15 18 15 3 3 3 3 5 5 5 5 5 5 5 5 5 5 5 18 1 1 1 1 1 1 3 3 5 5 5 5 5 5 5 5 5 8
n34-m289 9592 15 18 15 3 3 3 3 5 5 5 5 5 5 5 5 5 5 5 18 1 1 1 1 1 1 3 3 5 5 5 5 5 5 5 5 6 7
n34-m289 9593 15 18 15 3 3 3 3 5 5 5 5 5 5 5 5 5 5 5 18 1 1 1 1 1 1 3 3 5 5 5 5 5 5 5 6 6 6
n34-m289 9596 15 18 15 3 3 3 3 5 5 5 5 5 5 5 5 5 5 5 18 1 1 1 1 1 1 3 4 5 5 5 5 5 5 5 5 5 7
n34-m289 9597 15 18 15 3 3 3 3 5 5 5 5 5 5 5 5 5 5 5 18 1 1 1 1 1 1 3 4 5 5 5 5 5 5 5 5 6 6
n34-m289 9599 15 18 15 3 3 3 3 5 5 5 5 5 5 5 5 5 5 5 18 1 1 1 1 1 1 3 5 5 5 5 5 5 5 5 5 5 6
n34-m289 9601 15 18 15 3 3 3 3 5 5 5 5 5 5 5 5 5 5 5 18 1 1 1 1 1 1 4 4 5 5 5 5 5 5 5 5 5 6
n34-m289 9602 15 18 15 3 3 3 3 5 5 5 5 5 5 5 5 5 5 5 18 1 1 1 1 1 1 4 5 5 5 5 5 5 5 5 5 5 5
n34-m289 9605 15 18 15 3 3 3 3 5 5 5 5 5 5 5 5 5 5 5 18 1 1 1 1 1 2 3 3 5 5 5 5 5 5 5 5 5 7
n34-m289 9606 15 18 15 3 3 3 3 5 5 5 5 5 5 5 5 5 5 5 18 1 1 1 1 1 2 3 3 5 5 5 5 5 5 5 5 6 6
n34-m289 9608 15 18 15 3 3 3 3 5 5 5 5 5 5 5 5 5 5 5 18 1 1 1 1 1 2 3 4 5 5 5 5 5 5 5 5 5 6
n34-m289 9609 15 18 15 3 3 3 3 5 5 5 5 5 5 5 5 5 5 5 18 1 1 1 1 1 2 3 5 5 5 5 5 5 5 5 5 5 5
n34-m289 9610 15 18 15 3 3 3 3 5 5 5 5 5 5 5 5 5 5 5 18 1 1 1 1 1 2 4 4 5 5 5 5 5 5 5 5 5 5
n34-m289 9612 15 18 15 3 3 3 3 5 5 5 5 5 5 5 5 5 5 5 18 1 1 1 1 1 3 3 3 5 5 5 5 5 5 5 5 5 6
n34-m289 9613 15 18 15 3 3 3 3 5 5 5 5 5 5 5 5 5 5 5 18 1 1 1 1 1 3 3 4 5 5 5 5 5 5 5 5 5 5
n34-m289 9615 15 18 15 3 3 3 3 5 5 5 5 5 5 5 5 5 5 5 18 1 1 1 1 2 2 3 3 5 5 5 5 5 5 5 5 5 6
n34-m289 9616 15 18 15 3 3 3 3 5 5 5 5 5 5 5 5 5 5 5 18 1 1 1 1 2 2 3 4 5 5 5 5 5 5 5 5 5 5
n34-m289 9617 15 18 15 3 3 3 3 5 5 5 5 5 5 5 5 5 5 5 18 1 1 1 1 2 3 3 3 5 5 5 5 5 5 5 5 5 5
n34-m289 9618 15 18 15 3 3 3 3 5 5 5 5 5 5 5 5 5 5 5 18 1 1 1 2 2 2 3 3 5 5 5 5 5 5 5 5 5 5
n34-m289 9619 15 18 15 1 2 2 4 5 5 5 5 5 5 5 5 5 5 5 18 1 1 1 1 1 1 2 4 5 5 5 5 5 5 5 5 5 5
n34-m289 9621 15 18 15 2 2 2 4 5 5 5 5 5 5 5 5 5 5 5 18 1 1 1 1 1 1 2 4 5 5 5 5 5 5 5 5 5 6
n34-m289 9622 15 18 15 2 2 2 4 5 5 5 5 5 5 5 5 5 5 5 18 1 1 1 1 1 1 2 5 5 5 5 5 5 5 5 5 5 5
n34-m289 9623 15 18 15 2 2 2 4 5 5 5 5 5 5 5 5 5 5 5 18 1 1 1 1 1 1 3 4 5 5 5 5 5 5 5 5 5 5
n34-m289 9624 15 18 15 2 2 2 4 5 5 5 5 5 5 5 5 5 5 5 18 1 1 1 1 1 2 2 4 5 5 5 5 5 5 5 5 5 5
n34-m289 9625 15 18 15 1 2 3 4 5 5 5 5 5 5 5 5 5 5 5 18 1 1 1 1 1 1 3 4 5 5 5 5 5 5 5 5 5 5
n34-m289 9627 15 18 15 2 2 3 4 5 5 5 5 5 5 5 5 5 5 5 18 1 1 1 1 1 1 3 4 5 5 5 5 5 5 5 5 5 6
n34-m289 9628 15 18 15 2 2 3 4 5 5 5 5 5 5 5 5 5 5 5 18 1 1 1 1 1 1 3 5 5 5 5 5 5 5 5 5 5 5
n34-m289 9629 15 18 15 2 2 3 4 5 5 5 5 5 5 5 5 5 5 5 18 1 1 1 1 1 1 4 4 5 5 5 5 5 5 5 5 5 5
n34-m289 9630 15 18 15 2 2 3 4 5 5 5 5 5 5 5 5 5 5 5 18 1 1 1 1 1 2 3 4 5 5 5 5 5 5 5 5 5 5
n34-m289 9631 15 18 15 0 3 3 4 5 5 5 5 5 5 5 5 5 5 5 18 1 1 1 1 1 1 3 4 5 5 5 5 5 5 5 5 5 5
n34-m289 9633 15 18 15 1 3 3 4 5 5 5 5 5 5 5 5 5 5 5 18 1 1 1 1 1 1 3 4 5 5 5 5 5 5 5 5 5 6
n34-m289 9634 15 18 15 1 3 3 4 5 5 5 5 5 5 5 5 5 5 5 18 1 1 1 1 1 1 3 5 5 5 5 5 5 5 5 5 5 5
n34-m289 9635 15 18 15 1 3 3 4 5 5 5 5 5 5 5 5 5 5 5 18 1 1 1 1 1 1 4 4 5 5 5 5 5 5 5 5 5 5
n34-m289 9636 15 18 15 1 3 3 4 5 5 5 5 5 5 5 5 5 5 5 18 1 1 1 1 1 2 3 4 5 5 5 5 5 5 5 5 5 5
n34-m289 9639 15 18 15 2 3 3 4 5 5 5 5 5 5 5 5 5 5 5 18 1 1 1 1 1 1 3 4 5 5 5 5 5 5 5 5 5 7
n34-m289 9640 15 18 15 2 3 3 4 5 5 5 5 5 5 5 5 5 5 5 18 1 1 1 1 1 1 3 4 5 5 5 5 5 5 5 5 6 6
n34-m289 9642 15 18 15 2 3 3 4 5 5 5 5 5 5 5 5 5 5 5 18 1 1 1 1 1 1 3 5 5 5 5 5 5 5 5 5 5 6
n34-m289 9644 15 18 15 2 3 3 4 5 5 5 5 5 5 5 5 5 5 5 18 1 1 1 1 1 1 4 4 5 5 5 5 5 5 5 5 5 6
n34-m289 9645 15 18 15 2 3 3 4 5 5 5 5 5 5 5 5 5 5 5 18 1 1 1 1 1 1 4 5 5 5 5 5 5 5 5 5 5 5
n34-m289 9647 15 18 15 2 3 3 4 5 5 5 5 5 5 5 5 5 5 5 18 1 1 1 1 1 2 3 4 5 5 5 5 5 5 5 5 5 6
n34-m289 9648 15 18 15 2 3 3 4 5 5 5 5 5 5 5 5 5 5 5 18 1 1 1 1 1 2 3 5 5 5 5 5 5 5 5 5 5 5
n34-m289 9649 15 18 15 2 3 3 4 5 5 5 5 5 5 5 5 5 5 5 18 1 1 1 1 1 2 4 4 5 5 5 5 5 5 5 5 5 5
n34-m289 9650 15 18 15 2 3 3 4 5 5 5 5 5 5 5 5 5 5 5 18 1 1 1 1 1 3 3 4 5 5 5 5 5 5 5 5 5 5
n34-m289 9651 15 18 15 2 3 3 4 5 5 5 5 5 5 5 5 5 5 5 18 1 1 1 1 2 2 3 4 5 5 5 5 5 5 5 5 5 5
n34-m289 9655 15 18 15 3 3 3 4 5 5 5 5 5 5 5 5 5 5 5 18 1 1 1 1 1 1 3 4 5 5 5 5 5 5 5 5 5 8
n34-m289 9657 15 18 15 3 3 3 4 5 5 5 5 5 5 5 5 5 5 5 18 1 1 1 1 1 1 3 4 5 5 5 5 5 5 5 5 6 7
n34-m289 9658 15 18 15 3 3 3 4 5 5 5 5 5 5 5 5 5 5 5 18 1 1 1 1 1 1 3 4 5 5 5 5 5 5 5 6 6 6
n34-m289 9661 15 18 15 3 3 3 4 5 5 5 5 5 5 5 5 5 5 5 18 1 1 1 1 1 1 3 5 5 5 5 5 5 5 5 5 5 7
n34-m289 9662 15 18 15 3 3 3 4 5 5 5 5 5 5 5 5 5 5 5 18 1 1 1 1 1 1 3 5 5 5 5 5 5 5 5 5 6 6
n34-m289 9665 15 18 15 3 3 3 4 5 5 5 5 5 5 5 5 5 5 5 18 1 1 1 1 1 1 4 4 5 5 5 5 5 5 5 5 5 7
n34-m289 9666 15 18 15 3 3 3 4 5 5 5 5 5 5 5 5 5 5 5 18 1 1 1 1 1 1 4 4 5 5 5 5 5 5 5 5 6 6
n34-m289 9668 15 18 15 3 3 3 4 5 5 5 5 5 5 5 5 5 5 5 18 1 1 1 1 1 1 4 5 5 5 5 5 5 5 5 5 5 6
n34-m289 9669 15 18 15 3 3 3 4 5 5 5 5 5 5 5 5 5 5 5 18 1 1 1 1 1 1 5 5 5 5 5 5 5 5 5 5 5 5
n34-m289 9672 15 18 15 3 3 3 4 5 5 5 5 5 5 5 5 5 5 5 18 1 1 1 1 1 2 3 4 5 5 5 5 5 5 5 5 5 7
n34-m289 9673 15 18 15 3 3 3 4 5 5 5 5 5 5 5 5 5 5 5 18 1 1 1 1 1 2 3 4 5 5 5 5 5 5 5 5 6 6
n34-m289 9675 15 18 15 3 3 3 4 5 5 5 5 5 5 5 5 5 5 5 18 1 1 1 1 1 2 3 5 5 5 5 5 5 5 5 5 5 6
n34-m289 9677 15 18 15 3 3 3 4 5 5 5 5 5 5 5 5 5 5 5 18 1 1 1 1 1 2 4 4 5 5 5 5 5 5 5 5 5 6
n34-m289 9678 15 18 15 3 3 3 4 5 5 5 5 5 5 5 5 5 5 5 18 1 1 1 1 1 2 4 5 5 5 5 5 5 5 5 5 5 5
n34-m289 9680 15 18 15 3 3 3 4 5 5 5 5 5 5 5 5 5 5 5 18 1 1 1 1 1 3 3 4 5 5 5 5 5 5 5 5 5 6
n34-m289 9681 15 18 15 3 3 3 4 5 5 5 5 5 5 5 5 5 5 5 18 1 1 1 1 1 3 3 5 5 5 5 5 5 5 5 5 5 5
n34-m289 9682 15 18 15 3 3 3 4 5 5 5 5 5 5 5 5 5 5 5 18 1 1 1 1 1 3 4 4 5 5 5 5 5 5 5 5 5 5
n34-m289 9684 15 18 15 3 3 3 4 5 5 5 5 5 5 5 5 5 5 5 18 1 1 1 1 2 2 3 4 5 5 5 5 5 5 5 5 5 6
n34-m289 9685 15 18 15 3 3 3 4 5 5 5 5 5 5 5 5 5 5 5 18 1 1 1 1 2 2 3 5 5 5 5 5 5 5 5 5 5 5
n34-m289 9686 15 18 15 3 3 3 4 5 5 5 5 5 5 5 5 5 5 5 18 1 1 1 1 2 2 4 4 5 5 5 5 5 5 5 5 5 5
n34-m289 9687 15 18 15 3 3 3 4 5 5 5 5 5 5 5 5 5 5 5 18 1 1 1 1 2 3 3 4 5 5 5 5 5 5 5 5 5 5
n34-m289 9688 15 18 15 3 3 3 4 5 5 5 5 5 5 5 5 5 5 5 18 1 1 1 2 2 2 3 4 5 5 5 5 5 5 5 5 5 5
n34-m289 9689 15 18 15 1 1 4 4 5 5 5 5 5 5 5 5 5 5 5 18 1 1 1 1 1 1 3 4 5 5 5 5 5 5 5 5 5 5
n34-m289 9690 15 18 15 0 2 4 4 5 5 5 5 5 5 5 5 5 5 5 18 1 1 1 1 1 1 3 4 5 5 5 5 5 5 5 5 5 5
n34-m289 9692 15 18 15 1 2 4 4 5 5 5 5 5 5 5 5 5 5 5 18 1 1 1 1 1 1 3 4 5 5 5 5 5 5 5 5 5 6
n34-m289 9693 15 18 15 1 2 4 4 5 5 5 5 5 5 5 5 5 5 5 18 1 1 1 1 1 1 3 5 5 5 5 5 5 5 5 5 5 5
n34-m289 9694 15 18 15 1 2 4 4 5 5 5 5 5 5 5 5 5 5 5 18 1 1 1 1 1 1 4 4 5 5 5 5 5 5 5 5 5 5
n34-m289 9695 15 18 15 1 2 4 4 5 5 5 5 5 5 5 5 5 5 5 18 1 1 1 1 1 2 3 4 5 5 5 5 5 5 5 5 5 5
n34-m289 9698 15 18 15 2 2 4 4 5 5 5 5 5 5 5 5 5 5 5 18 1 1 1 1 1 1 3 4 5 5 5 5 5 5 5 5 5 7
n34-m289 9699 15 18 15 2 2 4 4 5 5 5 5 5 5 5 5 5 5 5 18 1 1 1 1 1 1 3 4 5 5 5 5 5 5 5 5 6 6
n34-m289 9701 15 18 15 2 2 4 4 5 5 5 5 5 5 5 5 5 5 5 18 1 1 1 1 1 1 3 5 5 5 5 5 5 5 5 5 5 6
n34-m289 9703 15 18 15 2 2 4 4 5 5 5 5 5 5 5 5 5 5 5 18 1 1 1 1 1 1 4 4 5 5 5 5 5 5 5 5 5 6
n34-m289 9704 15 18 15 2 2 4 4 5 5 5 5 5 5 5 5 5 5 5 18 1 1 1 1 1 1 4 5 5 5 5 5 5 5 5 5 5 5
n34-m289 9706 15 18 15 2 2 4 4 5 5 5 5 5 5 5 5 5 5 5 18 1 1 1 1 1 2 3 4 5 5 5 5 5 5 5 5 5 6
n34-m289 9707 15 18 15 2 2 4 4 5 5 5 5 5 5 5 5 5 5 5 18 1 1 1 1 1 2 3 5 5 5 5 5 5 5 5 5 5 5
n34-m289 9708 15 18 15 2 2 4 4 5 5 5 5 5 5 5 5 5 5 5 18 1 1 1 1 1 2 4 4 5 5 5 5 5 5 5 5 5 5
n34-m289 9709 15 18 15 2 2 4 4 5 5 5 5 5 5 5 5 5 5 5 18 1 1 1 1 1 3 3 4 5 5 5 5 5 5 5 5 5 5
n34-m289 9710 15 18 15 2 2 4 4 5 5 5 5 5 5 5 5 5 5 5 18 1 1 1 1 2 2 3 4 5 5 5 5 5 5 5 5 5 5
n34-m289 9711 15 18 15 0 3 4 4 5 5 5 5 5 5 5 5 5 5 5 18 1 1 1 1 1 1 3 4 5 5 5 5 5 5 5 5 5 5
n34-m289 9712 15 18 15 0 3 4 4 5 5 5 5 5 5 5 5 5 5 5 18 1 1 1 1 1 1 3 4 5 5 5 5 5 5 5 5 5 6
n34-m289 9713 15 18 15 0 3 4 4 5 5 5 5 5 5 5 5 5 5 5 18 1 1 1 1 1 1 3 5 5 5 5 5 5 5 5 5 5 5
n34-m289 9714 15 18 15 0 3 4 4 5 5 5 5 5 5 5 5 5 5 5 18 1 1 1 1 1 1 4 4 5 5 5 5 5 5 5 5 5 5
n34-m289 9715 15 18 15 0 3 4 4 5 5 5 5 5 5 5 5 5 5 5 18 1 1 1 1 1 2 3 4 5 5 5 5 5 5 5 5 5 5
n34-m289 9718 15 18 15 1 3 4 4 5 5 5 5 5 5 5 5 5 5 5 18 1 1 1 1 1 1 3 4 5 5 5 5 5 5 5 5 5 7
n34-m289 9719 15 18 15 1 3 4 4 5 5 5 5 5 5 5 5 5 5 5 18 1 1 1 1 1 1 3 4 5 5 5 5 5 5 5 5 6 6
n34-m289 9721 15 18 15 1 3 4 4 5 5 5 5 5 5 5 5 5 5 5 18 1 1 1 1 1 1 3 5 5 5 5 5 5 5 5 5 5 6
n34-m289 9723 15 18 15 1 3 4 4 5 5 5 5 5 5 5 5 5 5 5 18 1 1 1 1 1 1 4 4 5 5 5 5 5 5 5 5 5 6
n34-m289 9724 15 18 15 1 3 4 4 5 5 5 5 5 5 5 5 5 5 5 18 1 1 1 1 1 1 4 5 5 5 5 5 5 5 5 5 5 5
n34-m289 9726 15 18 15 1 3 4 4 5 5 5 5 5 5 5 5 5 5 5 18 1 1 1 1 1 2 3 4 5 5 5 5 5 5 5 5 5 6
n34-m289 9727 15 18 15 1 3 4 4 5 5 5 5 5 5 5 5 5 5 5 18 1 1 1 1 1 2 3 5 5 5 5 5 5 5 5 5 5 5
n34-m289 9728 15 18 15 1 3 4 4 5 5 5 5 5 5 5 5 5 5 5 18 1 1 1 1 1 2 4 4 5 5 5 5 5 5 5 5 5 5
n34-m289 9729 15 18 15 1 3 4 4 5 5 5 5 5 5 5 5 5 5 5 18 1 1 1 1 1 3 3 4 5 5 5 5 5 5 5 5 5 5
n34-m289 9730 15 18 15 1 3 4 4 5 5 5 5 5 5 5 5 5 5 5 18 1 1 1 1 2 2 3 4 5 5 5 5 5 5 5 5 5 5
n34-m289 9734 15 18 15 2 3 4 4 5 5 5 5 5 5 5 5 5 5 5 18 1 1 1 1 1 1 3 4 5 5 5 5 5 5 5 5 5 8
n34-m289 9736 15 18 15 2 3 4 4 5 5 5 5 5 5 5 5 5 5 5 18 1 1 1 1 1 1 3 4 5 5 5 5 5 5 5 5 6 7
n34-m289 9737 15 18 15 2 3 4 4 5 5 5 5 5 5 5 5 5 5 5 18 1 1 1 1 1 1 3 4 5 5 5 5 5 5 5 6 6 6
n34-m289 9740 15 18 15 2 3 4 4 5 5 5 5 5 5 5 5 5 5 5 18 1 1 1 1 1 1 3 5 5 5 5 5 5 5 5 5 5 7
n34-m289 9741 15 18 15 2 3 4 4 5 5 5 5 5 5 5 5 5 5 5 18 1 1 1 1 1 1 3 5 5 5 5 5 5 5 5 5 6 6
n34-m289 9744 15 18 15 2 3 4 4 5 5 5 5 5 5 5 5 5 5 5 18 1 1 1 1 1 1 4 4 5 5 5 5 5 5 5 5 5 7
n34-m289 9745 15 18 15 2 3 4 4 5 5 5 5 5 5 5 5 5 5 5 18 1 1 1 1 1 1 4 4 5 5 5 5 5 5 5 5 6 6
n34-m289 9747 15 18 15 2 3 4 4 5 5 5 5 5 5 5 5 5 5 5 18 1 1 1 1 1 1 4 5 5 5 5 5 5 5 5 5 5 6
n34-m289 9748 15 18 15 2 3 4 4 5 5 5 5 5 5 5 5 5 5 5 18 1 1 1 1 1 1 5 5 5 5 5 5 5 5 5 5 5 5
n34-m289 9751 15 18 15 2 3 4 4 5 5 5 5 5 5 5 5 5 5 5 18 1 1 1 1 1 2 3 4 5 5 5 5 5 5 5 5 5 7
n34-m289 9752 15 18 15 2 3 4 4 5 5 5 5 5 5 5 5 5 5 5 18 1 1 1 1 1 2 3 4 5 5 5 5 5 5 5 5 6 6
n34-m289 9754 15 18 15 2 3 4 4 5 5 5 5 5 5 5 5 5 5 5 18 1 1 1 1 1 2 3 5 5 5 5 5 5 5 5 5 5 6
n34-m289 9756 15 18 15 2 3 4 4 5 5 5 5 5 5 5 5 5 5 5 18 1 1 1 1 1 2 4 4 5 5 5 5 5 5 5 5 5 6
n34-m289 9757 15 18 15 2 3 4 4 5 5 5 5 5 5 5 5 5 5 5 18 1 1 1 1 1 2 4 5 5 5 5 5 5 5 5 5 5 5
n34-m289 9759 15 18 15 2 3 4 4 5 5 5 5 5 5 5 5 5 5 5 18 1 1 1 1 1 3 3 4 5 5 5 5 5 5 5 5 5 6
n34-m289 9760 15 18 15 2 3 4 4 5 5 5 5 5 5 5 5 5 5 5 18 1 1 1 1 1 3 3 5 5 5 5 5 5 5 5 5 5 5
n34-m289 9761 15 18 15 2 3 4 4 5 5 5 5 5 5 5 5 5 5 5 18 1 1 1 1 1 3 4 4 5 5 5 5 5 5 5 5 5 5
n34-m289 9763 15 18 15 2 3 4 4 5 5 5 5 5 5 5 5 5 5 5 18 1 1 1 1 2 2 3 4 5 5 5 5 5 5 5 5 5 6
n34-m289 9764 15 18 15 2 3 4 4 5 5 5 5 5 5 5 5 5 5 5 18 1 1 1 1 2 2 3 5 5 5 5 5 5 5 5 5 5 5
n34-m289 9765 15 18 15 2 3 4 4 5 5 5 5 5 5 5 5 5 5 5 18 1 1 1 1 2 2 4 4 5 5 5 5 5 5 5 5 5 5
n34-m289 9766 15 18 15 2 3 4 4 5 5 5 5 5 5 5 5 5 5 5 18 1 1 1 1 2 3 3 4 5 5 5 5 5 5 5 5 5 5
n34-m289 9767 15 18 15 2 3 4 4 5 5 5 5 5 5 5 5 5 5 5 18 1 1 1 2 2 2 3 4 5 5 5 5 5 5 5 5 5 5
n34-m289 9803 15 18 15 3 3 4 4 5 5 5 5 5 5 5 5 5 5 5 18 1 1 1 1 1 2 3 4 5 5 5 5 5 5 5 5 5 8
n34-m289 9805 15 18 15 3 3 4 4 5 5 5 5 5 5 5 5 5 5 5 18 1 1 1 1 1 2 3 4 5 5 5 5 5 5 5 5 6 7
n34-m289 9806 15 18 15 3 3 4 4 5 5 5 5 5 5 5 5 5 5 5 18 1 1 1 1 1 2 3 4 5 5 5 5 5 5 5 6 6 6
n34-m289 9809 15 18 15 3 3 4 4 5 5 5 5 5 5 5 5 5 5 5 18 1 1 1 1 1 2 3 5 5 5 5 5 5 5 5 5 5 7
n34-m289 9810 15 18 15 3 3 4 4 5 5 5 5 5 5 5 5 5 5 5 18 1 1 1 1 1 2 3 5 5 5 5 5 5 5 5 5 6 6
n34-m289 9813 15 18 15 3 3 4 4 5 5 5 5 5 5 5 5 5 5 5 18 1 1 1 1 1 2 4 4 5 5 5 5 5 5 5 5 5 7
n34-m289 9814 15 18 15 3 3 4 4 5 5 5 5 5 5 5 5 5 5 5 18 1 1 1 1 1 2 4 4 5 5 5 5 5 5 5 5 6 6
n34-m289 9816 15 18 15 3 3 4 4 5 5 5 5 5 5 5 5 5 5 5 18 1 1 1 1 1 2 4 5 5 5 5 5 5 5 5 5 5 6
n34-m289 9817 15 18 15 3 3 4 4 5 5 5 5 5 5 5 5 5 5 5 18 1 1 1 1 1 2 5 5 5 5 5 5 5 5 5 5 5 5
n34-m289 9820 15 18 15 3 3 4 4 5 5 5 5 5 5 5 5 5 5 5 18 1 1 1 1 1 3 3 4 5 5 5 5 5 5 5 5 5 7
n34-m289 9821 15 18 15 3 3 4 4 5 5 5 5 5 5 5 5 5 5 5 18 1 1 1 1 1 3 3 4 5 5 5 5 5 5 5 5 6 6
n34-m289 9823 15 18 15 3 3 4 4 5 5 5 5 5 5 5 5 5 5 5 18 1 1 1 1 1 3 3 5 5 5 5 5 5 5 5 5 5 6
n34-m289 9825 15 18 15 3 3 4 4 5 5 5 5 5 5 5 5 5 5 5 18 1 1 1 1 1 3 4 4 5 5 5 5 5 5 5 5 5 6
n34-m289 9826 15 18 15 3 3 4 4 5 5 5 5 5 5 5 5 5 5 5 18 1 1 1 1 1 3 4 5 5 5 5 5 5 5 5 5 5 5
n34-m289 9827 15 18 15 3 3 4 4 5 5 5 5 5 5 5 5 5 5 5 18 1 1 1 1 1 4 4 4 5 5 5 5 5 5 5 5 5 5
n34-m289 9830 15 18 15 3 3 4 4 5 5 5 5 5 5 5 5 5 5 5 18 1 1 1 1 2 2 3 4 5 5 5 5 5 5 5 5 5 7
n34-m289 9831 15 18 15 3 3 4 4 5 5 5 5 5 5 5 5 5 5 5 18 1 1 1 1 2 2 3 4 5 5 5 5 5 5 5 5 6 6
n34-m289 9833 15 18 15 3 3 4 4 5 5 5 5 5 5 5 5 5 5 5 18 1 1 1 1 2 2 3 5 5 5 5 5 5 5 5 5 5 6
n34-m289 9835 15 18 15 3 3 4 4 5 5 5 5 5 5 5 5 5 5 5 18 1 1 1 1 2 2 4 4 5 5 5 5 5 5 5 5 5 6
n34-m289 9836 15 18 15 3 3 4 4 5 5 5 5 5 5 5 5 5 5 5 18 1 1 1 1 2 2 4 5 5 5 5 5 5 5 5 5 5 5
n34-m289 9838 15 18 15 3 3 4 4 5 5 5 5 5 5 5 5 5 5 5 18 1 1 1 1 2 3 3 4 5 5 5 5 5 5 5 5 5 6
n34-m289 9839 15 18 15 3 3 4 4 5 5 5 5 5 5 5 5 5 5 5 18 1 1 1 1 2 3 3 5 5 5 5 5 5 5 5 5 5 5
n34-m289 9840 15 18 15 3 3 4 4 5 5 5 5 5 5 5 5 5 5 5 18 1 1 1 1 2 3 4 4 5 5 5 5 5 5 5 5 5 5
n34-m289 9841 15 18 15 3 3 4 4 5 5 5 5 5 5 5 5 5 5 5 18 1 1 1 1 3 3 3 4 5 5 5 5 5 5 5 5 5 5
n34-m289 9843 15 18 15 3 3 4 4 5 5 5 5 5 5 5 5 5 5 5 18 1 1 1 2 2 2 3 4 5 5 5 5 5 5 5 5 5 6
n34-m289 9844 15 18 15 3 3 4 4 5 5 5 5 5 5 5 5 5 5 5 18 1 1 1 2 2 2 3 5 5 5 5 5 5 5 5 5 5 5
n34-m289 9845 15 18 15 3 3 4 4 5 5 5 5 5 5 5 5 5 5 5 18 1 1 1 2 2 2 4 4 5 5 5 5 5 5 5 5 5 5
n34-m289 9846 15 18 15 3 3 4 4 5 5 5 5 5 5 5 5 5 5 5 18 1 1 1 2 2 3 3 4 5 5 5 5 5 5 5 5 5 5
n34-m289 9847 15 18 15 3 3 4 4 5 5 5 5 5 5 5 5 5 5 5 18 1 1 2 2 2 2 3 4 5 5 5 5 5 5 5 5 5 5
n34-m289 9848 15 18 15 0 4 4 4 5 5 5 5 5 5 5 5 5 5 5 18 1 1 1 1 1 1 4 4 5 5 5 5 5 5 5 5 5 5
n34-m289 9849 15 18 15 0 4 4 4 5 5 5 5 5 5 5 5 5 5 5 18 1 1 1 1 1 1 4 4 5 5 5 5 5 5 5 5 5 6
n34-m289 9850 15 18 15 0 4 4 4 5 5 5 5 5 5 5 5 5 5 5 18 1 1 1 1 1 1 4 5 5 5 5 5 5 5 5 5 5 5
n34-m289 9851 15 18 15 0 4 4 4 5 5 5 5 5 5 5 5 5 5 5 18 1 1 1 1 1 2 4 4 5 5 5 5 5 5 5 5 5 5
n34-m289 9854 15 18 15 1 4 4 4 5 5 5 5 5 5 5 5 5 5 5 18 1 1 1 1 1 1 4 4 5 5 5 5 5 5 5 5 5 7
n34-m289 9855 15 18 15 1 4 4 4 5 5 5 5 5 5 5 5 5 5 5 18 1 1 1 1 1 1 4 4 5 5 5 5 5 5 5 5 6 6
n34-m289 9857 15 18 15 1 4 4 4 5 5 5 5 5 5 5 5 5 5 5 18 1 1 1 1 1 1 4 5 5 5 5 5 5 5 5 5 5 6
n34-m289 9858 15 18 15 1 4 4 4 5 5 5 5 5 5 5 5 5 5 5 18 1 1 1 1 1 1 5 5 5 5 5 5 5 5 5 5 5 5
n34-m289 9860 15 18 15 1 4 4 4 5 5 5 5 5 5 5 5 5 5 5 18 1 1 1 1 1 2 4 4 5 5 5 5 5 5 5 5 5 6
n34-m289 9861 15 18 15 1 4 4 4 5 5 5 5 5 5 5 5 5 5 5 18 1 1 1 1 1 2 4 5 5 5 5 5 5 5 5 5 5 5
n34-m289 9862 15 18 15 1 4 4 4 5 5 5 5 5 5 5 5 5 5 5 18 1 1 1 1 1 3 4 4 5 5 5 5 5 5 5 5 5 5
n34-m289 9863 15 18 15 1 4 4 4 5 5 5 5 5 5 5 5 5 5 5 18 1 1 1 1 2 2 4 4 5 5 5 5 5 5 5 5 5 5
n34-m289 9879 15 18 15 2 4 4 4 5 5 5 5 5 5 5 5 5 5 5 18 1 1 1 1 1 2 4 4 5 5 5 5 5 5 5 5 5 7
n34-m289 9880 15 18 15 2 4 4 4 5 5 5 5 5 5 5 5 5 5 5 18 1 1 1 1 1 2 4 4 5 5 5 5 5 5 5 5 6 6
n34-m289 9882 15 18 15 2 4 4 4 5 5 5 5 5 5 5 5 5 5 5 18 1 1 1 1 1 2 4 5 5 5 5 5 5 5 5 5 5 6
n34-m289 9883 15 18 15 2 4 4 4 5 5 5 5 5 5 5 5 5 5 5 18 1 1 1 1 1 2 5 5 5 5 5 5 5 5 5 5 5 5
n34-m289 9885 15 18 15 2 4 4 4 5 5 5 5 5 5 5 5 5 5 5 18 1 1 1 1 1 3 4 4 5 5 5 5 5 5 5 5 5 6
n34-m289 9886 15 18 15 2 4 4 4 5 5 5 5 5 5 5 5 5 5 5 18 1 1 1 1 1 3 4 5 5 5 5 5 5 5 5 5 5 5
n34-m289 9887 15 18 15 2 4 4 4 5 5 5 5 5 5 5 5 5 5 5 18 1 1 1 1 1 4 4 4 5 5 5 5 5 5 5 5 5 5
n34-m289 9889 15 18 15 2 4 4 4 5 5 5 5 5 5 5 5 5 5 5 18 1 1 1 1 2 2 4 4 5 5 5 5 5 5 5 5 5 6
n34-m289 9890 15 18 15 2 4 4 4 5 5 5 5 5 5 5 5 5 5 5 18 1 1 1 1 2 2 4 5 5 5 5 5 5 5 5 5 5 5
n34-m289 9891 15 18 15 2 4 4 4 5 5 5 5 5 5 5 5 5 5 5 18 1 1 1 1 2 3 4 4 5 5 5 5 5 5 5 5 5 5
n34-m289 9892 15 18 15 2 4 4 4 5 5 5 5 5 5 5 5 5 5 5 18 1 1 1 2 2 2 4 4 5 5 5 5 5 5 5 5 5 5
n34-m289 9896 15 18 15 3 4 4 4 5 5 5 5 5 5 5 5 5 5 5 18 1 1 1 1 1 2 4 4 5 5 5 5 5 5 5 5 5 8
n34-m289 9898 15 18 15 3 4 4 4 5 5 5 5 5 5 5 5 5 5 5 18 1 1 1 1 1 2 4 4 5 5 5 5 5 5 5 5 6 7
n34-m289 9899 15 18 15 3 4 4 4 5 5 5 5 5 5 5 5 5 5 5 18 1 1 1 1 1 2 4 4 5 5 5 5 5 5 5 6 6 6
n34-m289 9902 15 18 15 3 4 4 4 5 5 5 5 5 5 5 5 5 5 5 18 1 1 1 1 1 2 4 5 5 5 5 5 5 5 5 5 5 7
n34-m289 9903 15 18 15 3 4 4 4 5 5 5 5 5 5 5 5 5 5 5 18 1 1 1 1 1 2 4 5 5 5 5 5 5 5 5 5 6 6
n34-m289 9905 15 18 15 3 4 4 4 5 5 5 5 5 5 5 5 5 5 5 18 1 1 1 1 1 2 5 5 5 5 5 5 5 5 5 5 5 6
n34-m289 9908 15 18 15 3 4 4 4 5 5 5 5 5 5 5 5 5 5 5 18 1 1 1 1 1 3 4 4 5 5 5 5 5 5 5 5 5 7
n34-m289 9909 15 18 15 3 4 4 4 5 5 5 5 5 5 5 5 5 5 5 18 1 1 1 1 1 3 4 4 5 5 5 5 5 5 5 5 6 6
n34-m289 9911 15 18 15 3 4 4 4 5 5 5 5 5 5 5 5 5 5 5 18 1 1 1 1 1 3 4 5 5 5 5 5 5 5 5 5 5 6
n34-m289 9912 15 18 15 3 4 4 4 5 5 5 5 5 5 5 5 5 5 5 18 1 1 1 1 1 3 5 5 5 5 5 5 5 5 5 5 5 5
n34-m289 9914 15 18 15 3 4 4 4 5 5 5 5 5 5 5 5 5 5 5 18 1 1 1 1 1 4 4 4 5 5 5 5 5 5 5 5 5 6
n34-m289 9915 15 18 15 3 4 4 4 5 5 5 5 5 5 5 5 5 5 5 18 1 1 1 1 1 4 4 5 5 5 5 5 5 5 5 5 5 5
n34-m289 9918 15 18 15 3 4 4 4 5 5 5 5 5 5 5 5 5 5 5 18 1 1 1 1 2 2 4 4 5 5 5 5 5 5 5 5 5 7
n34-m289 9919 15 18 15 3 4 4 4 5 5 5 5 5 5 5 5 5 5 5 18 1 1 1 1 2 2 4 4 5 5 5 5 5 5 5 5 6 6
n34-m289 9921 15 18 15 3 4 4 4 5 5 5 5 5 5 5 5 5 5 5 18 1 1 1 1 2 2 4 5 5 5 5 5 5 5 5 5 5 6
n34-m289 9922 15 18 15 3 4 4 4 5 5 5 5 5 5 5 5 5 5 5 18 1 1 1 1 2 2 5 5 5 5 5 5 5 5 5 5 5 5
n34-m289 9924 15 18 15 3 4 4 4 5 5 5 5 5 5 5 5 5 5 5 18 1 1 1 1 2 3 4 4 5 5 5 5 5 5 5 5 5 6
n34-m289 9925 15 18 15 3 4 4 4 5 5 5 5 5 5 5 5 5 5 5 18 1 1 1 1 2 3 4 5 5 5 5 5 5 5 5 5 5 5
n34-m289 9926 15 18 15 3 4 4 4 5 5 5 5 5 5 5 5 5 5 5 18 1 1 1 1 2 4 4 4 5 5 5 5 5 5 5 5 5 5
n34-m289 9927 15 18 15 3 4 4 4 5 5 5 5 5 5 5 5 5 5 5 18 1 1 1 1 3 3 4 4 5 5 5 5 5 5 5 5 5 5
n34-m289 9929 15 18 15 3 4 4 4 5 5 5 5 5 5 5 5 5 5 5 18 1 1 1 2 2 2 4 4 5 5 5 5 5 5 5 5 5 6
n34-m289 9930 15 18 15 3 4 4 4 5 5 5 5 5 5 5 5 5 5 5 18 1 1 1 2 2 2 4 5 5 5 5 5 5 5 5 5 5 5
n34-m289 9931 15 18 15 3 4 4 4 5 5 5 5 5 5 5 5 5 5 5 18 1 1 1 2 2 3 4 4 5 5 5 5 5 5 5 5 5 5
n34-m289 9932 15 18 15 3 4 4 4 5 5 5 5 5 5 5 5 5 5 5 18 1 1 2 2 2 2 4 4 5 5 5 5 5 5 5 5 5 5
n34-m289 9971 15 18 15 4 4 4 4 5 5 5 5 5 5 5 5 5 5 5 18 1 1 1 1 1 4 4 4 5 5 5 5 5 5 5 5 5 7
n34-m289 9972 15 18 15 4 4 4 4 5 5 5 5 5 5 5 5 5 5 5 18 1 1 1 1 1 4 4 4 5 5 5 5 5 5 5 5 6 6
n34-m289 9974 15 18 15 4 4 4 4 5 5 5 5 5 5 5 5 5 5 5 18 1 1 1 1 1 4 4 5 5 5 5 5 5 5 5 5 5 6
n34-m289 9975 15 18 15 4 4 4 4 5 5 5 5 5 5 5 5 5 5 5 18 1 1 1 1 1 4 5 5 5 5 5 5 5 5 5 5 5 5
n34-m289 9991 15 18 15 4 4 4 4 5 5 5 5 5 5 5 5 5 5 5 18 1 1 1 1 2 3 4 4 5 5 5 5 5 5 5 5 5 7
n34-m289 9992 15 18 15 4 4 4 4 5 5 5 5 5 5 5 5 5 5 5 18 1 1 1 1 2 3 4 4 5 5 5 5 5 5 5 5 6 6
n34-m289 9994 15 18 15 4 4 4 4 5 5 5 5 5 5 5 5 5 5 5 18 1 1 1 1 2 3 4 5 5 5 5 5 5 5 5 5 5 6
n34-m289 9995 15 18 15 4 4 4 4 5 5 5 5 5 5 5 5 5 5 5 18 1 1 1 1 2 3 5 5 5 5 5 5 5 5 5 5 5 5
n34-m289 9997 15 18 15 4 4 4 4 5 5 5 5 5 5 5 5 5 5 5 18 1 1 1 1 2 4 4 4 5 5 5 5 5 5 5 5 5 6
n34-m289 9998 15 18 15 4 4 4 4 5 5 5 5 5 5 5 5 5 5 5 18 1 1 1 1 2 4 4 5 5 5 5 5 5 5 5 5 5 5
n34-m289 10000 15 18 15 4 4 4 4 5 5 5 5 5 5 5 5 5 5 5 18 1 1 1 1 3 3 4 4 5 5 5 5 5 5 5 5 5 6
n34-m289 10001 15 18 15 4 4 4 4 5 5 5 5 5 5 5 5 5 5 5 18 1 1 1 1 3 3 4 5 5 5 5 5 5 5 5 5 5 5
n34-m289 10002 15 18 15 4 4 4 4 5 5 5 5 5 5 5 5 5 5 5 18 1 1 1 1 3 4 4 4 5 5 5 5 5 5 5 5 5 5
n34-m289 10005 15 18 15 4 4 4 4 5 5 5 5 5 5 5 5 5 5 5 18 1 1 1 2 2 2 4 4 5 5 5 5 5 5 5 5 5 7
n34-m289 10006 15 18 15 4 4 4 4 5 5 5 5 5 5 5 5 5 5 5 18 1 1 1 2 2 2 4 4 5 5 5 5 5 5 5 5 6 6
n34-m289 10008 15 18 15 4 4 4 4 5 5 5 5 5 5 5 5 5 5 5 18 1 1 1 2 2 2 4 5 5 5 5 5 5 5 5 5 5 6
n34-m289 10009 15 18 15 4 4 4 4 5 5 5 5 5 5 5 5 5 5 5 18 1 1 1 2 2 2 5 5 5 5 5 5 5 5 5 5 5 5
n34-m289 10011 15 18 15 4 4 4 4 5 5 5 5 5 5 5 5 5 5 5 18 1 1 1 2 2 3 4 4 5 5 5 5 5 5 5 5 5 6
n34-m289 10012 15 18 15 4 4 4 4 5 5 5 5 5 5 5 5 5 5 5 18 1 1 1 2 2 3 4 5 5 5 5 5 5 5 5 5 5 5
n34-m289 10013 15 18 15 4 4 4 4 5 5 5 5 5 5 5 5 5 5 5 18 1 1 1 2 2 4 4 4 5 5 5 5 5 5 5 5 5 5
n34-m289 10014 15 18 15 4 4 4 4 5 5 5 5 5 5 5 5 5 5 5 18 1 1 1 2 3 3 4 4 5 5 5 5 5 5 5 5 5 5
n34-m289 10016 15 18 15 4 4 4 4 5 5 5 5 5 5 5 5 5 5 5 18 1 1 2 2 2 2 4 4 5 5 5 5 5 5 5 5 5 6
n34-m289 10017 15 18 15 4 4 4 4 5 5 5 5 5 5 5 5 5 5 5 18 1 1 2 2 2 2 4 5 5 5 5 5 5 5 5 5 5 5
n34-m289 10018 15 18 15 4 4 4 4 5 5 5 5 5 5 5 5 5 5 5 18 1 1 2 2 2 3 4 4 5 5 5 5 5 5 5 5 5 5
n34-m289 10019 15 18 15 4 4 4 4 5 5 5 5 5 5 5 5 5 5 5 18 1 2 2 2 2 2 4 4 5 5 5 5 5 5 5 5 5 5
n34-m289 10024 15 18 15 1 2 2 5 5 5 5 5 5 5 5 5 5 5 5 18 1 1 1 1 1 1 2 5 5 5 5 5 5 5 5 5 5 5
n34-m289 10025 15 18 15 1 2 2 5 5 5 5 5 5 5 5 5 5 5 5 18 1 1 1 1 1 1 3 4 5 5 5 5 5 5 5 5 5 5
n34-m289 10032 15 18 15 2 2 2 5 5 5 5 5 5 5 5 5 5 5 5 18 1 1 1 1 1 1 2 5 5 5 5 5 5 5 5 5 5 6
n34-m289 10034 15 18 15 2 2 2 5 5 5 5 5 5 5 5 5 5 5 5 18 1 1 1 1 1 1 3 4 5 5 5 5 5 5 5 5 5 6
n34-m289 10035 15 18 15 2 2 2 5 5 5 5 5 5 5 5 5 5 5 5 18 1 1 1 1 1 1 3 5 5 5 5 5 5 5 5 5 5 5
n34-m289 10036 15 18 15 2 2 2 5 5 5 5 5 5 5 5 5 5 5 5 18 1 1 1 1 1 1 4 4 5 5 5 5 5 5 5 5 5 5
n34-m289 10039 15 18 15 2 2 2 5 5 5 5 5 5 5 5 5 5 5 5 18 1 1 1 1 1 2 2 5 5 5 5 5 5 5 5 5 5 5
n34-m289 10040 15 18 15 2 2 2 5 5 5 5 5 5 5 5 5 5 5 5 18 1 1 1 1 1 2 3 4 5 5 5 5 5 5 5 5 5 5
n34-m289 10042 15 18 15 1 1 3 5 5 5 5 5 5 5 5 5 5 5 5 18 1 1 1 1 1 1 3 4 5 5 5 5 5 5 5 5 5 5
n34-m289 10043 15 18 15 0 2 3 5 5 5 5 5 5 5 5 5 5 5 5 18 1 1 1 1 1 1 3 4 5 5 5 5 5 5 5 5 5 5
n34-m289 10045 15 18 15 1 2 3 5 5 5 5 5 5 5 5 5 5 5 5 18 1 1 1 1 1 1 3 4 5 5 5 5 5 5 5 5 5 6
n34-m289 10046 15 18 15 1 2 3 5 5 5 5 5 5 5 5 5 5 5 5 18 1 1 1 1 1 1 3 5 5 5 5 5 5 5 5 5 5 5
n34-m289 10047 15 18 15 1 2 3 5 5 5 5 5 5 5 5 5 5 5 5 18 1 1 1 1 1 1 4 4 5 5 5 5 5 5 5 5 5 5
n34-m289 10048 15 18 15 1 2 3 5 5 5 5 5 5 5 5 5 5 5 5 18 1 1 1 1 1 2 3 4 5 5 5 5 5 5 5 5 5 5
n34-m289 10051 15 18 15 2 2 3 5 5 5 5 5 5 5 5 5 5 5 5 18 1 1 1 1 1 1 3 4 5 5 5 5 5 5 5 5 5 7
n34-m289 10052 15 18 15 2 2 3 5 5 5 5 5 5 5 5 5 5 5 5 18 1 1 1 1 1 1 3 4 5 5 5 5 5 5 5 5 6 6
n34-m289 10054 15 18 15 2 2 3 5 5 5 5 5 5 5 5 5 5 5 5 18 1 1 1 1 1 1 3 5 5 5 5 5 5 5 5 5 5 6
n34-m289 10056 15 18 15 2 2 3 5 5 5 5 5 5 5 5 5 5 5 5 18 1 1 1 1 1 1 4 4 5 5 5 5 5 5 5 5 5 6
n34-m289 10057 15 18 15 2 2 3 5 5 5 5 5 5 5 5 5 5 5 5 18 1 1 1 1 1 1 4 5 5 5 5 5 5 5 5 5 5 5
n34-m289 10059 15 18 15 2 2 3 5 5 5 5 5 5 5 5 5 5 5 5 18 1 1 1 1 1 2 3 4 5 5 5 5 5 5 5 5 5 6
n34-m289 10060 15 18 15 2 2 3 5 5 5 5 5 5 5 5 5 5 5 5 18 1 1 1 1 1 2 3 5 5 5 5 5 5 5 5 5 5 5
n34-m289 10061 15 18 15 2 2 3 5 5 5 5 5 5 5 5 5 5 5 5 18 1 1 1 1 1 2 4 4 5 5 5 5 5 5 5 5 5 5
n34-m289 10062 15 18 15 2 2 3 5 5 5 5 5 5 5 5 5 5 5 5 18 1 1 1 1 1 3 3 4 5 5 5 5 5 5 5 5 5 5
n34-m289 10063 15 18 15 2 2 3 5 5 5 5 5 5 5 5 5 5 5 5 18 1 1 1 1 2 2 3 4 5 5 5 5 5 5 5 5 5 5
n34-m289 10064 15 18 15 0 3 3 5 5 5 5 5 5 5 5 5 5 5 5 18 1 1 1 1 1 1 3 4 5 5 5 5 5 5 5 5 5 5
n34-m289 10065 15 18 15 0 3 3 5 5 5 5 5 5 5 5 5 5 5 5 18 1 1 1 1 1 1 3 4 5 5 5 5 5 5 5 5 5 6
n34-m289 10066 15 18 15 0 3 3 5 5 5 5 5 5 5 5 5 5 5 5 18 1 1 1 1 1 1 3 5 5 5 5 5 5 5 5 5 5 5
n34-m289 10067 15 18 15 0 3 3 5 5 5 5 5 5 5 5 5 5 5 5 18 1 1 1 1 1 1 4 4 5 5 5 5 5 5 5 5 5 5
n34-m289 10068 15 18 15 0 3 3 5 5 5 5 5 5 5 5 5 5 5 5 18 1 1 1 1 1 2 3 4 5 5 5 5 5 5 5 5 5 5
n34-m289 10071 15 18 15 1 3 3 5 5 5 5 5 5 5 5 5 5 5 5 18 1 1 1 1 1 1 3 4 5 5 5 5 5 5 5 5 5 7
n34-m289 10072 15 18 15 1 3 3 5 5 5 5 5 5 5 5 5 5 5 5 18 1 1 1 1 1 1 3 4 5 5 5 5 5 5 5 5 6 6
n34-m289 10074 15 18 15 1 3 3 5 5 5 5 5 5 5 5 5 5 5 5 18 1 1 1 1 1 1 3 5 5 5 5 5 5 5 5 5 5 6
n34-m289 10076 15 18 15 1 3 3 5 5 5 5 5 5 5 5 5 5 5 5 18 1 1 1 1 1 1 4 4 5 5 5 5 5 5 5 5 5 6
n34-m289 10077 15 18 15 1 3 3 5 5 5 5 5 5 5 5 5 5 5 5 18 1 1 1 1 1 1 4 5 5 5 5 5 5 5 5 5 5 5
n34-m289 10079 15 18 15 1 3 3 5 5 5 5 5 5 5 5 5 5 5 5 18 1 1 1 1 1 2 3 4 5 5 5 5 5 5 5 5 5 6
n34-m289 10080 15 18 15 1 3 3 5 5 5 5 5 5 5 5 5 5 5 5 18 1 1 1 1 1 2 3 5 5 5 5 5 5 5 5 5 5 5
n34-m289 10081 15 18 15 1 3 3 5 5 5 5 5 5 5 5 5 5 5 5 18 1 1 1 1 1 2 4 4 5 5 5 5 5 5 5 5 5 5
n34-m289 10082 15 18 15 1 3 3 5 5 5 5 5 5 5 5 5 5 5 5 18 1 1 1 1 1 3 3 4 5 5 5 5 5 5 5 5 5 5
n34-m289 10083 15 18 15 1 3 3 5 5 5 5 5 5 5 5 5 5 5 5 18 1 1 1 1 2 2 3 4 5 5 5 5 5 5 5 5 5 5
n34-m289 10087 15 18 15 2 3 3 5 5 5 5 5 5 5 5 5 5 5 5 18 1 1 1 1 1 1 3 4 5 5 5 5 5 5 5 5 5 8
n34-m289 10089 15 18 15 2 3 3 5 5 5 5 5 5 5 5 5 5 5 5 18 1 1 1 1 1 1 3 4 5 5 5 5 5 5 5 5 6 7
n34-m289 10090 15 18 15 2 3 3 5 5 5 5 5 5 5 5 5 5 5 5 18 1 1 1 1 1 1 3 4 5 5 5 5 5 5 5 6 6 6
n34-m289 10093 15 18 15 2 3 3 5 5 5 5 5 5 5 5 5 5 5 5 18 1 1 1 1 1 1 3 5 5 5 5 5 5 5 5 5 5 7
n34-m289 10094 15 18 15 2 3 3 5 5 5 5 5 5 5 5 5 5 5 5 18 1 1 1 1 1 1 3 5 5 5 5 5 5 5 5 5 6 6
n34-m289 10097 15 18 15 2 3 3 5 5 5 5 5 5 5 5 5 5 5 5 18 1 1 1 1 1 1 4 4 5 5 5 5 5 5 5 5 5 7
n34-m289 10098 15 18 15 2 3 3 5 5 5 5 5 5 5 5 5 5 5 5 18 1 1 1 1 1 1 4 4 5 5 5 5 5 5 5 5 6 6
n34-m289 10100 15 18 15 2 3 3 5 5 5 5 5 5 5 5 5 5 5 5 18 1 1 1 1 1 1 4 5 5 5 5 5 5 5 5 5 5 6
n34-m289 10101 15 18 15 2 3 3 5 5 5 5 5 5 5 5 5 5 5 5 18 1 1 1 1 1 1 5 5 5 5 5 5 5 5 5 5 5 5
n34-m289 10104 15 18 15 2 3 3 5 5 5 5 5 5 5 5 5 5 5 5 18 1 1 1 1 1 2 3 4 5 5 5 5 5 5 5 5 5 7
n34-m289 10105 15 18 15 2 3 3 5 5 5 5 5 5 5 5 5 5 5 5 18 1 1 1 1 1 2 3 4 5 5 5 5 5 5 5 5 6 6
n34-m289 10107 15 18 15 2 3 3 5 5 5 5 5 5 5 5 5 5 5 5 18 1 1 1 1 1 2 3 5 5 5 5 5 5 5 5 5 5 6
n34-m289 10109 15 18 15 2 3 3 5 5 5 5 5 5 5 5 5 5 5 5 18 1 1 1 1 1 2 4 4 5 5 5 5 5 5 5 5 5 6
n34-m289 10110 15 18 15 2 3 3 5 5 5 5 5 5 5 5 5 5 5 5 18 1 1 1 1 1 2 4 5 5 5 5 5 5 5 5 5 5 5
n34-m289 10112 15 18 15 2 3 3 5 5 5 5 5 5 5 5 5 5 5 5 18 1 1 1 1 1 3 3 4 5 5 5 5 5 5 5 5 5 6
n34-m289 10113 15 18 15 2 3 3 5 5 5 5 5 5 5 5 5 5 5 5 18 1 1 1 1 1 3 3 5 5 5 5 5 5 5 5 5 5 5
n34-m289 10114 15 18 15 2 3 3 5 5 5 5 5 5 5 5 5 5 5 5 18 1 1 1 1 1 3 4 4 5 5 5 5 5 5 5 5 5 5
n34-m289 10116 15 18 15 2 3 3 5 5 5 5 5 5 5 5 5 5 5 5 18 1 1 1 1 2 2 3 4 5 5 5 5 5 5 5 5 5 6
n34-m289 10117 15 18 15 2 3 3 5 5 5 5 5 5 5 5 5 5 5 5 18 1 1 1 1 2 2 3 5 5 5 5 5 5 5 5 5 5 5
n34-m289 10118 15 18 15 2 3 3 5 5 5 5 5 5 5 5 5 5 5 5 18 1 1 1 1 2 2 4 4 5 5 5 5 5 5 5 5 5 5
n34-m289 10119 15 18 15 2 3 3 5 5 5 5 5 5 5 5 5 5 5 5 18 1 1 1 1 2 3 3 4 5 5 5 5 5 5 5 5 5 5
n34-m289 10120 15 18 15 2 3 3 5 5 5 5 5 5 5 5 5 5 5 5 18 1 1 1 2 2 2 3 4 5 5 5 5 5 5 5 5 5 5
n34-m289 10156 15 18 15 3 3 3 5 5 5 5 5 5 5 5 5 5 5 5 18 1 1 1 1 1 2 3 4 5 5 5 5 5 5 5 5 5 8
n34-m289 10158 15 18 15 3 3 3 5 5 5 5 5 5 5 5 5 5 5 5 18 1 1 1 1 1 2 3 4 5 5 5 5 5 5 5 5 6 7
n34-m289 10159 15 18 15 3 3 3 5 5 5 5 5 5 5 5 5 5 5 5 18 1 1 1 1 1 2 3 4 5 5 5 5 5 5 5 6 6 6
n34-m289 10162 15 18 15 3 3 3 5 5 5 5 5 5 5 5 5 5 5 5 18 1 1 1 1 1 2 3 5 5 5 5 5 5 5 5 5 5 7
n34-m289 10163 15 18 15 3 3 3 5 5 5 5 5 5 5 5 5 5 5 5 18 1 1 1 1 1 2 3 5 5 5 5 5 5 5 5 5 6 6
n34-m289 10166 15 18 15 3 3 3 5 5 5 5 5 5 5 5 5 5 5 5 18 1 1 1 1 1 2 4 4 5 5 5 5 5 5 5 5 5 7
n34-m289 10167 15 18 15 3 3 3 5 5 5 5 5 5 5 5 5 5 5 5 18 1 1 1 1 1 2 4 4 5 5 5 5 5 5 5 5 6 6
n34-m289 10169 15 18 15 3 3 3 5 5 5 5 5 5 5 5 5 5 5 5 18 1 1 1 1 1 2 4 5 5 5 5 5 5 5 5 5 5 6
n34-m289 10170 15 18 15 3 3 3 5 5 5 5 5 5 5 5 5 5 5 5 18 1 1 1 1 1 2 5 5 5 5 5 5 5 5 5 5 5 5
n34-m289 10173 15 18 15 3 3 3 5 5 5 5 5 5 5 5 5 5 5 5 18 1 1 1 1 1 3 3 4 5 5 5 5 5 5 5 5 5 7
n34-m289 10174 15 18 15 3 3 3 5 5 5 5 5 5 5 5 5 5 5 5 18 1 1 1 1 1 3 3 4 5 5 5 5 5 5 5 5 6 6
n34-m289 10176 15 18 15 3 3 3 5 5 5 5 5 5 5 5 5 5 5 5 18 1 1 1 1 1 3 3 5 5 5 5 5 5 5 5 5 5 6
n34-m289 10178 15 18 15 3 3 3 5 5 5 5 5 5 5 5 5 5 5 5 18 1 1 1 1 1 3 4 4 5 5 5 5 5 5 5 5 5 6
n34-m289 10179 15 18 15 3 3 3 5 5 5 5 5 5 5 5 5 5 5 5 18 1 1 1 1 1 3 4 5 5 5 5 5 5 5 5 5 5 5
n34-m289 10180 15 18 15 3 3 3 5 5 5 5 5 5 5 5 5 5 5 5 18 1 1 1 1 1 4 4 4 5 5 5 5 5 5 5 5 5 5
n34-m289 10183 15 18 15 3 3 3 5 5 5 5 5 5 5 5 5 5 5 5 18 1 1 1 1 2 2 3 4 5 5 5 5 5 5 5 5 5 7
n34-m289 10184 15 18 15 3 3 3 5 5 5 5 5 5 5 5 5 5 5 5 18 1 1 1 1 2 2 3 4 5 5 5 5 5 5 5 5 6 6
n34-m289 10186 15 18 15 3 3 3 5 5 5 5 5 5 5 5 5 5 5 5 18 1 1 1 1 2 2 3 5 5 5 5 5 5 5 5 5 5 6
n34-m289 10188 15 18 15 3 3 3 5 5 5 5 5 5 5 5 5 5 5 5 18 1 1 1 1 2 2 4 4 5 5 5 5 5 5 5 5 5 6
n34-m289 10189 15 18 15 3 3 3 5 5 5 5 5 5 5 5 5 5 5 5 18 1 1 1 1 2 2 4 5 5 5 5 5 5 5 5 5 5 5
n34-m289 10191 15 18 15 3 3 3 5 5 5 5 5 5 5 5 5 5 5 5 18 1 1 1 1 2 3 3 4 5 5 5 5 5 5 5 5 5 6
n34-m289 10192 15 18 15 3 3 3 5 5 5 5 5 5 5 5 5 5 5 5 18 1 1 1 1 2 3 3 5 5 5 5 5 5 5 5 5 5 5
n34-m289 10193 15 18 15 3 3 3 5 5 5 5 5 5 5 5 5 5 5 5 18 1 1 1 1 2 3 4 4 5 5 5 5 5 5 5 5 5 5
n34-m289 10194 15 18 15 3 3 3 5 5 5 5 5 5 5 5 5 5 5 5 18 1 1 1 1 3 3 3 4 5 5 5 5 5 5 5 5 5 5
n34-m289 10196 15 18 15 3 3 3 5 5 5 5 5 5 5 5 5 5 5 5 18 1 1 1 2 2 2 3 4 5 5 5 5 5 5 5 5 5 6
n34-m289 10197 15 18 15 3 3 3 5 5 5 5 5 5 5 5 5 5 5 5 18 1 1 1 2 2 2 3 5 5 5 5 5 5 5 5 5 5 5
n34-m289 10198 15 18 15 3 3 3 5 5 5 5 5 5 5 5 5 5 5 5 18 1 1 1 2 2 2 4 4 5 5 5 5 5 5 5 5 5 5
n34-m289 10199 15 18 15 3 3 3 5 5 5 5 5 5 5 5 5 5 5 5 18 1 1 1 2 2 3 3 4 5 5 5 5 5 5 5 5 5 5
n34-m289 10200 15 18 15 3 3 3 5 5 5 5 5 5 5 5 5 5 5 5 18 1 1 2 2 2 2 3 4 5 5 5 5 5 5 5 5 5 5
n34-m289 10204 15 18 15 1 1 4 5 5 5 5 5 5 5 5 5 5 5 5 18 1 1 1 1 1 1 3 5 5 5 5 5 5 5 5 5 5 5
n34-m289 10205 15 18 15 1 1 4 5 5 5 5 5 5 5 5 5 5 5 5 18 1 1 1 1 1 1 4 4 5 5 5 5 5 5 5 5 5 5
n34-m289 10209 15 18 15 0 2 4 5 5 5 5 5 5 5 5 5 5 5 5 18 1 1 1 1 1 1 3 5 5 5 5 5 5 5 5 5 5 5
n34-m289 10210 15 18 15 0 2 4 5 5 5 5 5 5 5 5 5 5 5 5 18 1 1 1 1 1 1 4 4 5 5 5 5 5 5 5 5 5 5
n34-m289 10217 15 18 15 1 2 4 5 5 5 5 5 5 5 5 5 5 5 5 18 1 1 1 1 1 1 3 5 5 5 5 5 5 5 5 5 5 6
n34-m289 10219 15 18 15 1 2 4 5 5 5 5 5 5 5 5 5 5 5 5 18 1 1 1 1 1 1 4 4 5 5 5 5 5 5 5 5 5 6
n34-m289 10220 15 18 15 1 2 4 5 5 5 5 5 5 5 5 5 5 5 5 18 1 1 1 1 1 1 4 5 5 5 5 5 5 5 5 5 5 5
n34-m289 10223 15 18 15 1 2 4 5 5 5 5 5 5 5 5 5 5 5 5 18 1 1 1 1 1 2 3 5 5 5 5 5 5 5 5 5 5 5
n34-m289 10224 15 18 15 1 2 4 5 5 5 5 5 5 5 5 5 5 5 5 18 1 1 1 1 1 2 4 4 5 5 5 5 5 5 5 5 5 5
n34-m289 10236 15 18 15 2 2 4 5 5 5 5 5 5 5 5 5 5 5 5 18 1 1 1 1 1 1 3 5 5 5 5 5 5 5 5 5 5 7
n34-m289 10237 15 18 15 2 2 4 5 5 5 5 5 5 5 5 5 5 5 5 18 1 1 1 1 1 1 3 5 5 5 5 5 5 5 5 5 6 6
n34-m289 10240 15 18 15 2 2 4 5 5 5 5 5 5 5 5 5 5 5 5 18 1 1 1 1 1 1 4 4 5 5 5 5 5 5 5 5 5 7
n34-m289 10241 15 18 15 2 2 4 5 5 5 5 5 5 5 5 5 5 5 5 18 1 1 1 1 1 1 4 4 5 5 5 5 5 5 5 5 6 6
n34-m289 10243 15 18 15 2 2 4 5 5 5 5 5 5 5 5 5 5 5 5 18 1 1 1 1 1 1 4 5 5 5 5 5 5 5 5 5 5 6
n34-m289 10244 15 18 15 2 2 4 5 5 5 5 5 5 5 5 5 5 5 5 18 1 1 1 1 1 1 5 5 5 5 5 5 5 5 5 5 5 5
n34-m289 10250 15 18 15 2 2 4 5 5 5 5 5 5 5 5 5 5 5 5 18 1 1 1 1 1 2 3 5 5 5 5 5 5 5 5 5 5 6
n34-m289 10252 15 18 15 2 2 4 5 5 5 5 5 5 5 5 5 5 5 5 18 1 1 1 1 1 2 4 4 5 5 5 5 5 5 5 5 5 6
n34-m289 10253 15 18 15 2 2 4 5 5 5 5 5 5 5 5 5 5 5 5 18 1 1 1 1 1 2 4 5 5 5 5 5 5 5 5 5 5 5
n34-m289 10256 15 18 15 2 2 4 5 5 5 5 5 5 5 5 5 5 5 5 18 1 1 1 1 1 3 3 5 5 5 5 5 5 5 5 5 5 5
n34-m289 10257 15 18 15 2 2 4 5 5 5 5 5 5 5 5 5 5 5 5 18 1 1 1 1 1 3 4 4 5 5 5 5 5 5 5 5 5 5
n34-m289 10260 15 18 15 2 2 4 5 5 5 5 5 5 5 5 5 5 5 5 18 1 1 1 1 2 2 3 5 5 5 5 5 5 5 5 5 5 5
n34-m289 10261 15 18 15 2 2 4 5 5 5 5 5 5 5 5 5 5 5 5 18 1 1 1 1 2 2 4 4 5 5 5 5 5 5 5 5 5 5
n34-m289 10268 15 18 15 0 3 4 5 5 5 5 5 5 5 5 5 5 5 5 18 1 1 1 1 1 1 3 5 5 5 5 5 5 5 5 5 5 5
n34-m289 10269 15 18 15 0 3 4 5 5 5 5 5 5 5 5 5 5 5 5 18 1 1 1 1 1 1 3 5 5 5 5 5 5 5 5 5 5 6
n34-m289 10270 15 18 15 0 3 4 5 5 5 5 5 5 5 5 5 5 5 5 18 1 1 1 1 1 1 4 4 5 5 5 5 5 5 5 5 5 5
n34-m289 10271 15 18 15 0 3 4 5 5 5 5 5 5 5 5 5 5 5 5 18 1 1 1 1 1 1 4 4 5 5 5 5 5 5 5 5 5 6
n34-m289 10272 15 18 15 0 3 4 5 5 5 5 5 5 5 5 5 5 5 5 18 1 1 1 1 1 1 4 5 5 5 5 5 5 5 5 5 5 5
n34-m289 10275 15 18 15 0 3 4 5 5 5 5 5 5 5 5 5 5 5 5 18 1 1 1 1 1 2 3 5 5 5 5 5 5 5 5 5 5 5
n34-m289 10276 15 18 15 0 3 4 5 5 5 5 5 5 5 5 5 5 5 5 18 1 1 1 1 1 2 4 4 5 5 5 5 5 5 5 5 5 5
n34-m289 10288 15 18 15 1 3 4 5 5 5 5 5 5 5 5 5 5 5 5 18 1 1 1 1 1 1 3 5 5 5 5 5 5 5 5 5 5 7
n34-m289 10289 15 18 15 1 3 4 5 5 5 5 5 5 5 5 5 5 5 5 18 1 1 1 1 1 1 3 5 5 5 5 5 5 5 5 5 6 6
n34-m289 10292 15 18 15 1 3 4 5 5 5 5 5 5 5 5 5 5 5 5 18 1 1 1 1 1 1 4 4 5 5 5 5 5 5 5 5 5 7
n34-m289 10293 15 18 15 1 3 4 5 5 5 5 5 5 5 5 5 5 5 5 18 1 1 1 1 1 1 4 4 5 5 5 5 5 5 5 5 6 6
n34-m289 10295 15 18 15 1 3 4 5 5 5 5 5 5 5 5 5 5 5 5 18 1 1 1 1 1 1 4 5 5 5 5 5 5 5 5 5 5 6
n34-m289 10296 15 18 15 1 3 4 5 5 5 5 5 5 5 5 5 5 5 5 18 1 1 1 1 1 1 5 5 5 5 5 5 5 5 5 5 5 5
n34-m289 10302 15 18 15 1 3 4 5 5 5 5 5 5 5 5 5 5 5 5 18 1 1 1 1 1 2 3 5 5 5 5 5 5 5 5 5 5 6
n34-m289 10304 15 18 15 1 3 4 5 5 5 5 5 5 5 5 5 5 5 5 18 1 1 1 1 1 2 4 4 5 5 5 5 5 5 5 5 5 6
n34-m289 10305 15 18 15 1 3 4 5 5 5 5 5 5 5 5 5 5 5 5 18 1 1 1 1 1 2 4 5 5 5 5 5 5 5 5 5 5 5
n34-m289 10308 15 18 15 1 3 4 5 5 5 5 5 5 5 5 5 5 5 5 18 1 1 1 1 1 3 3 5 5 5 5 5 5 5 5 5 5 5
n34-m289 10309 15 18 15 1 3 4 5 5 5 5 5 5 5 5 5 5 5 5 18 1 1 1 1 1 3 4 4 5 5 5 5 5 5 5 5 5 5
n34-m289 10312 15 18 15 1 3 4 5 5 5 5 5 5 5 5 5 5 5 5 18 1 1 1 1 2 2 3 5 5 5 5 5 5 5 5 5 5 5
n34-m289 10313 15 18 15 1 3 4 5 5 5 5 5 5 5 5 5 5 5 5 18 1 1 1 1 2 2 4 4 5 5 5 5 5 5 5 5 5 5
n34-m289 10357 15 18 15 2 3 4 5 5 5 5 5 5 5 5 5 5 5 5 18 1 1 1 1 1 2 3 5 5 5 5 5 5 5 5 5 5 7
n34-m289 10358 15 18 15 2 3 4 5 5 5 5 5 5 5 5 5 5 5 5 18 1 1 1 1 1 2 3 5 5 5 5 5 5 5 5 5 6 6
n34-m289 10361 15 18 15 2 3 4 5 5 5 5 5 5 5 5 5 5 5 5 18 1 1 1 1 1 2 4 4 5 5 5 5 5 5 5 5 5 7
n34-m289 10362 15 18 15 2 3 4 5 5 5 5 5 5 5 5 5 5 5 5 18 1 1 1 1 1 2 4 4 5 5 5 5 5 5 5 5 6 6
n34-m289 10364 15 18 15 2 3 4 5 5 5 5 5 5 5 5 5 5 5 5 18 1 1 1 1 1 2 4 5 5 5 5 5 5 5 5 5 5 6
n34-m289 10365 15 18 15 2 3 4 5 5 5 5 5 5 5 5 5 5 5 5 18 1 1 1 1 1 2 5 5 5 5 5 5 5 5 5 5 5 5
n34-m289 10371 15 18 15 2 3 4 5 5 5 5 5 5 5 5 5 5 5 5 18 1 1 1 1 1 3 3 5 5 5 5 5 5 5 5 5 5 6
n34-m289 10373 15 18 15 2 3 4 5 5 5 5 5 5 5 5 5 5 5 5 18 1 1 1 1 1 3 4 4 5 5 5 5 5 5 5 5 5 6
n34-m289 10374 15 18 15 2 3 4 5 5 5 5 5 5 5 5 5 5 5 5 18 1 1 1 1 1 3 4 5 5 5 5 5 5 5 5 5 5 5
n34-m289 10375 15 18 15 2 3 4 5 5 5 5 5 5 5 5 5 5 5 5 18 1 1 1 1 1 4 4 4 5 5 5 5 5 5 5 5 5 5
n34-m289 10381 15 18 15 2 3 4 5 5 5 5 5 5 5 5 5 5 5 5 18 1 1 1 1 2 2 3 5 5 5 5 5 5 5 5 5 5 6
n34-m289 10383 15 18 15 2 3 4 5 5 5 5 5 5 5 5 5 5 5 5 18 1 1 1 1 2 2 4 4 5 5 5 5 5 5 5 5 5 6
n34-m289 10384 15 18 15 2 3 4 5 5 5 5 5 5 5 5 5 5 5 5 18 1 1 1 1 2 2 4 5 5 5 5 5 5 5 5 5 5 5
n34-m289 10387 15 18 15 2 3 4 5 5 5 5 5 5 5 5 5 5 5 5 18 1 1 1 1 2 3 3 5 5 5 5 5 5 5 5 5 5 5
n34-m289 10388 15 18 15 2 3 4 5 5 5 5 5 5 5 5 5 5 5 5 18 1 1 1 1 2 3 4 4 5 5 5 5 5 5 5 5 5 5
n34-m289 10392 15 18 15 2 3 4 5 5 5 5 5 5 5 5 5 5 5 5 18 1 1 1 2 2 2 3 5 5 5 5 5 5 5 5 5 5 5
n34-m289 10393 15 18 15 2 3 4 5 5 5 5 5 5 5 5 5 5 5 5 18 1 1 1 2 2 2 4 4 5 5 5 5 5 5 5 5 5 5
n34-m289 10411 15 18 15 3 3 4 5 5 5 5 5 5 5 5 5 5 5 5 18 1 1 1 1 1 2 3 5 5 5 5 5 5 5 5 5 5 8
n34-m289 10413 15 18 15 3 3 4 5 5 5 5 5 5 5 5 5 5 5 5 18 1 1 1 1 1 2 3 5 5 5 5 5 5 5 5 5 6 7
n34-m289 10414 15 18 15 3 3 4 5 5 5 5 5 5 5 5 5 5 5 5 18 1 1 1 1 1 2 3 5 5 5 5 5 5 5 5 6 6 6
n34-m289 10418 15 18 15 3 3 4 5 5 5 5 5 5 5 5 5 5 5 5 18 1 1 1 1 1 2 4 4 5 5 5 5 5 5 5 5 5 8
n34-m289 10420 15 18 15 3 3 4 5 5 5 5 5 5 5 5 5 5 5 5 18 1 1 1 1 1 2 4 4 5 5 5 5 5 5 5 5 6 7
n34-m289 10421 15 18 15 3 3 4 5 5 5 5 5 5 5 5 5 5 5 5 18 1 1 1 1 1 2 4 4 5 5 5 5 5 5 5 6 6 6
n34-m289 10424 15 18 15 3 3 4 5 5 5 5 5 5 5 5 5 5 5 5 18 1 1 1 1 1 2 4 5 5 5 5 5 5 5 5 5 5 7
n34-m289 10425 15 18 15 3 3 4 5 5 5 5 5 5 5 5 5 5 5 5 18 1 1 1 1 1 2 4 5 5 5 5 5 5 5 5 5 6 6
n34-m289 10427 15 18 15 3 3 4 5 5 5 5 5 5 5 5 5 5 5 5 18 1 1 1 1 1 2 5 5 5 5 5 5 5 5 5 5 5 6
n34-m289 10437 15 18 15 3 3 4 5 5 5 5 5 5 5 5 5 5 5 5 18 1 1 1 1 1 3 3 5 5 5 5 5 5 5 5 5 5 7
n34-m289 10438 15 18 15 3 3 4 5 5 5 5 5 5 5 5 5 5 5 5 18 1 1 1 1 1 3 3 5 5 5 5 5 5 5 5 5 6 6
n34-m289 10441 15 18 15 3 3 4 5 5 5 5 5 5 5 5 5 5 5 5 18 1 1 1 1 1 3 4 4 5 5 5 5 5 5 5 5 5 7
n34-m289 10442 15 18 15 3 3 4 5 5 5 5 5 5 5 5 5 5 5 5 18 1 1 1 1 1 3 4 4 5 5 5 5 5 5 5 5 6 6
n34-m289 10444 15 18 15 3 3 4 5 5 5 5 5 5 5 5 5 5 5 5 18 1 1 1 1 1 3 4 5 5 5 5 5 5 5 5 5 5 6
n34-m289 10445 15 18 15 3 3 4 5 5 5 5 5 5 5 5 5 5 5 5 18 1 1 1 1 1 3 5 5 5 5 5 5 5 5 5 5 5 5
n34-m289 10447 15 18 15 3 3 4 5 5 5 5 5 5 5 5 5 5 5 5 18 1 1 1 1 1 4 4 4 5 5 5 5 5 5 5 5 5 6
n34-m289 10448 15 18 15 3 3 4 5 5 5 5 5 5 5 5 5 5 5 5 18 1 1 1 1 1 4 4 5 5 5 5 5 5 5 5 5 5 5
n34-m289 10458 15 18 15 3 3 4 5 5 5 5 5 5 5 5 5 5 5 5 18 1 1 1 1 2 2 3 5 5 5 5 5 5 5 5 5 5 7
n34-m289 10459 15 18 15 3 3 4 5 5 5 5 5 5 5 5 5 5 5 5 18 1 1 1 1 2 2 3 5 5 5 5 5 5 5 5 5 6 6
n34-m289 10462 15 18 15 3 3 4 5 5 5 5 5 5 5 5 5 5 5 5 18 1 1 1 1 2 2 4 4 5 5 5 5 5 5 5 5 5 7
n34-m289 10463 15 18 15 3 3 4 5 5 5 5 5 5 5 5 5 5 5 5 18 1 1 1 1 2 2 4 4 5 5 5 5 5 5 5 5 6 6
n34-m289 10465 15 18 15 3 3 4 5 5 5 5 5 5 5 5 5 5 5 5 18 1 1 1 1 2 2 4 5 5 5 5 5 5 5 5 5 5 6
n34-m289 10466 15 18 15 3 3 4 5 5 5 5 5 5 5 5 5 5 5 5 18 1 1 1 1 2 2 5 5 5 5 5 5 5 5 5 5 5 5
n34-m289 10472 15 18 15 3 3 4 5 5 5 5 5 5 5 5 5 5 5 5 18 1 1 1 1 2 3 3 5 5 5 5 5 5 5 5 5 5 6
n34-m289 10474 15 18 15 3 3 4 5 5 5 5 5 5 5 5 5 5 5 5 18 1 1 1 1 2 3 4 4 5 5 5 5 5 5 5 5 5 6
n34-m289 10475 15 18 15 3 3 4 5 5 5 5 5 5 5 5 5 5 5 5 18 1 1 1 1 2 3 4 5 5 5 5 5 5 5 5 5 5 5
n34-m289 10476 15 18 15 3 3 4 5 5 5 5 5 5 5 5 5 5 5 5 18 1 1 1 1 2 4 4 4 5 5 5 5 5 5 5 5 5 5
n34-m289 10479 15 18 15 3 3 4 5 5 5 5 5 5 5 5 5 5 5 5 18 1 1 1 1 3 3 3 5 5 5 5 5 5 5 5 5 5 5
n34-m289 10480 15 18 15 3 3 4 5 5 5 5 5 5 5 5 5 5 5 5 18 1 1 1 1 3 3 4 4 5 5 5 5 5 5 5 5 5 5
n34-m289 10486 15 18 15 3 3 4 5 5 5 5 5 5 5 5 5 5 5 5 18 1 1 1 2 2 2 3 5 5 5 5 5 5 5 5 5 5 6
n34-m289 10488 15 18 15 3 3 4 5 5 5 5 5 5 5 5 5 5 5 5 18 1 1 1 2 2 2 4 4 5 5 5 5 5 5 5 5 5 6
n34-m289 10489 15 18 15 3 3 4 5 5 5 5 5 5 5 5 5 5 5 5 18 1 1 1 2 2 2 4 5 5 5 5 5 5 5 5 5 5 5
n34-m289 10492 15 18 15 3 3 4 5 5 5 5 5 5 5 5 5 5 5 5 18 1 1 1 2 2 3 3 5 5 5 5 5 5 5 5 5 5 5
n34-m289 10493 15 18 15 3 3 4 5 5 5 5 5 5 5 5 5 5 5 5 18 1 1 1 2 2 3 4 4 5 5 5 5 5 5 5 5 5 5
n34-m289 10497 15 18 15 3 3 4 5 5 5 5 5 5 5 5 5 5 5 5 18 1 1 2 2 2 2 3 5 5 5 5 5 5 5 5 5 5 5
n34-m289 10498 15 18 15 3 3 4 5 5 5 5 5 5 5 5 5 5 5 5 18 1 1 2 2 2 2 4 4 5 5 5 5 5 5 5 5 5 5
n34-m289 10501 15 18 15 0 4 4 5 5 5 5 5 5 5 5 5 5 5 5 18 1 1 1 1 1 1 4 4 5 5 5 5 5 5 5 5 5 5
n34-m289 10502 15 18 15 0 4 4 5 5 5 5 5 5 5 5 5 5 5 5 18 1 1 1 1 1 1 4 4 5 5 5 5 5 5 5 5 5 6
n34-m289 10503 15 18 15 0 4 4 5 5 5 5 5 5 5 5 5 5 5 5 18 1 1 1 1 1 1 4 4 5 5 5 5 5 5 5 5 5 7
n34-m289 10504 15 18 15 0 4 4 5 5 5 5 5 5 5 5 5 5 5 5 18 1 1 1 1 1 1 4 4 5 5 5 5 5 5 5 5 6 6
n34-m289 10505 15 18 15 0 4 4 5 5 5 5 5 5 5 5 5 5 5 5 18 1 1 1 1 1 1 4 5 5 5 5 5 5 5 5 5 5 5
n34-m289 10506 15 18 15 0 4 4 5 5 5 5 5 5 5 5 5 5 5 5 18 1 1 1 1 1 1 4 5 5 5 5 5 5 5 5 5 5 6
n34-m289 10507 15 18 15 0 4 4 5 5 5 5 5 5 5 5 5 5 5 5 18 1 1 1 1 1 1 5 5 5 5 5 5 5 5 5 5 5 5
n34-m289 10508 15 18 15 0 4 4 5 5 5 5 5 5 5 5 5 5 5 5 18 1 1 1 1 1 2 4 4 5 5 5 5 5 5 5 5 5 5
n34-m289 10509 15 18 15 0 4 4 5 5 5 5 5 5 5 5 5 5 5 5 18 1 1 1 1 1 2 4 4 5 5 5 5 5 5 5 5 5 6
n34-m289 10510 15 18 15 0 4 4 5 5 5 5 5 5 5 5 5 5 5 5 18 1 1 1 1 1 2 4 5 5 5 5 5 5 5 5 5 5 5
n34-m289 10511 15 18 15 0 4 4 5 5 5 5 5 5 5 5 5 5 5 5 18 1 1 1 1 1 3 4 4 5 5 5 5 5 5 5 5 5 5
n34-m289 10512 15 18 15 0 4 4 5 5 5 5 5 5 5 5 5 5 5 5 18 1 1 1 1 2 2 4 4 5 5 5 5 5 5 5 5 5 5
n34-m289 10516 15 18 15 1 4 4 5 5 5 5 5 5 5 5 5 5 5 5 18 1 1 1 1 1 1 4 4 5 5 5 5 5 5 5 5 5 8
n34-m289 10518 15 18 15 1 4 4 5 5 5 5 5 5 5 5 5 5 5 5 18 1 1 1 1 1 1 4 4 5 5 5 5 5 5 5 5 6 7
n34-m289 10519 15 18 15 1 4 4 5 5 5 5 5 5 5 5 5 5 5 5 18 1 1 1 1 1 1 4 4 5 5 5 5 5 5 5 6 6 6
n34-m289 10522 15 18 15 1 4 4 5 5 5 5 5 5 5 5 5 5 5 5 18 1 1 1 1 1 1 4 5 5 5 5 5 5 5 5 5 5 7
n34-m289 10523 15 18 15 1 4 4 5 5 5 5 5 5 5 5 5 5 5 5 18 1 1 1 1 1 1 4 5 5 5 5 5 5 5 5 5 6 6
n34-m289 10525 15 18 15 1 4 4 5 5 5 5 5 5 5 5 5 5 5 5 18 1 1 1 1 1 1 5 5 5 5 5 5 5 5 5 5 5 6
n34-m289 10528 15 18 15 1 4 4 5 5 5 5 5 5 5 5 5 5 5 5 18 1 1 1 1 1 2 4 4 5 5 5 5 5 5 5 5 5 7
n34-m289 10529 15 18 15 1 4 4 5 5 5 5 5 5 5 5 5 5 5 5 18 1 1 1 1 1 2 4 4 5 5 5 5 5 5 5 5 6 6
n34-m289 10531 15 18 15 1 4 4 5 5 5 5 5 5 5 5 5 5 5 5 18 1 1 1 1 1 2 4 5 5 5 5 5 5 5 5 5 5 6
n34-m289 10532 15 18 15 1 4 4 5 5 5 5 5 5 5 5 5 5 5 5 18 1 1 1 1 1 2 5 5 5 5 5 5 5 5 5 5 5 5
n34-m289 10534 15 18 15 1 4 4 5 5 5 5 5 5 5 5 5 5 5 5 18 1 1 1 1 1 3 4 4 5 5 5 5 5 5 5 5 5 6
n34-m289 10535 15 18 15 1 4 4 5 5 5 5 5 5 5 5 5 5 5 5 18 1 1 1 1 1 3 4 5 5 5 5 5 5 5 5 5 5 5
n34-m289 10536 15 18 15 1 4 4 5 5 5 5 5 5 5 5 5 5 5 5 18 1 1 1 1 1 4 4 4 5 5 5 5 5 5 5 5 5 5
n34-m289 10538 15 18 15 1 4 4 5 5 5 5 5 5 5 5 5 5 5 5 18 1 1 1 1 2 2 4 4 5 5 5 5 5 5 5 5 5 6
n34-m289 10539 15 18 15 1 4 4 5 5 5 5 5 5 5 5 5 5 5 5 18 1 1 1 1 2 2 4 5 5 5 5 5 5 5 5 5 5 5
n34-m289 10540 15 18 15 1 4 4 5 5 5 5 5 5 5 5 5 5 5 5 18 1 1 1 1 2 3 4 4 5 5 5 5 5 5 5 5 5 5
n34-m289 10541 15 18 15 1 4 4 5 5 5 5 5 5 5 5 5 5 5 5 18 1 1 1 2 2 2 4 4 5 5 5 5 5 5 5 5 5 5
n34-m289 10545 15 18 15 2 4 4 5 5 5 5 5 5 5 5 5 5 5 5 18 1 1 1 1 1 2 4 4 5 5 5 5 5 5 5 5 5 8
n34-m289 10547 15 18 15 2 4 4 5 5 5 5 5 5 5 5 5 5 5 5 18 1 1 1 1 1 2 4 4 5 5 5 5 5 5 5 5 6 7
n34-m289 10548 15 18 15 2 4 4 5 5 5 5 5 5 5 5 5 5 5 5 18 1 1 1 1 1 2 4 4 5 5 5 5 5 5 5 6 6 6
n34-m289 10551 15 18 15 2 4 4 5 5 5 5 5 5 5 5 5 5 5 5 18 1 1 1 1 1 2 4 5 5 5 5 5 5 5 5 5 5 7
n34-m289 10552 15 18 15 2 4 4 5 5 5 5 5 5 5 5 5 5 5 5 18 1 1 1 1 1 2 4 5 5 5 5 5 5 5 5 5 6 6
n34-m289 10554 15 18 15 2 4 4 5 5 5 5 5 5 5 5 5 5 5 5 18 1 1 1 1 1 2 5 5 5 5 5 5 5 5 5 5 5 6
n34-m289 10557 15 18 15 2 4 4 5 5 5 5 5 5 5 5 5 5 5 5 18 1 1 1 1 1 3 4 4 5 5 5 5 5 5 5 5 5 7
n34-m289 10558 15 18 15 2 4 4 5 5 5 5 5 5 5 5 5 5 5 5 18 1 1 1 1 1 3 4 4 5 5 5 5 5 5 5 5 6 6
n34-m289 10560 15 18 15 2 4 4 5 5 5 5 5 5 5 5 5 5 5 5 18 1 1 1 1 1 3 4 5 5 5 5 5 5 5 5 5 5 6
n34-m289 10561 15 18 15 2 4 4 5 5 5 5 5 5 5 5 5 5 5 5 18 1 1 1 1 1 3 5 5 5 5 5 5 5 5 5 5 5 5
n34-m289 10563 15 18 15 2 4 4 5 5 5 5 5 5 5 5 5 5 5 5 18 1 1 1 1 1 4 4 4 5 5 5 5 5 5 5 5 5 6
n34-m289 10564 15 18 15 2 4 4 5 5 5 5 5 5 5 5 5 5 5 5 18 1 1 1 1 1 4 4 5 5 5 5 5 5 5 5 5 5 5
n34-m289 10567 15 18 15 2 4 4 5 5 5 5 5 5 5 5 5 5 5 5 18 1 1 1 1 2 2 4 4 5 5 5 5 5 5 5 5 5 7
n34-m289 10568 15 18 15 2 4 4 5 5 5 5 5 5 5 5 5 5 5 5 18 1 1 1 1 2 2 4 4 5 5 5 5 5 5 5 5 6 6
n34-m289 10570 15 18 15 2 4 4 5 5 5 5 5 5 5 5 5 5 5 5 18 1 1 1 1 2 2 4 5 5 5 5 5 5 5 5 5 5 6
n34-m289 10571 15 18 15 2 4 4 5 5 5 5 5 5 5 5 5 5 5 5 18 1 1 1 1 2 2 5 5 5 5 5 5 5 5 5 5 5 5
n34-m289 10573 15 18 15 2 4 4 5 5 5 5 5 5 5 5 5 5 5 5 18 1 1 1 1 2 3 4 4 5 5 5 5 5 5 5 5 5 6
n34-m289 10574 15 18 15 2 4 4 5 5 5 5 5 5 5 5 5 5 5 5 18 1 1 1 1 2 3 4 5 5 5 5 5 5 5 5 5 5 5
n34-m289 10575 15 18 15 2 4 4 5 5 5 5 5 5 5 5 5 5 5 5 18 1 1 1 1 2 4 4 4 5 5 5 5 5 5 5 5 5 5
n34-m289 10576 15 18 15 2 4 4 5 5 5 5 5 5 5 5 5 5 5 5 18 1 1 1 1 3 3 4 4 5 5 5 5 5 5 5 5 5 5
n34-m289 10578 15 18 15 2 4 4 5 5 5 5 5 5 5 5 5 5 5 5 18 1 1 1 2 2 2 4 4 5 5 5 5 5 5 5 5 5 6
n34-m289 10579 15 18 15 2 4 4 5 5 5 5 5 5 5 5 5 5 5 5 18 1 1 1 2 2 2 4 5 5 5 5 5 5 5 5 5 5 5
n34-m289 10580 15 18 15 2 4 4 5 5 5 5 5 5 5 5 5 5 5 5 18 1 1 1 2 2 3 4 4 5 5 5 5 5 5 5 5 5 5
n34-m289 10581 15 18 15 2 4 4 5 5 5 5 5 5 5 5 5 5 5 5 18 1 1 2 2 2 2 4 4 5 5 5 5 5 5 5 5 5 5
n34-m289 10586 15 18 15 3 4 4 5 5 5 5 5 5 5 5 5 5 5 5 18 1 1 1 1 1 2 4 4 5 5 5 5 5 5 5 5 5 9
n34-m289 10589 15 18 15 3 4 4 5 5 5 5 5 5 5 5 5 5 5 5 18 1 1 1 1 1 2 4 4 5 5 5 5 5 5 5 5 6 8
n34-m289 10590 15 18 15 3 4 4 5 5 5 5 5 5 5 5 5 5 5 5 18 1 1 1 1 1 2 4 4 5 5 5 5 5 5 5 5 7 7
n34-m289 10592 15 18 15 3 4 4 5 5 5 5 5 5 5 5 5 5 5 5 18 1 1 1 1 1 2 4 4 5 5 5 5 5 5 5 6 6 7
n34-m289 10593 15 18 15 3 4 4 5 5 5 5 5 5 5 5 5 5 5 5 18 1 1 1 1 1 2 4 4 5 5 5 5 5 5 6 6 6 6
n34-m289 10597 15 18 15 3 4 4 5 5 5 5 5 5 5 5 5 5 5 5 18 1 1 1 1 1 2 4 5 5 5 5 5 5 5 5 5 5 8
n34-m289 10599 15 18 15 3 4 4 5 5 5 5 5 5 5 5 5 5 5 5 18 1 1 1 1 1 2 4 5 5 5 5 5 5 5 5 5 6 7
n34-m289 10600 15 18 15 3 4 4 5 5 5 5 5 5 5 5 5 5 5 5 18 1 1 1 1 1 2 4 5 5 5 5 5 5 5 5 6 6 6
n34-m289 10603 15 18 15 3 4 4 5 5 5 5 5 5 5 5 5 5 5 5 18 1 1 1 1 1 2 5 5 5 5 5 5 5 5 5 5 5 7
n34-m289 10604 15 18 15 3 4 4 5 5 5 5 5 5 5 5 5 5 5 5 18 1 1 1 1 1 2 5 5 5 5 5 5 5 5 5 5 6 6
n34-m289 10608 15 18 15 3 4 4 5 5 5 5 5 5 5 5 5 5 5 5 18 1 1 1 1 1 3 4 4 5 5 5 5 5 5 5 5 5 8
n34-m289 10610 15 18 15 3 4 4 5 5 5 5 5 5 5 5 5 5 5 5 18 1 1 1 1 1 3 4 4 5 5 5 5 5 5 5 5 6 7
n34-m289 10611 15 18 15 3 4 4 5 5 5 5 5 5 5 5 5 5 5 5 18 1 1 1 1 1 3 4 4 5 5 5 5 5 5 5 6 6 6
n34-m289 10614 15 18 15 3 4 4 5 5 5 5 5 5 5 5 5 5 5 5 18 1 1 1 1 1 3 4 5 5 5 5 5 5 5 5 5 5 7
n34-m289 10615 15 18 15 3 4 4 5 5 5 5 5 5 5 5 5 5 5 5 18 1 1 1 1 1 3 4 5 5 5 5 5 5 5 5 5 6 6
n34-m289 10617 15 18 15 3 4 4 5 5 5 5 5 5 5 5 5 5 5 5 18 1 1 1 1 1 3 5 5 5 5 5 5 5 5 5 5 5 6
n34-m289 10620 15 18 15 3 4 4 5 5 5 5 5 5 5 5 5 5 5 5 18 1 1 1 1 1 4 4 4 5 5 5 5 5 5 5 5 5 7
n34-m289 10621 15 18 15 3 4 4 5 5 5 5 5 5 5 5 5 5 5 5 18 1 1 1 1 1 4 4 4 5 5 5 5 5 5 5 5 6 6
n34-m289 10623 15 18 15 3 4 4 5 5 5 5 5 5 5 5 5 5 5 5 18 1 1 1 1 1 4 4 5 5 5 5 5 5 5 5 5 5 6
n34-m289 10624 15 18 15 3 4 4 5 5 5 5 5 5 5 5 5 5 5 5 18 1 1 1 1 1 4 5 5 5 5 5 5 5 5 5 5 5 5
n34-m289 10628 15 18 15 3 4 4 5 5 5 5 5 5 5 5 5 5 5 5 18 1 1 1 1 2 2 4 4 5 5 5 5 5 5 5 5 5 8
n34-m289 10630 15 18 15 3 4 4 5 5 5 5 5 5 5 5 5 5 5 5 18 1 1 1 1 2 2 4 4 5 5 5 5 5 5 5 5 6 7
n34-m289 10631 15 18 15 3 4 4 5 5 5 5 5 5 5 5 5 5 5 5 18 1 1 1 1 2 2 4 4 5 5 5 5 5 5 5 6 6 6
n34-m289 10634 15 18 15 3 4 4 5 5 5 5 5 5 5 5 5 5 5 5 18 1 1 1 1 2 2 4 5 5 5 5 5 5 5 5 5 5 7
n34-m289 10635 15 18 15 3 4 4 5 5 5 5 5 5 5 5 5 5 5 5 18 1 1 1 1 2 2 4 5 5 5 5 5 5 5 5 5 6 6
n34-m289 10637 15 18 15 3 4 4 5 5 5 5 5 5 5 5 5 5 5 5 18 1 1 1 1 2 2 5 5 5 5 5 5 5 5 5 5 5 6
n34-m289 10640 15 18 15 3 4 4 5 5 5 5 5 5 5 5 5 5 5 5 18 1 1 1 1 2 3 4 4 5 5 5 5 5 5 5 5 5 7
n34-m289 10641 15 18 15 3 4 4 5 5 5 5 5 5 5 5 5 5 5 5 18 1 1 1 1 2 3 4 4 5 5 5 5 5 5 5 5 6 6
n34-m289 10643 15 18 15 3 4 4 5 5 5 5 5 5 5 5 5 5 5 5 18 1 1 1 1 2 3 4 5 5 5 5 5 5 5 5 5 5 6
n34-m289 10644 15 18 15 3 4 4 5 5 5 5 5 5 5 5 5 5 5 5 18 1 1 1 1 2 3 5 5 5 5 5 5 5 5 5 5 5 5
n34-m289 10646 15 18 15 3 4 4 5 5 5 5 5 5 5 5 5 5 5 5 18 1 1 1 1 2 4 4 4 5 5 5 5 5 5 5 5 5 6
n34-m289 10647 15 18 15 3 4 4 5 5 5 5 5 5 5 5 5 5 5 5 18 1 1 1 1 2 4 4 5 5 5 5 5 5 5 5 5 5 5
n34-m289 10649 15 18 15 3 4 4 5 5 5 5 5 5 5 5 5 5 5 5 18 1 1 1 1 3 3 4 4 5 5 5 5 5 5 5 5 5 6
n34-m289 10650 15 18 15 3 4 4 5 5 5 5 5 5 5 5 5 5 5 5 18 1 1 1 1 3 3 4 5 5 5 5 5 5 5 5 5 5 5
n34-m289 10651 15 18 15 3 4 4 5 5 5 5 5 5 5 5 5 5 5 5 18 1 1 1 1 3 4 4 4 5 5 5 5 5 5 5 5 5 5
n34-m289 10654 15 18 15 3 4 4 5 5 5 5 5 5 5 5 5 5 5 5 18 1 1 1 2 2 2 4 4 5 5 5 5 5 5 5 5 5 7
n34-m289 10655 15 18 15 3 4 4 5 5 5 5 5 5 5 5 5 5 5 5 18 1 1 1 2 2 2 4 4 5 5 5 5 5 5 5 5 6 6
n34-m289 10657 15 18 15 3 4 4 5 5 5 5 5 5 5 5 5 5 5 5 18 1 1 1 2 2 2 4 5 5 5 5 5 5 5 5 5 5 6
n34-m289 10658 15 18 15 3 4 4 5 5 5 5 5 5 5 5 5 5 5 5 18 1 1 1 2 2 2 5 5 5 5 5 5 5 5 5 5 5 5
n34-m289 10660 15 18 15 3 4 4 5 5 5 5 5 5 5 5 5 5 5 5 18 1 1 1 2 2 3 4 4 5 5 5 5 5 5 5 5 5 6
n34-m289 10661 15 18 15 3 4 4 5 5 5 5 5 5 5 5 5 5 5 5 18 1 1 1 2 2 3 4 5 5 5 5 5 5 5 5 5 5 5
n34-m289 10662 15 18 15 3 4 4 5 5 5 5 5 5 5 5 5 5 5 5 18 1 1 1 2 2 4 4 4 5 5 5 5 5 5 5 5 5 5
n34-m289 10663 15 18 15 3 4 4 5 5 5 5 5 5 5 5 5 5 5 5 18 1 1 1 2 3 3 4 4 5 5 5 5 5 5 5 5 5 5
n34-m289 10665 15 18 15 3 4 4 5 5 5 5 5 5 5 5 5 5 5 5 18 1 1 2 2 2 2 4 4 5 5 5 5 5 5 5 5 5 6
n34-m289 10666 15 18 15 3 4 4 5 5 5 5 5 5 5 5 5 5 5 5 18 1 1 2 2 2 2 4 5 5 5 5 5 5 5 5 5 5 5
n34-m289 10667 15 18 15 3 4 4 5 5 5 5 5 5 5 5 5 5 5 5 18 1 1 2 2 2 3 4 4 5 5 5 5 5 5 5 5 5 5
n34-m289 10668 15 18 15 3 4 4 5 5 5 5 5 5 5 5 5 5 5 5 18 1 2 2 2 2 2 4 4 5 5 5 5 5 5 5 5 5 5
n34-m289 10733 15 18 15 4 4 4 5 5 5 5 5 5 5 5 5 5 5 5 18 1 1 1 1 1 4 4 4 5 5 5 5 5 5 5 5 5 8
n34-m289 10735 15 18 15 4 4 4 5 5 5 5 5 5 5 5 5 5 5 5 18 1 1 1 1 1 4 4 4 5 5 5 5 5 5 5 5 6 7
n34-m289 10736 15 18 15 4 4 4 5 5 5 5 5 5 5 5 5 5 5 5 18 1 1 1 1 1 4 4 4 5 5 5 5 5 5 5 6 6 6
n34-m289 10739 15 18 15 4 4 4 5 5 5 5 5 5 5 5 5 5 5 5 18 1 1 1 1 1 4 4 5 5 5 5 5 5 5 5 5 5 7
n34-m289 10740 15 18 15 4 4 4 5 5 5 5 5 5 5 5 5 5 5 5 18 1 1 1 1 1 4 4 5 5 5 5 5 5 5 5 5 6 6
n34-m289 10742 15 18 15 4 4 4 5 5 5 5 5 5 5 5 5 5 5 5 18 1 1 1 1 1 4 5 5 5 5 5 5 5 5 5 5 5 6
n34-m289 10743 15 18 15 4 4 4 5 5 5 5 5 5 5 5 5 5 5 5 18 1 1 1 1 1 5 5 5 5 5 5 5 5 5 5 5 5 5
n34-m289 10770 15 18 15 4 4 4 5 5 5 5 5 5 5 5 5 5 5 5 18 1 1 1 1 2 3 4 4 5 5 5 5 5 5 5 5 5 8
n34-m289 10772 15 18 15 4 4 4 5 5 5 5 5 5 5 5 5 5 5 5 18 1 1 1 1 2 3 4 4 5 5 5 5 5 5 5 5 6 7
n34-m289 10773 15 18 15 4 4 4 5 5 5 5 5 5 5 5 5 5 5 5 18 1 1 1 1 2 3 4 4 5 5 5 5 5 5 5 6 6 6
n34-m289 10776 15 18 15 4 4 4 5 5 5 5 5 5 5 5 5 5 5 5 18 1 1 1 1 2 3 4 5 5 5 5 5 5 5 5 5 5 7
n34-m289 10777 15 18 15 4 4 4 5 5 5 5 5 5 5 5 5 5 5 5 18 1 1 1 1 2 3 4 5 5 5 5 5 5 5 5 5 6 6
n34-m289 10779 15 18 15 4 4 4 5 5 5 5 5 5 5 5 5 5 5 5 18 1 1 1 1 2 3 5 5 5 5 5 5 5 5 5 5 5 6
n34-m289 10782 15 18 15 4 4 4 5 5 5 5 5 5 5 5 5 5 5 5 18 1 1 1 1 2 4 4 4 5 5 5 5 5 5 5 5 5 7
n34-m289 10783 15 18 15 4 4 4 5 5 5 5 5 5 5 5 5 5 5 5 18 1 1 1 1 2 4 4 4 5 5 5 5 5 5 5 5 6 6
n34-m289 10785 15 18 15 4 4 4 5 5 5 5 5 5 5 5 5 5 5 5 18 1 1 1 1 2 4 4 5 5 5 5 5 5 5 5 5 5 6
n34-m289 10786 15 18 15 4 4 4 5 5 5 5 5 5 5 5 5 5 5 5 18 1 1 1 1 2 4 5 5 5 5 5 5 5 5 5 5 5 5
n34-m289 10789 15 18 15 4 4 4 5 5 5 5 5 5 5 5 5 5 5 5 18 1 1 1 1 3 3 4 4 5 5 5 5 5 5 5 5 5 7
n34-m289 10790 15 18 15 4 4 4 5 5 5 5 5 5 5 5 5 5 5 5 18 1 1 1 1 3 3 4 4 5 5 5 5 5 5 5 5 6 6
n34-m289 10792 15 18 15 4 4 4 5 5 5 5 5 5 5 5 5 5 5 5 18 1 1 1 1 3 3 4 5 5 5 5 5 5 5 5 5 5 6
n34-m289 10793 15 18 15 4 4 4 5 5 5 5 5 5 5 5 5 5 5 5 18 1 1 1 1 3 3 5 5 5 5 5 5 5 5 5 5 5 5
n34-m289 10795 15 18 15 4 4 4 5 5 5 5 5 5 5 5 5 5 5 5 18 1 1 1 1 3 4 4 4 5 5 5 5 5 5 5 5 5 6
n34-m289 10796 15 18 15 4 4 4 5 5 5 5 5 5 5 5 5 5 5 5 18 1 1 1 1 3 4 4 5 5 5 5 5 5 5 5 5 5 5
n34-m289 10797 15 18 15 4 4 4 5 5 5 5 5 5 5 5 5 5 5 5 18 1 1 1 1 4 4 4 4 5 5 5 5 5 5 5 5 5 5
n34-m289 10813 15 18 15 4 4 4 5 5 5 5 5 5 5 5 5 5 5 5 18 1 1 1 2 2 3 4 4 5 5 5 5 5 5 5 5 5 7
n34-m289 10814 15 18 15 4 4 4 5 5 5 5 5 5 5 5 5 5 5 5 18 1 1 1 2 2 3 4 4 5 5 5 5 5 5 5 5 6 6
n34-m289 10816 15 18 15 4 4 4 5 5 5 5 5 5 5 5 5 5 5 5 18 1 1 1 2 2 3 4 5 5 5 5 5 5 5 5 5 5 6
n34-m289 10817 15 18 15 4 4 4 5 5 5 5 5 5 5 5 5 5 5 5 18 1 1 1 2 2 3 5 5 5 5 5 5 5 5 5 5 5 5
n34-m289 10819 15 18 15 4 4 4 5 5 5 5 5 5 5 5 5 5 5 5 18 1 1 1 2 2 4 4 4 5 5 5 5 5 5 5 5 5 6
n34-m289 10820 15 18 15 4 4 4 5 5 5 5 5 5 5 5 5 5 5 5 18 1 1 1 2 2 4 4 5 5 5 5 5 5 5 5 5 5 5
n34-m289 10822 15 18 15 4 4 4 5 5 5 5 5 5 5 5 5 5 5 5 18 1 1 1 2 3 3 4 4 5 5 5 5 5 5 5 5 5 6
n34-m289 10823 15 18 15 4 4 4 5 5 5 5 5 5 5 5 5 5 5 5 18 1 1 1 2 3 3 4 5 5 5 5 5 5 5 5 5 5 5
n34-m289 10824 15 18 15 4 4 4 5 5 5 5 5 5 5 5 5 5 5 5 18 1 1 1 2 3 4 4 4 5 5 5 5 5 5 5 5 5 5
n34-m289 10825 15 18 15 4 4 4 5 5 5 5 5 5 5 5 5 5 5 5 18 1 1 1 3 3 3 4 4 5 5 5 5 5 5 5 5 5 5
n34-m289 10834 15 18 15 4 4 4 5 5 5 5 5 5 5 5 5 5 5 5 18 1 1 2 2 2 3 4 4 5 5 5 5 5 5 5 5 5 6
n34-m289 10835 15 18 15 4 4 4 5 5 5 5 5 5 5 5 5 5 5 5 18 1 1 2 2 2 3 4 5 5 5 5 5 5 5 5 5 5 5
n34-m289 10836 15 18 15 4 4 4 5 5 5 5 5 5 5 5 5 5 5 5 18 1 1 2 2 2 4 4 4 5 5 5 5 5 5 5 5 5 5
n34-m289 10837 15 18 15 4 4 4 5 5 5 5 5 5 5 5 5 5 5 5 18 1 1 2 2 3 3 4 4 5 5 5 5 5 5 5 5 5 5
n34-m289 10841 15 18 15 4 4 4 5 5 5 5 5 5 5 5 5 5 5 5 18 1 2 2 2 2 3 4 4 5 5 5 5 5 5 5 5 5 5
n34-m289 10845 15 18 15 1 1 5 5 5 5 5 5 5 5 5 5 5 5 5 18 1 1 1 1 1 1 3 5 5 5 5 5 5 5 5 5 5 6
n34-m289 10846 15 18 15 1 1 5 5 5 5 5 5 5 5 5 5 5 5 5 18 1 1 1 1 1 1 4 5 5 5 5 5 5 5 5 5 5 5
n34-m289 10849 15 18 15 0 2 5 5 5 5 5 5 5 5 5 5 5 5 5 18 1 1 1 1 1 1 3 5 5 5 5 5 5 5 5 5 5 6
n34-m289 10850 15 18 15 0 2 5 5 5 5 5 5 5 5 5 5 5 5 5 18 1 1 1 1 1 1 4 5 5 5 5 5 5 5 5 5 5 5
n34-m289 10854 15 18 15 1 2 5 5 5 5 5 5 5 5 5 5 5 5 5 18 1 1 1 1 1 1 3 5 5 5 5 5 5 5 5 5 5 7
n34-m289 10855 15 18 15 1 2 5 5 5 5 5 5 5 5 5 5 5 5 5 18 1 1 1 1 1 1 3 5 5 5 5 5 5 5 5 5 6 6
n34-m289 10857 15 18 15 1 2 5 5 5 5 5 5 5 5 5 5 5 5 5 18 1 1 1 1 1 1 4 5 5 5 5 5 5 5 5 5 5 6
n34-m289 10858 15 18 15 1 2 5 5 5 5 5 5 5 5 5 5 5 5 5 18 1 1 1 1 1 1 5 5 5 5 5 5 5 5 5 5 5 5
n34-m289 10860 15 18 15 1 2 5 5 5 5 5 5 5 5 5 5 5 5 5 18 1 1 1 1 1 2 3 5 5 5 5 5 5 5 5 5 5 6
n34-m289 10861 15 18 15 1 2 5 5 5 5 5 5 5 5 5 5 5 5 5 18 1 1 1 1 1 2 4 5 5 5 5 5 5 5 5 5 5 5
n34-m289 10879 15 18 15 2 2 5 5 5 5 5 5 5 5 5 5 5 5 5 18 1 1 1 1 1 2 3 5 5 5 5 5 5 5 5 5 5 7
n34-m289 10880 15 18 15 2 2 5 5 5 5 5 5 5 5 5 5 5 5 5 18 1 1 1 1 1 2 3 5 5 5 5 5 5 5 5 5 6 6
n34-m289 10882 15 18 15 2 2 5 5 5 5 5 5 5 5 5 5 5 5 5 18 1 1 1 1 1 2 4 5 5 5 5 5 5 5 5 5 5 6
n34-m289 10883 15 18 15 2 2 5 5 5 5 5 5 5 5 5 5 5 5 5 18 1 1 1 1 1 2 5 5 5 5 5 5 5 5 5 5 5 5
n34-m289 10885 15 18 15 2 2 5 5 5 5 5 5 5 5 5 5 5 5 5 18 1 1 1 1 1 3 3 5 5 5 5 5 5 5 5 5 5 6
n34-m289 10886 15 18 15 2 2 5 5 5 5 5 5 5 5 5 5 5 5 5 18 1 1 1 1 1 3 4 5 5 5 5 5 5 5 5 5 5 5
n34-m289 10888 15 18 15 2 2 5 5 5 5 5 5 5 5 5 5 5 5 5 18 1 1 1 1 2 2 3 5 5 5 5 5 5 5 5 5 5 6
n34-m289 10889 15 18 15 2 2 5 5 5 5 5 5 5 5 5 5 5 5 5 18 1 1 1 1 2 2 4 5 5 5 5 5 5 5 5 5 5 5
n34-m289 10893 15 18 15 0 3 5 5 5 5 5 5 5 5 5 5 5 5 5 18 1 1 1 1 1 1 3 5 5 5 5 5 5 5 5 5 5 6
n34-m289 10894 15 18 15 0 3 5 5 5 5 5 5 5 5 5 5 5 5 5 18 1 1 1 1 1 1 3 5 5 5 5 5 5 5 5 5 5 7
n34-m289 10895 15 18 15 0 3 5 5 5 5 5 5 5 5 5 5 5 5 5 18 1 1 1 1 1 1 3 5 5 5 5 5 5 5 5 5 6 6
n34-m289 10896 15 18 15 0 3 5 5 5 5 5 5 5 5 5 5 5 5 5 18 1 1 1 1 1 1 4 5 5 5 5 5 5 5 5 5 5 5
n34-m289 10897 15 18 15 0 3 5 5 5 5 5 5 5 5 5 5 5 5 5 18 1 1 1 1 1 1 4 5 5 5 5 5 5 5 5 5 5 6
n34-m289 10898 15 18 15 0 3 5 5 5 5 5 5 5 5 5 5 5 5 5 18 1 1 1 1 1 1 5 5 5 5 5 5 5 5 5 5 5 5
n34-m289 10900 15 18 15 0 3 5 5 5 5 5 5 5 5 5 5 5 5 5 18 1 1 1 1 1 2 3 5 5 5 5 5 5 5 5 5 5 6
n34-m289 10901 15 18 15 0 3 5 5 5 5 5 5 5 5 5 5 5 5 5 18 1 1 1 1 1 2 4 5 5 5 5 5 5 5 5 5 5 5
n34-m289 10907 15 18 15 1 3 5 5 5 5 5 5 5 5 5 5 5 5 5 18 1 1 1 1 1 1 3 5 5 5 5 5 5 5 5 5 5 8
n34-m289 10909 15 18 15 1 3 5 5 5 5 5 5 5 5 5 5 5 5 5 18 1 1 1 1 1 1 3 5 5 5 5 5 5 5 5 5 6 7
n34-m289 10910 15 18 15 1 3 5 5 5 5 5 5 5 5 5 5 5 5 5 18 1 1 1 1 1 1 3 5 5 5 5 5 5 5 5 6 6 6
n34-m289 10913 15 18 15 1 3 5 5 5 5 5 5 5 5 5 5 5 5 5 18 1 1 1 1 1 1 4 5 5 5 5 5 5 5 5 5 5 7
n34-m289 10914 15 18 15 1 3 5 5 5 5 5 5 5 5 5 5 5 5 5 18 1 1 1 1 1 1 4 5 5 5 5 5 5 5 5 5 6 6
n34-m289 10916 15 18 15 1 3 5 5 5 5 5 5 5 5 5 5 5 5 5 18 1 1 1 1 1 1 5 5 5 5 5 5 5 5 5 5 5 6
n34-m289 10919 15 18 15 1 3 5 5 5 5 5 5 5 5 5 5 5 5 5 18 1 1 1 1 1 2 3 5 5 5 5 5 5 5 5 5 5 7
n34-m289 10920 15 18 15 1 3 5 5 5 5 5 5 5 5 5 5 5 5 5 18 1 1 1 1 1 2 3 5 5 5 5 5 5 5 5 5 6 6
n34-m289 10922 15 18 15 1 3 5 5 5 5 5 5 5 5 5 5 5 5 5 18 1 1 1 1 1 2 4 5 5 5 5 5 5 5 5 5 5 6
n34-m289 10923 15 18 15 1 3 5 5 5 5 5 5 5 5 5 5 5 5 5 18 1 1 1 1 1 2 5 5 5 5 5 5 5 5 5 5 5 5
n34-m289 10925 15 18 15 1 3 5 5 5 5 5 5 5 5 5 5 5 5 5 18 1 1 1 1 1 3 3 5 5 5 5 5 5 5 5 5 5 6
n34-m289 10926 15 18 15 1 3 5 5 5 5 5 5 5 5 5 5 5 5 5 18 1 1 1 1 1 3 4 5 5 5 5 5 5 5 5 5 5 5
n34-m289 10928 15 18 15 1 3 5 5 5 5 5 5 5 5 5 5 5 5 5 18 1 1 1 1 2 2 3 5 5 5 5 5 5 5 5 5 5 6
n34-m289 10929 15 18 15 1 3 5 5 5 5 5 5 5 5 5 5 5 5 5 18 1 1 1 1 2 2 4 5 5 5 5 5 5 5 5 5 5 5
n34-m289 10935 15 18 15 2 3 5 5 5 5 5 5 5 5 5 5 5 5 5 18 1 1 1 1 1 2 3 5 5 5 5 5 5 5 5 5 5 8
n34-m289 10937 15 18 15 2 3 5 5 5 5 5 5 5 5 5 5 5 5 5 18 1 1 1 1 1 2 3 5 5 5 5 5 5 5 5 5 6 7
n34-m289 10938 15 18 15 2 3 5 5 5 5 5 5 5 5 5 5 5 5 5 18 1 1 1 1 1 2 3 5 5 5 5 5 5 5 5 6 6 6
n34-m289 10941 15 18 15 2 3 5 5 5 5 5 5 5 5 5 5 5 5 5 18 1 1 1 1 1 2 4 5 5 5 5 5 5 5 5 5 5 7
n34-m289 10942 15 18 15 2 3 5 5 5 5 5 5 5 5 5 5 5 5 5 18 1 1 1 1 1 2 4 5 5 5 5 5 5 5 5 5 6 6
n34-m289 10944 15 18 15 2 3 5 5 5 5 5 5 5 5 5 5 5 5 5 18 1 1 1 1 1 2 5 5 5 5 5 5 5 5 5 5 5 6
n34-m289 10947 15 18 15 2 3 5 5 5 5 5 5 5 5 5 5 5 5 5 18 1 1 1 1 1 3 3 5 5 5 5 5 5 5 5 5 5 7
n34-m289 10948 15 18 15 2 3 5 5 5 5 5 5 5 5 5 5 5 5 5 18 1 1 1 1 1 3 3 5 5 5 5 5 5 5 5 5 6 6
n34-m289 10950 15 18 15 2 3 5 5 5 5 5 5 5 5 5 5 5 5 5 18 1 1 1 1 1 3 4 5 5 5 5 5 5 5 5 5 5 6
n34-m289 10951 15 18 15 2 3 5 5 5 5 5 5 5 5 5 5 5 5 5 18 1 1 1 1 1 3 5 5 5 5 5 5 5 5 5 5 5 5
n34-m289 10952 15 18 15 2 3 5 5 5 5 5 5 5 5 5 5 5 5 5 18 1 1 1 1 1 4 4 5 5 5 5 5 5 5 5 5 5 5
n34-m289 10955 15 18 15 2 3 5 5 5 5 5 5 5 5 5 5 5 5 5 18 1 1 1 1 2 2 3 5 5 5 5 5 5 5 5 5 5 7
n34-m289 10956 15 18 15 2 3 5 5 5 5 5 5 5 5 5 5 5 5 5 18 1 1 1 1 2 2 3 5 5 5 5 5 5 5 5 5 6 6
n34-m289 10958 15 18 15 2 3 5 5 5 5 5 5 5 5 5 5 5 5 5 18 1 1 1 1 2 2 4 5 5 5 5 5 5 5 5 5 5 6
n34-m289 10959 15 18 15 2 3 5 5 5 5 5 5 5 5 5 5 5 5 5 18 1 1 1 1 2 2 5 5 5 5 5 5 5 5 5 5 5 5
n34-m289 10961 15 18 15 2 3 5 5 5 5 5 5 5 5 5 5 5 5 5 18 1 1 1 1 2 3 3 5 5 5 5 5 5 5 5 5 5 6
n34-m289 10962 15 18 15 2 3 5 5 5 5 5 5 5 5 5 5 5 5 5 18 1 1 1 1 2 3 4 5 5 5 5 5 5 5 5 5 5 5
n34-m289 10965 15 18 15 2 3 5 5 5 5 5 5 5 5 5 5 5 5 5 18 1 1 1 2 2 2 3 5 5 5 5 5 5 5 5 5 5 6
n34-m289 10966 15 18 15 2 3 5 5 5 5 5 5 5 5 5 5 5 5 5 18 1 1 1 2 2 2 4 5 5 5 5 5 5 5 5 5 5 5
n34-m289 10973 15 18 15 3 3 5 5 5 5 5 5 5 5 5 5 5 5 5 18 1 1 1 1 1 2 3 5 5 5 5 5 5 5 5 5 5 9
n34-m289 10976 15 18 15 3 3 5 5 5 5 5 5 5 5 5 5 5 5 5 18 1 1 1 1 1 2 3 5 5 5 5 5 5 5 5 5 6 8
n34-m289 10977 15 18 15 3 3 5 5 5 5 5 5 5 5 5 5 5 5 5 18 1 1 1 1 1 2 3 5 5 5 5 5 5 5 5 5 7 7
n34-m289 10979 15 18 15 3 3 5 5 5 5 5 5 5 5 5 5 5 5 5 18 1 1 1 1 1 2 3 5 5 5 5 5 5 5 5 6 6 7
n34-m289 10980 15 18 15 3 3 5 5 5 5 5 5 5 5 5 5 5 5 5 18 1 1 1 1 1 2 3 5 5 5 5 5 5 5 6 6 6 6
n34-m289 10984 15 18 15 3 3 5 5 5 5 5 5 5 5 5 5 5 5 5 18 1 1 1 1 1 2 4 5 5 5 5 5 5 5 5 5 5 8
n34-m289 10986 15 18 15 3 3 5 5 5 5 5 5 5 5 5 5 5 5 5 18 1 1 1 1 1 2 4 5 5 5 5 5 5 5 5 5 6 7
n34-m289 10987 15 18 15 3 3 5 5 5 5 5 5 5 5 5 5 5 5 5 18 1 1 1 1 1 2 4 5 5 5 5 5 5 5 5 6 6 6
n34-m289 10990 15 18 15 3 3 5 5 5 5 5 5 5 5 5 5 5 5 5 18 1 1 1 1 1 2 5 5 5 5 5 5 5 5 5 5 5 7
n34-m289 10991 15 18 15 3 3 5 5 5 5 5 5 5 5 5 5 5 5 5 18 1 1 1 1 1 2 5 5 5 5 5 5 5 5 5 5 6 6
n34-m289 10995 15 18 15 3 3 5 5 5 5 5 5 5 5 5 5 5 5 5 18 1 1 1 1 1 3 3 5 5 5 5 5 5 5 5 5 5 8
n34-m289 10997 15 18 15 3 3 5 5 5 5 5 5 5 5 5 5 5 5 5 18 1 1 1 1 1 3 3 5 5 5 5 5 5 5 5 5 6 7
n34-m289 10998 15 18 15 3 3 5 5 5 5 5 5 5 5 5 5 5 5 5 18 1 1 1 1 1 3 3 5 5 5 5 5 5 5 5 6 6 6
n34-m289 11001 15 18 15 3 3 5 5 5 5 5 5 5 5 5 5 5 5 5 18 1 1 1 1 1 3 4 5 5 5 5 5 5 5 5 5 5 7
n34-m289 11002 15 18 15 3 3 5 5 5 5 5 5 5 5 5 5 5 5 5 18 1 1 1 1 1 3 4 5 5 5 5 5 5 5 5 5 6 6
n34-m289 11004 15 18 15 3 3 5 5 5 5 5 5 5 5 5 5 5 5 5 18 1 1 1 1 1 3 5 5 5 5 5 5 5 5 5 5 5 6
n34-m289 11006 15 18 15 3 3 5 5 5 5 5 5 5 5 5 5 5 5 5 18 1 1 1 1 1 4 4 5 5 5 5 5 5 5 5 5 5 6
n34-m289 11007 15 18 15 3 3 5 5 5 5 5 5 5 5 5 5 5 5 5 18 1 1 1 1 1 4 5 5 5 5 5 5 5 5 5 5 5 5
n34-m289 11011 15 18 15 3 3 5 5 5 5 5 5 5 5 5 5 5 5 5 18 1 1 1 1 2 2 3 5 5 5 5 5 5 5 5 5 5 8
n34-m289 11013 15 18 15 3 3 5 5 5 5 5 5 5 5 5 5 5 5 5 18 1 1 1 1 2 2 3 5 5 5 5 5 5 5 5 5 6 7
n34-m289 11014 15 18 15 3 3 5 5 5 5 5 5 5 5 5 5 5 5 5 18 1 1 1 1 2 2 3 5 5 5 5 5 5 5 5 6 6 6
n34-m289 11017 15 18 15 3 3 5 5 5 5 5 5 5 5 5 5 5 5 5 18 1 1 1 1 2 2 4 5 5 5 5 5 5 5 5 5 5 7
n34-m289 11018 15 18 15 3 3 5 5 5 5 5 5 5 5 5 5 5 5 5 18 1 1 1 1 2 2 4 5 5 5 5 5 5 5 5 5 6 6
n34-m289 11020 15 18 15 3 3 5 5 5 5 5 5 5 5 5 5 5 5 5 18 1 1 1 1 2 2 5 5 5 5 5 5 5 5 5 5 5 6
n34-m289 11023 15 18 15 3 3 5 5 5 5 5 5 5 5 5 5 5 5 5 18 1 1 1 1 2 3 3 5 5 5 5 5 5 5 5 5 5 7
n34-m289 11024 15 18 15 3 3 5 5 5 5 5 5 5 5 5 5 5 5 5 18 1 1 1 1 2 3 3 5 5 5 5 5 5 5 5 5 6 6
n34-m289 11026 15 18 15 3 3 5 5 5 5 5 5 5 5 5 5 5 5 5 18 1 1 1 1 2 3 4 5 5 5 5 5 5 5 5 5 5 6
n34-m289 11027 15 18 15 3 3 5 5 5 5 5 5 5 5 5 5 5 5 5 18 1 1 1 1 2 3 5 5 5 5 5 5 5 5 5 5 5 5
n34-m289 11028 15 18 15 3 3 5 5 5 5 5 5 5 5 5 5 5 5 5 18 1 1 1 1 2 4 4 5 5 5 5 5 5 5 5 5 5 5
n34-m289 11030 15 18 15 3 3 5 5 5 5 5 5 5 5 5 5 5 5 5 18 1 1 1 1 3 3 3 5 5 5 5 5 5 5 5 5 5 6
n34-m289 11031 15 18 15 3 3 5 5 5 5 5 5 5 5 5 5 5 5 5 18 1 1 1 1 3 3 4 5 5 5 5 5 5 5 5 5 5 5
n34-m289 11034 15 18 15 3 3 5 5 5 5 5 5 5 5 5 5 5 5 5 18 1 1 1 2 2 2 3 5 5 5 5 5 5 5 5 5 5 7
n34-m289 11035 15 18 15 3 3 5 5 5 5 5 5 5 5 5 5 5 5 5 18 1 1 1 2 2 2 3 5 5 5 5 5 5 5 5 5 6 6
n34-m289 11037 15 18 15 3 3 5 5 5 5 5 5 5 5 5 5 5 5 5 18 1 1 1 2 2 2 4 5 5 5 5 5 5 5 5 5 5 6
n34-m289 11038 15 18 15 3 3 5 5 5 5 5 5 5 5 5 5 5 5 5 18 1 1 1 2 2 2 5 5 5 5 5 5 5 5 5 5 5 5
n34-m289 11040 15 18 15 3 3 5 5 5 5 5 5 5 5 5 5 5 5 5 18 1 1 1 2 2 3 3 5 5 5 5 5 5 5 5 5 5 6
n34-m289 11041 15 18 15 3 3 5 5 5 5 5 5 5 5 5 5 5 5 5 18 1 1 1 2 2 3 4 5 5 5 5 5 5 5 5 5 5 5
n34-m289 11044 15 18 15 3 3 5 5 5 5 5 5 5 5 5 5 5 5 5 18 1 1 2 2 2 2 3 5 5 5 5 5 5 5 5 5 5 6
n34-m289 11045 15 18 15 3 3 5 5 5 5 5 5 5 5 5 5 5 5 5 18 1 1 2 2 2 2 4 5 5 5 5 5 5 5 5 5 5 5
n34-m289 11054 15 18 15 0 4 5 5 5 5 5 5 5 5 5 5 5 5 5 18 1 1 1 1 1 2 4 5 5 5 5 5 5 5 5 5 5 5
n34-m289 11055 15 18 15 0 4 5 5 5 5 5 5 5 5 5 5 5 5 5 18 1 1 1 1 1 2 4 5 5 5 5 5 5 5 5 5 5 6
n34-m289 11056 15 18 15 0 4 5 5 5 5 5 5 5 5 5 5 5 5 5 18 1 1 1 1 1 2 5 5 5 5 5 5 5 5 5 5 5 5
n34-m289 11057 15 18 15 0 4 5 5 5 5 5 5 5 5 5 5 5 5 5 18 1 1 1 1 1 3 4 5 5 5 5 5 5 5 5 5 5 5
n34-m289 11058 15 18 15 0 4 5 5 5 5 5 5 5 5 5 5 5 5 5 18 1 1 1 1 2 2 4 5 5 5 5 5 5 5 5 5 5 5
n34-m289 11072 15 18 15 1 4 5 5 5 5 5 5 5 5 5 5 5 5 5 18 1 1 1 1 1 2 4 5 5 5 5 5 5 5 5 5 5 7
n34-m289 11073 15 18 15 1 4 5 5 5 5 5 5 5 5 5 5 5 5 5 18 1 1 1 1 1 2 4 5 5 5 5 5 5 5 5 5 6 6
n34-m289 11075 15 18 15 1 4 5 5 5 5 5 5 5 5 5 5 5 5 5 18 1 1 1 1 1 2 5 5 5 5 5 5 5 5 5 5 5 6
n34-m289 11077 15 18 15 1 4 5 5 5 5 5 5 5 5 5 5 5 5 5 18 1 1 1 1 1 3 4 5 5 5 5 5 5 5 5 5 5 6
n34-m289 11078 15 18 15 1 4 5 5 5 5 5 5 5 5 5 5 5 5 5 18 1 1 1 1 1 3 5 5 5 5 5 5 5 5 5 5 5 5
n34-m289 11079 15 18 15 1 4 5 5 5 5 5 5 5 5 5 5 5 5 5 18 1 1 1 1 1 4 4 5 5 5 5 5 5 5 5 5 5 5
n34-m289 11081 15 18 15 1 4 5 5 5 5 5 5 5 5 5 5 5 5 5 18 1 1 1 1 2 2 4 5 5 5 5 5 5 5 5 5 5 6
n34-m289 11082 15 18 15 1 4 5 5 5 5 5 5 5 5 5 5 5 5 5 18 1 1 1 1 2 2 5 5 5 5 5 5 5 5 5 5 5 5
n34-m289 11083 15 18 15 1 4 5 5 5 5 5 5 5 5 5 5 5 5 5 18 1 1 1 1 2 3 4 5 5 5 5 5 5 5 5 5 5 5
n34-m289 11084 15 18 15 1 4 5 5 5 5 5 5 5 5 5 5 5 5 5 18 1 1 1 2 2 2 4 5 5 5 5 5 5 5 5 5 5 5
n34-m289 11088 15 18 15 2 4 5 5 5 5 5 5 5 5 5 5 5 5 5 18 1 1 1 1 1 2 4 5 5 5 5 5 5 5 5 5 5 8
n34-m289 11090 15 18 15 2 4 5 5 5 5 5 5 5 5 5 5 5 5 5 18 1 1 1 1 1 2 4 5 5 5 5 5 5 5 5 5 6 7
n34-m289 11091 15 18 15 2 4 5 5 5 5 5 5 5 5 5 5 5 5 5 18 1 1 1 1 1 2 4 5 5 5 5 5 5 5 5 6 6 6
n34-m289 11094 15 18 15 2 4 5 5 5 5 5 5 5 5 5 5 5 5 5 18 1 1 1 1 1 2 5 5 5 5 5 5 5 5 5 5 5 7
n34-m289 11095 15 18 15 2 4 5 5 5 5 5 5 5 5 5 5 5 5 5 18 1 1 1 1 1 2 5 5 5 5 5 5 5 5 5 5 6 6
n34-m289 11098 15 18 15 2 4 5 5 5 5 5 5 5 5 5 5 5 5 5 18 1 1 1 1 1 3 4 5 5 5 5 5 5 5 5 5 5 7
n34-m289 11099 15 18 15 2 4 5 5 5 5 5 5 5 5 5 5 5 5 5 18 1 1 1 1 1 3 4 5 5 5 5 5 5 5 5 5 6 6
n34-m289 11101 15 18 15 2 4 5 5 5 5 5 5 5 5 5 5 5 5 5 18 1 1 1 1 1 3 5 5 5 5 5 5 5 5 5 5 5 6
n34-m289 11103 15 18 15 2 4 5 5 5 5 5 5 5 5 5 5 5 5 5 18 1 1 1 1 1 4 4 5 5 5 5 5 5 5 5 5 5 6
n34-m289 11104 15 18 15 2 4 5 5 5 5 5 5 5 5 5 5 5 5 5 18 1 1 1 1 1 4 5 5 5 5 5 5 5 5 5 5 5 5
n34-m289 11107 15 18 15 2 4 5 5 5 5 5 5 5 5 5 5 5 5 5 18 1 1 1 1 2 2 4 5 5 5 5 5 5 5 5 5 5 7
n34-m289 11108 15 18 15 2 4 5 5 5 5 5 5 5 5 5 5 5 5 5 18 1 1 1 1 2 2 4 5 5 5 5 5 5 5 5 5 6 6
n34-m289 11110 15 18 15 2 4 5 5 5 5 5 5 5 5 5 5 5 5 5 18 1 1 1 1 2 2 5 5 5 5 5 5 5 5 5 5 5 6
n34-m289 11112 15 18 15 2 4 5 5 5 5 5 5 5 5 5 5 5 5 5 18 1 1 1 1 2 3 4 5 5 5 5 5 5 5 5 5 5 6
n34-m289 11113 15 18 15 2 4 5 5 5 5 5 5 5 5 5 5 5 5 5 18 1 1 1 1 2 3 5 5 5 5 5 5 5 5 5 5 5 5
n34-m289 11114 15 18 15 2 4 5 5 5 5 5 5 5 5 5 5 5 5 5 18 1 1 1 1 2 4 4 5 5 5 5 5 5 5 5 5 5 5
n34-m289 11115 15 18 15 2 4 5 5 5 5 5 5 5 5 5 5 5 5 5 18 1 1 1 1 3 3 4 5 5 5 5 5 5 5 5 5 5 5
n34-m289 11117 15 18 15 2 4 5 5 5 5 5 5 5 5 5 5 5 5 5 18 1 1 1 2 2 2 4 5 5 5 5 5 5 5 5 5 5 6
n34-m289 11118 15 18 15 2 4 5 5 5 5 5 5 5 5 5 5 5 5 5 18 1 1 1 2 2 2 5 5 5 5 5 5 5 5 5 5 5 5
n34-m289 11119 15 18 15 2 4 5 5 5 5 5 5 5 5 5 5 5 5 5 18 1 1 1 2 2 3 4 5 5 5 5 5 5 5 5 5 5 5
n34-m289 11120 15 18 15 2 4 5 5 5 5 5 5 5 5 5 5 5 5 5 18 1 1 2 2 2 2 4 5 5 5 5 5 5 5 5 5 5 5
n34-m289 11143 15 18 15 3 4 5 5 5 5 5 5 5 5 5 5 5 5 5 18 1 1 1 1 1 3 4 5 5 5 5 5 5 5 5 5 5 8
n34-m289 11145 15 18 15 3 4 5 5 5 5 5 5 5 5 5 5 5 5 5 18 1 1 1 1 1 3 4 5 5 5 5 5 5 5 5 5 6 7
n34-m289 11146 15 18 15 3 4 5 5 5 5 5 5 5 5 5 5 5 5 5 18 1 1 1 1 1 3 4 5 5 5 5 5 5 5 5 6 6 6
n34-m289 11149 15 18 15 3 4 5 5 5 5 5 5 5 5 5 5 5 5 5 18 1 1 1 1 1 3 5 5 5 5 5 5 5 5 5 5 5 7
n34-m289 11150 15 18 15 3 4 5 5 5 5 5 5 5 5 5 5 5 5 5 18 1 1 1 1 1 3 5 5 5 5 5 5 5 5 5 5 6 6
n34-m289 11153 15 18 15 3 4 5 5 5 5 5 5 5 5 5 5 5 5 5 18 1 1 1 1 1 4 4 5 5 5 5 5 5 5 5 5 5 7
n34-m289 11154 15 18 15 3 4 5 5 5 5 5 5 5 5 5 5 5 5 5 18 1 1 1 1 1 4 4 5 5 5 5 5 5 5 5 5 6 6
n34-m289 11156 15 18 15 3 4 5 5 5 5 5 5 5 5 5 5 5 5 5 18 1 1 1 1 1 4 5 5 5 5 5 5 5 5 5 5 5 6
n34-m289 11157 15 18 15 3 4 5 5 5 5 5 5 5 5 5 5 5 5 5 18 1 1 1 1 1 5 5 5 5 5 5 5 5 5 5 5 5 5
n34-m289 11171 15 18 15 3 4 5 5 5 5 5 5 5 5 5 5 5 5 5 18 1 1 1 1 2 3 4 5 5 5 5 5 5 5 5 5 5 7
n34-m289 11172 15 18 15 3 4 5 5 5 5 5 5 5 5 5 5 5 5 5 18 1 1 1 1 2 3 4 5 5 5 5 5 5 5 5 5 6 6
n34-m289 11174 15 18 15 3 4 5 5 5 5 5 5 5 5 5 5 5 5 5 18 1 1 1 1 2 3 5 5 5 5 5 5 5 5 5 5 5 6
n34-m289 11176 15 18 15 3 4 5 5 5 5 5 5 5 5 5 5 5 5 5 18 1 1 1 1 2 4 4 5 5 5 5 5 5 5 5 5 5 6
n34-m289 11177 15 18 15 3 4 5 5 5 5 5 5 5 5 5 5 5 5 5 18 1 1 1 1 2 4 5 5 5 5 5 5 5 5 5 5 5 5
n34-m289 11179 15 18 15 3 4 5 5 5 5 5 5 5 5 5 5 5 5 5 18 1 1 1 1 3 3 4 5 5 5 5 5 5 5 5 5 5 6
n34-m289 11180 15 18 15 3 4 5 5 5 5 5 5 5 5 5 5 5 5 5 18 1 1 1 1 3 3 5 5 5 5 5 5 5 5 5 5 5 5
n34-m289 11181 15 18 15 3 4 5 5 5 5 5 5 5 5 5 5 5 5 5 18 1 1 1 1 3 4 4 5 5 5 5 5 5 5 5 5 5 5
n34-m289 11189 15 18 15 3 4 5 5 5 5 5 5 5 5 5 5 5 5 5 18 1 1 1 2 2 3 4 5 5 5 5 5 5 5 5 5 5 6
n34-m289 11190 15 18 15 3 4 5 5 5 5 5 5 5 5 5 5 5 5 5 18 1 1 1 2 2 3 5 5 5 5 5 5 5 5 5 5 5 5
n34-m289 11191 15 18 15 3 4 5 5 5 5 5 5 5 5 5 5 5 5 5 18 1 1 1 2 2 4 4 5 5 5 5 5 5 5 5 5 5 5
n34-m289 11192 15 18 15 3 4 5 5 5 5 5 5 5 5 5 5 5 5 5 18 1 1 1 2 3 3 4 5 5 5 5 5 5 5 5 5 5 5
n34-m289 11196 15 18 15 3 4 5 5 5 5 5 5 5 5 5 5 5 5 5 18 1 1 2 2 2 3 4 5 5 5 5 5 5 5 5 5 5 5
n34-m289 11215 15 18 15 4 4 5 5 5 5 5 5 5 5 5 5 5 5 5 18 1 1 1 1 1 3 5 5 5 5 5 5 5 5 5 5 6 7
n34-m289 11216 15 18 15 4 4 5 5 5 5 5 5 5 5 5 5 5 5 5 18 1 1 1 1 1 3 5 5 5 5 5 5 5 5 5 6 6 6
n34-m289 11220 15 18 15 4 4 5 5 5 5 5 5 5 5 5 5 5 5 5 18 1 1 1 1 1 4 4 5 5 5 5 5 5 5 5 5 5 8
n34-m289 11222 15 18 15 4 4 5 5 5 5 5 5 5 5 5 5 5 5 5 18 1 1 1 1 1 4 4 5 5 5 5 5 5 5 5 5 6 7
n34-m289 11223 15 18 15 4 4 5 5 5 5 5 5 5 5 5 5 5 5 5 18 1 1 1 1 1 4 4 5 5 5 5 5 5 5 5 6 6 6
n34-m289 11226 15 18 15 4 4 5 5 5 5 5 5 5 5 5 5 5 5 5 18 1 1 1 1 1 4 5 5 5 5 5 5 5 5 5 5 5 7
n34-m289 11227 15 18 15 4 4 5 5 5 5 5 5 5 5 5 5 5 5 5 18 1 1 1 1 1 4 5 5 5 5 5 5 5 5 5 5 6 6
n34-m289 11229 15 18 15 4 4 5 5 5 5 5 5 5 5 5 5 5 5 5 18 1 1 1 1 1 5 5 5 5 5 5 5 5 5 5 5 5 6
n34-m289 11233 15 18 15 4 4 5 5 5 5 5 5 5 5 5 5 5 5 5 18 1 1 1 1 2 3 4 5 5 5 5 5 5 5 5 5 5 8
n34-m289 11235 15 18 15 4 4 5 5 5 5 5 5 5 5 5 5 5 5 5 18 1 1 1 1 2 3 4 5 5 5 5 5 5 5 5 5 6 7
n34-m289 11236 15 18 15 4 4 5 5 5 5 5 5 5 5 5 5 5 5 5 18 1 1 1 1 2 3 4 5 5 5 5 5 5 5 5 6 6 6
n34-m289 11239 15 18 15 4 4 5 5 5 5 5 5 5 5 5 5 5 5 5 18 1 1 1 1 2 3 5 5 5 5 5 5 5 5 5 5 5 7
n34-m289 11240 15 18 15 4 4 5 5 5 5 5 5 5 5 5 5 5 5 5 18 1 1 1 1 2 3 5 5 5 5 5 5 5 5 5 5 6 6
n34-m289 11243 15 18 15 4 4 5 5 5 5 5 5 5 5 5 5 5 5 5 18 1 1 1 1 2 4 4 5 5 5 5 5 5 5 5 5 5 7
n34-m289 11244 15 18 15 4 4 5 5 5 5 5 5 5 5 5 5 5 5 5 18 1 1 1 1 2 4 4 5 5 5 5 5 5 5 5 5 6 6
n34-m289 11246 15 18 15 4 4 5 5 5 5 5 5 5 5 5 5 5 5 5 18 1 1 1 1 2 4 5 5 5 5 5 5 5 5 5 5 5 6
n34-m289 11247 15 18 15 4 4 5 5 5 5 5 5 5 5 5 5 5 5 5 18 1 1 1 1 2 5 5 5 5 5 5 5 5 5 5 5 5 5
n34-m289 11250 15 18 15 4 4 5 5 5 5 5 5 5 5 5 5 5 5 5 18 1 1 1 1 3 3 4 5 5 5 5 5 5 5 5 5 5 7
n34-m289 11251 15 18 15 4 4 5 5 5 5 5 5 5 5 5 5 5 5 5 18 1 1 1 1 3 3 4 5 5 5 5 5 5 5 5 5 6 6
n34-m289 11253 15 18 15 4 4 5 5 5 5 5 5 5 5 5 5 5 5 5 18 1 1 1 1 3 3 5 5 5 5 5 5 5 5 5 5 5 6
n34-m289 11255 15 18 15 4 4 5 5 5 5 5 5 5 5 5 5 5 5 5 18 1 1 1 1 3 4 4 5 5 5 5 5 5 5 5 5 5 6
n34-m289 11256 15 18 15 4 4 5 5 5 5 5 5 5 5 5 5 5 5 5 18 1 1 1 1 3 4 5 5 5 5 5 5 5 5 5 5 5 5
n34-m289 11257 15 18 15 4 4 5 5 5 5 5 5 5 5 5 5 5 5 5 18 1 1 1 1 4 4 4 5 5 5 5 5 5 5 5 5 5 5
n34-m289 11260 15 18 15 4 4 5 5 5 5 5 5 5 5 5 5 5 5 5 18 1 1 1 2 2 3 4 5 5 5 5 5 5 5 5 5 5 7
n34-m289 11261 15 18 15 4 4 5 5 5 5 5 5 5 5 5 5 5 5 5 18 1 1 1 2 2 3 4 5 5 5 5 5 5 5 5 5 6 6
n34-m289 11263 15 18 15 4 4 5 5 5 5 5 5 5 5 5 5 5 5 5 18 1 1 1 2 2 3 5 5 5 5 5 5 5 5 5 5 5 6
n34-m289 11265 15 18 15 4 4 5 5 5 5 5 5 5 5 5 5 5 5 5 18 1 1 1 2 2 4 4 5 5 5 5 5 5 5 5 5 5 6
n34-m289 11266 15 18 15 4 4 5 5 5 5 5 5 5 5 5 5 5 5 5 18 1 1 1 2 2 4 5 5 5 5 5 5 5 5 5 5 5 5
n34-m289 11268 15 18 15 4 4 5 5 5 5 5 5 5 5 5 5 5 5 5 18 1 1 1 2 3 3 4 5 5 5 5 5 5 5 5 5 5 6
n34-m289 11269 15 18 15 4 4 5 5 5 5 5 5 5 5 5 5 5 5 5 18 1 1 1 2 3 3 5 5 5 5 5 5 5 5 5 5 5 5
n34-m289 11270 15 18 15 4 4 5 5 5 5 5 5 5 5 5 5 5 5 5 18 1 1 1 2 3 4 4 5 5 5 5 5 5 5 5 5 5 5
n34-m289 11271 15 18 15 4 4 5 5 5 5 5 5 5 5 5 5 5 5 5 18 1 1 1 3 3 3 4 5 5 5 5 5 5 5 5 5 5 5
n34-m289 11273 15 18 15 4 4 5 5 5 5 5 5 5 5 5 5 5 5 5 18 1 1 2 2 2 3 4 5 5 5 5 5 5 5 5 5 5 6
n34-m289 11274 15 18 15 4 4 5 5 5 5 5 5 5 5 5 5 5 5 5 18 1 1 2 2 2 3 5 5 5 5 5 5 5 5 5 5 5 5
n34-m289 11275 15 18 15 4 4 5 5 5 5 5 5 5 5 5 5 5 5 5 18 1 1 2 2 2 4 4 5 5 5 5 5 5 5 5 5 5 5
n34-m289 11276 15 18 15 4 4 5 5 5 5 5 5 5 5 5 5 5 5 5 18 1 1 2 2 3 3 4 5 5 5 5 5 5 5 5 5 5 5
n34-m289 11277 15 18 15 4 4 5 5 5 5 5 5 5 5 5 5 5 5 5 18 1 2 2 2 2 3 4 5 5 5 5 5 5 5 5 5 5 5
n34-m289 11282 15 18 15 0 5 5 5 5 5 5 5 5 5 5 5 5 5 5 18 1 1 1 1 1 2 5 5 5 5 5 5 5 5 5 5 5 5
n34-m289 11283 15 18 15 0 5 5 5 5 5 5 5 5 5 5 5 5 5 5 18 1 1 1 1 1 2 5 5 5 5 5 5 5 5 5 5 5 6
n34-m289 11286 15 18 15 0 5 5 5 5 5 5 5 5 5 5 5 5 5 5 18 1 1 1 1 1 3 5 5 5 5 5 5 5 5 5 5 5 5
n34-m289 11290 15 18 15 0 5 5 5 5 5 5 5 5 5 5 5 5 5 5 18 1 1 1 1 2 2 5 5 5 5 5 5 5 5 5 5 5 5
n34-m289 11302 15 18 15 1 5 5 5 5 5 5 5 5 5 5 5 5 5 5 18 1 1 1 1 1 2 5 5 5 5 5 5 5 5 5 5 5 7
n34-m289 11303 15 18 15 1 5 5 5 5 5 5 5 5 5 5 5 5 5 5 18 1 1 1 1 1 2 5 5 5 5 5 5 5 5 5 5 6 6
n34-m289 11309 15 18 15 1 5 5 5 5 5 5 5 5 5 5 5 5 5 5 18 1 1 1 1 1 3 5 5 5 5 5 5 5 5 5 5 5 6
n34-m289 11312 15 18 15 1 5 5 5 5 5 5 5 5 5 5 5 5 5 5 18 1 1 1 1 1 4 5 5 5 5 5 5 5 5 5 5 5 5
n34-m289 11318 15 18 15 1 5 5 5 5 5 5 5 5 5 5 5 5 5 5 18 1 1 1 1 2 2 5 5 5 5 5 5 5 5 5 5 5 6
n34-m289 11321 15 18 15 1 5 5 5 5 5 5 5 5 5 5 5 5 5 5 18 1 1 1 1 2 3 5 5 5 5 5 5 5 5 5 5 5 5
n34-m289 11326 15 18 15 1 5 5 5 5 5 5 5 5 5 5 5 5 5 5 18 1 1 1 2 2 2 5 5 5 5 5 5 5 5 5 5 5 5
n34-m289 11344 15 18 15 2 5 5 5 5 5 5 5 5 5 5 5 5 5 5 18 1 1 1 1 1 2 5 5 5 5 5 5 5 5 5 5 5 8
n34-m289 11346 15 18 15 2 5 5 5 5 5 5 5 5 5 5 5 5 5 5 18 1 1 1 1 1 2 5 5 5 5 5 5 5 5 5 5 6 7
n34-m289 11347 15 18 15 2 5 5 5 5 5 5 5 5 5 5 5 5 5 5 18 1 1 1 1 1 2 5 5 5 5 5 5 5 5 5 6 6 6
n34-m289 11357 15 18 15 2 5 5 5 5 5 5 5 5 5 5 5 5 5 5 18 1 1 1 1 1 3 5 5 5 5 5 5 5 5 5 5 5 7
n34-m289 11358 15 18 15 2 5 5 5 5 5 5 5 5 5 5 5 5 5 5 18 1 1 1 1 1 3 5 5 5 5 5 5 5 5 5 5 6 6
n34-m289 11364 15 18 15 2 5 5 5 5 5 5 5 5 5 5 5 5 5 5 18 1 1 1 1 1 4 5 5 5 5 5 5 5 5 5 5 5 6
n34-m289 11365 15 18 15 2 5 5 5 5 5 5 5 5 5 5 5 5 5 5 18 1 1 1 1 1 5 5 5 5 5 5 5 5 5 5 5 5 5
n34-m289 11375 15 18 15 2 5 5 5 5 5 5 5 5 5 5 5 5 5 5 18 1 1 1 1 2 2 5 5 5 5 5 5 5 5 5 5 5 7
n34-m289 11376 15 18 15 2 5 5 5 5 5 5 5 5 5 5 5 5 5 5 18 1 1 1 1 2 2 5 5 5 5 5 5 5 5 5 5 6 6
n34-m289 11382 15 18 15 2 5 5 5 5 5 5 5 5 5 5 5 5 5 5 18 1 1 1 1 2 3 5 5 5 5 5 5 5 5 5 5 5 6
n34-m289 11385 15 18 15 2 5 5 5 5 5 5 5 5 5 5 5 5 5 5 18 1 1 1 1 2 4 5 5 5 5 5 5 5 5 5 5 5 5
n34-m289 11388 15 18 15 2 5 5 5 5 5 5 5 5 5 5 5 5 5 5 18 1 1 1 1 3 3 5 5 5 5 5 5 5 5 5 5 5 5
n34-m289 11395 15 18 15 2 5 5 5 5 5 5 5 5 5 5 5 5 5 5 18 1 1 1 2 2 2 5 5 5 5 5 5 5 5 5 5 5 6
n34-m289 11398 15 18 15 2 5 5 5 5 5 5 5 5 5 5 5 5 5 5 18 1 1 1 2 2 3 5 5 5 5 5 5 5 5 5 5 5 5
n34-m289 11399 15 18 15 2 5 5 5 5 5 5 5 5 5 5 5 5 5 5 18 1 1 1 2 2 4 4 5 5 5 5 5 5 5 5 5 5 5
n34-m289 11400 15 18 15 2 5 5 5 5 5 5 5 5 5 5 5 5 5 5 18 1 1 1 2 3 3 4 5 5 5 5 5 5 5 5 5 5 5
n34-m289 11403 15 18 15 2 5 5 5 5 5 5 5 5 5 5 5 5 5 5 18 1 1 2 2 2 2 5 5 5 5 5 5 5 5 5 5 5 5
n34-m289 11404 15 18 15 2 5 5 5 5 5 5 5 5 5 5 5 5 5 5 18 1 1 2 2 2 3 4 5 5 5 5 5 5 5 5 5 5 5
n34-m289 11421 15 18 15 3 5 5 5 5 5 5 5 5 5 5 5 5 5 5 18 1 1 1 1 1 3 5 5 5 5 5 5 5 5 5 5 5 8
n34-m289 11423 15 18 15 3 5 5 5 5 5 5 5 5 5 5 5 5 5 5 18 1 1 1 1 1 3 5 5 5 5 5 5 5 5 5 5 6 7
n34-m289 11424 15 18 15 3 5 5 5 5 5 5 5 5 5 5 5 5 5 5 18 1 1 1 1 1 3 5 5 5 5 5 5 5 5 5 6 6 6
n34-m289 11434 15 18 15 3 5 5 5 5 5 5 5 5 5 5 5 5 5 5 18 1 1 1 1 1 4 5 5 5 5 5 5 5 5 5 5 5 7
n34-m289 11435 15 18 15 3 5 5 5 5 5 5 5 5 5 5 5 5 5 5 18 1 1 1 1 1 4 5 5 5 5 5 5 5 5 5 5 6 6
n34-m289 11437 15 18 15 3 5 5 5 5 5 5 5 5 5 5 5 5 5 5 18 1 1 1 1 1 5 5 5 5 5 5 5 5 5 5 5 5 6
n34-m289 11447 15 18 15 3 5 5 5 5 5 5 5 5 5 5 5 5 5 5 18 1 1 1 1 2 3 5 5 5 5 5 5 5 5 5 5 5 7
n34-m289 11448 15 18 15 3 5 5 5 5 5 5 5 5 5 5 5 5 5 5 18 1 1 1 1 2 3 5 5 5 5 5 5 5 5 5 5 6 6
n34-m289 11454 15 18 15 3 5 5 5 5 5 5 5 5 5 5 5 5 5 5 18 1 1 1 1 2 4 5 5 5 5 5 5 5 5 5 5 5 6
n34-m289 11455 15 18 15 3 5 5 5 5 5 5 5 5 5 5 5 5 5 5 18 1 1 1 1 2 5 5 5 5 5 5 5 5 5 5 5 5 5
n34-m289 11461 15 18 15 3 5 5 5 5 5 5 5 5 5 5 5 5 5 5 18 1 1 1 1 3 3 5 5 5 5 5 5 5 5 5 5 5 6
n34-m289 11464 15 18 15 3 5 5 5 5 5 5 5 5 5 5 5 5 5 5 18 1 1 1 1 3 4 5 5 5 5 5 5 5 5 5 5 5 5
n34-m289 11471 15 18 15 3 5 5 5 5 5 5 5 5 5 5 5 5 5 5 18 1 1 1 2 2 3 5 5 5 5 5 5 5 5 5 5 5 6
n34-m289 11474 15 18 15 3 5 5 5 5 5 5 5 5 5 5 5 5 5 5 18 1 1 1 2 2 4 5 5 5 5 5 5 5 5 5 5 5 5
n34-m289 11477 15 18 15 3 5 5 5 5 5 5 5 5 5 5 5 5 5 5 18 1 1 1 2 3 3 5 5 5 5 5 5 5 5 5 5 5 5
n34-m289 11479 15 18 15 3 5 5 5 5 5 5 5 5 5 5 5 5 5 5 18 1 1 1 3 3 3 4 5 5 5 5 5 5 5 5 5 5 5
n34-m289 11482 15 18 15 3 5 5 5 5 5 5 5 5 5 5 5 5 5 5 18 1 1 2 2 2 3 5 5 5 5 5 5 5 5 5 5 5 5
n34-m289 11509 15 18 15 4 5 5 5 5 5 5 5 5 5 5 5 5 5 5 18 1 1 1 1 1 3 5 5 5 5 5 5 5 5 5 5 5 9
n34-m289 11512 15 18 15 4 5 5 5 5 5 5 5 5 5 5 5 5 5 5 18 1 1 1 1 1 3 5 5 5 5 5 5 5 5 5 5 6 8
n34-m289 11513 15 18 15 4 5 5 5 5 5 5 5 5 5 5 5 5 5 5 18 1 1 1 1 1 3 5 5 5 5 5 5 5 5 5 5 7 7
n34-m289 11515 15 18 15 4 5 5 5 5 5 5 5 5 5 5 5 5 5 5 18 1 1 1 1 1 3 5 5 5 5 5 5 5 5 5 6 6 7
n34-m289 11516 15 18 15 4 5 5 5 5 5 5 5 5 5 5 5 5 5 5 18 1 1 1 1 1 3 5 5 5 5 5 5 5 5 6 6 6 6
n34-m289 11532 15 18 15 4 5 5 5 5 5 5 5 5 5 5 5 5 5 5 18 1 1 1 1 1 4 5 5 5 5 5 5 5 5 5 5 5 8
n34-m289 11534 15 18 15 4 5 5 5 5 5 5 5 5 5 5 5 5 5 5 18 1 1 1 1 1 4 5 5 5 5 5 5 5 5 5 5 6 7
n34-m289 11535 15 18 15 4 5 5 5 5 5 5 5 5 5 5 5 5 5 5 18 1 1 1 1 1 4 5 5 5 5 5 5 5 5 5 6 6 6
n34-m289 11538 15 18 15 4 5 5 5 5 5 5 5 5 5 5 5 5 5 5 18 1 1 1 1 1 5 5 5 5 5 5 5 5 5 5 5 5 7
n34-m289 11539 15 18 15 4 5 5 5 5 5 5 5 5 5 5 5 5 5 5 18 1 1 1 1 1 5 5 5 5 5 5 5 5 5 5 5 6 6
n34-m289 11555 15 18 15 4 5 5 5 5 5 5 5 5 5 5 5 5 5 5 18 1 1 1 1 2 3 5 5 5 5 5 5 5 5 5 5 5 8
n34-m289 11557 15 18 15 4 5 5 5 5 5 5 5 5 5 5 5 5 5 5 18 1 1 1 1 2 3 5 5 5 5 5 5 5 5 5 5 6 7
n34-m289 11558 15 18 15 4 5 5 5 5 5 5 5 5 5 5 5 5 5 5 18 1 1 1 1 2 3 5 5 5 5 5 5 5 5 5 6 6 6
n34-m289 11568 15 18 15 4 5 5 5 5 5 5 5 5 5 5 5 5 5 5 18 1 1 1 1 2 4 5 5 5 5 5 5 5 5 5 5 5 7
n34-m289 11569 15 18 15 4 5 5 5 5 5 5 5 5 5 5 5 5 5 5 18 1 1 1 1 2 4 5 5 5 5 5 5 5 5 5 5 6 6
n34-m289 11571 15 18 15 4 5 5 5 5 5 5 5 5 5 5 5 5 5 5 18 1 1 1 1 2 5 5 5 5 5 5 5 5 5 5 5 5 6
n34-m289 11581 15 18 15 4 5 5 5 5 5 5 5 5 5 5 5 5 5 5 18 1 1 1 1 3 3 5 5 5 5 5 5 5 5 5 5 5 7
n34-m289 11582 15 18 15 4 5 5 5 5 5 5 5 5 5 5 5 5 5 5 18 1 1 1 1 3 3 5 5 5 5 5 5 5 5 5 5 6 6
n34-m289 11585 15 18 15 4 5 5 5 5 5 5 5 5 5 5 5 5 5 5 18 1 1 1 1 3 4 4 5 5 5 5 5 5 5 5 5 5 7
n34-m289 11586 15 18 15 4 5 5 5 5 5 5 5 5 5 5 5 5 5 5 18 1 1 1 1 3 4 4 5 5 5 5 5 5 5 5 5 6 6
n34-m289 11588 15 18 15 4 5 5 5 5 5 5 5 5 5 5 5 5 5 5 18 1 1 1 1 3 4 5 5 5 5 5 5 5 5 5 5 5 6
n34-m289 11589 15 18 15 4 5 5 5 5 5 5 5 5 5 5 5 5 5 5 18 1 1 1 1 3 5 5 5 5 5 5 5 5 5 5 5 5 5
n34-m289 11591 15 18 15 4 5 5 5 5 5 5 5 5 5 5 5 5 5 5 18 1 1 1 1 4 4 4 5 5 5 5 5 5 5 5 5 5 6
n34-m289 11592 15 18 15 4 5 5 5 5 5 5 5 5 5 5 5 5 5 5 18 1 1 1 1 4 4 5 5 5 5 5 5 5 5 5 5 5 5
n34-m289 11602 15 18 15 4 5 5 5 5 5 5 5 5 5 5 5 5 5 5 18 1 1 1 2 2 3 5 5 5 5 5 5 5 5 5 5 5 7
n34-m289 11603 15 18 15 4 5 5 5 5 5 5 5 5 5 5 5 5 5 5 18 1 1 1 2 2 3 5 5 5 5 5 5 5 5 5 5 6 6
n34-m289 11609 15 18 15 4 5 5 5 5 5 5 5 5 5 5 5 5 5 5 18 1 1 1 2 2 4 5 5 5 5 5 5 5 5 5 5 5 6
n34-m289 11610 15 18 15 4 5 5 5 5 5 5 5 5 5 5 5 5 5 5 18 1 1 1 2 2 5 5 5 5 5 5 5 5 5 5 5 5 5
n34-m289 11616 15 18 15 4 5 5 5 5 5 5 5 5 5 5 5 5 5 5 18 1 1 1 2 3 3 5 5 5 5 5 5 5 5 5 5 5 6
n34-m289 11618 15 18 15 4 5 5 5 5 5 5 5 5 5 5 5 5 5 5 18 1 1 1 2 3 4 4 5 5 5 5 5 5 5 5 5 5 6
n34-m289 11619 15 18 15 4 5 5 5 5 5 5 5 5 5 5 5 5 5 5 18 1 1 1 2 3 4 5 5 5 5 5 5 5 5 5 5 5 5
n34-m289 11620 15 18 15 4 5 5 5 5 5 5 5 5 5 5 5 5 5 5 18 1 1 1 2 4 4 4 5 5 5 5 5 5 5 5 5 5 5
n34-m289 11623 15 18 15 4 5 5 5 5 5 5 5 5 5 5 5 5 5 5 18 1 1 1 3 3 3 5 5 5 5 5 5 5 5 5 5 5 5
n34-m289 11624 15 18 15 4 5 5 5 5 5 5 5 5 5 5 5 5 5 5 18 1 1 1 3 3 4 4 5 5 5 5 5 5 5 5 5 5 5
n34-m289 11630 15 18 15 4 5 5 5 5 5 5 5 5 5 5 5 5 5 5 18 1 1 2 2 2 3 5 5 5 5 5 5 5 5 5 5 5 6
n34-m289 11633 15 18 15 4 5 5 5 5 5 5 5 5 5 5 5 5 5 5 18 1 1 2 2 2 4 5 5 5 5 5 5 5 5 5 5 5 5
n34-m289 11636 15 18 15 4 5 5 5 5 5 5 5 5 5 5 5 5 5 5 18 1 1 2 2 3 3 5 5 5 5 5 5 5 5 5 5 5 5
n34-m289 11637 15 18 15 4 5 5 5 5 5 5 5 5 5 5 5 5 5 5 18 1 1 2 2 3 4 4 5 5 5 5 5 5 5 5 5 5 5
n34-m289 11641 15 18 15 4 5 5 5 5 5 5 5 5 5 5 5 5 5 5 18 1 2 2 2 2 3 5 5 5 5 5 5 5 5 5 5 5 5
n34-m289 11679 15 18 15 5 5 5 5 5 5 5 5 5 5 5 5 5 5 5 18 1 1 1 1 1 5 5 5 5 5 5 5 5 5 5 5 5 8
n34-m289 11681 15 18 15 5 5 5 5 5 5 5 5 5 5 5 5 5 5 5 18 1 1 1 1 1 5 5 5 5 5 5 5 5 5 5 5 6 7
n34-m289 11682 15 18 15 5 5 5 5 5 5 5 5 5 5 5 5 5 5 5 18 1 1 1 1 1 5 5 5 5 5 5 5 5 5 5 6 6 6
n34-m289 11704 15 18 15 5 5 5 5 5 5 5 5 5 5 5 5 5 5 5 18 1 1 1 1 2 5 5 5 5 5 5 5 5 5 5 5 5 7
n34-m289 11705 15 18 15 5 5 5 5 5 5 5 5 5 5 5 5 5 5 5 18 1 1 1 1 2 5 5 5 5 5 5 5 5 5 5 5 6 6
n34-m289 11718 15 18 15 5 5 5 5 5 5 5 5 5 5 5 5 5 5 5 18 1 1 1 1 3 5 5 5 5 5 5 5 5 5 5 5 5 6
n34-m289 11721 15 18 15 5 5 5 5 5 5 5 5 5 5 5 5 5 5 5 18 1 1 1 1 4 5 5 5 5 5 5 5 5 5 5 5 5 5
n34-m289 11734 15 18 15 5 5 5 5 5 5 5 5 5 5 5 5 5 5 5 18 1 1 1 2 2 5 5 5 5 5 5 5 5 5 5 5 5 6
n34-m289 11741 15 18 15 5 5 5 5 5 5 5 5 5 5 5 5 5 5 5 18 1 1 1 2 3 5 5 5 5 5 5 5 5 5 5 5 5 5
n34-m289 11744 15 18 15 5 5 5 5 5 5 5 5 5 5 5 5 5 5 5 18 1 1 1 3 3 3 5 5 5 5 5 5 5 5 5 5 5 6
n34-m289 11745 15 18 15 5 5 5 5 5 5 5 5 5 5 5 5 5 5 5 18 1 1 1 3 3 4 5 5 5 5 5 5 5 5 5 5 5 5
n34-m289 11752 15 18 15 5 5 5 5 5 5 5 5 5 5 5 5 5 5 5 18 1 1 2 2 2 5 5 5 5 5 5 5 5 5 5 5 5 5
n34-m289 11756 15 18 15 5 5 5 5 5 5 5 5 5 5 5 5 5 5 5 18 1 1 2 3 3 3 5 5 5 5 5 5 5 5 5 5 5 5
n34-m289 11774 15 18 15 4 4 4 5 5 5 5 5 5 5 5 5 6 6 6 18 1 1 1 1 1 3 4 5 5 5 5 5 6 6 6 6 6 6
n34-m289 11776 15 18 15 3 4 5 5 5 5 5 5 5 5 5 5 6 6 6 18 1 1 1 1 1 3 4 5 5 5 5 5 6 6 6 6 6 6
n34-m289 11781 15 18 15 4 4 5 5 5 5 5 5 5 5 5 5 6 6 6 18 1 1 1 1 1 4 4 5 5 5 5 5 6 6 6 6 6 6
n34-m289 11783 15 18 15 3 5 5 5 5 5 5 5 5 5 5 5 6 6 6 18 1 1 1 1 1 3 5 5 5 5 5 5 6 6 6 6 6 6
n34-m289 11784 15 18 15 4 5 5 5 5 5 5 5 5 5 5 5 6 6 6 18 1 1 1 1 1 4 5 5 5 5 5 5 6 6 6 6 6 6
n34-m289 11788 15 18 15 5 5 5 5 5 5 5 5 5 5 5 5 6 6 6 18 1 1 1 1 1 5 5 5 5 5 5 5 6 6 6 6 6 6
n34-m289 11792 15 18 15 3 3 4 4 4 4 4 4 4 4 5 6 6 6 6 18 1 1 1 1 1 1 3 4 4 4 4 4 6 6 6 6 6 6
n34-m289 11797 15 18 15 3 4 4 4 4 4 4 4 4 4 5 6 6 6 6 18 1 1 1 1 1 1 4 4 4 4 4 4 6 6 6 6 6 6
n34-m289 11809 15 18 15 3 3 4 4 4 4 5 5 5 5 5 6 6 6 6 18 1 1 1 1 1 2 3 4 4 5 5 5 6 6 6 6 6 6
n34-m289 11811 15 18 15 4 4 4 4 4 4 5 5 5 5 5 6 6 6 6 18 1 1 1 1 1 3 4 4 4 5 5 5 6 6 6 6 6 6
n34-m289 11812 15 18 15 4 4 4 4 4 5 5 5 5 5 5 6 6 6 6 18 1 1 1 1 1 3 4 4 5 5 5 5 6 6 6 6 6 6
n34-m289 11814 15 18 15 2 4 4 4 5 5 5 5 5 5 5 6 6 6 6 18 1 1 1 1 1 2 4 4 5 5 5 5 6 6 6 6 6 6
n34-m289 11815 15 18 15 3 4 4 4 5 5 5 5 5 5 5 6 6 6 6 18 1 1 1 1 1 3 4 4 5 5 5 5 6 6 6 6 6 6
n34-m289 11817 15 18 15 4 4 4 4 5 5 5 5 5 5 5 6 6 6 6 18 1 1 1 1 1 3 4 4 5 5 5 5 6 6 6 6 6 7
n34-m289 11818 15 18 15 4 4 4 4 5 5 5 5 5 5 5 6 6 6 6 18 1 1 1 1 1 3 4 4 5 5 5 6 6 6 6 6 6 6
n34-m289 11819 15 18 15 4 4 4 4 5 5 5 5 5 5 5 6 6 6 6 18 1 1 1 1 1 3 4 5 5 5 5 5 6 6 6 6 6 6
n34-m289 11820 15 18 15 4 4 4 4 5 5 5 5 5 5 5 6 6 6 6 18 1 1 1 1 1 4 4 4 5 5 5 5 6 6 6 6 6 6
n34-m289 11821 15 18 15 4 4 4 4 5 5 5 5 5 5 5 6 6 6 6 18 1 1 1 1 2 3 4 4 5 5 5 5 6 6 6 6 6 6
n34-m289 11823 15 18 15 3 4 4 5 5 5 5 5 5 5 5 6 6 6 6 18 1 1 1 1 1 3 4 5 5 5 5 5 6 6 6 6 6 6
n34-m289 11828 15 18 15 4 4 4 5 5 5 5 5 5 5 5 6 6 6 6 18 1 1 1 1 1 4 4 5 5 5 5 5 6 6 6 6 6 6
n34-m289 11831 15 18 15 3 3 5 5 5 5 5 5 5 5 5 6 6 6 6 18 1 1 1 1 1 3 4 5 5 5 5 5 6 6 6 6 6 6
n34-m289 11832 15 18 15 2 4 5 5 5 5 5 5 5 5 5 6 6 6 6 18 1 1 1 1 1 3 4 5 5 5 5 5 6 6 6 6 6 6
n34-m289 11834 15 18 15 3 4 5 5 5 5 5 5 5 5 5 6 6 6 6 18 1 1 1 1 1 3 4 5 5 5 5 5 6 6 6 6 6 7
n34-m289 11835 15 18 15 3 4 5 5 5 5 5 5 5 5 5 6 6 6 6 18 1 1 1 1 1 3 4 5 5 5 5 6 6 6 6 6 6 6
n34-m289 11836 15 18 15 3 4 5 5 5 5 5 5 5 5 5 6 6 6 6 18 1 1 1 1 1 3 5 5 5 5 5 5 6 6 6 6 6 6
n34-m289 11837 15 18 15 3 4 5 5 5 5 5 5 5 5 5 6 6 6 6 18 1 1 1 1 1 4 4 5 5 5 5 5 6 6 6 6 6 6
n34-m289 11838 15 18 15 3 4 5 5 5 5 5 5 5 5 5 6 6 6 6 18 1 1 1 1 2 3 4 5 5 5 5 5 6 6 6 6 6 6
n34-m289 11840 15 18 15 4 4 5 5 5 5 5 5 5 5 5 6 6 6 6 18 1 1 1 1 1 4 4 5 5 5 5 5 6 6 6 6 6 7
n34-m289 11841 15 18 15 4 4 5 5 5 5 5 5 5 5 5 6 6 6 6 18 1 1 1 1 1 4 4 5 5 5 5 6 6 6 6 6 6 6
n34-m289 11842 15 18 15 4 4 5 5 5 5 5 5 5 5 5 6 6 6 6 18 1 1 1 1 1 4 5 5 5 5 5 5 6 6 6 6 6 6
n34-m289 11843 15 18 15 4 4 5 5 5 5 5 5 5 5 5 6 6 6 6 18 1 1 1 1 2 4 4 5 5 5 5 5 6 6 6 6 6 6
n34-m289 11844 15 18 15 2 5 5 5 5 5 5 5 5 5 5 6 6 6 6 18 1 1 1 1 1 3 5 5 5 5 5 5 6 6 6 6 6 6
n34-m289 11846 15 18 15 3 5 5 5 5 5 5 5 5 5 5 6 6 6 6 18 1 1 1 1 1 3 5 5 5 5 5 5 6 6 6 6 6 7
n34-m289 11847 15 18 15 3 5 5 5 5 5 5 5 5 5 5 6 6 6 6 18 1 1 1 1 1 3 5 5 5 5 5 6 6 6 6 6 6 6
n34-m289 11848 15 18 15 3 5 5 5 5 5 5 5 5 5 5 6 6 6 6 18 1 1 1 1 1 4 5 5 5 5 5 5 6 6 6 6 6 6
n34-m289 11849 15 18 15 3 5 5 5 5 5 5 5 5 5 5 6 6 6 6 18 1 1 1 1 2 3 5 5 5 5 5 5 6 6 6 6 6 6
n34-m289 11851 15 18 15 4 5 5 5 5 5 5 5 5 5 5 6 6 6 6 18 1 1 1 1 1 4 5 5 5 5 5 5 6 6 6 6 6 7
n34-m289 11852 15 18 15 4 5 5 5 5 5 5 5 5 5 5 6 6 6 6 18 1 1 1 1 1 4 5 5 5 5 5 6 6 6 6 6 6 6
n34-m289 11853 15 18 15 4 5 5 5 5 5 5 5 5 5 5 6 6 6 6 18 1 1 1 1 1 5 5 5 5 5 5 5 6 6 6 6 6 6
n34-m289 11854 15 18 15 4 5 5 5 5 5 5 5 5 5 5 6 6 6 6 18 1 1 1 1 2 4 5 5 5 5 5 5 6 6 6 6 6 6
n34-m289 11863 15 18 15 5 5 5 5 5 5 5 5 5 5 5 6 6 6 6 18 1 1 1 1 1 5 5 5 5 5 5 5 6 6 6 6 6 7
n34-m289 11864 15 18 15 5 5 5 5 5 5 5 5 5 5 5 6 6 6 6 18 1 1 1 1 1 5 5 5 5 5 5 6 6 6 6 6 6 6
n34-m289 11868 15 18 15 5 5 5 5 5 5 5 5 5 5 5 6 6 6 6 18 1 1 1 1 2 5 5 5 5 5 5 5 6 6 6 6 6 6
n34-m289 11869 15 18 15 5 5 5 5 5 5 5 5 5 5 5 6 6 6 6 18 1 1 1 1 3 4 5 5 5 5 5 5 6 6 6 6 6 6
n34-m289 11871 15 18 15 3 3 3 3 4 4 4 4 4 4 6 6 6 6 6 18 1 1 1 1 1 1 3 3 4 4 4 4 6 6 6 6 6 6
n34-m289 11872 15 18 15 3 3 3 4 4 4 4 4 4 4 6 6 6 6 6 18 1 1 1 1 1 1 3 4 4 4 4 4 6 6 6 6 6 6
n34-m289 11873 15 18 15 2 3 4 4 4 4 4 4 4 4 6 6 6 6 6 18 1 1 1 1 1 1 3 4 4 4 4 4 6 6 6 6 6 6
n34-m289 11875 15 18 15 3 3 4 4 4 4 4 4 4 4 6 6 6 6 6 18 1 1 1 1 1 1 3 4 4 4 4 4 6 6 6 6 6 7
n34-m289 11876 15 18 15 3 3 4 4 4 4 4 4 4 4 6 6 6 6 6 18 1 1 1 1 1 1 3 4 4 4 4 5 6 6 6 6 6 6
n34-m289 11877 15 18 15 3 3 4 4 4 4 4 4 4 4 6 6 6 6 6 18 1 1 1 1 1 1 4 4 4 4 4 4 6 6 6 6 6 6
n34-m289 11878 15 18 15 3 3 4 4 4 4 4 4 4 4 6 6 6 6 6 18 1 1 1 1 1 2 3 4 4 4 4 4 6 6 6 6 6 6
n34-m289 11879 15 18 15 2 4 4 4 4 4 4 4 4 4 6 6 6 6 6 18 1 1 1 1 1 1 4 4 4 4 4 4 6 6 6 6 6 6
n34-m289 11883 15 18 15 3 4 4 4 4 4 4 4 4 4 6 6 6 6 6 18 1 1 1 1 1 2 4 4 4 4 4 4 6 6 6 6 6 6
n34-m289 11916 15 18 15 3 3 4 4 4 4 4 5 5 5 6 6 6 6 6 18 1 1 1 1 1 2 3 4 4 5 5 5 6 6 6 6 6 6
n34-m289 11918 15 18 15 4 4 4 4 4 4 4 5 5 5 6 6 6 6 6 18 1 1 1 1 1 3 4 4 4 5 5 5 6 6 6 6 6 6
n34-m289 11927 15 18 15 4 4 4 4 4 4 5 5 5 5 6 6 6 6 6 18 1 1 1 1 1 3 4 4 5 5 5 5 6 6 6 6 6 6
n34-m289 11931 15 18 15 2 4 4 4 4 5 5 5 5 5 6 6 6 6 6 18 1 1 1 1 1 2 4 4 5 5 5 5 6 6 6 6 6 6
n34-m289 11932 15 18 15 3 4 4 4 4 5 5 5 5 5 6 6 6 6 6 18 1 1 1 1 1 3 4 4 5 5 5 5 6 6 6 6 6 6
n34-m289 11934 15 18 15 4 4 4 4 4 5 5 5 5 5 6 6 6 6 6 18 1 1 1 1 1 3 4 4 5 5 5 5 6 6 6 6 6 7
n34-m289 11935 15 18 15 4 4 4 4 4 5 5 5 5 5 6 6 6 6 6 18 1 1 1 1 1 3 4 4 5 5 5 6 6 6 6 6 6 6
n34-m289 11936 15 18 15 4 4 4 4 4 5 5 5 5 5 6 6 6 6 6 18 1 1 1 1 1 3 4 5 5 5 5 5 6 6 6 6 6 6
n34-m289 11937 15 18 15 4 4 4 4 4 5 5 5 5 5 6 6 6 6 6 18 1 1 1 1 1 4 4 4 5 5 5 5 6 6 6 6 6 6
n34-m289 11938 15 18 15 4 4 4 4 4 5 5 5 5 5 6 6 6 6 6 18 1 1 1 1 2 3 4 4 5 5 5 5 6 6 6 6 6 6
n34-m289 11942 15 18 15 2 3 4 4 5 5 5 5 5 5 6 6 6 6 6 18 1 1 1 1 1 2 4 4 5 5 5 5 6 6 6 6 6 6
n34-m289 11943 15 18 15 3 3 4 4 5 5 5 5 5 5 6 6 6 6 6 18 1 1 1 1 1 3 4 4 5 5 5 5 6 6 6 6 6 6
n34-m289 11949 15 18 15 2 4 4 4 5 5 5 5 5 5 6 6 6 6 6 18 1 1 1 1 1 3 4 4 5 5 5 5 6 6 6 6 6 6
n34-m289 11952 15 18 15 3 4 4 4 5 5 5 5 5 5 6 6 6 6 6 18 1 1 1 1 1 3 4 4 5 5 5 5 6 6 6 6 6 7
n34-m289 11953 15 18 15 3 4 4 4 5 5 5 5 5 5 6 6 6 6 6 18 1 1 1 1 1 3 4 4 5 5 5 6 6 6 6 6 6 6
n34-m289 11954 15 18 15 3 4 4 4 5 5 5 5 5 5 6 6 6 6 6 18 1 1 1 1 1 3 4 5 5 5 5 5 6 6 6 6 6 6
n34-m289 11955 15 18 15 3 4 4 4 5 5 5 5 5 5 6 6 6 6 6 18 1 1 1 1 1 4 4 4 5 5 5 5 6 6 6 6 6 6
n34-m289 11956 15 18 15 3 4 4 4 5 5 5 5 5 5 6 6 6 6 6 18 1 1 1 1 2 3 4 4 5 5 5 5 6 6 6 6 6 6
n34-m289 11969 15 18 15 4 4 4 4 5 5 5 5 5 5 6 6 6 6 6 18 1 1 1 1 1 4 4 4 5 5 5 5 6 6 6 6 6 7
n34-m289 11970 15 18 15 4 4 4 4 5 5 5 5 5 5 6 6 6 6 6 18 1 1 1 1 1 4 4 4 5 5 5 6 6 6 6 6 6 6
n34-m289 11971 15 18 15 4 4 4 4 5 5 5 5 5 5 6 6 6 6 6 18 1 1 1 1 1 4 4 5 5 5 5 5 6 6 6 6 6 6
n34-m289 11976 15 18 15 4 4 4 4 5 5 5 5 5 5 6 6 6 6 6 18 1 1 1 1 2 4 4 4 5 5 5 5 6 6 6 6 6 6
n34-m289 11979 15 18 15 2 3 3 5 5 5 5 5 5 5 6 6 6 6 6 18 1 1 1 1 1 2 3 5 5 5 5 5 6 6 6 6 6 6
n34-m289 11980 15 18 15 3 3 3 5 5 5 5 5 5 5 6 6 6 6 6 18 1 1 1 1 1 3 3 5 5 5 5 5 6 6 6 6 6 6
n34-m289 11982 15 18 15 3 3 4 5 5 5 5 5 5 5 6 6 6 6 6 18 1 1 1 1 1 3 4 5 5 5 5 5 6 6 6 6 6 6
n34-m289 11983 15 18 15 2 4 4 5 5 5 5 5 5 5 6 6 6 6 6 18 1 1 1 1 1 3 4 5 5 5 5 5 6 6 6 6 6 6
n34-m289 11985 15 18 15 3 4 4 5 5 5 5 5 5 5 6 6 6 6 6 18 1 1 1 1 1 3 4 5 5 5 5 5 6 6 6 6 6 7
n34-m289 11986 15 18 15 3 4 4 5 5 5 5 5 5 5 6 6 6 6 6 18 1 1 1 1 1 3 4 5 5 5 5 6 6 6 6 6 6 6
n34-m289 11987 15 18 15 3 4 4 5 5 5 5 5 5 5 6 6 6 6 6 18 1 1 1 1 1 3 5 5 5 5 5 5 6 6 6 6 6 6
n34-m289 11988 15 18 15 3 4 4 5 5 5 5 5 5 5 6 6 6 6 6 18 1 1 1 1 1 4 4 5 5 5 5 5 6 6 6 6 6 6
n34-m289 11989 15 18 15 3 4 4 5 5 5 5 5 5 5 6 6 6 6 6 18 1 1 1 1 2 3 4 5 5 5 5 5 6 6 6 6 6 6
n34-m289 11991 15 18 15 4 4 4 5 5 5 5 5 5 5 6 6 6 6 6 18 1 1 1 1 1 4 4 5 5 5 5 5 6 6 6 6 6 7
n34-m289 11992 15 18 15 4 4 4 5 5 5 5 5 5 5 6 6 6 6 6 18 1 1 1 1 1 4 4 5 5 5 5 6 6 6 6 6 6 6
n34-m289 11993 15 18 15 4 4 4 5 5 5 5 5 5 5 6 6 6 6 6 18 1 1 1 1 1 4 5 5 5 5 5 5 6 6 6 6 6 6
n34-m289 11994 15 18 15 4 4 4 5 5 5 5 5 5 5 6 6 6 6 6 18 1 1 1 1 2 4 4 5 5 5 5 5 6 6 6 6 6 6
n34-m289 11996 15 18 15 2 3 5 5 5 5 5 5 5 5 6 6 6 6 6 18 1 1 1 1 1 3 4 5 5 5 5 5 6 6 6 6 6 6
n34-m289 11998 15 18 15 3 3 5 5 5 5 5 5 5 5 6 6 6 6 6 18 1 1 1 1 1 3 4 5 5 5 5 5 6 6 6 6 6 7
n34-m289 11999 15 18 15 3 3 5 5 5 5 5 5 5 5 6 6 6 6 6 18 1 1 1 1 1 3 4 5 5 5 5 6 6 6 6 6 6 6
n34-m289 12000 15 18 15 3 3 5 5 5 5 5 5 5 5 6 6 6 6 6 18 1 1 1 1 1 3 5 5 5 5 5 5 6 6 6 6 6 6
n34-m289 12001 15 18 15 3 3 5 5 5 5 5 5 5 5 6 6 6 6 6 18 1 1 1 1 1 4 4 5 5 5 5 5 6 6 6 6 6 6
n34-m289 12002 15 18 15 3 3 5 5 5 5 5 5 5 5 6 6 6 6 6 18 1 1 1 1 2 3 4 5 5 5 5 5 6 6 6 6 6 6
n34-m289 12007 15 18 15 2 4 5 5 5 5 5 5 5 5 6 6 6 6 6 18 1 1 1 1 1 3 5 5 5 5 5 5 6 6 6 6 6 6
n34-m289 12008 15 18 15 2 4 5 5 5 5 5 5 5 5 6 6 6 6 6 18 1 1 1 1 1 4 4 5 5 5 5 5 6 6 6 6 6 6
n34-m289 12018 15 18 15 3 4 5 5 5 5 5 5 5 5 6 6 6 6 6 18 1 1 1 1 1 3 5 5 5 5 5 5 6 6 6 6 6 7
n34-m289 12019 15 18 15 3 4 5 5 5 5 5 5 5 5 6 6 6 6 6 18 1 1 1 1 1 3 5 5 5 5 5 6 6 6 6 6 6 6
n34-m289 12021 15 18 15 3 4 5 5 5 5 5 5 5 5 6 6 6 6 6 18 1 1 1 1 1 4 4 5 5 5 5 5 6 6 6 6 6 7
n34-m289 12022 15 18 15 3 4 5 5 5 5 5 5 5 5 6 6 6 6 6 18 1 1 1 1 1 4 4 5 5 5 5 6 6 6 6 6 6 6
n34-m289 12023 15 18 15 3 4 5 5 5 5 5 5 5 5 6 6 6 6 6 18 1 1 1 1 1 4 5 5 5 5 5 5 6 6 6 6 6 6
n34-m289 12027 15 18 15 3 4 5 5 5 5 5 5 5 5 6 6 6 6 6 18 1 1 1 1 2 3 5 5 5 5 5 5 6 6 6 6 6 6
n34-m289 12028 15 18 15 3 4 5 5 5 5 5 5 5 5 6 6 6 6 6 18 1 1 1 1 2 4 4 5 5 5 5 5 6 6 6 6 6 6
n34-m289 12033 15 18 15 4 4 5 5 5 5 5 5 5 5 6 6 6 6 6 18 1 1 1 1 1 4 4 5 5 5 5 5 6 6 6 6 6 8
n34-m289 12034 15 18 15 4 4 5 5 5 5 5 5 5 5 6 6 6 6 6 18 1 1 1 1 1 4 4 5 5 5 5 5 6 6 6 6 7 7
n34-m289 12036 15 18 15 4 4 5 5 5 5 5 5 5 5 6 6 6 6 6 18 1 1 1 1 1 4 4 5 5 5 5 6 6 6 6 6 6 7
n34-m289 12037 15 18 15 4 4 5 5 5 5 5 5 5 5 6 6 6 6 6 18 1 1 1 1 1 4 4 5 5 5 6 6 6 6 6 6 6 6
n34-m289 12039 15 18 15 4 4 5 5 5 5 5 5 5 5 6 6 6 6 6 18 1 1 1 1 1 4 5 5 5 5 5 5 6 6 6 6 6 7
n34-m289 12040 15 18 15 4 4 5 5 5 5 5 5 5 5 6 6 6 6 6 18 1 1 1 1 1 4 5 5 5 5 5 6 6 6 6 6 6 6
n34-m289 12041 15 18 15 4 4 5 5 5 5 5 5 5 5 6 6 6 6 6 18 1 1 1 1 1 5 5 5 5 5 5 5 6 6 6 6 6 6
n34-m289 12043 15 18 15 4 4 5 5 5 5 5 5 5 5 6 6 6 6 6 18 1 1 1 1 2 4 4 5 5 5 5 5 6 6 6 6 6 7
n34-m289 12044 15 18 15 4 4 5 5 5 5 5 5 5 5 6 6 6 6 6 18 1 1 1 1 2 4 4 5 5 5 5 6 6 6 6 6 6 6
n34-m289 12045 15 18 15 4 4 5 5 5 5 5 5 5 5 6 6 6 6 6 18 1 1 1 1 2 4 5 5 5 5 5 5 6 6 6 6 6 6
n34-m289 12046 15 18 15 4 4 5 5 5 5 5 5 5 5 6 6 6 6 6 18 1 1 1 1 3 4 4 5 5 5 5 5 6 6 6 6 6 6
n34-m289 12047 15 18 15 4 4 5 5 5 5 5 5 5 5 6 6 6 6 6 18 1 1 1 2 2 4 4 5 5 5 5 5 6 6 6 6 6 6
n34-m289 12048 15 18 15 1 5 5 5 5 5 5 5 5 5 6 6 6 6 6 18 1 1 1 1 1 3 5 5 5 5 5 5 6 6 6 6 6 6
n34-m289 12050 15 18 15 2 5 5 5 5 5 5 5 5 5 6 6 6 6 6 18 1 1 1 1 1 3 5 5 5 5 5 5 6 6 6 6 6 7
n34-m289 12051 15 18 15 2 5 5 5 5 5 5 5 5 5 6 6 6 6 6 18 1 1 1 1 1 3 5 5 5 5 5 6 6 6 6 6 6 6
n34-m289 12052 15 18 15 2 5 5 5 5 5 5 5 5 5 6 6 6 6 6 18 1 1 1 1 1 4 5 5 5 5 5 5 6 6 6 6 6 6
n34-m289 12053 15 18 15 2 5 5 5 5 5 5 5 5 5 6 6 6 6 6 18 1 1 1 1 2 3 5 5 5 5 5 5 6 6 6 6 6 6
n34-m289 12056 15 18 15 3 5 5 5 5 5 5 5 5 5 6 6 6 6 6 18 1 1 1 1 1 3 5 5 5 5 5 5 6 6 6 6 6 8
n34-m289 12057 15 18 15 3 5 5 5 5 5 5 5 5 5 6 6 6 6 6 18 1 1 1 1 1 3 5 5 5 5 5 5 6 6 6 6 7 7
n34-m289 12059 15 18 15 3 5 5 5 5 5 5 5 5 5 6 6 6 6 6 18 1 1 1 1 1 3 5 5 5 5 5 6 6 6 6 6 6 7
n34-m289 12060 15 18 15 3 5 5 5 5 5 5 5 5 5 6 6 6 6 6 18 1 1 1 1 1 3 5 5 5 5 6 6 6 6 6 6 6 6
n34-m289 12062 15 18 15 3 5 5 5 5 5 5 5 5 5 6 6 6 6 6 18 1 1 1 1 1 4 5 5 5 5 5 5 6 6 6 6 6 7
n34-m289 12063 15 18 15 3 5 5 5 5 5 5 5 5 5 6 6 6 6 6 18 1 1 1 1 1 4 5 5 5 5 5 6 6 6 6 6 6 6
n34-m289 12064 15 18 15 3 5 5 5 5 5 5 5 5 5 6 6 6 6 6 18 1 1 1 1 1 5 5 5 5 5 5 5 6 6 6 6 6 6
n34-m289 12066 15 18 15 3 5 5 5 5 5 5 5 5 5 6 6 6 6 6 18 1 1 1 1 2 3 5 5 5 5 5 5 6 6 6 6 6 7
n34-m289 12067 15 18 15 3 5 5 5 5 5 5 5 5 5 6 6 6 6 6 18 1 1 1 1 2 3 5 5 5 5 5 6 6 6 6 6 6 6
n34-m289 12068 15 18 15 3 5 5 5 5 5 5 5 5 5 6 6 6 6 6 18 1 1 1 1 2 4 5 5 5 5 5 5 6 6 6 6 6 6
n34-m289 12069 15 18 15 3 5 5 5 5 5 5 5 5 5 6 6 6 6 6 18 1 1 1 1 3 3 5 5 5 5 5 5 6 6 6 6 6 6
n34-m289 12070 15 18 15 3 5 5 5 5 5 5 5 5 5 6 6 6 6 6 18 1 1 1 2 2 3 5 5 5 5 5 5 6 6 6 6 6 6
n34-m289 12073 15 18 15 4 5 5 5 5 5 5 5 5 5 6 6 6 6 6 18 1 1 1 1 1 4 5 5 5 5 5 5 6 6 6 6 6 8
n34-m289 12074 15 18 15 4 5 5 5 5 5 5 5 5 5 6 6 6 6 6 18 1 1 1 1 1 4 5 5 5 5 5 5 6 6 6 6 7 7
n34-m289 12076 15 18 15 4 5 5 5 5 5 5 5 5 5 6 6 6 6 6 18 1 1 1 1 1 4 5 5 5 5 5 6 6 6 6 6 6 7
n34-m289 12077 15 18 15 4 5 5 5 5 5 5 5 5 5 6 6 6 6 6 18 1 1 1 1 1 4 5 5 5 5 6 6 6 6 6 6 6 6
n34-m289 12079 15 18 15 4 5 5 5 5 5 5 5 5 5 6 6 6 6 6 18 1 1 1 1 1 5 5 5 5 5 5 5 6 6 6 6 6 7
n34-m289 12080 15 18 15 4 5 5 5 5 5 5 5 5 5 6 6 6 6 6 18 1 1 1 1 1 5 5 5 5 5 5 6 6 6 6 6 6 6
n34-m289 12082 15 18 15 4 5 5 5 5 5 5 5 5 5 6 6 6 6 6 18 1 1 1 1 2 4 5 5 5 5 5 5 6 6 6 6 6 7
n34-m289 12083 15 18 15 4 5 5 5 5 5 5 5 5 5 6 6 6 6 6 18 1 1 1 1 2 4 5 5 5 5 5 6 6 6 6 6 6 6
n34-m289 12084 15 18 15 4 5 5 5 5 5 5 5 5 5 6 6 6 6 6 18 1 1 1 1 2 5 5 5 5 5 5 5 6 6 6 6 6 6
n34-m289 12085 15 18 15 4 5 5 5 5 5 5 5 5 5 6 6 6 6 6 18 1 1 1 1 3 4 5 5 5 5 5 5 6 6 6 6 6 6
n34-m289 12086 15 18 15 4 5 5 5 5 5 5 5 5 5 6 6 6 6 6 18 1 1 1 2 2 4 5 5 5 5 5 5 6 6 6 6 6 6
n34-m289 12103 15 18 15 5 5 5 5 5 5 5 5 5 5 6 6 6 6 6 18 1 1 1 1 1 5 5 5 5 5 5 5 6 6 6 6 6 8
n34-m289 12104 15 18 15 5 5 5 5 5 5 5 5 5 5 6 6 6 6 6 18 1 1 1 1 1 5 5 5 5 5 5 5 6 6 6 6 7 7
n34-m289 12106 15 18 15 5 5 5 5 5 5 5 5 5 5 6 6 6 6 6 18 1 1 1 1 1 5 5 5 5 5 5 6 6 6 6 6 6 7
n34-m289 12107 15 18 15 5 5 5 5 5 5 5 5 5 5 6 6 6 6 6 18 1 1 1 1 1 5 5 5 5 5 6 6 6 6 6 6 6 6
n34-m289 12116 15 18 15 5 5 5 5 5 5 5 5 5 5 6 6 6 6 6 18 1 1 1 1 2 5 5 5 5 5 5 5 6 6 6 6 6 7
n34-m289 12117 15 18 15 5 5 5 5 5 5 5 5 5 5 6 6 6 6 6 18 1 1 1 1 2 5 5 5 5 5 5 6 6 6 6 6 6 6
n34-m289 12119 15 18 15 5 5 5 5 5 5 5 5 5 5 6 6 6 6 6 18 1 1 1 1 3 4 5 5 5 5 5 5 6 6 6 6 6 7
n34-m289 12120 15 18 15 5 5 5 5 5 5 5 5 5 5 6 6 6 6 6 18 1 1 1 1 3 4 5 5 5 5 5 6 6 6 6 6 6 6
n34-m289 12121 15 18 15 5 5 5 5 5 5 5 5 5 5 6 6 6 6 6 18 1 1 1 1 3 5 5 5 5 5 5 5 6 6 6 6 6 6
n34-m289 12122 15 18 15 5 5 5 5 5 5 5 5 5 5 6 6 6 6 6 18 1 1 1 1 4 4 5 5 5 5 5 5 6 6 6 6 6 6
n34-m289 12126 15 18 15 5 5 5 5 5 5 5 5 5 5 6 6 6 6 6 18 1 1 1 2 2 5 5 5 5 5 5 5 6 6 6 6 6 6
n34-m289 12127 15 18 15 5 5 5 5 5 5 5 5 5 5 6 6 6 6 6 18 1 1 1 2 3 4 5 5 5 5 5 5 6 6 6 6 6 6
n34-m289 12148 15 18 15 3 3 4 4 4 4 4 4 4 6 6 6 6 6 6 18 1 1 1 1 1 2 3 4 4 4 4 6 6 6 6 6 6 6
n34-m289 12157 15 18 15 3 4 4 4 4 4 4 4 4 6 6 6 6 6 6 18 1 1 1 1 1 2 4 4 4 4 4 6 6 6 6 6 6 6
n34-m289 12218 15 18 15 4 4 4 4 4 4 4 5 5 6 6 6 6 6 6 18 1 1 1 1 1 3 4 4 5 5 5 5 6 6 6 6 6 6
n34-m289 12240 15 18 15 2 4 4 4 4 4 5 5 5 6 6 6 6 6 6 18 1 1 1 1 1 2 4 4 5 5 5 5 6 6 6 6 6 6
n34-m289 12246 15 18 15 3 4 4 4 4 4 5 5 5 6 6 6 6 6 6 18 1 1 1 1 1 3 4 4 5 5 5 5 6 6 6 6 6 6
n34-m289 12257 15 18 15 4 4 4 4 4 4 5 5 5 6 6 6 6 6 6 18 1 1 1 1 1 3 4 4 5 5 5 5 6 6 6 6 6 7
n34-m289 12258 15 18 15 4 4 4 4 4 4 5 5 5 6 6 6 6 6 6 18 1 1 1 1 1 3 4 4 5 5 5 6 6 6 6 6 6 6
n34-m289 12259 15 18 15 4 4 4 4 4 4 5 5 5 6 6 6 6 6 6 18 1 1 1 1 1 3 4 5 5 5 5 5 6 6 6 6 6 6
n34-m289 12263 15 18 15 4 4 4 4 4 4 5 5 5 6 6 6 6 6 6 18 1 1 1 1 1 4 4 4 5 5 5 5 6 6 6 6 6 6
n34-m289 12267 15 18 15 4 4 4 4 4 4 5 5 5 6 6 6 6 6 6 18 1 1 1 1 2 3 4 4 5 5 5 5 6 6 6 6 6 6
n34-m289 12274 15 18 15 2 3 4 4 4 5 5 5 5 6 6 6 6 6 6 18 1 1 1 1 1 2 4 4 5 5 5 5 6 6 6 6 6 6
n34-m289 12275 15 18 15 3 3 4 4 4 5 5 5 5 6 6 6 6 6 6 18 1 1 1 1 1 3 4 4 5 5 5 5 6 6 6 6 6 6
n34-m289 12281 15 18 15 2 4 4 4 4 5 5 5 5 6 6 6 6 6 6 18 1 1 1 1 1 3 4 4 5 5 5 5 6 6 6 6 6 6
n34-m289 12284 15 18 15 3 4 4 4 4 5 5 5 5 6 6 6 6 6 6 18 1 1 1 1 1 3 4 4 5 5 5 5 6 6 6 6 6 7
n34-m289 12285 15 18 15 3 4 4 4 4 5 5 5 5 6 6 6 6 6 6 18 1 1 1 1 1 3 4 4 5 5 5 6 6 6 6 6 6 6
n34-m289 12286 15 18 15 3 4 4 4 4 5 5 5 5 6 6 6 6 6 6 18 1 1 1 1 1 3 4 5 5 5 5 5 6 6 6 6 6 6
n34-m289 12287 15 18 15 3 4 4 4 4 5 5 5 5 6 6 6 6 6 6 18 1 1 1 1 1 4 4 4 5 5 5 5 6 6 6 6 6 6
n34-m289 12288 15 18 15 3 4 4 4 4 5 5 5 5 6 6 6 6 6 6 18 1 1 1 1 2 3 4 4 5 5 5 5 6 6 6 6 6 6
n34-m289 12301 15 18 15 4 4 4 4 4 5 5 5 5 6 6 6 6 6 6 18 1 1 1 1 1 4 4 4 5 5 5 5 6 6 6 6 6 7
n34-m289 12302 15 18 15 4 4 4 4 4 5 5 5 5 6 6 6 6 6 6 18 1 1 1 1 1 4 4 4 5 5 5 6 6 6 6 6 6 6
n34-m289 12303 15 18 15 4 4 4 4 4 5 5 5 5 6 6 6 6 6 6 18 1 1 1 1 1 4 4 5 5 5 5 5 6 6 6 6 6 6
n34-m289 12308 15 18 15 4 4 4 4 4 5 5 5 5 6 6 6 6 6 6 18 1 1 1 1 2 4 4 4 5 5 5 5 6 6 6 6 6 6
n34-m289 12311 15 18 15 2 3 3 4 5 5 5 5 5 6 6 6 6 6 6 18 1 1 1 1 1 2 3 5 5 5 5 5 6 6 6 6 6 6
n34-m289 12312 15 18 15 3 3 3 4 5 5 5 5 5 6 6 6 6 6 6 18 1 1 1 1 1 3 3 5 5 5 5 5 6 6 6 6 6 6
n34-m289 12314 15 18 15 3 3 4 4 5 5 5 5 5 6 6 6 6 6 6 18 1 1 1 1 1 3 4 5 5 5 5 5 6 6 6 6 6 6
n34-m289 12315 15 18 15 2 4 4 4 5 5 5 5 5 6 6 6 6 6 6 18 1 1 1 1 1 3 4 5 5 5 5 5 6 6 6 6 6 6
n34-m289 12317 15 18 15 3 4 4 4 5 5 5 5 5 6 6 6 6 6 6 18 1 1 1 1 1 3 4 5 5 5 5 5 6 6 6 6 6 7
n34-m289 12318 15 18 15 3 4 4 4 5 5 5 5 5 6 6 6 6 6 6 18 1 1 1 1 1 3 4 5 5 5 5 6 6 6 6 6 6 6
n34-m289 12319 15 18 15 3 4 4 4 5 5 5 5 5 6 6 6 6 6 6 18 1 1 1 1 1 3 5 5 5 5 5 5 6 6 6 6 6 6
n34-m289 12320 15 18 15 3 4 4 4 5 5 5 5 5 6 6 6 6 6 6 18 1 1 1 1 1 4 4 5 5 5 5 5 6 6 6 6 6 6
n34-m289 12321 15 18 15 3 4 4 4 5 5 5 5 5 6 6 6 6 6 6 18 1 1 1 1 2 3 4 5 5 5 5 5 6 6 6 6 6 6
n34-m289 12323 15 18 15 4 4 4 4 5 5 5 5 5 6 6 6 6 6 6 18 1 1 1 1 1 4 4 5 5 5 5 5 6 6 6 6 6 7
n34-m289 12324 15 18 15 4 4 4 4 5 5 5 5 5 6 6 6 6 6 6 18 1 1 1 1 1 4 4 5 5 5 5 6 6 6 6 6 6 6
n34-m289 12325 15 18 15 4 4 4 4 5 5 5 5 5 6 6 6 6 6 6 18 1 1 1 1 1 4 5 5 5 5 5 5 6 6 6 6 6 6
n34-m289 12326 15 18 15 4 4 4 4 5 5 5 5 5 6 6 6 6 6 6 18 1 1 1 1 2 4 4 5 5 5 5 5 6 6 6 6 6 6
n34-m289 12328 15 18 15 3 3 3 5 5 5 5 5 5 6 6 6 6 6 6 18 1 1 1 1 1 3 4 5 5 5 5 5 6 6 6 6 6 6
n34-m289 12329 15 18 15 2 2 4 5 5 5 5 5 5 6 6 6 6 6 6 18 1 1 1 1 1 2 4 5 5 5 5 5 6 6 6 6 6 6
n34-m289 12330 15 18 15 2 3 4 5 5 5 5 5 5 6 6 6 6 6 6 18 1 1 1 1 1 3 4 5 5 5 5 5 6 6 6 6 6 6
n34-m289 12332 15 18 15 3 3 4 5 5 5 5 5 5 6 6 6 6 6 6 18 1 1 1 1 1 3 4 5 5 5 5 5 6 6 6 6 6 7
n34-m289 12333 15 18 15 3 3 4 5 5 5 5 5 5 6 6 6 6 6 6 18 1 1 1 1 1 3 4 5 5 5 5 6 6 6 6 6 6 6
n34-m289 12334 15 18 15 3 3 4 5 5 5 5 5 5 6 6 6 6 6 6 18 1 1 1 1 1 3 5 5 5 5 5 5 6 6 6 6 6 6
n34-m289 12335 15 18 15 3 3 4 5 5 5 5 5 5 6 6 6 6 6 6 18 1 1 1 1 1 4 4 5 5 5 5 5 6 6 6 6 6 6
n34-m289 12336 15 18 15 3 3 4 5 5 5 5 5 5 6 6 6 6 6 6 18 1 1 1 1 2 3 4 5 5 5 5 5 6 6 6 6 6 6
n34-m289 12337 15 18 15 1 4 4 5 5 5 5 5 5 6 6 6 6 6 6 18 1 1 1 1 1 3 4 5 5 5 5 5 6 6 6 6 6 6
n34-m289 12339 15 18 15 2 4 4 5 5 5 5 5 5 6 6 6 6 6 6 18 1 1 1 1 1 3 4 5 5 5 5 5 6 6 6 6 6 7
n34-m289 12340 15 18 15 2 4 4 5 5 5 5 5 5 6 6 6 6 6 6 18 1 1 1 1 1 3 4 5 5 5 5 6 6 6 6 6 6 6
n34-m289 12341 15 18 15 2 4 4 5 5 5 5 5 5 6 6 6 6 6 6 18 1 1 1 1 1 3 5 5 5 5 5 5 6 6 6 6 6 6
n34-m289 12342 15 18 15 2 4 4 5 5 5 5 5 5 6 6 6 6 6 6 18 1 1 1 1 1 4 4 5 5 5 5 5 6 6 6 6 6 6
n34-m289 12343 15 18 15 2 4 4 5 5 5 5 5 5 6 6 6 6 6 6 18 1 1 1 1 2 3 4 5 5 5 5 5 6 6 6 6 6 6
n34-m289 12346 15 18 15 3 4 4 5 5 5 5 5 5 6 6 6 6 6 6 18 1 1 1 1 1 3 4 5 5 5 5 5 6 6 6 6 6 8
n34-m289 12347 15 18 15 3 4 4 5 5 5 5 5 5 6 6 6 6 6 6 18 1 1 1 1 1 3 4 5 5 5 5 5 6 6 6 6 7 7
n34-m289 12349 15 18 15 3 4 4 5 5 5 5 5 5 6 6 6 6 6 6 18 1 1 1 1 1 3 4 5 5 5 5 6 6 6 6 6 6 7
n34-m289 12350 15 18 15 3 4 4 5 5 5 5 5 5 6 6 6 6 6 6 18 1 1 1 1 1 3 4 5 5 5 6 6 6 6 6 6 6 6
n34-m289 12352 15 18 15 3 4 4 5 5 5 5 5 5 6 6 6 6 6 6 18 1 1 1 1 1 3 5 5 5 5 5 5 6 6 6 6 6 7
n34-m289 12353 15 18 15 3 4 4 5 5 5 5 5 5 6 6 6 6 6 6 18 1 1 1 1 1 3 5 5 5 5 5 6 6 6 6 6 6 6
n34-m289 12355 15 18 15 3 4 4 5 5 5 5 5 5 6 6 6 6 6 6 18 1 1 1 1 1 4 4 5 5 5 5 5 6 6 6 6 6 7
n34-m289 12356 15 18 15 3 4 4 5 5 5 5 5 5 6 6 6 6 6 6 18 1 1 1 1 1 4 4 5 5 5 5 6 6 6 6 6 6 6
n34-m289 12357 15 18 15 3 4 4 5 5 5 5 5 5 6 6 6 6 6 6 18 1 1 1 1 1 4 5 5 5 5 5 5 6 6 6 6 6 6
n34-m289 12359 15 18 15 3 4 4 5 5 5 5 5 5 6 6 6 6 6 6 18 1 1 1 1 2 3 4 5 5 5 5 5 6 6 6 6 6 7
n34-m289 12360 15 18 15 3 4 4 5 5 5 5 5 5 6 6 6 6 6 6 18 1 1 1 1 2 3 4 5 5 5 5 6 6 6 6 6 6 6
n34-m289 12361 15 18 15 3 4 4 5 5 5 5 5 5 6 6 6 6 6 6 18 1 1 1 1 2 3 5 5 5 5 5 5 6 6 6 6 6 6
n34-m289 12362 15 18 15 3 4 4 5 5 5 5 5 5 6 6 6 6 6 6 18 1 1 1 1 2 4 4 5 5 5 5 5 6 6 6 6 6 6
n34-m289 12363 15 18 15 3 4 4 5 5 5 5 5 5 6 6 6 6 6 6 18 1 1 1 1 3 3 4 5 5 5 5 5 6 6 6 6 6 6
n34-m289 12364 15 18 15 3 4 4 5 5 5 5 5 5 6 6 6 6 6 6 18 1 1 1 2 2 3 4 5 5 5 5 5 6 6 6 6 6 6
n34-m289 12367 15 18 15 4 4 4 5 5 5 5 5 5 6 6 6 6 6 6 18 1 1 1 1 1 4 4 5 5 5 5 5 6 6 6 6 6 8
n34-m289 12368 15 18 15 4 4 4 5 5 5 5 5 5 6 6 6 6 6 6 18 1 1 1 1 1 4 4 5 5 5 5 5 6 6 6 6 7 7
n34-m289 12370 15 18 15 4 4 4 5 5 5 5 5 5 6 6 6 6 6 6 18 1 1 1 1 1 4 4 5 5 5 5 6 6 6 6 6 6 7
n34-m289 12371 15 18 15 4 4 4 5 5 5 5 5 5 6 6 6 6 6 6 18 1 1 1 1 1 4 4 5 5 5 6 6 6 6 6 6 6 6
n34-m289 12373 15 18 15 4 4 4 5 5 5 5 5 5 6 6 6 6 6 6 18 1 1 1 1 1 4 5 5 5 5 5 5 6 6 6 6 6 7
n34-m289 12374 15 18 15 4 4 4 5 5 5 5 5 5 6 6 6 6 6 6 18 1 1 1 1 1 4 5 5 5 5 5 6 6 6 6 6 6 6
n34-m289 12375 15 18 15 4 4 4 5 5 5 5 5 5 6 6 6 6 6 6 18 1 1 1 1 1 5 5 5 5 5 5 5 6 6 6 6 6 6
n34-m289 12377 15 18 15 4 4 4 5 5 5 5 5 5 6 6 6 6 6 6 18 1 1 1 1 2 4 4 5 5 5 5 5 6 6 6 6 6 7
n34-m289 12378 15 18 15 4 4 4 5 5 5 5 5 5 6 6 6 6 6 6 18 1 1 1 1 2 4 4 5 5 5 5 6 6 6 6 6 6 6
n34-m289 12379 15 18 15 4 4 4 5 5 5 5 5 5 6 6 6 6 6 6 18 1 1 1 1 2 4 5 5 5 5 5 5 6 6 6 6 6 6
n34-m289 12380 15 18 15 4 4 4 5 5 5 5 5 5 6 6 6 6 6 6 18 1 1 1 1 3 4 4 5 5 5 5 5 6 6 6 6 6 6
n34-m289 12381 15 18 15 4 4 4 5 5 5 5 5 5 6 6 6 6 6 6 18 1 1 1 2 2 4 4 5 5 5 5 5 6 6 6 6 6 6
n34-m289 12382 15 18 15 2 2 5 5 5 5 5 5 5 6 6 6 6 6 6 18 1 1 1 1 1 2 5 5 5 5 5 5 6 6 6 6 6 6
n34-m289 12383 15 18 15 2 3 5 5 5 5 5 5 5 6 6 6 6 6 6 18 1 1 1 1 1 3 5 5 5 5 5 5 6 6 6 6 6 6
n34-m289 12385 15 18 15 3 3 5 5 5 5 5 5 5 6 6 6 6 6 6 18 1 1 1 1 1 3 5 5 5 5 5 5 6 6 6 6 6 7
n34-m289 12386 15 18 15 3 3 5 5 5 5 5 5 5 6 6 6 6 6 6 18 1 1 1 1 1 3 5 5 5 5 5 6 6 6 6 6 6 6
n34-m289 12387 15 18 15 3 3 5 5 5 5 5 5 5 6 6 6 6 6 6 18 1 1 1 1 1 4 5 5 5 5 5 5 6 6 6 6 6 6
n34-m289 12388 15 18 15 3 3 5 5 5 5 5 5 5 6 6 6 6 6 6 18 1 1 1 1 2 3 5 5 5 5 5 5 6 6 6 6 6 6
n34-m289 12389 15 18 15 1 4 5 5 5 5 5 5 5 6 6 6 6 6 6 18 1 1 1 1 1 3 5 5 5 5 5 5 6 6 6 6 6 6
n34-m289 12391 15 18 15 2 4 5 5 5 5 5 5 5 6 6 6 6 6 6 18 1 1 1 1 1 3 5 5 5 5 5 5 6 6 6 6 6 7
n34-m289 12392 15 18 15 2 4 5 5 5 5 5 5 5 6 6 6 6 6 6 18 1 1 1 1 1 3 5 5 5 5 5 6 6 6 6 6 6 6
n34-m289 12393 15 18 15 2 4 5 5 5 5 5 5 5 6 6 6 6 6 6 18 1 1 1 1 1 4 5 5 5 5 5 5 6 6 6 6 6 6
n34-m289 12394 15 18 15 2 4 5 5 5 5 5 5 5 6 6 6 6 6 6 18 1 1 1 1 2 3 5 5 5 5 5 5 6 6 6 6 6 6
n34-m289 12397 15 18 15 3 4 5 5 5 5 5 5 5 6 6 6 6 6 6 18 1 1 1 1 1 3 5 5 5 5 5 5 6 6 6 6 6 8
n34-m289 12398 15 18 15 3 4 5 5 5 5 5 5 5 6 6 6 6 6 6 18 1 1 1 1 1 3 5 5 5 5 5 5 6 6 6 6 7 7
n34-m289 12400 15 18 15 3 4 5 5 5 5 5 5 5 6 6 6 6 6 6 18 1 1 1 1 1 3 5 5 5 5 5 6 6 6 6 6 6 7
n34-m289 12401 15 18 15 3 4 5 5 5 5 5 5 5 6 6 6 6 6 6 18 1 1 1 1 1 3 5 5 5 5 6 6 6 6 6 6 6 6
n34-m289 12403 15 18 15 3 4 5 5 5 5 5 5 5 6 6 6 6 6 6 18 1 1 1 1 1 4 5 5 5 5 5 5 6 6 6 6 6 7
n34-m289 12404 15 18 15 3 4 5 5 5 5 5 5 5 6 6 6 6 6 6 18 1 1 1 1 1 4 5 5 5 5 5 6 6 6 6 6 6 6
n34-m289 12405 15 18 15 3 4 5 5 5 5 5 5 5 6 6 6 6 6 6 18 1 1 1 1 1 5 5 5 5 5 5 5 6 6 6 6 6 6
n34-m289 12407 15 18 15 3 4 5 5 5 5 5 5 5 6 6 6 6 6 6 18 1 1 1 1 2 3 5 5 5 5 5 5 6 6 6 6 6 7
n34-m289 12408 15 18 15 3 4 5 5 5 5 5 5 5 6 6 6 6 6 6 18 1 1 1 1 2 3 5 5 5 5 5 6 6 6 6 6 6 6
n34-m289 12409 15 18 15 3 4 5 5 5 5 5 5 5 6 6 6 6 6 6 18 1 1 1 1 2 4 5 5 5 5 5 5 6 6 6 6 6 6
n34-m289 12410 15 18 15 3 4 5 5 5 5 5 5 5 6 6 6 6 6 6 18 1 1 1 1 3 3 5 5 5 5 5 5 6 6 6 6 6 6
n34-m289 12411 15 18 15 3 4 5 5 5 5 5 5 5 6 6 6 6 6 6 18 1 1 1 2 2 3 5 5 5 5 5 5 6 6 6 6 6 6
n34-m289 12414 15 18 15 4 4 5 5 5 5 5 5 5 6 6 6 6 6 6 18 1 1 1 1 1 4 5 5 5 5 5 5 6 6 6 6 6 8
n34-m289 12415 15 18 15 4 4 5 5 5 5 5 5 5 6 6 6 6 6 6 18 1 1 1 1 1 4 5 5 5 5 5 5 6 6 6 6 7 7
n34-m289 12417 15 18 15 4 4 5 5 5 5 5 5 5 6 6 6 6 6 6 18 1 1 1 1 1 4 5 5 5 5 5 6 6 6 6 6 6 7
n34-m289 12418 15 18 15 4 4 5 5 5 5 5 5 5 6 6 6 6 6 6 18 1 1 1 1 1 4 5 5 5 5 6 6 6 6 6 6 6 6
n34-m289 12420 15 18 15 4 4 5 5 5 5 5 5 5 6 6 6 6 6 6 18 1 1 1 1 1 5 5 5 5 5 5 5 6 6 6 6 6 7
n34-m289 12421 15 18 15 4 4 5 5 5 5 5 5 5 6 6 6 6 6 6 18 1 1 1 1 1 5 5 5 5 5 5 6 6 6 6 6 6 6
n34-m289 12423 15 18 15 4 4 5 5 5 5 5 5 5 6 6 6 6 6 6 18 1 1 1 1 2 4 5 5 5 5 5 5 6 6 6 6 6 7
n34-m289 12424 15 18 15 4 4 5 5 5 5 5 5 5 6 6 6 6 6 6 18 1 1 1 1 2 4 5 5 5 5 5 6 6 6 6 6 6 6
n34-m289 12425 15 18 15 4 4 5 5 5 5 5 5 5 6 6 6 6 6 6 18 1 1 1 1 2 5 5 5 5 5 5 5 6 6 6 6 6 6
n34-m289 12426 15 18 15 4 4 5 5 5 5 5 5 5 6 6 6 6 6 6 18 1 1 1 1 3 4 5 5 5 5 5 5 6 6 6 6 6 6
n34-m289 12427 15 18 15 4 4 5 5 5 5 5 5 5 6 6 6 6 6 6 18 1 1 1 2 2 4 5 5 5 5 5 5 6 6 6 6 6 6
n34-m289 12432 15 18 15 1 5 5 5 5 5 5 5 5 6 6 6 6 6 6 18 1 1 1 1 1 4 5 5 5 5 5 5 6 6 6 6 6 6
n34-m289 12436 15 18 15 2 5 5 5 5 5 5 5 5 6 6 6 6 6 6 18 1 1 1 1 1 3 5 5 5 5 5 5 6 6 6 6 6 8
n34-m289 12437 15 18 15 2 5 5 5 5 5 5 5 5 6 6 6 6 6 6 18 1 1 1 1 1 3 5 5 5 5 5 5 6 6 6 6 7 7
n34-m289 12439 15 18 15 2 5 5 5 5 5 5 5 5 6 6 6 6 6 6 18 1 1 1 1 1 3 5 5 5 5 5 6 6 6 6 6 6 7
n34-m289 12440 15 18 15 2 5 5 5 5 5 5 5 5 6 6 6 6 6 6 18 1 1 1 1 1 3 5 5 5 5 6 6 6 6 6 6 6 6
n34-m289 12442 15 18 15 2 5 5 5 5 5 5 5 5 6 6 6 6 6 6 18 1 1 1 1 1 4 5 5 5 5 5 5 6 6 6 6 6 7
n34-m289 12443 15 18 15 2 5 5 5 5 5 5 5 5 6 6 6 6 6 6 18 1 1 1 1 1 4 5 5 5 5 5 6 6 6 6 6 6 6
n34-m289 12444 15 18 15 2 5 5 5 5 5 5 5 5 6 6 6 6 6 6 18 1 1 1 1 1 5 5 5 5 5 5 5 6 6 6 6 6 6
n34-m289 12448 15 18 15 2 5 5 5 5 5 5 5 5 6 6 6 6 6 6 18 1 1 1 1 2 4 5 5 5 5 5 5 6 6 6 6 6 6
n34-m289 12454 15 18 15 3 5 5 5 5 5 5 5 5 6 6 6 6 6 6 18 1 1 1 1 1 3 5 5 5 5 5 5 6 6 6 6 6 9
n34-m289 12456 15 18 15 3 5 5 5 5 5 5 5 5 6 6 6 6 6 6 18 1 1 1 1 1 3 5 5 5 5 5 5 6 6 6 6 7 8
n34-m289 12457 15 18 15 3 5 5 5 5 5 5 5 5 6 6 6 6 6 6 18 1 1 1 1 1 3 5 5 5 5 5 5 6 6 6 7 7 7
n34-m289 12460 15 18 15 3 5 5 5 5 5 5 5 5 6 6 6 6 6 6 18 1 1 1 1 1 3 5 5 5 5 5 6 6 6 6 6 6 8
n34-m289 12461 15 18 15 3 5 5 5 5 5 5 5 5 6 6 6 6 6 6 18 1 1 1 1 1 3 5 5 5 5 5 6 6 6 6 6 7 7
n34-m289 12463 15 18 15 3 5 5 5 5 5 5 5 5 6 6 6 6 6 6 18 1 1 1 1 1 3 5 5 5 5 6 6 6 6 6 6 6 7
n34-m289 12464 15 18 15 3 5 5 5 5 5 5 5 5 6 6 6 6 6 6 18 1 1 1 1 1 3 5 5 5 6 6 6 6 6 6 6 6 6
n34-m289 12467 15 18 15 3 5 5 5 5 5 5 5 5 6 6 6 6 6 6 18 1 1 1 1 1 4 5 5 5 5 5 5 6 6 6 6 6 8
n34-m289 12468 15 18 15 3 5 5 5 5 5 5 5 5 6 6 6 6 6 6 18 1 1 1 1 1 4 5 5 5 5 5 5 6 6 6 6 7 7
n34-m289 12470 15 18 15 3 5 5 5 5 5 5 5 5 6 6 6 6 6 6 18 1 1 1 1 1 4 5 5 5 5 5 6 6 6 6 6 6 7
n34-m289 12471 15 18 15 3 5 5 5 5 5 5 5 5 6 6 6 6 6 6 18 1 1 1 1 1 4 5 5 5 5 6 6 6 6 6 6 6 6
n34-m289 12473 15 18 15 3 5 5 5 5 5 5 5 5 6 6 6 6 6 6 18 1 1 1 1 1 5 5 5 5 5 5 5 6 6 6 6 6 7
n34-m289 12474 15 18 15 3 5 5 5 5 5 5 5 5 6 6 6 6 6 6 18 1 1 1 1 1 5 5 5 5 5 5 6 6 6 6 6 6 6
n34-m289 12477 15 18 15 3 5 5 5 5 5 5 5 5 6 6 6 6 6 6 18 1 1 1 1 2 3 5 5 5 5 5 5 6 6 6 6 6 8
n34-m289 12478 15 18 15 3 5 5 5 5 5 5 5 5 6 6 6 6 6 6 18 1 1 1 1 2 3 5 5 5 5 5 5 6 6 6 6 7 7
n34-m289 12480 15 18 15 3 5 5 5 5 5 5 5 5 6 6 6 6 6 6 18 1 1 1 1 2 3 5 5 5 5 5 6 6 6 6 6 6 7
n34-m289 12481 15 18 15 3 5 5 5 5 5 5 5 5 6 6 6 6 6 6 18 1 1 1 1 2 3 5 5 5 5 6 6 6 6 6 6 6 6
n34-m289 12483 15 18 15 3 5 5 5 5 5 5 5 5 6 6 6 6 6 6 18 1 1 1 1 2 4 5 5 5 5 5 5 6 6 6 6 6 7
n34-m289 12484 15 18 15 3 5 5 5 5 5 5 5 5 6 6 6 6 6 6 18 1 1 1 1 2 4 5 5 5 5 5 6 6 6 6 6 6 6
n34-m289 12485 15 18 15 3 5 5 5 5 5 5 5 5 6 6 6 6 6 6 18 1 1 1 1 2 5 5 5 5 5 5 5 6 6 6 6 6 6
n34-m289 12489 15 18 15 3 5 5 5 5 5 5 5 5 6 6 6 6 6 6 18 1 1 1 1 3 4 5 5 5 5 5 5 6 6 6 6 6 6
n34-m289 12493 15 18 15 3 5 5 5 5 5 5 5 5 6 6 6 6 6 6 18 1 1 1 2 2 4 5 5 5 5 5 5 6 6 6 6 6 6
n34-m289 12499 15 18 15 4 5 5 5 5 5 5 5 5 6 6 6 6 6 6 18 1 1 1 1 1 4 5 5 5 5 5 5 6 6 6 6 6 9
n34-m289 12501 15 18 15 4 5 5 5 5 5 5 5 5 6 6 6 6 6 6 18 1 1 1 1 1 4 5 5 5 5 5 5 6 6 6 6 7 8
n34-m289 12502 15 18 15 4 5 5 5 5 5 5 5 5 6 6 6 6 6 6 18 1 1 1 1 1 4 5 5 5 5 5 5 6 6 6 7 7 7
n34-m289 12505 15 18 15 4 5 5 5 5 5 5 5 5 6 6 6 6 6 6 18 1 1 1 1 1 4 5 5 5 5 5 6 6 6 6 6 6 8
n34-m289 12506 15 18 15 4 5 5 5 5 5 5 5 5 6 6 6 6 6 6 18 1 1 1 1 1 4 5 5 5 5 5 6 6 6 6 6 7 7
n34-m289 12508 15 18 15 4 5 5 5 5 5 5 5 5 6 6 6 6 6 6 18 1 1 1 1 1 4 5 5 5 5 6 6 6 6 6 6 6 7
n34-m289 12509 15 18 15 4 5 5 5 5 5 5 5 5 6 6 6 6 6 6 18 1 1 1 1 1 4 5 5 5 6 6 6 6 6 6 6 6 6
n34-m289 12512 15 18 15 4 5 5 5 5 5 5 5 5 6 6 6 6 6 6 18 1 1 1 1 1 5 5 5 5 5 5 5 6 6 6 6 6 8
n34-m289 12513 15 18 15 4 5 5 5 5 5 5 5 5 6 6 6 6 6 6 18 1 1 1 1 1 5 5 5 5 5 5 5 6 6 6 6 7 7
n34-m289 12515 15 18 15 4 5 5 5 5 5 5 5 5 6 6 6 6 6 6 18 1 1 1 1 1 5 5 5 5 5 5 6 6 6 6 6 6 7
n34-m289 12516 15 18 15 4 5 5 5 5 5 5 5 5 6 6 6 6 6 6 18 1 1 1 1 1 5 5 5 5 5 6 6 6 6 6 6 6 6
n34-m289 12519 15 18 15 4 5 5 5 5 5 5 5 5 6 6 6 6 6 6 18 1 1 1 1 2 4 5 5 5 5 5 5 6 6 6 6 6 8
n34-m289 12520 15 18 15 4 5 5 5 5 5 5 5 5 6 6 6 6 6 6 18 1 1 1 1 2 4 5 5 5 5 5 5 6 6 6 6 7 7
n34-m289 12522 15 18 15 4 5 5 5 5 5 5 5 5 6 6 6 6 6 6 18 1 1 1 1 2 4 5 5 5 5 5 6 6 6 6 6 6 7
n34-m289 12523 15 18 15 4 5 5 5 5 5 5 5 5 6 6 6 6 6 6 18 1 1 1 1 2 4 5 5 5 5 6 6 6 6 6 6 6 6
n34-m289 12525 15 18 15 4 5 5 5 5 5 5 5 5 6 6 6 6 6 6 18 1 1 1 1 2 5 5 5 5 5 5 5 6 6 6 6 6 7
n34-m289 12526 15 18 15 4 5 5 5 5 5 5 5 5 6 6 6 6 6 6 18 1 1 1 1 2 5 5 5 5 5 5 6 6 6 6 6 6 6
n34-m289 12528 15 18 15 4 5 5 5 5 5 5 5 5 6 6 6 6 6 6 18 1 1 1 1 3 4 5 5 5 5 5 5 6 6 6 6 6 7
n34-m289 12529 15 18 15 4 5 5 5 5 5 5 5 5 6 6 6 6 6 6 18 1 1 1 1 3 4 5 5 5 5 5 6 6 6 6 6 6 6
n34-m289 12530 15 18 15 4 5 5 5 5 5 5 5 5 6 6 6 6 6 6 18 1 1 1 1 3 5 5 5 5 5 5 5 6 6 6 6 6 6
n34-m289 12531 15 18 15 4 5 5 5 5 5 5 5 5 6 6 6 6 6 6 18 1 1 1 1 4 4 5 5 5 5 5 5 6 6 6 6 6 6
n34-m289 12533 15 18 15 4 5 5 5 5 5 5 5 5 6 6 6 6 6 6 18 1 1 1 2 2 4 5 5 5 5 5 5 6 6 6 6 6 7
n34-m289 12534 15 18 15 4 5 5 5 5 5 5 5 5 6 6 6 6 6 6 18 1 1 1 2 2 4 5 5 5 5 5 6 6 6 6 6 6 6
n34-m289 12535 15 18 15 4 5 5 5 5 5 5 5 5 6 6 6 6 6 6 18 1 1 1 2 2 5 5 5 5 5 5 5 6 6 6 6 6 6
n34-m289 12536 15 18 15 4 5 5 5 5 5 5 5 5 6 6 6 6 6 6 18 1 1 1 2 3 4 5 5 5 5 5 5 6 6 6 6 6 6
n34-m289 12537 15 18 15 4 5 5 5 5 5 5 5 5 6 6 6 6 6 6 18 1 1 2 2 2 4 5 5 5 5 5 5 6 6 6 6 6 6
n34-m289 12594 15 18 15 5 5 5 5 5 5 5 5 5 6 6 6 6 6 6 18 1 1 1 1 2 5 5 5 5 5 5 5 6 6 6 6 6 8
n34-m289 12595 15 18 15 5 5 5 5 5 5 5 5 5 6 6 6 6 6 6 18 1 1 1 1 2 5 5 5 5 5 5 5 6 6 6 6 7 7
n34-m289 12597 15 18 15 5 5 5 5 5 5 5 5 5 6 6 6 6 6 6 18 1 1 1 1 2 5 5 5 5 5 5 6 6 6 6 6 6 7
n34-m289 12598 15 18 15 5 5 5 5 5 5 5 5 5 6 6 6 6 6 6 18 1 1 1 1 2 5 5 5 5 5 6 6 6 6 6 6 6 6
n34-m289 12601 15 18 15 5 5 5 5 5 5 5 5 5 6 6 6 6 6 6 18 1 1 1 1 3 4 5 5 5 5 5 5 6 6 6 6 6 8
n34-m289 12602 15 18 15 5 5 5 5 5 5 5 5 5 6 6 6 6 6 6 18 1 1 1 1 3 4 5 5 5 5 5 5 6 6 6 6 7 7
n34-m289 12604 15 18 15 5 5 5 5 5 5 5 5 5 6 6 6 6 6 6 18 1 1 1 1 3 4 5 5 5 5 5 6 6 6 6 6 6 7
n34-m289 12605 15 18 15 5 5 5 5 5 5 5 5 5 6 6 6 6 6 6 18 1 1 1 1 3 4 5 5 5 5 6 6 6 6 6 6 6 6
n34-m289 12607 15 18 15 5 5 5 5 5 5 5 5 5 6 6 6 6 6 6 18 1 1 1 1 3 5 5 5 5 5 5 5 6 6 6 6 6 7
n34-m289 12608 15 18 15 5 5 5 5 5 5 5 5 5 6 6 6 6 6 6 18 1 1 1 1 3 5 5 5 5 5 5 6 6 6 6 6 6 6
n34-m289 12610 15 18 15 5 5 5 5 5 5 5 5 5 6 6 6 6 6 6 18 1 1 1 1 4 4 5 5 5 5 5 5 6 6 6 6 6 7
n34-m289 12611 15 18 15 5 5 5 5 5 5 5 5 5 6 6 6 6 6 6 18 1 1 1 1 4 4 5 5 5 5 5 6 6 6 6 6 6 6
n34-m289 12612 15 18 15 5 5 5 5 5 5 5 5 5 6 6 6 6 6 6 18 1 1 1 1 4 5 5 5 5 5 5 5 6 6 6 6 6 6
n34-m289 12621 15 18 15 5 5 5 5 5 5 5 5 5 6 6 6 6 6 6 18 1 1 1 2 2 5 5 5 5 5 5 5 6 6 6 6 6 7
n34-m289 12622 15 18 15 5 5 5 5 5 5 5 5 5 6 6 6 6 6 6 18 1 1 1 2 2 5 5 5 5 5 5 6 6 6 6 6 6 6
n34-m289 12624 15 18 15 5 5 5 5 5 5 5 5 5 6 6 6 6 6 6 18 1 1 1 2 3 4 5 5 5 5 5 5 6 6 6 6 6 7
n34-m289 12625 15 18 15 5 5 5 5 5 5 5 5 5 6 6 6 6 6 6 18 1 1 1 2 3 4 5 5 5 5 5 6 6 6 6 6 6 6
n34-m289 12626 15 18 15 5 5 5 5 5 5 5 5 5 6 6 6 6 6 6 18 1 1 1 2 3 5 5 5 5 5 5 5 6 6 6 6 6 6
n34-m289 12627 15 18 15 5 5 5 5 5 5 5 5 5 6 6 6 6 6 6 18 1 1 1 2 4 4 5 5 5 5 5 5 6 6 6 6 6 6
n34-m289 12628 15 18 15 5 5 5 5 5 5 5 5 5 6 6 6 6 6 6 18 1 1 1 3 3 4 5 5 5 5 5 5 6 6 6 6 6 6
n34-m289 12632 15 18 15 5 5 5 5 5 5 5 5 5 6 6 6 6 6 6 18 1 1 2 2 2 5 5 5 5 5 5 5 6 6 6 6 6 6
n34-m289 12633 15 18 15 5 5 5 5 5 5 5 5 5 6 6 6 6 6 6 18 1 1 2 2 3 4 5 5 5 5 5 5 6 6 6 6 6 6
n34-m289 12642 15 18 15 4 4 4 4 4 4 4 4 6 6 6 6 6 6 6 18 1 1 1 1 1 3 4 4 4 4 6 6 6 6 6 6 6 6
n34-m289 12651 15 18 15 4 4 4 4 4 4 4 5 6 6 6 6 6 6 6 18 1 1 1 1 1 3 4 4 4 5 6 6 6 6 6 6 6 6
n34-m289 12652 15 18 15 4 4 4 4 4 4 4 5 6 6 6 6 6 6 6 18 1 1 1 1 1 3 4 4 5 5 5 6 6 6 6 6 6 6
n34-m289 12671 15 18 15 3 4 4 4 4 5 5 5 6 6 6 6 6 6 6 18 1 1 1 1 1 3 4 5 5 5 5 6 6 6 6 6 6 6
n34-m289 12677 15 18 15 4 4 4 4 4 5 5 5 6 6 6 6 6 6 6 18 1 1 1 1 1 4 4 5 5 5 5 6 6 6 6 6 6 6
n34-m289 12679 15 18 15 3 3 4 4 5 5 5 5 6 6 6 6 6 6 6 18 1 1 1 1 1 3 4 5 5 5 5 6 6 6 6 6 6 6
n34-m289 12680 15 18 15 2 4 4 4 5 5 5 5 6 6 6 6 6 6 6 18 1 1 1 1 1 3 4 5 5 5 5 6 6 6 6 6 6 6
n34-m289 12682 15 18 15 3 4 4 4 5 5 5 5 6 6 6 6 6 6 6 18 1 1 1 1 1 3 4 5 5 5 5 6 6 6 6 6 6 7
n34-m289 12683 15 18 15 3 4 4 4 5 5 5 5 6 6 6 6 6 6 6 18 1 1 1 1 1 3 4 5 5 5 6 6 6 6 6 6 6 6
n34-m289 12684 15 18 15 3 4 4 4 5 5 5 5 6 6 6 6 6 6 6 18 1 1 1 1 1 3 5 5 5 5 5 6 6 6 6 6 6 6
n34-m289 12685 15 18 15 3 4 4 4 5 5 5 5 6 6 6 6 6 6 6 18 1 1 1 1 1 4 4 5 5 5 5 6 6 6 6 6 6 6
n34-m289 12686 15 18 15 3 4 4 4 5 5 5 5 6 6 6 6 6 6 6 18 1 1 1 1 2 3 4 5 5 5 5 6 6 6 6 6 6 6
n34-m289 12688 15 18 15 4 4 4 4 5 5 5 5 6 6 6 6 6 6 6 18 1 1 1 1 1 4 4 5 5 5 5 6 6 6 6 6 6 7
n34-m289 12689 15 18 15 4 4 4 4 5 5 5 5 6 6 6 6 6 6 6 18 1 1 1 1 1 4 4 5 5 5 6 6 6 6 6 6 6 6
n34-m289 12690 15 18 15 4 4 4 4 5 5 5 5 6 6 6 6 6 6 6 18 1 1 1 1 1 4 5 5 5 5 5 6 6 6 6 6 6 6
n34-m289 12691 15 18 15 4 4 4 4 5 5 5 5 6 6 6 6 6 6 6 18 1 1 1 1 2 4 4 5 5 5 5 6 6 6 6 6 6 6
n34-m289 12692 15 18 15 3 3 3 5 5 5 5 5 6 6 6 6 6 6 6 18 1 1 1 1 1 3 4 5 5 5 5 6 6 6 6 6 6 6
n34-m289 12694 15 18 15 2 3 4 5 5 5 5 5 6 6 6 6 6 6 6 18 1 1 1 1 1 3 4 5 5 5 5 6 6 6 6 6 6 6
n34-m289 12696 15 18 15 3 3 4 5 5 5 5 5 6 6 6 6 6 6 6 18 1 1 1 1 1 3 4 5 5 5 5 6 6 6 6 6 6 7
n34-m289 12697 15 18 15 3 3 4 5 5 5 5 5 6 6 6 6 6 6 6 18 1 1 1 1 1 3 4 5 5 5 6 6 6 6 6 6 6 6
n34-m289 12698 15 18 15 3 3 4 5 5 5 5 5 6 6 6 6 6 6 6 18 1 1 1 1 1 3 5 5 5 5 5 6 6 6 6 6 6 6
n34-m289 12699 15 18 15 3 3 4 5 5 5 5 5 6 6 6 6 6 6 6 18 1 1 1 1 1 4 4 5 5 5 5 6 6 6 6 6 6 6
n34-m289 12700 15 18 15 3 3 4 5 5 5 5 5 6 6 6 6 6 6 6 18 1 1 1 1 2 3 4 5 5 5 5 6 6 6 6 6 6 6
n34-m289 12705 15 18 15 2 4 4 5 5 5 5 5 6 6 6 6 6 6 6 18 1 1 1 1 1 3 5 5 5 5 5 6 6 6 6 6 6 6
n34-m289 12706 15 18 15 2 4 4 5 5 5 5 5 6 6 6 6 6 6 6 18 1 1 1 1 1 4 4 5 5 5 5 6 6 6 6 6 6 6
n34-m289 12716 15 18 15 3 4 4 5 5 5 5 5 6 6 6 6 6 6 6 18 1 1 1 1 1 3 5 5 5 5 5 6 6 6 6 6 6 7
n34-m289 12717 15 18 15 3 4 4 5 5 5 5 5 6 6 6 6 6 6 6 18 1 1 1 1 1 3 5 5 5 5 6 6 6 6 6 6 6 6
n34-m289 12719 15 18 15 3 4 4 5 5 5 5 5 6 6 6 6 6 6 6 18 1 1 1 1 1 4 4 5 5 5 5 6 6 6 6 6 6 7
n34-m289 12720 15 18 15 3 4 4 5 5 5 5 5 6 6 6 6 6 6 6 18 1 1 1 1 1 4 4 5 5 5 6 6 6 6 6 6 6 6
n34-m289 12721 15 18 15 3 4 4 5 5 5 5 5 6 6 6 6 6 6 6 18 1 1 1 1 1 4 5 5 5 5 5 6 6 6 6 6 6 6
n34-m289 12725 15 18 15 3 4 4 5 5 5 5 5 6 6 6 6 6 6 6 18 1 1 1 1 2 3 5 5 5 5 5 6 6 6 6 6 6 6
n34-m289 12726 15 18 15 3 4 4 5 5 5 5 5 6 6 6 6 6 6 6 18 1 1 1 1 2 4 4 5 5 5 5 6 6 6 6 6 6 6
n34-m289 12731 15 18 15 4 4 4 5 5 5 5 5 6 6 6 6 6 6 6 18 1 1 1 1 1 4 4 5 5 5 5 6 6 6 6 6 6 8
n34-m289 12732 15 18 15 4 4 4 5 5 5 5 5 6 6 6 6 6 6 6 18 1 1 1 1 1 4 4 5 5 5 5 6 6 6 6 6 7 7
n34-m289 12734 15 18 15 4 4 4 5 5 5 5 5 6 6 6 6 6 6 6 18 1 1 1 1 1 4 4 5 5 5 6 6 6 6 6 6 6 7
n34-m289 12735 15 18 15 4 4 4 5 5 5 5 5 6 6 6 6 6 6 6 18 1 1 1 1 1 4 4 5 5 6 6 6 6 6 6 6 6 6
n34-m289 12737 15 18 15 4 4 4 5 5 5 5 5 6 6 6 6 6 6 6 18 1 1 1 1 1 4 5 5 5 5 5 6 6 6 6 6 6 7
n34-m289 12738 15 18 15 4 4 4 5 5 5 5 5 6 6 6 6 6 6 6 18 1 1 1 1 1 4 5 5 5 5 6 6 6 6 6 6 6 6
n34-m289 12739 15 18 15 4 4 4 5 5 5 5 5 6 6 6 6 6 6 6 18 1 1 1 1 1 5 5 5 5 5 5 6 6 6 6 6 6 6
n34-m289 12741 15 18 15 4 4 4 5 5 5 5 5 6 6 6 6 6 6 6 18 1 1 1 1 2 4 4 5 5 5 5 6 6 6 6 6 6 7
n34-m289 12742 15 18 15 4 4 4 5 5 5 5 5 6 6 6 6 6 6 6 18 1 1 1 1 2 4 4 5 5 5 6 6 6 6 6 6 6 6
n34-m289 12743 15 18 15 4 4 4 5 5 5 5 5 6 6 6 6 6 6 6 18 1 1 1 1 2 4 5 5 5 5 5 6 6 6 6 6 6 6
n34-m289 12744 15 18 15 4 4 4 5 5 5 5 5 6 6 6 6 6 6 6 18 1 1 1 1 3 4 4 5 5 5 5 6 6 6 6 6 6 6
n34-m289 12745 15 18 15 4 4 4 5 5 5 5 5 6 6 6 6 6 6 6 18 1 1 1 2 2 4 4 5 5 5 5 6 6 6 6 6 6 6
n34-m289 12747 15 18 15 2 3 5 5 5 5 5 5 6 6 6 6 6 6 6 18 1 1 1 1 1 3 5 5 5 5 5 6 6 6 6 6 6 6
n34-m289 12749 15 18 15 3 3 5 5 5 5 5 5 6 6 6 6 6 6 6 18 1 1 1 1 1 3 5 5 5 5 5 6 6 6 6 6 6 7
n34-m289 12750 15 18 15 3 3 5 5 5 5 5 5 6 6 6 6 6 6 6 18 1 1 1 1 1 3 5 5 5 5 6 6 6 6 6 6 6 6
n34-m289 12751 15 18 15 3 3 5 5 5 5 5 5 6 6 6 6 6 6 6 18 1 1 1 1 1 4 5 5 5 5 5 6 6 6 6 6 6 6
n34-m289 12752 15 18 15 3 3 5 5 5 5 5 5 6 6 6 6 6 6 6 18 1 1 1 1 2 3 5 5 5 5 5 6 6 6 6 6 6 6
n34-m289 12755 15 18 15 2 4 5 5 5 5 5 5 6 6 6 6 6 6 6 18 1 1 1 1 1 3 5 5 5 5 5 6 6 6 6 6 6 7
n34-m289 12756 15 18 15 2 4 5 5 5 5 5 5 6 6 6 6 6 6 6 18 1 1 1 1 1 3 5 5 5 5 6 6 6 6 6 6 6 6
n34-m289 12757 15 18 15 2 4 5 5 5 5 5 5 6 6 6 6 6 6 6 18 1 1 1 1 1 4 5 5 5 5 5 6 6 6 6 6 6 6
n34-m289 12761 15 18 15 3 4 5 5 5 5 5 5 6 6 6 6 6 6 6 18 1 1 1 1 1 3 5 5 5 5 5 6 6 6 6 6 6 8
n34-m289 12762 15 18 15 3 4 5 5 5 5 5 5 6 6 6 6 6 6 6 18 1 1 1 1 1 3 5 5 5 5 5 6 6 6 6 6 7 7
n34-m289 12764 15 18 15 3 4 5 5 5 5 5 5 6 6 6 6 6 6 6 18 1 1 1 1 1 3 5 5 5 5 6 6 6 6 6 6 6 7
n34-m289 12765 15 18 15 3 4 5 5 5 5 5 5 6 6 6 6 6 6 6 18 1 1 1 1 1 3 5 5 5 6 6 6 6 6 6 6 6 6
n34-m289 12767 15 18 15 3 4 5 5 5 5 5 5 6 6 6 6 6 6 6 18 1 1 1 1 1 4 5 5 5 5 5 6 6 6 6 6 6 7
n34-m289 12768 15 18 15 3 4 5 5 5 5 5 5 6 6 6 6 6 6 6 18 1 1 1 1 1 4 5 5 5 5 6 6 6 6 6 6 6 6
n34-m289 12769 15 18 15 3 4 5 5 5 5 5 5 6 6 6 6 6 6 6 18 1 1 1 1 1 5 5 5 5 5 5 6 6 6 6 6 6 6
n34-m289 12771 15 18 15 3 4 5 5 5 5 5 5 6 6 6 6 6 6 6 18 1 1 1 1 2 3 5 5 5 5 5 6 6 6 6 6 6 7
n34-m289 12772 15 18 15 3 4 5 5 5 5 5 5 6 6 6 6 6 6 6 18 1 1 1 1 2 3 5 5 5 5 6 6 6 6 6 6 6 6
n34-m289 12773 15 18 15 3 4 5 5 5 5 5 5 6 6 6 6 6 6 6 18 1 1 1 1 2 4 5 5 5 5 5 6 6 6 6 6 6 6
n34-m289 12778 15 18 15 4 4 5 5 5 5 5 5 6 6 6 6 6 6 6 18 1 1 1 1 1 4 5 5 5 5 5 6 6 6 6 6 6 8
n34-m289 12779 15 18 15 4 4 5 5 5 5 5 5 6 6 6 6 6 6 6 18 1 1 1 1 1 4 5 5 5 5 5 6 6 6 6 6 7 7
n34-m289 12781 15 18 15 4 4 5 5 5 5 5 5 6 6 6 6 6 6 6 18 1 1 1 1 1 4 5 5 5 5 6 6 6 6 6 6 6 7
n34-m289 12782 15 18 15 4 4 5 5 5 5 5 5 6 6 6 6 6 6 6 18 1 1 1 1 1 4 5 5 5 6 6 6 6 6 6 6 6 6
n34-m289 12784 15 18 15 4 4 5 5 5 5 5 5 6 6 6 6 6 6 6 18 1 1 1 1 1 5 5 5 5 5 5 6 6 6 6 6 6 7
n34-m289 12785 15 18 15 4 4 5 5 5 5 5 5 6 6 6 6 6 6 6 18 1 1 1 1 1 5 5 5 5 5 6 6 6 6 6 6 6 6
n34-m289 12787 15 18 15 4 4 5 5 5 5 5 5 6 6 6 6 6 6 6 18 1 1 1 1 2 4 5 5 5 5 5 6 6 6 6 6 6 7
n34-m289 12788 15 18 15 4 4 5 5 5 5 5 5 6 6 6 6 6 6 6 18 1 1 1 1 2 4 5 5 5 5 6 6 6 6 6 6 6 6
n34-m289 12789 15 18 15 4 4 5 5 5 5 5 5 6 6 6 6 6 6 6 18 1 1 1 1 2 5 5 5 5 5 5 6 6 6 6 6 6 6
n34-m289 12790 15 18 15 4 4 5 5 5 5 5 5 6 6 6 6 6 6 6 18 1 1 1 1 3 4 5 5 5 5 5 6 6 6 6 6 6 6
n34-m289 12791 15 18 15 4 4 5 5 5 5 5 5 6 6 6 6 6 6 6 18 1 1 1 2 2 4 5 5 5 5 5 6 6 6 6 6 6 6
n34-m289 12792 15 18 15 1 5 5 5 5 5 5 5 6 6 6 6 6 6 6 18 1 1 1 1 1 4 5 5 5 5 5 6 6 6 6 6 6 6
n34-m289 12794 15 18 15 2 5 5 5 5 5 5 5 6 6 6 6 6 6 6 18 1 1 1 1 1 4 5 5 5 5 5 6 6 6 6 6 6 7
n34-m289 12795 15 18 15 2 5 5 5 5 5 5 5 6 6 6 6 6 6 6 18 1 1 1 1 1 4 5 5 5 5 6 6 6 6 6 6 6 6
n34-m289 12796 15 18 15 2 5 5 5 5 5 5 5 6 6 6 6 6 6 6 18 1 1 1 1 1 5 5 5 5 5 5 6 6 6 6 6 6 6
n34-m289 12797 15 18 15 2 5 5 5 5 5 5 5 6 6 6 6 6 6 6 18 1 1 1 1 2 4 5 5 5 5 5 6 6 6 6 6 6 6
n34-m289 12800 15 18 15 3 5 5 5 5 5 5 5 6 6 6 6 6 6 6 18 1 1 1 1 1 4 5 5 5 5 5 6 6 6 6 6 6 8
n34-m289 12801 15 18 15 3 5 5 5 5 5 5 5 6 6 6 6 6 6 6 18 1 1 1 1 1 4 5 5 5 5 5 6 6 6 6 6 7 7
n34-m289 12803 15 18 15 3 5 5 5 5 5 5 5 6 6 6 6 6 6 6 18 1 1 1 1 1 4 5 5 5 5 6 6 6 6 6 6 6 7
n34-m289 12804 15 18 15 3 5 5 5 5 5 5 5 6 6 6 6 6 6 6 18 1 1 1 1 1 4 5 5 5 6 6 6 6 6 6 6 6 6
n34-m289 12806 15 18 15 3 5 5 5 5 5 5 5 6 6 6 6 6 6 6 18 1 1 1 1 1 5 5 5 5 5 5 6 6 6 6 6 6 7
n34-m289 12807 15 18 15 3 5 5 5 5 5 5 5 6 6 6 6 6 6 6 18 1 1 1 1 1 5 5 5 5 5 6 6 6 6 6 6 6 6
n34-m289 12809 15 18 15 3 5 5 5 5 5 5 5 6 6 6 6 6 6 6 18 1 1 1 1 2 4 5 5 5 5 5 6 6 6 6 6 6 7
n34-m289 12810 15 18 15 3 5 5 5 5 5 5 5 6 6 6 6 6 6 6 18 1 1 1 1 2 4 5 5 5 5 6 6 6 6 6 6 6 6
n34-m289 12811 15 18 15 3 5 5 5 5 5 5 5 6 6 6 6 6 6 6 18 1 1 1 1 2 5 5 5 5 5 5 6 6 6 6 6 6 6
n34-m289 12812 15 18 15 3 5 5 5 5 5 5 5 6 6 6 6 6 6 6 18 1 1 1 1 3 4 5 5 5 5 5 6 6 6 6 6 6 6
n34-m289 12813 15 18 15 3 5 5 5 5 5 5 5 6 6 6 6 6 6 6 18 1 1 1 2 2 4 5 5 5 5 5 6 6 6 6 6 6 6
n34-m289 12837 15 18 15 4 5 5 5 5 5 5 5 6 6 6 6 6 6 6 18 1 1 1 1 2 4 5 5 5 5 5 6 6 6 6 6 6 8
n34-m289 12838 15 18 15 4 5 5 5 5 5 5 5 6 6 6 6 6 6 6 18 1 1 1 1 2 4 5 5 5 5 5 6 6 6 6 6 7 7
n34-m289 12840 15 18 15 4 5 5 5 5 5 5 5 6 6 6 6 6 6 6 18 1 1 1 1 2 4 5 5 5 5 6 6 6 6 6 6 6 7
n34-m289 12841 15 18 15 4 5 5 5 5 5 5 5 6 6 6 6 6 6 6 18 1 1 1 1 2 4 5 5 5 6 6 6 6 6 6 6 6 6
n34-m289 12843 15 18 15 4 5 5 5 5 5 5 5 6 6 6 6 6 6 6 18 1 1 1 1 2 5 5 5 5 5 5 6 6 6 6 6 6 7
n34-m289 12844 15 18 15 4 5 5 5 5 5 5 5 6 6 6 6 6 6 6 18 1 1 1 1 2 5 5 5 5 5 6 6 6 6 6 6 6 6
n34-m289 12846 15 18 15 4 5 5 5 5 5 5 5 6 6 6 6 6 6 6 18 1 1 1 1 3 4 5 5 5 5 5 6 6 6 6 6 6 7
n34-m289 12847 15 18 15 4 5 5 5 5 5 5 5 6 6 6 6 6 6 6 18 1 1 1 1 3 4 5 5 5 5 6 6 6 6 6 6 6 6
n34-m289 12848 15 18 15 4 5 5 5 5 5 5 5 6 6 6 6 6 6 6 18 1 1 1 1 3 5 5 5 5 5 5 6 6 6 6 6 6 6
n34-m289 12849 15 18 15 4 5 5 5 5 5 5 5 6 6 6 6 6 6 6 18 1 1 1 1 4 4 5 5 5 5 5 6 6 6 6 6 6 6
n34-m289 12851 15 18 15 4 5 5 5 5 5 5 5 6 6 6 6 6 6 6 18 1 1 1 2 2 4 5 5 5 5 5 6 6 6 6 6 6 7
n34-m289 12852 15 18 15 4 5 5 5 5 5 5 5 6 6 6 6 6 6 6 18 1 1 1 2 2 4 5 5 5 5 6 6 6 6 6 6 6 6
n34-m289 12853 15 18 15 4 5 5 5 5 5 5 5 6 6 6 6 6 6 6 18 1 1 1 2 2 5 5 5 5 5 5 6 6 6 6 6 6 6
n34-m289 12854 15 18 15 4 5 5 5 5 5 5 5 6 6 6 6 6 6 6 18 1 1 1 2 3 4 5 5 5 5 5 6 6 6 6 6 6 6
n34-m289 12855 15 18 15 4 5 5 5 5 5 5 5 6 6 6 6 6 6 6 18 1 1 2 2 2 4 5 5 5 5 5 6 6 6 6 6 6 6
n34-m289 12858 15 18 15 5 5 5 5 5 5 5 5 6 6 6 6 6 6 6 18 1 1 1 1 2 5 5 5 5 5 5 6 6 6 6 6 6 8
n34-m289 12859 15 18 15 5 5 5 5 5 5 5 5 6 6 6 6 6 6 6 18 1 1 1 1 2 5 5 5 5 5 5 6 6 6 6 6 7 7
n34-m289 12861 15 18 15 5 5 5 5 5 5 5 5 6 6 6 6 6 6 6 18 1 1 1 1 2 5 5 5 5 5 6 6 6 6 6 6 6 7
n34-m289 12862 15 18 15 5 5 5 5 5 5 5 5 6 6 6 6 6 6 6 18 1 1 1 1 2 5 5 5 5 6 6 6 6 6 6 6 6 6
n34-m289 12864 15 18 15 5 5 5 5 5 5 5 5 6 6 6 6 6 6 6 18 1 1 1 1 3 5 5 5 5 5 5 6 6 6 6 6 6 7
n34-m289 12865 15 18 15 5 5 5 5 5 5 5 5 6 6 6 6 6 6 6 18 1 1 1 1 3 5 5 5 5 5 6 6 6 6 6 6 6 6
n34-m289 12866 15 18 15 5 5 5 5 5 5 5 5 6 6 6 6 6 6 6 18 1 1 1 1 4 5 5 5 5 5 5 6 6 6 6 6 6 6
n34-m289 12868 15 18 15 5 5 5 5 5 5 5 5 6 6 6 6 6 6 6 18 1 1 1 2 2 5 5 5 5 5 5 6 6 6 6 6 6 7
n34-m289 12869 15 18 15 5 5 5 5 5 5 5 5 6 6 6 6 6 6 6 18 1 1 1 2 2 5 5 5 5 5 6 6 6 6 6 6 6 6
n34-m289 12870 15 18 15 5 5 5 5 5 5 5 5 6 6 6 6 6 6 6 18 1 1 1 2 3 5 5 5 5 5 5 6 6 6 6 6 6 6
n34-m289 12871 15 18 15 5 5 5 5 5 5 5 5 6 6 6 6 6 6 6 18 1 1 2 2 2 5 5 5 5 5 5 6 6 6 6 6 6 6
n34-m289 12887 15 18 15 3 4 4 4 4 5 5 6 6 6 6 6 6 6 6 18 1 1 1 1 1 3 4 5 5 5 6 6 6 6 6 6 6 6
n34-m289 12893 15 18 15 4 4 4 4 4 5 5 6 6 6 6 6 6 6 6 18 1 1 1 1 1 4 4 5 5 5 6 6 6 6 6 6 6 6
n34-m289 12895 15 18 15 3 3 4 4 5 5 5 6 6 6 6 6 6 6 6 18 1 1 1 1 1 3 4 5 5 5 6 6 6 6 6 6 6 6
n34-m289 12896 15 18 15 2 4 4 4 5 5 5 6 6 6 6 6 6 6 6 18 1 1 1 1 1 3 4 5 5 5 6 6 6 6 6 6 6 6
n34-m289 12898 15 18 15 3 4 4 4 5 5 5 6 6 6 6 6 6 6 6 18 1 1 1 1 1 3 4 5 5 5 6 6 6 6 6 6 6 7
n34-m289 12899 15 18 15 3 4 4 4 5 5 5 6 6 6 6 6 6 6 6 18 1 1 1 1 1 3 4 5 5 6 6 6 6 6 6 6 6 6
n34-m289 12900 15 18 15 3 4 4 4 5 5 5 6 6 6 6 6 6 6 6 18 1 1 1 1 1 3 5 5 5 5 6 6 6 6 6 6 6 6
n34-m289 12901 15 18 15 3 4 4 4 5 5 5 6 6 6 6 6 6 6 6 18 1 1 1 1 1 4 4 5 5 5 6 6 6 6 6 6 6 6
n34-m289 12902 15 18 15 3 4 4 4 5 5 5 6 6 6 6 6 6 6 6 18 1 1 1 1 2 3 4 5 5 5 6 6 6 6 6 6 6 6
n34-m289 12904 15 18 15 4 4 4 4 5 5 5 6 6 6 6 6 6 6 6 18 1 1 1 1 1 4 4 5 5 5 6 6 6 6 6 6 6 7
n34-m289 12905 15 18 15 4 4 4 4 5 5 5 6 6 6 6 6 6 6 6 18 1 1 1 1 1 4 4 5 5 6 6 6 6 6 6 6 6 6
n34-m289 12906 15 18 15 4 4 4 4 5 5 5 6 6 6 6 6 6 6 6 18 1 1 1 1 1 4 5 5 5 5 6 6 6 6 6 6 6 6
n34-m289 12907 15 18 15 4 4 4 4 5 5 5 6 6 6 6 6 6 6 6 18 1 1 1 1 2 4 4 5 5 5 6 6 6 6 6 6 6 6
n34-m289 12913 15 18 15 3 3 4 5 5 5 5 6 6 6 6 6 6 6 6 18 1 1 1 1 1 3 4 5 5 6 6 6 6 6 6 6 6 6
n34-m289 12914 15 18 15 3 3 4 5 5 5 5 6 6 6 6 6 6 6 6 18 1 1 1 1 1 3 5 5 5 5 6 6 6 6 6 6 6 6
n34-m289 12921 15 18 15 2 4 4 5 5 5 5 6 6 6 6 6 6 6 6 18 1 1 1 1 1 3 5 5 5 5 6 6 6 6 6 6 6 6
n34-m289 12932 15 18 15 3 4 4 5 5 5 5 6 6 6 6 6 6 6 6 18 1 1 1 1 1 3 5 5 5 5 6 6 6 6 6 6 6 7
n34-m289 12933 15 18 15 3 4 4 5 5 5 5 6 6 6 6 6 6 6 6 18 1 1 1 1 1 3 5 5 5 6 6 6 6 6 6 6 6 6
n34-m289 12936 15 18 15 3 4 4 5 5 5 5 6 6 6 6 6 6 6 6 18 1 1 1 1 1 4 4 5 5 6 6 6 6 6 6 6 6 6
n34-m289 12937 15 18 15 3 4 4 5 5 5 5 6 6 6 6 6 6 6 6 18 1 1 1 1 1 4 5 5 5 5 6 6 6 6 6 6 6 6
n34-m289 12941 15 18 15 3 4 4 5 5 5 5 6 6 6 6 6 6 6 6 18 1 1 1 1 2 3 5 5 5 5 6 6 6 6 6 6 6 6
n34-m289 12950 15 18 15 4 4 4 5 5 5 5 6 6 6 6 6 6 6 6 18 1 1 1 1 1 4 4 5 5 6 6 6 6 6 6 6 6 7
n34-m289 12951 15 18 15 4 4 4 5 5 5 5 6 6 6 6 6 6 6 6 18 1 1 1 1 1 4 4 5 6 6 6 6 6 6 6 6 6 6
n34-m289 12953 15 18 15 4 4 4 5 5 5 5 6 6 6 6 6 6 6 6 18 1 1 1 1 1 4 5 5 5 5 6 6 6 6 6 6 6 7
n34-m289 12954 15 18 15 4 4 4 5 5 5 5 6 6 6 6 6 6 6 6 18 1 1 1 1 1 4 5 5 5 6 6 6 6 6 6 6 6 6
n34-m289 12955 15 18 15 4 4 4 5 5 5 5 6 6 6 6 6 6 6 6 18 1 1 1 1 1 5 5 5 5 5 6 6 6 6 6 6 6 6
n34-m289 12958 15 18 15 4 4 4 5 5 5 5 6 6 6 6 6 6 6 6 18 1 1 1 1 2 4 4 5 5 6 6 6 6 6 6 6 6 6
n34-m289 12959 15 18 15 4 4 4 5 5 5 5 6 6 6 6 6 6 6 6 18 1 1 1 1 2 4 5 5 5 5 6 6 6 6 6 6 6 6
n34-m289 12962 15 18 15 2 3 5 5 5 5 5 6 6 6 6 6 6 6 6 18 1 1 1 1 1 3 5 5 5 5 6 6 6 6 6 6 6 6
n34-m289 12964 15 18 15 3 3 5 5 5 5 5 6 6 6 6 6 6 6 6 18 1 1 1 1 1 3 5 5 5 5 6 6 6 6 6 6 6 7
n34-m289 12965 15 18 15 3 3 5 5 5 5 5 6 6 6 6 6 6 6 6 18 1 1 1 1 1 3 5 5 5 6 6 6 6 6 6 6 6 6
n34-m289 12966 15 18 15 3 3 5 5 5 5 5 6 6 6 6 6 6 6 6 18 1 1 1 1 1 4 5 5 5 5 6 6 6 6 6 6 6 6
n34-m289 12967 15 18 15 3 3 5 5 5 5 5 6 6 6 6 6 6 6 6 18 1 1 1 1 2 3 5 5 5 5 6 6 6 6 6 6 6 6
n34-m289 12968 15 18 15 2 4 5 5 5 5 5 6 6 6 6 6 6 6 6 18 1 1 1 1 1 4 5 5 5 5 6 6 6 6 6 6 6 6
n34-m289 12970 15 18 15 3 4 5 5 5 5 5 6 6 6 6 6 6 6 6 18 1 1 1 1 1 4 5 5 5 5 6 6 6 6 6 6 6 7
n34-m289 12971 15 18 15 3 4 5 5 5 5 5 6 6 6 6 6 6 6 6 18 1 1 1 1 1 4 5 5 5 6 6 6 6 6 6 6 6 6
n34-m289 12972 15 18 15 3 4 5 5 5 5 5 6 6 6 6 6 6 6 6 18 1 1 1 1 1 5 5 5 5 5 6 6 6 6 6 6 6 6
n34-m289 12973 15 18 15 3 4 5 5 5 5 5 6 6 6 6 6 6 6 6 18 1 1 1 1 2 4 5 5 5 5 6 6 6 6 6 6 6 6
n34-m289 12985 15 18 15 4 4 5 5 5 5 5 6 6 6 6 6 6 6 6 18 1 1 1 1 2 4 5 5 5 5 6 6 6 6 6 6 6 7
n34-m289 12986 15 18 15 4 4 5 5 5 5 5 6 6 6 6 6 6 6 6 18 1 1 1 1 2 4 5 5 5 6 6 6 6 6 6 6 6 6
n34-m289 12987 15 18 15 4 4 5 5 5 5 5 6 6 6 6 6 6 6 6 18 1 1 1 1 2 5 5 5 5 5 6 6 6 6 6 6 6 6
n34-m289 12988 15 18 15 4 4 5 5 5 5 5 6 6 6 6 6 6 6 6 18 1 1 1 1 3 4 5 5 5 5 6 6 6 6 6 6 6 6
n34-m289 12989 15 18 15 4 4 5 5 5 5 5 6 6 6 6 6 6 6 6 18 1 1 1 2 2 4 5 5 5 5 6 6 6 6 6 6 6 6
n34-m289 12990 15 18 15 1 5 5 5 5 5 5 6 6 6 6 6 6 6 6 18 1 1 1 1 1 4 5 5 5 5 6 6 6 6 6 6 6 6
n34-m289 12992 15 18 15 2 5 5 5 5 5 5 6 6 6 6 6 6 6 6 18 1 1 1 1 1 4 5 5 5 5 6 6 6 6 6 6 6 7
n34-m289 12993 15 18 15 2 5 5 5 5 5 5 6 6 6 6 6 6 6 6 18 1 1 1 1 1 4 5 5 5 6 6 6 6 6 6 6 6 6
n34-m289 12994 15 18 15 2 5 5 5 5 5 5 6 6 6 6 6 6 6 6 18 1 1 1 1 1 5 5 5 5 5 6 6 6 6 6 6 6 6
n34-m289 12995 15 18 15 2 5 5 5 5 5 5 6 6 6 6 6 6 6 6 18 1 1 1 1 2 4 5 5 5 5 6 6 6 6 6 6 6 6
n34-m289 13007 15 18 15 3 5 5 5 5 5 5 6 6 6 6 6 6 6 6 18 1 1 1 1 2 4 5 5 5 5 6 6 6 6 6 6 6 7
n34-m289 13008 15 18 15 3 5 5 5 5 5 5 6 6 6 6 6 6 6 6 18 1 1 1 1 2 4 5 5 5 6 6 6 6 6 6 6 6 6
n34-m289 13009 15 18 15 3 5 5 5 5 5 5 6 6 6 6 6 6 6 6 18 1 1 1 1 2 5 5 5 5 5 6 6 6 6 6 6 6 6
n34-m289 13010 15 18 15 3 5 5 5 5 5 5 6 6 6 6 6 6 6 6 18 1 1 1 1 3 4 5 5 5 5 6 6 6 6 6 6 6 6
n34-m289 13011 15 18 15 3 5 5 5 5 5 5 6 6 6 6 6 6 6 6 18 1 1 1 2 2 4 5 5 5 5 6 6 6 6 6 6 6 6
n34-m289 13014 15 18 15 4 5 5 5 5 5 5 6 6 6 6 6 6 6 6 18 1 1 1 1 2 4 5 5 5 5 6 6 6 6 6 6 6 8
n34-m289 13015 15 18 15 4 5 5 5 5 5 5 6 6 6 6 6 6 6 6 18 1 1 1 1 2 4 5 5 5 5 6 6 6 6 6 6 7 7
n34-m289 13017 15 18 15 4 5 5 5 5 5 5 6 6 6 6 6 6 6 6 18 1 1 1 1 2 4 5 5 5 6 6 6 6 6 6 6 6 7
n34-m289 13018 15 18 15 4 5 5 5 5 5 5 6 6 6 6 6 6 6 6 18 1 1 1 1 2 4 5 5 6 6 6 6 6 6 6 6 6 6
n34-m289 13020 15 18 15 4 5 5 5 5 5 5 6 6 6 6 6 6 6 6 18 1 1 1 1 2 5 5 5 5 5 6 6 6 6 6 6 6 7
n34-m289 13021 15 18 15 4 5 5 5 5 5 5 6 6 6 6 6 6 6 6 18 1 1 1 1 2 5 5 5 5 6 6 6 6 6 6 6 6 6
n34-m289 13023 15 18 15 4 5 5 5 5 5 5 6 6 6 6 6 6 6 6 18 1 1 1 1 3 4 5 5 5 5 6 6 6 6 6 6 6 7
n34-m289 13024 15 18 15 4 5 5 5 5 5 5 6 6 6 6 6 6 6 6 18 1 1 1 1 3 4 5 5 5 6 6 6 6 6 6 6 6 6
n34-m289 13025 15 18 15 4 5 5 5 5 5 5 6 6 6 6 6 6 6 6 18 1 1 1 1 3 5 5 5 5 5 6 6 6 6 6 6 6 6
n34-m289 13026 15 18 15 4 5 5 5 5 5 5 6 6 6 6 6 6 6 6 18 1 1 1 1 4 4 5 5 5 5 6 6 6 6 6 6 6 6
n34-m289 13028 15 18 15 4 5 5 5 5 5 5 6 6 6 6 6 6 6 6 18 1 1 1 2 2 4 5 5 5 5 6 6 6 6 6 6 6 7
n34-m289 13029 15 18 15 4 5 5 5 5 5 5 6 6 6 6 6 6 6 6 18 1 1 1 2 2 4 5 5 5 6 6 6 6 6 6 6 6 6
n34-m289 13030 15 18 15 4 5 5 5 5 5 5 6 6 6 6 6 6 6 6 18 1 1 1 2 2 5 5 5 5 5 6 6 6 6 6 6 6 6
n34-m289 13031 15 18 15 4 5 5 5 5 5 5 6 6 6 6 6 6 6 6 18 1 1 1 2 3 4 5 5 5 5 6 6 6 6 6 6 6 6
n34-m289 13032 15 18 15 4 5 5 5 5 5 5 6 6 6 6 6 6 6 6 18 1 1 2 2 2 4 5 5 5 5 6 6 6 6 6 6 6 6
n34-m289 13035 15 18 15 5 5 5 5 5 5 5 6 6 6 6 6 6 6 6 18 1 1 1 1 2 5 5 5 5 5 6 6 6 6 6 6 6 8
n34-m289 13036 15 18 15 5 5 5 5 5 5 5 6 6 6 6 6 6 6 6 18 1 1 1 1 2 5 5 5 5 5 6 6 6 6 6 6 7 7
n34-m289 13038 15 18 15 5 5 5 5 5 5 5 6 6 6 6 6 6 6 6 18 1 1 1 1 2 5 5 5 5 6 6 6 6 6 6 6 6 7
n34-m289 13039 15 18 15 5 5 5 5 5 5 5 6 6 6 6 6 6 6 6 18 1 1 1 1 2 5 5 5 6 6 6 6 6 6 6 6 6 6
n34-m289 13041 15 18 15 5 5 5 5 5 5 5 6 6 6 6 6 6 6 6 18 1 1 1 1 3 5 5 5 5 5 6 6 6 6 6 6 6 7
n34-m289 13042 15 18 15 5 5 5 5 5 5 5 6 6 6 6 6 6 6 6 18 1 1 1 1 3 5 5 5 5 6 6 6 6 6 6 6 6 6
n34-m289 13043 15 18 15 5 5 5 5 5 5 5 6 6 6 6 6 6 6 6 18 1 1 1 1 4 5 5 5 5 5 6 6 6 6 6 6 6 6
n34-m289 13045 15 18 15 5 5 5 5 5 5 5 6 6 6 6 6 6 6 6 18 1 1 1 2 2 5 5 5 5 5 6 6 6 6 6 6 6 7
n34-m289 13046 15 18 15 5 5 5 5 5 5 5 6 6 6 6 6 6 6 6 18 1 1 1 2 2 5 5 5 5 6 6 6 6 6 6 6 6 6
n34-m289 13047 15 18 15 5 5 5 5 5 5 5 6 6 6 6 6 6 6 6 18 1 1 1 2 3 5 5 5 5 5 6 6 6 6 6 6 6 6
n34-m289 13048 15 18 15 5 5 5 5 5 5 5 6 6 6 6 6 6 6 6 18 1 1 2 2 2 5 5 5 5 5 6 6 6 6 6 6 6 6
n34-m289 13049 15 18 15 3 4 4 4 4 4 6 6 6 6 6 6 6 6 6 18 1 1 1 1 1 3 4 4 5 6 6 6 6 6 6 6 6 6
n34-m289 13050 15 18 15 4 4 4 4 4 4 6 6 6 6 6 6 6 6 6 18 1 1 1 1 1 4 4 4 5 6 6 6 6 6 6 6 6 6
n34-m289 13055 15 18 15 3 4 4 4 4 5 6 6 6 6 6 6 6 6 6 18 1 1 1 1 1 3 4 4 6 6 6 6 6 6 6 6 6 6
n34-m289 13056 15 18 15 3 4 4 4 4 5 6 6 6 6 6 6 6 6 6 18 1 1 1 1 1 3 4 5 5 6 6 6 6 6 6 6 6 6
n34-m289 13061 15 18 15 4 4 4 4 4 5 6 6 6 6 6 6 6 6 6 18 1 1 1 1 1 4 4 4 6 6 6 6 6 6 6 6 6 6
n34-m289 13062 15 18 15 4 4 4 4 4 5 6 6 6 6 6 6 6 6 6 18 1 1 1 1 1 4 4 5 5 6 6 6 6 6 6 6 6 6
n34-m289 13064 15 18 15 3 3 4 4 5 5 6 6 6 6 6 6 6 6 6 18 1 1 1 1 1 3 4 5 5 6 6 6 6 6 6 6 6 6
n34-m289 13069 15 18 15 3 4 4 4 5 5 6 6 6 6 6 6 6 6 6 18 1 1 1 1 1 3 5 5 5 6 6 6 6 6 6 6 6 6
n34-m289 13070 15 18 15 3 4 4 4 5 5 6 6 6 6 6 6 6 6 6 18 1 1 1 1 1 4 4 5 5 6 6 6 6 6 6 6 6 6
n34-m289 13073 15 18 15 4 4 4 4 5 5 6 6 6 6 6 6 6 6 6 18 1 1 1 1 1 4 4 5 5 6 6 6 6 6 6 6 6 7
n34-m289 13074 15 18 15 4 4 4 4 5 5 6 6 6 6 6 6 6 6 6 18 1 1 1 1 1 4 4 5 6 6 6 6 6 6 6 6 6 6
n34-m289 13075 15 18 15 4 4 4 4 5 5 6 6 6 6 6 6 6 6 6 18 1 1 1 1 1 4 5 5 5 6 6 6 6 6 6 6 6 6
n34-m289 13076 15 18 15 4 4 4 4 5 5 6 6 6 6 6 6 6 6 6 18 1 1 1 1 2 4 4 5 5 6 6 6 6 6 6 6 6 6
n34-m289 13082 15 18 15 3 3 4 5 5 5 6 6 6 6 6 6 6 6 6 18 1 1 1 1 1 3 5 5 5 6 6 6 6 6 6 6 6 6
n34-m289 13089 15 18 15 3 4 4 5 5 5 6 6 6 6 6 6 6 6 6 18 1 1 1 1 1 4 5 5 5 6 6 6 6 6 6 6 6 6
n34-m289 13105 15 18 15 4 4 4 5 5 5 6 6 6 6 6 6 6 6 6 18 1 1 1 1 2 4 5 5 5 6 6 6 6 6 6 6 6 6
n34-m289 13108 15 18 15 2 3 5 5 5 5 6 6 6 6 6 6 6 6 6 18 1 1 1 1 1 3 5 5 5 6 6 6 6 6 6 6 6 6
n34-m289 13110 15 18 15 3 3 5 5 5 5 6 6 6 6 6 6 6 6 6 18 1 1 1 1 1 3 5 5 5 6 6 6 6 6 6 6 6 7
n34-m289 13111 15 18 15 3 3 5 5 5 5 6 6 6 6 6 6 6 6 6 18 1 1 1 1 1 3 5 5 6 6 6 6 6 6 6 6 6 6
n34-m289 13112 15 18 15 3 3 5 5 5 5 6 6 6 6 6 6 6 6 6 18 1 1 1 1 1 4 5 5 5 6 6 6 6 6 6 6 6 6
n34-m289 13113 15 18 15 3 3 5 5 5 5 6 6 6 6 6 6 6 6 6 18 1 1 1 1 2 3 5 5 5 6 6 6 6 6 6 6 6 6
n34-m289 13114 15 18 15 2 4 5 5 5 5 6 6 6 6 6 6 6 6 6 18 1 1 1 1 1 4 5 5 5 6 6 6 6 6 6 6 6 6
n34-m289 13119 15 18 15 3 4 5 5 5 5 6 6 6 6 6 6 6 6 6 18 1 1 1 1 2 4 5 5 5 6 6 6 6 6 6 6 6 6
n34-m289 13121 15 18 15 4 4 5 5 5 5 6 6 6 6 6 6 6 6 6 18 1 1 1 1 2 4 5 5 5 6 6 6 6 6 6 6 6 7
n34-m289 13122 15 18 15 4 4 5 5 5 5 6 6 6 6 6 6 6 6 6 18 1 1 1 1 2 4 5 5 6 6 6 6 6 6 6 6 6 6
n34-m289 13123 15 18 15 4 4 5 5 5 5 6 6 6 6 6 6 6 6 6 18 1 1 1 1 2 5 5 5 5 6 6 6 6 6 6 6 6 6
n34-m289 13124 15 18 15 4 4 5 5 5 5 6 6 6 6 6 6 6 6 6 18 1 1 1 1 3 4 5 5 5 6 6 6 6 6 6 6 6 6
n34-m289 13125 15 18 15 4 4 5 5 5 5 6 6 6 6 6 6 6 6 6 18 1 1 1 2 2 4 5 5 5 6 6 6 6 6 6 6 6 6
n34-m289 13126 15 18 15 1 5 5 5 5 5 6 6 6 6 6 6 6 6 6 18 1 1 1 1 1 4 5 5 5 6 6 6 6 6 6 6 6 6
n34-m289 13131 15 18 15 2 5 5 5 5 5 6 6 6 6 6 6 6 6 6 18 1 1 1 1 2 4 5 5 5 6 6 6 6 6 6 6 6 6
n34-m289 13133 15 18 15 3 5 5 5 5 5 6 6 6 6 6 6 6 6 6 18 1 1 1 1 2 4 5 5 5 6 6 6 6 6 6 6 6 7
n34-m289 13134 15 18 15 3 5 5 5 5 5 6 6 6 6 6 6 6 6 6 18 1 1 1 1 2 4 5 5 6 6 6 6 6 6 6 6 6 6
n34-m289 13135 15 18 15 3 5 5 5 5 5 6 6 6 6 6 6 6 6 6 18 1 1 1 1 2 5 5 5 5 6 6 6 6 6 6 6 6 6
n34-m289 13136 15 18 15 3 5 5 5 5 5 6 6 6 6 6 6 6 6 6 18 1 1 1 1 3 4 5 5 5 6 6 6 6 6 6 6 6 6
n34-m289 13137 15 18 15 3 5 5 5 5 5 6 6 6 6 6 6 6 6 6 18 1 1 1 2 2 4 5 5 5 6 6 6 6 6 6 6 6 6
n34-m289 13146 15 18 15 4 5 5 5 5 5 6 6 6 6 6 6 6 6 6 18 1 1 1 1 2 5 5 5 5 6 6 6 6 6 6 6 6 7
n34-m289 13147 15 18 15 4 5 5 5 5 5 6 6 6 6 6 6 6 6 6 18 1 1 1 1 2 5 5 5 6 6 6 6 6 6 6 6 6 6
n34-m289 13149 15 18 15 4 5 5 5 5 5 6 6 6 6 6 6 6 6 6 18 1 1 1 1 3 4 5 5 5 6 6 6 6 6 6 6 6 7
n34-m289 13150 15 18 15 4 5 5 5 5 5 6 6 6 6 6 6 6 6 6 18 1 1 1 1 3 4 5 5 6 6 6 6 6 6 6 6 6 6
n34-m289 13151 15 18 15 4 5 5 5 5 5 6 6 6 6 6 6 6 6 6 18 1 1 1 1 3 5 5 5 5 6 6 6 6 6 6 6 6 6
n34-m289 13152 15 18 15 4 5 5 5 5 5 6 6 6 6 6 6 6 6 6 18 1 1 1 1 4 4 5 5 5 6 6 6 6 6 6 6 6 6
n34-m289 13156 15 18 15 4 5 5 5 5 5 6 6 6 6 6 6 6 6 6 18 1 1 1 2 2 5 5 5 5 6 6 6 6 6 6 6 6 6
n34-m289 13157 15 18 15 4 5 5 5 5 5 6 6 6 6 6 6 6 6 6 18 1 1 1 2 3 4 5 5 5 6 6 6 6 6 6 6 6 6
n34-m289 13167 15 18 15 5 5 5 5 5 5 6 6 6 6 6 6 6 6 6 18 1 1 1 1 3 5 5 5 5 6 6 6 6 6 6 6 6 7
n34-m289 13168 15 18 15 5 5 5 5 5 5 6 6 6 6 6 6 6 6 6 18 1 1 1 1 3 5 5 5 6 6 6 6 6 6 6 6 6 6
n34-m289 13169 15 18 15 5 5 5 5 5 5 6 6 6 6 6 6 6 6 6 18 1 1 1 1 4 5 5 5 5 6 6 6 6 6 6 6 6 6
n34-m289 13173 15 18 15 5 5 5 5 5 5 6 6 6 6 6 6 6 6 6 18 1 1 1 2 3 5 5 5 5 6 6 6 6 6 6 6 6 6
n34-m289 13175 15 18 15 3 3 4 4 4 6 6 6 6 6 6 6 6 6 6 18 1 1 1 1 1 3 4 4 6 6 6 6 6 6 6 6 6 6
n34-m289 13176 15 18 15 2 4 4 4 4 6 6 6 6 6 6 6 6 6 6 18 1 1 1 1 1 3 4 4 6 6 6 6 6 6 6 6 6 6
n34-m289 13178 15 18 15 3 4 4 4 4 6 6 6 6 6 6 6 6 6 6 18 1 1 1 1 1 3 4 4 6 6 6 6 6 6 6 6 6 7
n34-m289 13179 15 18 15 3 4 4 4 4 6 6 6 6 6 6 6 6 6 6 18 1 1 1 1 1 3 4 5 6 6 6 6 6 6 6 6 6 6
n34-m289 13180 15 18 15 3 4 4 4 4 6 6 6 6 6 6 6 6 6 6 18 1 1 1 1 1 4 4 4 6 6 6 6 6 6 6 6 6 6
n34-m289 13181 15 18 15 3 4 4 4 4 6 6 6 6 6 6 6 6 6 6 18 1 1 1 1 2 3 4 4 6 6 6 6 6 6 6 6 6 6
n34-m289 13183 15 18 15 4 4 4 4 4 6 6 6 6 6 6 6 6 6 6 18 1 1 1 1 1 4 4 4 6 6 6 6 6 6 6 6 6 7
n34-m289 13184 15 18 15 4 4 4 4 4 6 6 6 6 6 6 6 6 6 6 18 1 1 1 1 1 4 4 5 6 6 6 6 6 6 6 6 6 6
n34-m289 13185 15 18 15 4 4 4 4 4 6 6 6 6 6 6 6 6 6 6 18 1 1 1 1 2 4 4 4 6 6 6 6 6 6 6 6 6 6
n34-m289 13186 15 18 15 3 3 4 4 5 6 6 6 6 6 6 6 6 6 6 18 1 1 1 1 1 3 4 5 6 6 6 6 6 6 6 6 6 6
n34-m289 13187 15 18 15 3 4 4 4 5 6 6 6 6 6 6 6 6 6 6 18 1 1 1 1 1 4 4 5 6 6 6 6 6 6 6 6 6 6
n34-m289 13192 15 18 15 4 4 4 4 5 6 6 6 6 6 6 6 6 6 6 18 1 1 1 1 2 4 4 5 6 6 6 6 6 6 6 6 6 6
n34-m289 13198 15 18 15 3 3 4 5 5 6 6 6 6 6 6 6 6 6 6 18 1 1 1 1 1 3 5 5 6 6 6 6 6 6 6 6 6 6
n34-m289 13209 15 18 15 4 4 4 5 5 6 6 6 6 6 6 6 6 6 6 18 1 1 1 1 2 4 4 6 6 6 6 6 6 6 6 6 6 6
n34-m289 13210 15 18 15 4 4 4 5 5 6 6 6 6 6 6 6 6 6 6 18 1 1 1 1 2 4 5 5 6 6 6 6 6 6 6 6 6 6
n34-m289 13220 15 18 15 3 4 5 5 5 6 6 6 6 6 6 6 6 6 6 18 1 1 1 1 2 4 5 5 6 6 6 6 6 6 6 6 6 6
n34-m289 13222 15 18 15 4 4 5 5 5 6 6 6 6 6 6 6 6 6 6 18 1 1 1 1 2 4 5 5 6 6 6 6 6 6 6 6 6 7
n34-m289 13223 15 18 15 4 4 5 5 5 6 6 6 6 6 6 6 6 6 6 18 1 1 1 1 2 4 5 6 6 6 6 6 6 6 6 6 6 6
n34-m289 13224 15 18 15 4 4 5 5 5 6 6 6 6 6 6 6 6 6 6 18 1 1 1 1 2 5 5 5 6 6 6 6 6 6 6 6 6 6
n34-m289 13225 15 18 15 4 4 5 5 5 6 6 6 6 6 6 6 6 6 6 18 1 1 1 1 3 4 5 5 6 6 6 6 6 6 6 6 6 6
n34-m289 13226 15 18 15 4 4 5 5 5 6 6 6 6 6 6 6 6 6 6 18 1 1 1 2 2 4 5 5 6 6 6 6 6 6 6 6 6 6
n34-m289 13232 15 18 15 3 5 5 5 5 6 6 6 6 6 6 6 6 6 6 18 1 1 1 1 2 5 5 5 6 6 6 6 6 6 6 6 6 6
n34-m289 13247 15 18 15 4 5 5 5 5 6 6 6 6 6 6 6 6 6 6 18 1 1 1 1 3 4 5 6 6 6 6 6 6 6 6 6 6 6
n34-m289 13248 15 18 15 4 5 5 5 5 6 6 6 6 6 6 6 6 6 6 18 1 1 1 1 3 5 5 5 6 6 6 6 6 6 6 6 6 6
n34-m289 13257 15 18 15 5 5 5 5 5 6 6 6 6 6 6 6 6 6 6 18 1 1 1 1 3 5 5 5 6 6 6 6 6 6 6 6 6 7
n34-m289 13258 15 18 15 5 5 5 5 5 6 6 6 6 6 6 6 6 6 6 18 1 1 1 1 3 5 5 6 6 6 6 6 6 6 6 6 6 6
n34-m289 13259 15 18 15 5 5 5 5 5 6 6 6 6 6 6 6 6 6 6 18 1 1 1 1 4 5 5 5 6 6 6 6 6 6 6 6 6 6
n34-m289 13260 15 18 15 5 5 5 5 5 6 6 6 6 6 6 6 6 6 6 18 1 1 1 2 3 5 5 5 6 6 6 6 6 6 6 6 6 6
n34-m289 13265 15 18 15 3 3 4 4 6 6 6 6 6 6 6 6 6 6 6 18 1 1 1 1 1 3 4 6 6 6 6 6 6 6 6 6 6 6
n34-m289 13277 15 18 15 4 4 4 4 6 6 6 6 6 6 6 6 6 6 6 18 1 1 1 1 2 4 4 6 6 6 6 6 6 6 6 6 6 6
n34-m289 13278 15 18 15 4 4 4 4 6 6 6 6 6 6 6 6 6 6 6 18 1 1 1 1 2 4 5 5 6 6 6 6 6 6 6 6 6 6
n34-m289 13289 15 18 15 3 4 4 5 6 6 6 6 6 6 6 6 6 6 6 18 1 1 1 1 2 4 5 5 6 6 6 6 6 6 6 6 6 6
n34-m289 13291 15 18 15 4 4 4 5 6 6 6 6 6 6 6 6 6 6 6 18 1 1 1 1 2 4 5 5 6 6 6 6 6 6 6 6 6 7
n34-m289 13292 15 18 15 4 4 4 5 6 6 6 6 6 6 6 6 6 6 6 18 1 1 1 1 2 4 5 6 6 6 6 6 6 6 6 6 6 6
n34-m289 13293 15 18 15 4 4 4 5 6 6 6 6 6 6 6 6 6 6 6 18 1 1 1 1 2 5 5 5 6 6 6 6 6 6 6 6 6 6
n34-m289 13294 15 18 15 4 4 4 5 6 6 6 6 6 6 6 6 6 6 6 18 1 1 1 1 3 4 5 5 6 6 6 6 6 6 6 6 6 6
n34-m289 13295 15 18 15 4 4 4 5 6 6 6 6 6 6 6 6 6 6 6 18 1 1 1 2 2 4 5 5 6 6 6 6 6 6 6 6 6 6
n34-m289 13313 15 18 15 3 4 5 5 6 6 6 6 6 6 6 6 6 6 6 18 1 1 1 1 2 4 5 6 6 6 6 6 6 6 6 6 6 6
n34-m289 13314 15 18 15 3 4 5 5 6 6 6 6 6 6 6 6 6 6 6 18 1 1 1 1 2 5 5 5 6 6 6 6 6 6 6 6 6 6
n34-m289 13329 15 18 15 4 4 5 5 6 6 6 6 6 6 6 6 6 6 6 18 1 1 1 1 3 4 5 6 6 6 6 6 6 6 6 6 6 6
n34-m289 13330 15 18 15 4 4 5 5 6 6 6 6 6 6 6 6 6 6 6 18 1 1 1 1 3 5 5 5 6 6 6 6 6 6 6 6 6 6
n34-m289 13347 15 18 15 2 5 5 5 6 6 6 6 6 6 6 6 6 6 6 18 1 1 1 1 2 5 5 5 6 6 6 6 6 6 6 6 6 6
n34-m289 13363 15 18 15 3 5 5 5 6 6 6 6 6 6 6 6 6 6 6 18 1 1 1 1 3 5 5 5 6 6 6 6 6 6 6 6 6 6
n34-m289 13377 15 18 15 4 5 5 5 6 6 6 6 6 6 6 6 6 6 6 18 1 1 1 1 3 4 6 6 6 6 6 6 6 6 6 6 6 6
n34-m289 13379 15 18 15 4 5 5 5 6 6 6 6 6 6 6 6 6 6 6 18 1 1 1 1 3 5 5 5 6 6 6 6 6 6 6 6 6 7
n34-m289 13380 15 18 15 4 5 5 5 6 6 6 6 6 6 6 6 6 6 6 18 1 1 1 1 3 5 5 6 6 6 6 6 6 6 6 6 6 6
n34-m289 13384 15 18 15 4 5 5 5 6 6 6 6 6 6 6 6 6 6 6 18 1 1 1 1 4 5 5 5 6 6 6 6 6 6 6 6 6 6
n34-m289 13388 15 18 15 4 5 5 5 6 6 6 6 6 6 6 6 6 6 6 18 1 1 1 2 3 5 5 5 6 6 6 6 6 6 6 6 6 6
n34-m289 13394 15 18 15 5 5 5 5 6 6 6 6 6 6 6 6 6 6 6 18 1 1 1 1 3 5 5 5 6 6 6 6 6 6 6 6 6 8
n34-m289 13395 15 18 15 5 5 5 5 6 6 6 6 6 6 6 6 6 6 6 18 1 1 1 1 3 5 5 5 6 6 6 6 6 6 6 6 7 7
n34-m289 13397 15 18 15 5 5 5 5 6 6 6 6 6 6 6 6 6 6 6 18 1 1 1 1 3 5 5 6 6 6 6 6 6 6 6 6 6 7
n34-m289 13398 15 18 15 5 5 5 5 6 6 6 6 6 6 6 6 6 6 6 18 1 1 1 1 3 5 6 6 6 6 6 6 6 6 6 6 6 6
n34-m289 13400 15 18 15 5 5 5 5 6 6 6 6 6 6 6 6 6 6 6 18 1 1 1 1 4 5 5 5 6 6 6 6 6 6 6 6 6 7
n34-m289 13401 15 18 15 5 5 5 5 6 6 6 6 6 6 6 6 6 6 6 18 1 1 1 1 4 5 5 6 6 6 6 6 6 6 6 6 6 6
n34-m289 13402 15 18 15 5 5 5 5 6 6 6 6 6 6 6 6 6 6 6 18 1 1 1 1 5 5 5 5 6 6 6 6 6 6 6 6 6 6
n34-m289 13404 15 18 15 5 5 5 5 6 6 6 6 6 6 6 6 6 6 6 18 1 1 1 2 3 5 5 5 6 6 6 6 6 6 6 6 6 7
n34-m289 13405 15 18 15 5 5 5 5 6 6 6 6 6 6 6 6 6 6 6 18 1 1 1 2 3 5 5 6 6 6 6 6 6 6 6 6 6 6
n34-m289 13406 15 18 15 5 5 5 5 6 6 6 6 6 6 6 6 6 6 6 18 1 1 1 2 4 5 5 5 6 6 6 6 6 6 6 6 6 6
n34-m289 13407 15 18 15 5 5 5 5 6 6 6 6 6 6 6 6 6 6 6 18 1 1 1 3 3 5 5 5 6 6 6 6 6 6 6 6 6 6
n34-m289 13408 15 18 15 5 5 5 5 6 6 6 6 6 6 6 6 6 6 6 18 1 1 2 2 3 5 5 5 6 6 6 6 6 6 6 6 6 6
n34-m289 13412 15 18 15 3 4 4 6 6 6 6 6 6 6 6 6 6 6 6 18 1 1 1 1 2 4 5 6 6 6 6 6 6 6 6 6 6 6
n34-m289 13417 15 18 15 4 4 4 6 6 6 6 6 6 6 6 6 6 6 6 18 1 1 1 1 3 4 5 6 6 6 6 6 6 6 6 6 6 6
n34-m289 13419 15 18 15 3 3 5 6 6 6 6 6 6 6 6 6 6 6 6 18 1 1 1 1 2 4 5 6 6 6 6 6 6 6 6 6 6 6
n34-m289 13421 15 18 15 2 4 5 6 6 6 6 6 6 6 6 6 6 6 6 18 1 1 1 1 2 4 5 6 6 6 6 6 6 6 6 6 6 6
n34-m289 13426 15 18 15 3 4 5 6 6 6 6 6 6 6 6 6 6 6 6 18 1 1 1 1 3 4 5 6 6 6 6 6 6 6 6 6 6 6
n34-m289 13429 15 18 15 4 4 5 6 6 6 6 6 6 6 6 6 6 6 6 18 1 1 1 1 3 4 5 6 6 6 6 6 6 6 6 6 6 7
n34-m289 13430 15 18 15 4 4 5 6 6 6 6 6 6 6 6 6 6 6 6 18 1 1 1 1 3 4 6 6 6 6 6 6 6 6 6 6 6 6
n34-m289 13431 15 18 15 4 4 5 6 6 6 6 6 6 6 6 6 6 6 6 18 1 1 1 1 3 5 5 6 6 6 6 6 6 6 6 6 6 6
n34-m289 13432 15 18 15 4 4 5 6 6 6 6 6 6 6 6 6 6 6 6 18 1 1 1 1 4 4 5 6 6 6 6 6 6 6 6 6 6 6
n34-m289 13433 15 18 15 4 4 5 6 6 6 6 6 6 6 6 6 6 6 6 18 1 1 1 2 3 4 5 6 6 6 6 6 6 6 6 6 6 6
n34-m289 13434 15 18 15 2 5 5 6 6 6 6 6 6 6 6 6 6 6 6 18 1 1 1 1 2 5 5 6 6 6 6 6 6 6 6 6 6 6
n34-m289 13435 15 18 15 3 5 5 6 6 6 6 6 6 6 6 6 6 6 6 18 1 1 1 1 3 5 5 6 6 6 6 6 6 6 6 6 6 6
n34-m289 13437 15 18 15 4 5 5 6 6 6 6 6 6 6 6 6 6 6 6 18 1 1 1 1 3 5 5 6 6 6 6 6 6 6 6 6 6 7
n34-m289 13438 15 18 15 4 5 5 6 6 6 6 6 6 6 6 6 6 6 6 18 1 1 1 1 3 5 6 6 6 6 6 6 6 6 6 6 6 6
n34-m289 13439 15 18 15 4 5 5 6 6 6 6 6 6 6 6 6 6 6 6 18 1 1 1 1 4 5 5 6 6 6 6 6 6 6 6 6 6 6
n34-m289 13440 15 18 15 4 5 5 6 6 6 6 6 6 6 6 6 6 6 6 18 1 1 1 2 3 5 5 6 6 6 6 6 6 6 6 6 6 6
n34-m289 13446 15 18 15 5 5 5 6 6 6 6 6 6 6 6 6 6 6 6 18 1 1 1 1 3 5 6 6 6 6 6 6 6 6 6 6 6 7
n34-m289 13447 15 18 15 5 5 5 6 6 6 6 6 6 6 6 6 6 6 6 18 1 1 1 1 3 6 6 6 6 6 6 6 6 6 6 6 6 6
n34-m289 13449 15 18 15 5 5 5 6 6 6 6 6 6 6 6 6 6 6 6 18 1 1 1 1 4 5 5 6 6 6 6 6 6 6 6 6 6 7
n34-m289 13450 15 18 15 5 5 5 6 6 6 6 6 6 6 6 6 6 6 6 18 1 1 1 1 4 5 6 6 6 6 6 6 6 6 6 6 6 6
n34-m289 13451 15 18 15 5 5 5 6 6 6 6 6 6 6 6 6 6 6 6 18 1 1 1 1 5 5 5 6 6 6 6 6 6 6 6 6 6 6
n34-m289 13454 15 18 15 5 5 5 6 6 6 6 6 6 6 6 6 6 6 6 18 1 1 1 2 3 5 6 6 6 6 6 6 6 6 6 6 6 6
n34-m289 13455 15 18 15 5 5 5 6 6 6 6 6 6 6 6 6 6 6 6 18 1 1 1 2 4 5 5 6 6 6 6 6 6 6 6 6 6 6
n34-m289 13459 15 18 15 2 4 6 6 6 6 6 6 6 6 6 6 6 6 6 18 1 1 1 1 2 4 6 6 6 6 6 6 6 6 6 6 6 6
n34-m289 13460 15 18 15 3 4 6 6 6 6 6 6 6 6 6 6 6 6 6 18 1 1 1 1 3 4 6 6 6 6 6 6 6 6 6 6 6 6
n34-m289 13462 15 18 15 4 4 6 6 6 6 6 6 6 6 6 6 6 6 6 18 1 1 1 1 3 4 6 6 6 6 6 6 6 6 6 6 6 7
n34-m289 13463 15 18 15 4 4 6 6 6 6 6 6 6 6 6 6 6 6 6 18 1 1 1 1 3 5 6 6 6 6 6 6 6 6 6 6 6 6
n34-m289 13464 15 18 15 4 4 6 6 6 6 6 6 6 6 6 6 6 6 6 18 1 1 1 1 4 4 6 6 6 6 6 6 6 6 6 6 6 6
n34-m289 13465 15 18 15 4 4 6 6 6 6 6 6 6 6 6 6 6 6 6 18 1 1 1 2 3 4 6 6 6 6 6 6 6 6 6 6 6 6
n34-m289 13467 15 18 15 3 5 6 6 6 6 6 6 6 6 6 6 6 6 6 18 1 1 1 1 3 5 6 6 6 6 6 6 6 6 6 6 6 6
n34-m289 13470 15 18 15 4 5 6 6 6 6 6 6 6 6 6 6 6 6 6 18 1 1 1 1 3 6 6 6 6 6 6 6 6 6 6 6 6 6
n34-m289 13471 15 18 15 4 5 6 6 6 6 6 6 6 6 6 6 6 6 6 18 1 1 1 1 4 5 6 6 6 6 6 6 6 6 6 6 6 6
n34-m289 13480 15 18 15 5 5 6 6 6 6 6 6 6 6 6 6 6 6 6 18 1 1 1 1 4 5 6 6 6 6 6 6 6 6 6 6 6 7
n34-m289 13481 15 18 15 5 5 6 6 6 6 6 6 6 6 6 6 6 6 6 18 1 1 1 1 4 6 6 6 6 6 6 6 6 6 6 6 6 6
n34-m289 13482 15 18 15 5 5 6 6 6 6 6 6 6 6 6 6 6 6 6 18 1 1 1 1 5 5 6 6 6 6 6 6 6 6 6 6 6 6
n34-m289 13486 15 18 15 5 5 6 6 6 6 6 6 6 6 6 6 6 6 6 18 1 1 1 2 4 5 6 6 6 6 6 6 6 6 6 6 6 6
n34-m289 13497 15 18 15 3 6 6 6 6 6 6 6 6 6 6 6 6 6 6 18 1 1 1 1 3 6 6 6 6 6 6 6 6 6 6 6 6 6
n34-m289 13508 15 18 15 4 6 6 6 6 6 6 6 6 6 6 6 6 6 6 18 1 1 1 1 4 6 6 6 6 6 6 6 6 6 6 6 6 6
n34-m289 13509 15 18 15 4 6 6 6 6 6 6 6 6 6 6 6 6 6 6 18 1 1 1 1 5 5 6 6 6 6 6 6 6 6 6 6 6 6
n34-m289 13518 15 18 15 5 6 6 6 6 6 6 6 6 6 6 6 6 6 6 18 1 1 1 1 4 5 6 6 6 6 6 6 6 6 6 6 6 8
n34-m289 13519 15 18 15 5 6 6 6 6 6 6 6 6 6 6 6 6 6 6 18 1 1 1 1 4 5 6 6 6 6 6 6 6 6 6 6 7 7
n34-m289 13521 15 18 15 5 6 6 6 6 6 6 6 6 6 6 6 6 6 6 18 1 1 1 1 4 6 6 6 6 6 6 6 6 6 6 6 6 7
n34-m289 13523 15 18 15 5 6 6 6 6 6 6 6 6 6 6 6 6 6 6 18 1 1 1 1 5 5 6 6 6 6 6 6 6 6 6 6 6 7
n34-m289 13524 15 18 15 5 6 6 6 6 6 6 6 6 6 6 6 6 6 6 18 1 1 1 1 5 6 6 6 6 6 6 6 6 6 6 6 6 6
n34-m289 13526 15 18 15 5 6 6 6 6 6 6 6 6 6 6 6 6 6 6 18 1 1 1 2 4 5 6 6 6 6 6 6 6 6 6 6 6 7
n34-m289 13527 15 18 15 5 6 6 6 6 6 6 6 6 6 6 6 6 6 6 18 1 1 1 2 4 6 6 6 6 6 6 6 6 6 6 6 6 6
n34-m289 13528 15 18 15 5 6 6 6 6 6 6 6 6 6 6 6 6 6 6 18 1 1 1 2 5 5 6 6 6 6 6 6 6 6 6 6 6 6
n34-m289 13529 15 18 15 5 6 6 6 6 6 6 6 6 6 6 6 6 6 6 18 1 1 1 3 4 5 6 6 6 6 6 6 6 6 6 6 6 6
n34-m289 13530 15 18 15 5 6 6 6 6 6 6 6 6 6 6 6 6 6 6 18 1 1 2 2 4 5 6 6 6 6 6 6 6 6 6 6 6 6
n34-m289 13537 15 18 15 6 6 6 6 6 6 6 6 6 6 6 6 6 6 6 18 1 1 1 1 6 6 6 6 6 6 6 6 6 6 6 6 6 6
n35-m306 17 15 19 15 1 3 3 3 4 4 4 4 4 4 4 4 4 4 4 19 1 1 1 1 1 1 1 1 3 3 4 4 4 4 4 4 4 4 4
n35-m306 18 15 19 15 1 3 3 4 4 4 4 4 4 4 4 4 4 4 4 19 1 1 1 1 1 1 1 1 3 4 4 4 4 4 4 4 4 4 4
n35-m306 21 15 19 15 1 3 4 4 4 4 4 4 4 4 4 4 4 4 4 19 1 1 1 1 1 1 1 1 4 4 4 4 4 4 4 4 4 4 4
n35-m306 29 15 19 15 1 4 4 5 5 5 5 5 5 5 5 5 5 5 5 19 1 1 1 1 1 1 1 4 4 5 5 5 5 5 5 5 5 5 5
n35-m306 36 15 19 15 2 2 2 3 3 3 3 3 3 3 4 4 4 4 4 19 1 1 1 1 1 1 1 1 1 2 3 3 3 3 4 4 4 4 4
n35-m306 38 15 19 15 2 2 2 3 4 4 4 4 4 4 4 4 4 4 4 19 1 1 1 1 1 1 1 1 2 3 4 4 4 4 4 4 4 4 4
n35-m306 47 15 19 15 2 2 3 3 3 3 4 4 4 4 4 4 4 4 4 19 1 1 1 1 1 1 1 1 2 3 3 4 4 4 4 4 4 4 4
n35-m306 48 15 19 15 2 2 3 3 3 4 4 4 4 4 4 4 4 4 4 19 1 1 1 1 1 1 1 1 2 3 4 4 4 4 4 4 4 4 4
n35-m306 51 15 19 15 2 2 3 3 4 4 4 4 4 4 4 4 4 4 4 19 1 1 1 1 1 1 1 1 2 4 4 4 4 4 4 4 4 4 4
n35-m306 52 15 19 15 2 2 3 3 4 4 4 4 4 4 4 4 4 4 4 19 1 1 1 1 1 1 1 1 3 3 4 4 4 4 4 4 4 4 4
n35-m306 56 15 19 15 2 2 3 4 4 4 4 4 4 4 4 4 4 4 4 19 1 1 1 1 1 1 1 1 3 4 4 4 4 4 4 4 4 4 4
n35-m306 86 15 19 15 2 3 3 3 3 3 4 4 4 4 4 4 4 4 4 19 1 1 1 1 1 1 1 1 3 3 3 4 4 4 4 4 4 4 4
n35-m306 88 15 19 15 2 3 3 3 3 4 4 4 4 4 4 4 4 4 4 19 1 1 1 1 1 1 1 1 3 3 4 4 4 4 4 4 4 4 4
n35-m306 90 15 19 15 2 3 3 3 4 4 4 4 4 4 4 4 4 4 4 19 1 1 1 1 1 1 1 1 3 3 4 4 4 4 4 4 4 4 5
n35-m306 91 15 19 15 2 3 3 3 4 4 4 4 4 4 4 4 4 4 4 19 1 1 1 1 1 1 1 1 3 4 4 4 4 4 4 4 4 4 4
n35-m306 92 15 19 15 2 3 3 3 4 4 4 4 4 4 4 4 4 4 4 19 1 1 1 1 1 1 1 2 3 3 4 4 4 4 4 4 4 4 4
n35-m306 94 15 19 15 2 3 3 4 4 4 4 4 4 4 4 4 4 4 4 19 1 1 1 1 1 1 1 1 3 4 4 4 4 4 4 4 4 4 5
n35-m306 95 15 19 15 2 3 3 4 4 4 4 4 4 4 4 4 4 4 4 19 1 1 1 1 1 1 1 1 4 4 4 4 4 4 4 4 4 4 4
n35-m306 96 15 19 15 2 3 3 4 4 4 4 4 4 4 4 4 4 4 4 19 1 1 1 1 1 1 1 2 3 4 4 4 4 4 4 4 4 4 4
n35-m306 97 15 19 15 2 3 3 4 4 4 4 4 4 4 5 5 5 5 5 19 1 1 1 1 1 1 1 2 3 4 4 4 4 4 5 5 5 5 5
n35-m306 98 15 19 15 2 3 3 4 4 4 4 4 4 5 5 5 5 5 5 19 1 1 1 1 1 1 1 2 3 4 4 4 4 5 5 5 5 5 5
n35-m306 100 15 19 15 2 3 3 5 5 5 5 5 5 5 5 5 5 5 5 19 1 1 1 1 1 1 1 3 4 5 5 5 5 5 5 5 5 5 5
n35-m306 109 15 19 15 2 3 4 4 4 4 4 4 4 4 4 4 4 4 4 19 1 1 1 1 1 1 1 2 4 4 4 4 4 4 4 4 4 4 4
n35-m306 112 15 19 15 2 3 4 4 4 4 4 4 4 4 5 5 5 5 5 19 1 1 1 1 1 1 1 2 4 4 4 4 4 4 5 5 5 5 5
n35-m306 114 15 19 15 2 3 4 4 4 5 5 5 5 5 5 5 5 5 5 19 1 1 1 1 1 1 1 3 4 4 5 5 5 5 5 5 5 5 5
n35-m306 115 15 19 15 2 3 4 4 5 5 5 5 5 5 5 5 5 5 5 19 1 1 1 1 1 1 1 3 4 5 5 5 5 5 5 5 5 5 5
n35-m306 140 15 19 15 2 4 4 4 4 5 5 5 5 5 5 5 5 5 5 19 1 1 1 1 1 1 1 4 4 4 5 5 5 5 5 5 5 5 5
n35-m306 142 15 19 15 2 4 4 5 5 5 5 5 5 5 5 5 5 5 5 19 1 1 1 1 1 1 2 4 4 5 5 5 5 5 5 5 5 5 5
n35-m306 143 15 19 15 2 4 5 5 5 5 5 5 5 5 5 5 5 5 5 19 1 1 1 1 1 1 2 4 5 5 5 5 5 5 5 5 5 5 5
n35-m306 146 15 19 15 2 5 5 5 5 5 5 5 5 5 5 5 5 5 5 19 1 1 1 1 1 1 2 5 5 5 5 5 5 5 5 5 5 5 5
n35-m306 200 15 19 15 3 3 3 3 4 4 4 4 4 4 4 4 4 4 4 19 1 1 1 1 1 1 1 3 3 3 4 4 4 4 4 4 4 4 4
n35-m306 204 15 19 15 3 3 3 3 5 5 5 5 5 5 5 5 5 5 5 19 1 1 1 1 1 1 1 3 3 5 5 5 5 5 5 5 5 5 5
n35-m306 214 15 19 15 3 3 3 4 4 4 4 4 4 4 4 4 4 4 4 19 1 1 1 1 1 1 1 3 3 4 4 4 4 4 4 4 4 4 4
n35-m306 217 15 19 15 3 3 3 4 4 4 4 4 4 4 5 5 5 5 5 19 1 1 1 1 1 1 1 3 3 4 4 4 4 4 5 5 5 5 5
n35-m306 218 15 19 15 3 3 3 4 4 4 4 4 4 5 5 5 5 5 5 19 1 1 1 1 1 1 1 3 3 4 4 4 4 5 5 5 5 5 5
n35-m306 219 15 19 15 3 3 3 4 4 4 4 4 5 5 5 5 5 5 5 19 1 1 1 1 1 1 1 3 3 4 4 4 5 5 5 5 5 5 5
n35-m306 220 15 19 15 3 3 3 4 4 5 5 5 5 5 5 5 5 5 5 19 1 1 1 1 1 1 1 3 4 4 5 5 5 5 5 5 5 5 5
n35-m306 221 15 19 15 3 3 3 4 5 5 5 5 5 5 5 5 5 5 5 19 1 1 1 1 1 1 1 3 4 5 5 5 5 5 5 5 5 5 5
n35-m306 226 15 19 15 3 3 3 5 5 5 5 5 5 5 5 5 5 5 5 19 1 1 1 1 1 1 2 3 4 5 5 5 5 5 5 5 5 5 5
n35-m306 246 15 19 15 3 3 4 4 4 4 4 4 4 4 4 4 4 4 4 19 1 1 1 1 1 1 1 3 4 4 4 4 4 4 4 4 4 4 4
n35-m306 253 15 19 15 3 3 4 4 4 4 4 4 4 4 5 5 5 5 5 19 1 1 1 1 1 1 1 3 4 4 4 4 4 4 5 5 5 5 5
n35-m306 254 15 19 15 3 3 4 4 4 4 4 4 4 5 5 5 5 5 5 19 1 1 1 1 1 1 1 3 4 4 4 4 4 5 5 5 5 5 5
n35-m306 255 15 19 15 3 3 4 4 4 4 4 4 5 5 5 5 5 5 5 19 1 1 1 1 1 1 1 3 4 4 4 4 5 5 5 5 5 5 5
n35-m306 256 15 19 15 3 3 4 4 4 4 4 5 5 5 5 5 5 5 5 19 1 1 1 1 1 1 1 3 4 4 4 5 5 5 5 5 5 5 5
n35-m306 257 15 19 15 3 3 4 4 4 4 5 5 5 5 5 5 5 5 5 19 1 1 1 1 1 1 1 3 4 4 5 5 5 5 5 5 5 5 5
n35-m306 259 15 19 15 3 3 4 4 4 5 5 5 5 5 5 5 5 5 5 19 1 1 1 1 1 1 1 3 4 4 5 5 5 5 5 5 5 5 6
n35-m306 260 15 19 15 3 3 4 4 4 5 5 5 5 5 5 5 5 5 5 19 1 1 1 1 1 1 1 3 4 5 5 5 5 5 5 5 5 5 5
n35-m306 261 15 19 15 3 3 4 4 4 5 5 5 5 5 5 5 5 5 5 19 1 1 1 1 1 1 1 4 4 4 5 5 5 5 5 5 5 5 5
n35-m306 262 15 19 15 3 3 4 4 4 5 5 5 5 5 5 5 5 5 5 19 1 1 1 1 1 1 2 3 4 4 5 5 5 5 5 5 5 5 5
n35-m306 267 15 19 15 3 3 4 4 5 5 5 5 5 5 5 5 5 5 5 19 1 1 1 1 1 1 2 3 4 5 5 5 5 5 5 5 5 5 5
n35-m306 270 15 19 15 3 3 4 5 5 5 5 5 5 5 5 5 5 5 5 19 1 1 1 1 1 1 2 3 5 5 5 5 5 5 5 5 5 5 5
n35-m306 271 15 19 15 3 3 4 5 5 5 5 5 5 5 5 5 5 5 5 19 1 1 1 1 1 1 2 4 4 5 5 5 5 5 5 5 5 5 5
n35-m306 275 15 19 15 3 3 5 5 5 5 5 5 5 5 5 5 5 5 5 19 1 1 1 1 1 1 2 3 5 5 5 5 5 5 5 5 5 5 6
n35-m306 276 15 19 15 3 3 5 5 5 5 5 5 5 5 5 5 5 5 5 19 1 1 1 1 1 1 2 4 5 5 5 5 5 5 5 5 5 5 5
n35-m306 294 15 19 15 3 4 4 4 4 4 4 4 4 4 5 5 5 5 5 19 1 1 1 1 1 1 1 4 4 4 4 4 4 4 5 5 5 5 5
n35-m306 299 15 19 15 3 4 4 4 4 4 4 4 4 5 5 5 5 5 5 19 1 1 1 1 1 1 1 4 4 4 4 4 4 5 5 5 5 5 5
n35-m306 304 15 19 15 3 4 4 4 4 4 4 4 5 5 5 5 5 5 5 19 1 1 1 1 1 1 1 4 4 4 4 4 5 5 5 5 5 5 5
n35-m306 309 15 19 15 3 4 4 4 4 4 4 5 5 5 5 5 5 5 5 19 1 1 1 1 1 1 1 4 4 4 4 5 5 5 5 5 5 5 5
n35-m306 314 15 19 15 3 4 4 4 4 4 5 5 5 5 5 5 5 5 5 19 1 1 1 1 1 1 1 4 4 4 5 5 5 5 5 5 5 5 5
n35-m306 319 15 19 15 3 4 4 4 4 5 5 5 5 5 5 5 5 5 5 19 1 1 1 1 1 1 2 4 4 4 5 5 5 5 5 5 5 5 5
n35-m306 320 15 19 15 3 4 4 4 5 5 5 5 5 5 5 5 5 5 5 19 1 1 1 1 1 1 2 4 4 5 5 5 5 5 5 5 5 5 5
n35-m306 322 15 19 15 3 4 4 5 5 5 5 5 5 5 5 5 5 5 5 19 1 1 1 1 1 1 2 4 4 5 5 5 5 5 5 5 5 5 6
n35-m306 323 15 19 15 3 4 4 5 5 5 5 5 5 5 5 5 5 5 5 19 1 1 1 1 1 1 2 4 5 5 5 5 5 5 5 5 5 5 5
n35-m306 324 15 19 15 3 4 4 5 5 5 5 5 5 5 5 5 5 5 5 19 1 1 1 1 1 1 3 4 4 5 5 5 5 5 5 5 5 5 5
n35-m306 325 15 19 15 3 4 4 5 5 5 5 5 5 5 5 5 5 5 5 19 1 1 1 1 1 2 2 4 4 5 5 5 5 5 5 5 5 5 5
n35-m306 329 15 19 15 3 4 5 5 5 5 5 5 5 5 5 5 5 5 5 19 1 1 1 1 1 1 3 4 5 5 5 5 5 5 5 5 5 5 5
n35-m306 333 15 19 15 3 5 5 5 5 5 5 5 5 5 5 5 5 5 5 19 1 1 1 1 1 1 3 5 5 5 5 5 5 5 5 5 5 5 5
n35-m306 404 15 19 15 4 4 4 4 4 5 5 5 5 5 5 5 5 5 5 19 1 1 1 1 1 2 2 4 4 4 5 5 5 5 5 5 5 5 5
n35-m306 420 15 19 15 4 4 4 5 5 5 5 5 5 5 5 5 5 5 5 19 1 1 1 1 1 1 4 4 4 5 5 5 5 5 5 5 5 5 5
n35-m306 424 15 19 15 4 4 4 5 5 5 5 5 5 5 5 5 5 5 5 19 1 1 1 1 1 2 3 4 4 5 5 5 5 5 5 5 5 5 5
n35-m306 428 15 19 15 4 4 5 5 5 5 5 5 5 5 5 5 5 5 5 19 1 1 1 1 1 1 3 5 5 5 5 5 5 5 5 5 5 5 5
n35-m306 429 15 19 15 4 4 5 5 5 5 5 5 5 5 5 5 5 5 5 19 1 1 1 1 1 1 4 4 5 5 5 5 5 5 5 5 5 5 5
n35-m306 430 15 19 15 4 4 5 5 5 5 5 5 5 5 5 5 5 5 5 19 1 1 1 1 1 2 3 4 5 5 5 5 5 5 5 5 5 5 5
n35-m306 436 15 19 15 4 5 5 5 5 5 5 5 5 5 5 5 5 5 5 19 1 1 1 1 1 1 3 5 5 5 5 5 5 5 5 5 5 5 6
n35-m306 439 15 19 15 4 5 5 5 5 5 5 5 5 5 5 5 5 5 5 19 1 1 1 1 1 1 4 5 5 5 5 5 5 5 5 5 5 5 5
n35-m306 442 15 19 15 4 5 5 5 5 5 5 5 5 5 5 5 5 5 5 19 1 1 1 1 1 2 3 5 5 5 5 5 5 5 5 5 5 5 5
n35-m306 446 15 19 15 4 5 5 5 5 5 5 5 5 6 6 6 6 6 6 19 1 1 1 1 1 1 4 5 5 5 5 5 5 6 6 6 6 6 6
n35-m306 454 15 19 15 5 5 5 5 5 5 5 5 5 5 5 5 5 5 5 19 1 1 1 1 1 1 5 5 5 5 5 5 5 5 5 5 5 5 5
