state	method	record
227	state-specific exact replay	STATE_227_WHOLE_STATE.md
279	state-specific exact replay	STATE_279_WHOLE_STATE.md
588	state-specific exact replay	STATE_588_WHOLE_STATE.md
526	state-specific exact replay	STATE_526_WHOLE_STATE.md
382	state-specific exact replay	STATE_382_WHOLE_STATE.md
519	state-specific exact replay	STATE_519_WHOLE_STATE.md
230	incidence-capacity family closure	INCIDENCE_CAPACITY_FAMILY_CLOSURE.md
282	incidence-capacity family closure	INCIDENCE_CAPACITY_FAMILY_CLOSURE.md
385	incidence-capacity family closure	INCIDENCE_CAPACITY_FAMILY_CLOSURE.md
153	low-demand extension closure	STATE_153_WHOLE_STATE.md
122	endpoint class-packing closure	STATE_122_WHOLE_STATE.md
283	endpoint class-packing closure	STATE_283_WHOLE_STATE.md
154	endpoint class-packing closure	STATE_154_WHOLE_STATE.md
231	mixed-class joint Hall closure	STATE_231_WHOLE_STATE.md
77	orientation target-capacity closure	STATE_77_WHOLE_STATE.md
60	orientation target-capacity closure	STATE_60_WHOLE_STATE.md
13518	potential-pair capacity closure	PAIR_CAPACITY_13518_13519_WHOLE_STATE.md
13519	potential-pair capacity closure	PAIR_CAPACITY_13518_13519_WHOLE_STATE.md
8675	potential-pair capacity frontier closure	PAIR_CAPACITY_FRONTIER_AUDIT.md
8676	potential-pair capacity frontier closure	PAIR_CAPACITY_FRONTIER_AUDIT.md
8692	potential-pair capacity frontier closure	PAIR_CAPACITY_FRONTIER_AUDIT.md
8694	potential-pair capacity frontier closure	PAIR_CAPACITY_FRONTIER_AUDIT.md
8695	potential-pair capacity frontier closure	PAIR_CAPACITY_FRONTIER_AUDIT.md
8698	potential-pair capacity frontier closure	PAIR_CAPACITY_FRONTIER_AUDIT.md
8699	potential-pair capacity frontier closure	PAIR_CAPACITY_FRONTIER_AUDIT.md
8701	potential-pair capacity frontier closure	PAIR_CAPACITY_FRONTIER_AUDIT.md
8711	potential-pair capacity frontier closure	PAIR_CAPACITY_FRONTIER_AUDIT.md
8712	potential-pair capacity frontier closure	PAIR_CAPACITY_FRONTIER_AUDIT.md
8714	potential-pair capacity frontier closure	PAIR_CAPACITY_FRONTIER_AUDIT.md
8724	potential-pair capacity frontier closure	PAIR_CAPACITY_FRONTIER_AUDIT.md
9163	potential-pair capacity frontier closure	PAIR_CAPACITY_FRONTIER_AUDIT.md
9173	potential-pair capacity frontier closure	PAIR_CAPACITY_FRONTIER_AUDIT.md
9174	potential-pair capacity frontier closure	PAIR_CAPACITY_FRONTIER_AUDIT.md
9176	potential-pair capacity frontier closure	PAIR_CAPACITY_FRONTIER_AUDIT.md
9211	potential-pair capacity frontier closure	PAIR_CAPACITY_FRONTIER_AUDIT.md
9213	potential-pair capacity frontier closure	PAIR_CAPACITY_FRONTIER_AUDIT.md
9214	potential-pair capacity frontier closure	PAIR_CAPACITY_FRONTIER_AUDIT.md
9217	potential-pair capacity frontier closure	PAIR_CAPACITY_FRONTIER_AUDIT.md
9218	potential-pair capacity frontier closure	PAIR_CAPACITY_FRONTIER_AUDIT.md
9220	potential-pair capacity frontier closure	PAIR_CAPACITY_FRONTIER_AUDIT.md
9230	potential-pair capacity frontier closure	PAIR_CAPACITY_FRONTIER_AUDIT.md
9231	potential-pair capacity frontier closure	PAIR_CAPACITY_FRONTIER_AUDIT.md
9233	potential-pair capacity frontier closure	PAIR_CAPACITY_FRONTIER_AUDIT.md
9239	potential-pair capacity frontier closure	PAIR_CAPACITY_FRONTIER_AUDIT.md
9243	potential-pair capacity frontier closure	PAIR_CAPACITY_FRONTIER_AUDIT.md
9252	potential-pair capacity frontier closure	PAIR_CAPACITY_FRONTIER_AUDIT.md
9255	potential-pair capacity frontier closure	PAIR_CAPACITY_FRONTIER_AUDIT.md
9256	potential-pair capacity frontier closure	PAIR_CAPACITY_FRONTIER_AUDIT.md
9258	potential-pair capacity frontier closure	PAIR_CAPACITY_FRONTIER_AUDIT.md
9259	potential-pair capacity frontier closure	PAIR_CAPACITY_FRONTIER_AUDIT.md
9263	potential-pair capacity frontier closure	PAIR_CAPACITY_FRONTIER_AUDIT.md
9265	potential-pair capacity frontier closure	PAIR_CAPACITY_FRONTIER_AUDIT.md
9266	potential-pair capacity frontier closure	PAIR_CAPACITY_FRONTIER_AUDIT.md
9269	potential-pair capacity frontier closure	PAIR_CAPACITY_FRONTIER_AUDIT.md
9270	potential-pair capacity frontier closure	PAIR_CAPACITY_FRONTIER_AUDIT.md
9288	potential-pair capacity frontier closure	PAIR_CAPACITY_FRONTIER_AUDIT.md
9290	potential-pair capacity frontier closure	PAIR_CAPACITY_FRONTIER_AUDIT.md
9291	potential-pair capacity frontier closure	PAIR_CAPACITY_FRONTIER_AUDIT.md
9294	potential-pair capacity frontier closure	PAIR_CAPACITY_FRONTIER_AUDIT.md
9295	potential-pair capacity frontier closure	PAIR_CAPACITY_FRONTIER_AUDIT.md
9297	potential-pair capacity frontier closure	PAIR_CAPACITY_FRONTIER_AUDIT.md
9307	potential-pair capacity frontier closure	PAIR_CAPACITY_FRONTIER_AUDIT.md
9308	potential-pair capacity frontier closure	PAIR_CAPACITY_FRONTIER_AUDIT.md
9310	potential-pair capacity frontier closure	PAIR_CAPACITY_FRONTIER_AUDIT.md
9318	potential-pair capacity frontier closure	PAIR_CAPACITY_FRONTIER_AUDIT.md
9319	potential-pair capacity frontier closure	PAIR_CAPACITY_FRONTIER_AUDIT.md
9321	potential-pair capacity frontier closure	PAIR_CAPACITY_FRONTIER_AUDIT.md
9322	potential-pair capacity frontier closure	PAIR_CAPACITY_FRONTIER_AUDIT.md
9327	potential-pair capacity frontier closure	PAIR_CAPACITY_FRONTIER_AUDIT.md
9328	potential-pair capacity frontier closure	PAIR_CAPACITY_FRONTIER_AUDIT.md
9332	potential-pair capacity frontier closure	PAIR_CAPACITY_FRONTIER_AUDIT.md
9333	potential-pair capacity frontier closure	PAIR_CAPACITY_FRONTIER_AUDIT.md
9334	potential-pair capacity frontier closure	PAIR_CAPACITY_FRONTIER_AUDIT.md
9335	potential-pair capacity frontier closure	PAIR_CAPACITY_FRONTIER_AUDIT.md
9336	potential-pair capacity frontier closure	PAIR_CAPACITY_FRONTIER_AUDIT.md
9446	potential-pair capacity frontier closure	PAIR_CAPACITY_FRONTIER_AUDIT.md
9447	potential-pair capacity frontier closure	PAIR_CAPACITY_FRONTIER_AUDIT.md
9448	potential-pair capacity frontier closure	PAIR_CAPACITY_FRONTIER_AUDIT.md
9515	potential-pair capacity frontier closure	PAIR_CAPACITY_FRONTIER_AUDIT.md
9521	potential-pair capacity frontier closure	PAIR_CAPACITY_FRONTIER_AUDIT.md
9529	potential-pair capacity frontier closure	PAIR_CAPACITY_FRONTIER_AUDIT.md
9532	potential-pair capacity frontier closure	PAIR_CAPACITY_FRONTIER_AUDIT.md
9534	potential-pair capacity frontier closure	PAIR_CAPACITY_FRONTIER_AUDIT.md
9537	potential-pair capacity frontier closure	PAIR_CAPACITY_FRONTIER_AUDIT.md
9538	potential-pair capacity frontier closure	PAIR_CAPACITY_FRONTIER_AUDIT.md
9539	potential-pair capacity frontier closure	PAIR_CAPACITY_FRONTIER_AUDIT.md
9621	potential-pair capacity frontier closure	PAIR_CAPACITY_FRONTIER_AUDIT.md
9686	potential-pair capacity frontier closure	PAIR_CAPACITY_FRONTIER_AUDIT.md
9688	potential-pair capacity frontier closure	PAIR_CAPACITY_FRONTIER_AUDIT.md
9698	potential-pair capacity frontier closure	PAIR_CAPACITY_FRONTIER_AUDIT.md
9699	potential-pair capacity frontier closure	PAIR_CAPACITY_FRONTIER_AUDIT.md
9701	potential-pair capacity frontier closure	PAIR_CAPACITY_FRONTIER_AUDIT.md
9706	potential-pair capacity frontier closure	PAIR_CAPACITY_FRONTIER_AUDIT.md
9709	potential-pair capacity frontier closure	PAIR_CAPACITY_FRONTIER_AUDIT.md
9734	potential-pair capacity frontier closure	PAIR_CAPACITY_FRONTIER_AUDIT.md
9736	potential-pair capacity frontier closure	PAIR_CAPACITY_FRONTIER_AUDIT.md
9737	potential-pair capacity frontier closure	PAIR_CAPACITY_FRONTIER_AUDIT.md
9740	potential-pair capacity frontier closure	PAIR_CAPACITY_FRONTIER_AUDIT.md
9741	potential-pair capacity frontier closure	PAIR_CAPACITY_FRONTIER_AUDIT.md
9751	potential-pair capacity frontier closure	PAIR_CAPACITY_FRONTIER_AUDIT.md
9752	potential-pair capacity frontier closure	PAIR_CAPACITY_FRONTIER_AUDIT.md
9754	potential-pair capacity frontier closure	PAIR_CAPACITY_FRONTIER_AUDIT.md
9759	potential-pair capacity frontier closure	PAIR_CAPACITY_FRONTIER_AUDIT.md
9763	potential-pair capacity frontier closure	PAIR_CAPACITY_FRONTIER_AUDIT.md
9766	potential-pair capacity frontier closure	PAIR_CAPACITY_FRONTIER_AUDIT.md
9767	potential-pair capacity frontier closure	PAIR_CAPACITY_FRONTIER_AUDIT.md
9803	potential-pair capacity frontier closure	PAIR_CAPACITY_FRONTIER_AUDIT.md
9805	potential-pair capacity frontier closure	PAIR_CAPACITY_FRONTIER_AUDIT.md
9806	potential-pair capacity frontier closure	PAIR_CAPACITY_FRONTIER_AUDIT.md
9809	potential-pair capacity frontier closure	PAIR_CAPACITY_FRONTIER_AUDIT.md
9810	potential-pair capacity frontier closure	PAIR_CAPACITY_FRONTIER_AUDIT.md
9820	potential-pair capacity frontier closure	PAIR_CAPACITY_FRONTIER_AUDIT.md
9821	potential-pair capacity frontier closure	PAIR_CAPACITY_FRONTIER_AUDIT.md
9823	potential-pair capacity frontier closure	PAIR_CAPACITY_FRONTIER_AUDIT.md
9830	potential-pair capacity frontier closure	PAIR_CAPACITY_FRONTIER_AUDIT.md
9831	potential-pair capacity frontier closure	PAIR_CAPACITY_FRONTIER_AUDIT.md
9833	potential-pair capacity frontier closure	PAIR_CAPACITY_FRONTIER_AUDIT.md
9836	potential-pair capacity frontier closure	PAIR_CAPACITY_FRONTIER_AUDIT.md
9838	potential-pair capacity frontier closure	PAIR_CAPACITY_FRONTIER_AUDIT.md
9839	potential-pair capacity frontier closure	PAIR_CAPACITY_FRONTIER_AUDIT.md
9840	potential-pair capacity frontier closure	PAIR_CAPACITY_FRONTIER_AUDIT.md
9841	potential-pair capacity frontier closure	PAIR_CAPACITY_FRONTIER_AUDIT.md
9843	potential-pair capacity frontier closure	PAIR_CAPACITY_FRONTIER_AUDIT.md
9844	potential-pair capacity frontier closure	PAIR_CAPACITY_FRONTIER_AUDIT.md
9845	potential-pair capacity frontier closure	PAIR_CAPACITY_FRONTIER_AUDIT.md
9846	potential-pair capacity frontier closure	PAIR_CAPACITY_FRONTIER_AUDIT.md
9847	potential-pair capacity frontier closure	PAIR_CAPACITY_FRONTIER_AUDIT.md
9925	potential-pair capacity frontier closure	PAIR_CAPACITY_FRONTIER_AUDIT.md
9927	potential-pair capacity frontier closure	PAIR_CAPACITY_FRONTIER_AUDIT.md
9930	potential-pair capacity frontier closure	PAIR_CAPACITY_FRONTIER_AUDIT.md
9931	potential-pair capacity frontier closure	PAIR_CAPACITY_FRONTIER_AUDIT.md
9932	potential-pair capacity frontier closure	PAIR_CAPACITY_FRONTIER_AUDIT.md
9995	potential-pair capacity frontier closure	PAIR_CAPACITY_FRONTIER_AUDIT.md
10001	potential-pair capacity frontier closure	PAIR_CAPACITY_FRONTIER_AUDIT.md
10009	potential-pair capacity frontier closure	PAIR_CAPACITY_FRONTIER_AUDIT.md
10012	potential-pair capacity frontier closure	PAIR_CAPACITY_FRONTIER_AUDIT.md
10014	potential-pair capacity frontier closure	PAIR_CAPACITY_FRONTIER_AUDIT.md
10017	potential-pair capacity frontier closure	PAIR_CAPACITY_FRONTIER_AUDIT.md
10018	potential-pair capacity frontier closure	PAIR_CAPACITY_FRONTIER_AUDIT.md
10019	potential-pair capacity frontier closure	PAIR_CAPACITY_FRONTIER_AUDIT.md
10159	potential-pair capacity frontier closure	PAIR_CAPACITY_FRONTIER_AUDIT.md
10189	potential-pair capacity frontier closure	PAIR_CAPACITY_FRONTIER_AUDIT.md
10197	potential-pair capacity frontier closure	PAIR_CAPACITY_FRONTIER_AUDIT.md
10198	potential-pair capacity frontier closure	PAIR_CAPACITY_FRONTIER_AUDIT.md
10200	potential-pair capacity frontier closure	PAIR_CAPACITY_FRONTIER_AUDIT.md
10236	potential-pair capacity frontier closure	PAIR_CAPACITY_FRONTIER_AUDIT.md
10237	potential-pair capacity frontier closure	PAIR_CAPACITY_FRONTIER_AUDIT.md
10357	potential-pair capacity frontier closure	PAIR_CAPACITY_FRONTIER_AUDIT.md
10358	potential-pair capacity frontier closure	PAIR_CAPACITY_FRONTIER_AUDIT.md
10371	potential-pair capacity frontier closure	PAIR_CAPACITY_FRONTIER_AUDIT.md
10381	potential-pair capacity frontier closure	PAIR_CAPACITY_FRONTIER_AUDIT.md
10411	potential-pair capacity frontier closure	PAIR_CAPACITY_FRONTIER_AUDIT.md
10413	potential-pair capacity frontier closure	PAIR_CAPACITY_FRONTIER_AUDIT.md
10414	potential-pair capacity frontier closure	PAIR_CAPACITY_FRONTIER_AUDIT.md
10420	potential-pair capacity frontier closure	PAIR_CAPACITY_FRONTIER_AUDIT.md
10421	potential-pair capacity frontier closure	PAIR_CAPACITY_FRONTIER_AUDIT.md
10437	potential-pair capacity frontier closure	PAIR_CAPACITY_FRONTIER_AUDIT.md
10438	potential-pair capacity frontier closure	PAIR_CAPACITY_FRONTIER_AUDIT.md
10442	potential-pair capacity frontier closure	PAIR_CAPACITY_FRONTIER_AUDIT.md
10458	potential-pair capacity frontier closure	PAIR_CAPACITY_FRONTIER_AUDIT.md
10459	potential-pair capacity frontier closure	PAIR_CAPACITY_FRONTIER_AUDIT.md
10463	potential-pair capacity frontier closure	PAIR_CAPACITY_FRONTIER_AUDIT.md
10472	potential-pair capacity frontier closure	PAIR_CAPACITY_FRONTIER_AUDIT.md
10474	potential-pair capacity frontier closure	PAIR_CAPACITY_FRONTIER_AUDIT.md
10486	potential-pair capacity frontier closure	PAIR_CAPACITY_FRONTIER_AUDIT.md
10488	potential-pair capacity frontier closure	PAIR_CAPACITY_FRONTIER_AUDIT.md
10489	potential-pair capacity frontier closure	PAIR_CAPACITY_FRONTIER_AUDIT.md
10492	potential-pair capacity frontier closure	PAIR_CAPACITY_FRONTIER_AUDIT.md
10493	potential-pair capacity frontier closure	PAIR_CAPACITY_FRONTIER_AUDIT.md
10497	potential-pair capacity frontier closure	PAIR_CAPACITY_FRONTIER_AUDIT.md
10498	potential-pair capacity frontier closure	PAIR_CAPACITY_FRONTIER_AUDIT.md
10547	potential-pair capacity frontier closure	PAIR_CAPACITY_FRONTIER_AUDIT.md
10548	potential-pair capacity frontier closure	PAIR_CAPACITY_FRONTIER_AUDIT.md
10558	potential-pair capacity frontier closure	PAIR_CAPACITY_FRONTIER_AUDIT.md
10568	potential-pair capacity frontier closure	PAIR_CAPACITY_FRONTIER_AUDIT.md
10573	potential-pair capacity frontier closure	PAIR_CAPACITY_FRONTIER_AUDIT.md
10576	potential-pair capacity frontier closure	PAIR_CAPACITY_FRONTIER_AUDIT.md
10586	potential-pair capacity frontier closure	PAIR_CAPACITY_FRONTIER_AUDIT.md
10589	potential-pair capacity frontier closure	PAIR_CAPACITY_FRONTIER_AUDIT.md
10590	potential-pair capacity frontier closure	PAIR_CAPACITY_FRONTIER_AUDIT.md
10592	potential-pair capacity frontier closure	PAIR_CAPACITY_FRONTIER_AUDIT.md
10593	potential-pair capacity frontier closure	PAIR_CAPACITY_FRONTIER_AUDIT.md
10608	potential-pair capacity frontier closure	PAIR_CAPACITY_FRONTIER_AUDIT.md
10610	potential-pair capacity frontier closure	PAIR_CAPACITY_FRONTIER_AUDIT.md
10611	potential-pair capacity frontier closure	PAIR_CAPACITY_FRONTIER_AUDIT.md
10628	potential-pair capacity frontier closure	PAIR_CAPACITY_FRONTIER_AUDIT.md
10630	potential-pair capacity frontier closure	PAIR_CAPACITY_FRONTIER_AUDIT.md
10631	potential-pair capacity frontier closure	PAIR_CAPACITY_FRONTIER_AUDIT.md
10640	potential-pair capacity frontier closure	PAIR_CAPACITY_FRONTIER_AUDIT.md
10641	potential-pair capacity frontier closure	PAIR_CAPACITY_FRONTIER_AUDIT.md
10644	potential-pair capacity frontier closure	PAIR_CAPACITY_FRONTIER_AUDIT.md
10649	potential-pair capacity frontier closure	PAIR_CAPACITY_FRONTIER_AUDIT.md
10650	potential-pair capacity frontier closure	PAIR_CAPACITY_FRONTIER_AUDIT.md
10654	potential-pair capacity frontier closure	PAIR_CAPACITY_FRONTIER_AUDIT.md
10655	potential-pair capacity frontier closure	PAIR_CAPACITY_FRONTIER_AUDIT.md
10658	potential-pair capacity frontier closure	PAIR_CAPACITY_FRONTIER_AUDIT.md
10660	potential-pair capacity frontier closure	PAIR_CAPACITY_FRONTIER_AUDIT.md
10661	potential-pair capacity frontier closure	PAIR_CAPACITY_FRONTIER_AUDIT.md
10663	potential-pair capacity frontier closure	PAIR_CAPACITY_FRONTIER_AUDIT.md
10665	potential-pair capacity frontier closure	PAIR_CAPACITY_FRONTIER_AUDIT.md
10666	potential-pair capacity frontier closure	PAIR_CAPACITY_FRONTIER_AUDIT.md
10667	potential-pair capacity frontier closure	PAIR_CAPACITY_FRONTIER_AUDIT.md
10668	potential-pair capacity frontier closure	PAIR_CAPACITY_FRONTIER_AUDIT.md
10770	potential-pair capacity frontier closure	PAIR_CAPACITY_FRONTIER_AUDIT.md
10772	potential-pair capacity frontier closure	PAIR_CAPACITY_FRONTIER_AUDIT.md
10773	potential-pair capacity frontier closure	PAIR_CAPACITY_FRONTIER_AUDIT.md
10789	potential-pair capacity frontier closure	PAIR_CAPACITY_FRONTIER_AUDIT.md
10790	potential-pair capacity frontier closure	PAIR_CAPACITY_FRONTIER_AUDIT.md
10793	potential-pair capacity frontier closure	PAIR_CAPACITY_FRONTIER_AUDIT.md
10813	potential-pair capacity frontier closure	PAIR_CAPACITY_FRONTIER_AUDIT.md
10814	potential-pair capacity frontier closure	PAIR_CAPACITY_FRONTIER_AUDIT.md
10817	potential-pair capacity frontier closure	PAIR_CAPACITY_FRONTIER_AUDIT.md
10822	potential-pair capacity frontier closure	PAIR_CAPACITY_FRONTIER_AUDIT.md
10823	potential-pair capacity frontier closure	PAIR_CAPACITY_FRONTIER_AUDIT.md
10825	potential-pair capacity frontier closure	PAIR_CAPACITY_FRONTIER_AUDIT.md
10834	potential-pair capacity frontier closure	PAIR_CAPACITY_FRONTIER_AUDIT.md
10835	potential-pair capacity frontier closure	PAIR_CAPACITY_FRONTIER_AUDIT.md
10837	potential-pair capacity frontier closure	PAIR_CAPACITY_FRONTIER_AUDIT.md
10841	potential-pair capacity frontier closure	PAIR_CAPACITY_FRONTIER_AUDIT.md
10879	potential-pair capacity frontier closure	PAIR_CAPACITY_FRONTIER_AUDIT.md
10880	potential-pair capacity frontier closure	PAIR_CAPACITY_FRONTIER_AUDIT.md
10885	potential-pair capacity frontier closure	PAIR_CAPACITY_FRONTIER_AUDIT.md
10935	potential-pair capacity frontier closure	PAIR_CAPACITY_FRONTIER_AUDIT.md
10937	potential-pair capacity frontier closure	PAIR_CAPACITY_FRONTIER_AUDIT.md
10938	potential-pair capacity frontier closure	PAIR_CAPACITY_FRONTIER_AUDIT.md
10947	potential-pair capacity frontier closure	PAIR_CAPACITY_FRONTIER_AUDIT.md
10948	potential-pair capacity frontier closure	PAIR_CAPACITY_FRONTIER_AUDIT.md
10955	potential-pair capacity frontier closure	PAIR_CAPACITY_FRONTIER_AUDIT.md
10956	potential-pair capacity frontier closure	PAIR_CAPACITY_FRONTIER_AUDIT.md
10961	potential-pair capacity frontier closure	PAIR_CAPACITY_FRONTIER_AUDIT.md
10965	potential-pair capacity frontier closure	PAIR_CAPACITY_FRONTIER_AUDIT.md
10973	potential-pair capacity frontier closure	PAIR_CAPACITY_FRONTIER_AUDIT.md
10976	potential-pair capacity frontier closure	PAIR_CAPACITY_FRONTIER_AUDIT.md
10977	potential-pair capacity frontier closure	PAIR_CAPACITY_FRONTIER_AUDIT.md
10979	potential-pair capacity frontier closure	PAIR_CAPACITY_FRONTIER_AUDIT.md
10980	potential-pair capacity frontier closure	PAIR_CAPACITY_FRONTIER_AUDIT.md
10995	potential-pair capacity frontier closure	PAIR_CAPACITY_FRONTIER_AUDIT.md
10997	potential-pair capacity frontier closure	PAIR_CAPACITY_FRONTIER_AUDIT.md
10998	potential-pair capacity frontier closure	PAIR_CAPACITY_FRONTIER_AUDIT.md
11011	potential-pair capacity frontier closure	PAIR_CAPACITY_FRONTIER_AUDIT.md
11013	potential-pair capacity frontier closure	PAIR_CAPACITY_FRONTIER_AUDIT.md
11014	potential-pair capacity frontier closure	PAIR_CAPACITY_FRONTIER_AUDIT.md
11023	potential-pair capacity frontier closure	PAIR_CAPACITY_FRONTIER_AUDIT.md
11024	potential-pair capacity frontier closure	PAIR_CAPACITY_FRONTIER_AUDIT.md
11030	potential-pair capacity frontier closure	PAIR_CAPACITY_FRONTIER_AUDIT.md
11034	potential-pair capacity frontier closure	PAIR_CAPACITY_FRONTIER_AUDIT.md
11035	potential-pair capacity frontier closure	PAIR_CAPACITY_FRONTIER_AUDIT.md
11038	potential-pair capacity frontier closure	PAIR_CAPACITY_FRONTIER_AUDIT.md
11040	potential-pair capacity frontier closure	PAIR_CAPACITY_FRONTIER_AUDIT.md
11041	potential-pair capacity frontier closure	PAIR_CAPACITY_FRONTIER_AUDIT.md
11044	potential-pair capacity frontier closure	PAIR_CAPACITY_FRONTIER_AUDIT.md
11045	potential-pair capacity frontier closure	PAIR_CAPACITY_FRONTIER_AUDIT.md
11115	potential-pair capacity frontier closure	PAIR_CAPACITY_FRONTIER_AUDIT.md
11146	potential-pair capacity frontier closure	PAIR_CAPACITY_FRONTIER_AUDIT.md
11180	potential-pair capacity frontier closure	PAIR_CAPACITY_FRONTIER_AUDIT.md
11190	potential-pair capacity frontier closure	PAIR_CAPACITY_FRONTIER_AUDIT.md
11192	potential-pair capacity frontier closure	PAIR_CAPACITY_FRONTIER_AUDIT.md
11196	potential-pair capacity frontier closure	PAIR_CAPACITY_FRONTIER_AUDIT.md
11233	potential-pair capacity frontier closure	PAIR_CAPACITY_FRONTIER_AUDIT.md
11235	potential-pair capacity frontier closure	PAIR_CAPACITY_FRONTIER_AUDIT.md
11236	potential-pair capacity frontier closure	PAIR_CAPACITY_FRONTIER_AUDIT.md
11250	potential-pair capacity frontier closure	PAIR_CAPACITY_FRONTIER_AUDIT.md
11251	potential-pair capacity frontier closure	PAIR_CAPACITY_FRONTIER_AUDIT.md
11260	potential-pair capacity frontier closure	PAIR_CAPACITY_FRONTIER_AUDIT.md
11261	potential-pair capacity frontier closure	PAIR_CAPACITY_FRONTIER_AUDIT.md
11268	potential-pair capacity frontier closure	PAIR_CAPACITY_FRONTIER_AUDIT.md
11269	potential-pair capacity frontier closure	PAIR_CAPACITY_FRONTIER_AUDIT.md
11271	potential-pair capacity frontier closure	PAIR_CAPACITY_FRONTIER_AUDIT.md
11273	potential-pair capacity frontier closure	PAIR_CAPACITY_FRONTIER_AUDIT.md
11274	potential-pair capacity frontier closure	PAIR_CAPACITY_FRONTIER_AUDIT.md
11276	potential-pair capacity frontier closure	PAIR_CAPACITY_FRONTIER_AUDIT.md
11277	potential-pair capacity frontier closure	PAIR_CAPACITY_FRONTIER_AUDIT.md
11388	potential-pair capacity frontier closure	PAIR_CAPACITY_FRONTIER_AUDIT.md
11399	potential-pair capacity frontier closure	PAIR_CAPACITY_FRONTIER_AUDIT.md
11400	potential-pair capacity frontier closure	PAIR_CAPACITY_FRONTIER_AUDIT.md
11404	potential-pair capacity frontier closure	PAIR_CAPACITY_FRONTIER_AUDIT.md
11464	potential-pair capacity frontier closure	PAIR_CAPACITY_FRONTIER_AUDIT.md
11474	potential-pair capacity frontier closure	PAIR_CAPACITY_FRONTIER_AUDIT.md
11477	potential-pair capacity frontier closure	PAIR_CAPACITY_FRONTIER_AUDIT.md
11479	potential-pair capacity frontier closure	PAIR_CAPACITY_FRONTIER_AUDIT.md
11482	potential-pair capacity frontier closure	PAIR_CAPACITY_FRONTIER_AUDIT.md
11585	potential-pair capacity frontier closure	PAIR_CAPACITY_FRONTIER_AUDIT.md
11586	potential-pair capacity frontier closure	PAIR_CAPACITY_FRONTIER_AUDIT.md
11591	potential-pair capacity frontier closure	PAIR_CAPACITY_FRONTIER_AUDIT.md
11592	potential-pair capacity frontier closure	PAIR_CAPACITY_FRONTIER_AUDIT.md
11618	potential-pair capacity frontier closure	PAIR_CAPACITY_FRONTIER_AUDIT.md
11619	potential-pair capacity frontier closure	PAIR_CAPACITY_FRONTIER_AUDIT.md
11620	potential-pair capacity frontier closure	PAIR_CAPACITY_FRONTIER_AUDIT.md
11623	potential-pair capacity frontier closure	PAIR_CAPACITY_FRONTIER_AUDIT.md
11624	potential-pair capacity frontier closure	PAIR_CAPACITY_FRONTIER_AUDIT.md
11633	potential-pair capacity frontier closure	PAIR_CAPACITY_FRONTIER_AUDIT.md
11636	potential-pair capacity frontier closure	PAIR_CAPACITY_FRONTIER_AUDIT.md
11637	potential-pair capacity frontier closure	PAIR_CAPACITY_FRONTIER_AUDIT.md
11641	potential-pair capacity frontier closure	PAIR_CAPACITY_FRONTIER_AUDIT.md
11745	potential-pair capacity frontier closure	PAIR_CAPACITY_FRONTIER_AUDIT.md
11756	potential-pair capacity frontier closure	PAIR_CAPACITY_FRONTIER_AUDIT.md
11774	potential-pair capacity frontier closure	PAIR_CAPACITY_FRONTIER_AUDIT.md
11776	potential-pair capacity frontier closure	PAIR_CAPACITY_FRONTIER_AUDIT.md
11781	potential-pair capacity frontier closure	PAIR_CAPACITY_FRONTIER_AUDIT.md
11783	potential-pair capacity frontier closure	PAIR_CAPACITY_FRONTIER_AUDIT.md
11784	potential-pair capacity frontier closure	PAIR_CAPACITY_FRONTIER_AUDIT.md
11809	potential-pair capacity frontier closure	PAIR_CAPACITY_FRONTIER_AUDIT.md
11811	potential-pair capacity frontier closure	PAIR_CAPACITY_FRONTIER_AUDIT.md
11812	potential-pair capacity frontier closure	PAIR_CAPACITY_FRONTIER_AUDIT.md
11814	potential-pair capacity frontier closure	PAIR_CAPACITY_FRONTIER_AUDIT.md
11815	potential-pair capacity frontier closure	PAIR_CAPACITY_FRONTIER_AUDIT.md
11817	potential-pair capacity frontier closure	PAIR_CAPACITY_FRONTIER_AUDIT.md
11818	potential-pair capacity frontier closure	PAIR_CAPACITY_FRONTIER_AUDIT.md
11819	potential-pair capacity frontier closure	PAIR_CAPACITY_FRONTIER_AUDIT.md
11820	potential-pair capacity frontier closure	PAIR_CAPACITY_FRONTIER_AUDIT.md
11821	potential-pair capacity frontier closure	PAIR_CAPACITY_FRONTIER_AUDIT.md
11823	potential-pair capacity frontier closure	PAIR_CAPACITY_FRONTIER_AUDIT.md
11828	potential-pair capacity frontier closure	PAIR_CAPACITY_FRONTIER_AUDIT.md
11831	potential-pair capacity frontier closure	PAIR_CAPACITY_FRONTIER_AUDIT.md
11832	potential-pair capacity frontier closure	PAIR_CAPACITY_FRONTIER_AUDIT.md
11834	potential-pair capacity frontier closure	PAIR_CAPACITY_FRONTIER_AUDIT.md
11835	potential-pair capacity frontier closure	PAIR_CAPACITY_FRONTIER_AUDIT.md
11836	potential-pair capacity frontier closure	PAIR_CAPACITY_FRONTIER_AUDIT.md
11837	potential-pair capacity frontier closure	PAIR_CAPACITY_FRONTIER_AUDIT.md
11838	potential-pair capacity frontier closure	PAIR_CAPACITY_FRONTIER_AUDIT.md
11840	potential-pair capacity frontier closure	PAIR_CAPACITY_FRONTIER_AUDIT.md
11841	potential-pair capacity frontier closure	PAIR_CAPACITY_FRONTIER_AUDIT.md
11842	potential-pair capacity frontier closure	PAIR_CAPACITY_FRONTIER_AUDIT.md
11843	potential-pair capacity frontier closure	PAIR_CAPACITY_FRONTIER_AUDIT.md
11844	potential-pair capacity frontier closure	PAIR_CAPACITY_FRONTIER_AUDIT.md
11846	potential-pair capacity frontier closure	PAIR_CAPACITY_FRONTIER_AUDIT.md
11847	potential-pair capacity frontier closure	PAIR_CAPACITY_FRONTIER_AUDIT.md
11848	potential-pair capacity frontier closure	PAIR_CAPACITY_FRONTIER_AUDIT.md
11849	potential-pair capacity frontier closure	PAIR_CAPACITY_FRONTIER_AUDIT.md
11851	potential-pair capacity frontier closure	PAIR_CAPACITY_FRONTIER_AUDIT.md
11852	potential-pair capacity frontier closure	PAIR_CAPACITY_FRONTIER_AUDIT.md
11854	potential-pair capacity frontier closure	PAIR_CAPACITY_FRONTIER_AUDIT.md
11863	potential-pair capacity frontier closure	PAIR_CAPACITY_FRONTIER_AUDIT.md
11864	potential-pair capacity frontier closure	PAIR_CAPACITY_FRONTIER_AUDIT.md
11869	potential-pair capacity frontier closure	PAIR_CAPACITY_FRONTIER_AUDIT.md
11876	potential-pair capacity frontier closure	PAIR_CAPACITY_FRONTIER_AUDIT.md
11878	potential-pair capacity frontier closure	PAIR_CAPACITY_FRONTIER_AUDIT.md
11916	potential-pair capacity frontier closure	PAIR_CAPACITY_FRONTIER_AUDIT.md
11927	potential-pair capacity frontier closure	PAIR_CAPACITY_FRONTIER_AUDIT.md
11931	potential-pair capacity frontier closure	PAIR_CAPACITY_FRONTIER_AUDIT.md
11932	potential-pair capacity frontier closure	PAIR_CAPACITY_FRONTIER_AUDIT.md
11934	potential-pair capacity frontier closure	PAIR_CAPACITY_FRONTIER_AUDIT.md
11935	potential-pair capacity frontier closure	PAIR_CAPACITY_FRONTIER_AUDIT.md
11936	potential-pair capacity frontier closure	PAIR_CAPACITY_FRONTIER_AUDIT.md
11937	potential-pair capacity frontier closure	PAIR_CAPACITY_FRONTIER_AUDIT.md
11938	potential-pair capacity frontier closure	PAIR_CAPACITY_FRONTIER_AUDIT.md
11942	potential-pair capacity frontier closure	PAIR_CAPACITY_FRONTIER_AUDIT.md
11943	potential-pair capacity frontier closure	PAIR_CAPACITY_FRONTIER_AUDIT.md
11949	potential-pair capacity frontier closure	PAIR_CAPACITY_FRONTIER_AUDIT.md
11952	potential-pair capacity frontier closure	PAIR_CAPACITY_FRONTIER_AUDIT.md
11953	potential-pair capacity frontier closure	PAIR_CAPACITY_FRONTIER_AUDIT.md
11954	potential-pair capacity frontier closure	PAIR_CAPACITY_FRONTIER_AUDIT.md
11955	potential-pair capacity frontier closure	PAIR_CAPACITY_FRONTIER_AUDIT.md
11956	potential-pair capacity frontier closure	PAIR_CAPACITY_FRONTIER_AUDIT.md
11969	potential-pair capacity frontier closure	PAIR_CAPACITY_FRONTIER_AUDIT.md
11970	potential-pair capacity frontier closure	PAIR_CAPACITY_FRONTIER_AUDIT.md
11971	potential-pair capacity frontier closure	PAIR_CAPACITY_FRONTIER_AUDIT.md
11976	potential-pair capacity frontier closure	PAIR_CAPACITY_FRONTIER_AUDIT.md
11979	potential-pair capacity frontier closure	PAIR_CAPACITY_FRONTIER_AUDIT.md
11980	potential-pair capacity frontier closure	PAIR_CAPACITY_FRONTIER_AUDIT.md
11982	potential-pair capacity frontier closure	PAIR_CAPACITY_FRONTIER_AUDIT.md
11983	potential-pair capacity frontier closure	PAIR_CAPACITY_FRONTIER_AUDIT.md
11985	potential-pair capacity frontier closure	PAIR_CAPACITY_FRONTIER_AUDIT.md
11986	potential-pair capacity frontier closure	PAIR_CAPACITY_FRONTIER_AUDIT.md
11987	potential-pair capacity frontier closure	PAIR_CAPACITY_FRONTIER_AUDIT.md
11988	potential-pair capacity frontier closure	PAIR_CAPACITY_FRONTIER_AUDIT.md
11989	potential-pair capacity frontier closure	PAIR_CAPACITY_FRONTIER_AUDIT.md
11991	potential-pair capacity frontier closure	PAIR_CAPACITY_FRONTIER_AUDIT.md
11992	potential-pair capacity frontier closure	PAIR_CAPACITY_FRONTIER_AUDIT.md
11993	potential-pair capacity frontier closure	PAIR_CAPACITY_FRONTIER_AUDIT.md
11994	potential-pair capacity frontier closure	PAIR_CAPACITY_FRONTIER_AUDIT.md
11996	potential-pair capacity frontier closure	PAIR_CAPACITY_FRONTIER_AUDIT.md
11998	potential-pair capacity frontier closure	PAIR_CAPACITY_FRONTIER_AUDIT.md
11999	potential-pair capacity frontier closure	PAIR_CAPACITY_FRONTIER_AUDIT.md
12000	potential-pair capacity frontier closure	PAIR_CAPACITY_FRONTIER_AUDIT.md
12001	potential-pair capacity frontier closure	PAIR_CAPACITY_FRONTIER_AUDIT.md
12002	potential-pair capacity frontier closure	PAIR_CAPACITY_FRONTIER_AUDIT.md
12007	potential-pair capacity frontier closure	PAIR_CAPACITY_FRONTIER_AUDIT.md
12008	potential-pair capacity frontier closure	PAIR_CAPACITY_FRONTIER_AUDIT.md
12018	potential-pair capacity frontier closure	PAIR_CAPACITY_FRONTIER_AUDIT.md
12019	potential-pair capacity frontier closure	PAIR_CAPACITY_FRONTIER_AUDIT.md
12021	potential-pair capacity frontier closure	PAIR_CAPACITY_FRONTIER_AUDIT.md
12022	potential-pair capacity frontier closure	PAIR_CAPACITY_FRONTIER_AUDIT.md
12023	potential-pair capacity frontier closure	PAIR_CAPACITY_FRONTIER_AUDIT.md
12027	potential-pair capacity frontier closure	PAIR_CAPACITY_FRONTIER_AUDIT.md
12028	potential-pair capacity frontier closure	PAIR_CAPACITY_FRONTIER_AUDIT.md
12033	potential-pair capacity frontier closure	PAIR_CAPACITY_FRONTIER_AUDIT.md
12034	potential-pair capacity frontier closure	PAIR_CAPACITY_FRONTIER_AUDIT.md
12036	potential-pair capacity frontier closure	PAIR_CAPACITY_FRONTIER_AUDIT.md
12037	potential-pair capacity frontier closure	PAIR_CAPACITY_FRONTIER_AUDIT.md
12039	potential-pair capacity frontier closure	PAIR_CAPACITY_FRONTIER_AUDIT.md
12040	potential-pair capacity frontier closure	PAIR_CAPACITY_FRONTIER_AUDIT.md
12043	potential-pair capacity frontier closure	PAIR_CAPACITY_FRONTIER_AUDIT.md
12044	potential-pair capacity frontier closure	PAIR_CAPACITY_FRONTIER_AUDIT.md
12045	potential-pair capacity frontier closure	PAIR_CAPACITY_FRONTIER_AUDIT.md
12046	potential-pair capacity frontier closure	PAIR_CAPACITY_FRONTIER_AUDIT.md
12047	potential-pair capacity frontier closure	PAIR_CAPACITY_FRONTIER_AUDIT.md
12048	potential-pair capacity frontier closure	PAIR_CAPACITY_FRONTIER_AUDIT.md
12050	potential-pair capacity frontier closure	PAIR_CAPACITY_FRONTIER_AUDIT.md
12051	potential-pair capacity frontier closure	PAIR_CAPACITY_FRONTIER_AUDIT.md
12052	potential-pair capacity frontier closure	PAIR_CAPACITY_FRONTIER_AUDIT.md
12053	potential-pair capacity frontier closure	PAIR_CAPACITY_FRONTIER_AUDIT.md
12056	potential-pair capacity frontier closure	PAIR_CAPACITY_FRONTIER_AUDIT.md
12057	potential-pair capacity frontier closure	PAIR_CAPACITY_FRONTIER_AUDIT.md
12059	potential-pair capacity frontier closure	PAIR_CAPACITY_FRONTIER_AUDIT.md
12060	potential-pair capacity frontier closure	PAIR_CAPACITY_FRONTIER_AUDIT.md
12062	potential-pair capacity frontier closure	PAIR_CAPACITY_FRONTIER_AUDIT.md
12063	potential-pair capacity frontier closure	PAIR_CAPACITY_FRONTIER_AUDIT.md
12066	potential-pair capacity frontier closure	PAIR_CAPACITY_FRONTIER_AUDIT.md
12067	potential-pair capacity frontier closure	PAIR_CAPACITY_FRONTIER_AUDIT.md
12068	potential-pair capacity frontier closure	PAIR_CAPACITY_FRONTIER_AUDIT.md
12069	potential-pair capacity frontier closure	PAIR_CAPACITY_FRONTIER_AUDIT.md
12070	potential-pair capacity frontier closure	PAIR_CAPACITY_FRONTIER_AUDIT.md
12073	potential-pair capacity frontier closure	PAIR_CAPACITY_FRONTIER_AUDIT.md
12074	potential-pair capacity frontier closure	PAIR_CAPACITY_FRONTIER_AUDIT.md
12076	potential-pair capacity frontier closure	PAIR_CAPACITY_FRONTIER_AUDIT.md
12077	potential-pair capacity frontier closure	PAIR_CAPACITY_FRONTIER_AUDIT.md
12079	potential-pair capacity frontier closure	PAIR_CAPACITY_FRONTIER_AUDIT.md
12080	potential-pair capacity frontier closure	PAIR_CAPACITY_FRONTIER_AUDIT.md
12082	potential-pair capacity frontier closure	PAIR_CAPACITY_FRONTIER_AUDIT.md
12083	potential-pair capacity frontier closure	PAIR_CAPACITY_FRONTIER_AUDIT.md
12085	potential-pair capacity frontier closure	PAIR_CAPACITY_FRONTIER_AUDIT.md
12086	potential-pair capacity frontier closure	PAIR_CAPACITY_FRONTIER_AUDIT.md
12103	potential-pair capacity frontier closure	PAIR_CAPACITY_FRONTIER_AUDIT.md
12106	potential-pair capacity frontier closure	PAIR_CAPACITY_FRONTIER_AUDIT.md
12107	potential-pair capacity frontier closure	PAIR_CAPACITY_FRONTIER_AUDIT.md
12116	potential-pair capacity frontier closure	PAIR_CAPACITY_FRONTIER_AUDIT.md
12117	potential-pair capacity frontier closure	PAIR_CAPACITY_FRONTIER_AUDIT.md
12119	potential-pair capacity frontier closure	PAIR_CAPACITY_FRONTIER_AUDIT.md
12120	potential-pair capacity frontier closure	PAIR_CAPACITY_FRONTIER_AUDIT.md
12121	potential-pair capacity frontier closure	PAIR_CAPACITY_FRONTIER_AUDIT.md
12122	potential-pair capacity frontier closure	PAIR_CAPACITY_FRONTIER_AUDIT.md
12126	potential-pair capacity frontier closure	PAIR_CAPACITY_FRONTIER_AUDIT.md
12127	potential-pair capacity frontier closure	PAIR_CAPACITY_FRONTIER_AUDIT.md
12148	potential-pair capacity frontier closure	PAIR_CAPACITY_FRONTIER_AUDIT.md
12218	potential-pair capacity frontier closure	PAIR_CAPACITY_FRONTIER_AUDIT.md
12240	potential-pair capacity frontier closure	PAIR_CAPACITY_FRONTIER_AUDIT.md
12246	potential-pair capacity frontier closure	PAIR_CAPACITY_FRONTIER_AUDIT.md
12257	potential-pair capacity frontier closure	PAIR_CAPACITY_FRONTIER_AUDIT.md
12258	potential-pair capacity frontier closure	PAIR_CAPACITY_FRONTIER_AUDIT.md
12259	potential-pair capacity frontier closure	PAIR_CAPACITY_FRONTIER_AUDIT.md
12267	potential-pair capacity frontier closure	PAIR_CAPACITY_FRONTIER_AUDIT.md
12274	potential-pair capacity frontier closure	PAIR_CAPACITY_FRONTIER_AUDIT.md
12275	potential-pair capacity frontier closure	PAIR_CAPACITY_FRONTIER_AUDIT.md
12281	potential-pair capacity frontier closure	PAIR_CAPACITY_FRONTIER_AUDIT.md
12284	potential-pair capacity frontier closure	PAIR_CAPACITY_FRONTIER_AUDIT.md
12285	potential-pair capacity frontier closure	PAIR_CAPACITY_FRONTIER_AUDIT.md
12286	potential-pair capacity frontier closure	PAIR_CAPACITY_FRONTIER_AUDIT.md
12287	potential-pair capacity frontier closure	PAIR_CAPACITY_FRONTIER_AUDIT.md
12288	potential-pair capacity frontier closure	PAIR_CAPACITY_FRONTIER_AUDIT.md
12301	potential-pair capacity frontier closure	PAIR_CAPACITY_FRONTIER_AUDIT.md
12302	potential-pair capacity frontier closure	PAIR_CAPACITY_FRONTIER_AUDIT.md
12303	potential-pair capacity frontier closure	PAIR_CAPACITY_FRONTIER_AUDIT.md
12308	potential-pair capacity frontier closure	PAIR_CAPACITY_FRONTIER_AUDIT.md
12311	potential-pair capacity frontier closure	PAIR_CAPACITY_FRONTIER_AUDIT.md
12312	potential-pair capacity frontier closure	PAIR_CAPACITY_FRONTIER_AUDIT.md
12314	potential-pair capacity frontier closure	PAIR_CAPACITY_FRONTIER_AUDIT.md
12315	potential-pair capacity frontier closure	PAIR_CAPACITY_FRONTIER_AUDIT.md
12317	potential-pair capacity frontier closure	PAIR_CAPACITY_FRONTIER_AUDIT.md
12318	potential-pair capacity frontier closure	PAIR_CAPACITY_FRONTIER_AUDIT.md
12319	potential-pair capacity frontier closure	PAIR_CAPACITY_FRONTIER_AUDIT.md
12320	potential-pair capacity frontier closure	PAIR_CAPACITY_FRONTIER_AUDIT.md
12321	potential-pair capacity frontier closure	PAIR_CAPACITY_FRONTIER_AUDIT.md
12323	potential-pair capacity frontier closure	PAIR_CAPACITY_FRONTIER_AUDIT.md
12324	potential-pair capacity frontier closure	PAIR_CAPACITY_FRONTIER_AUDIT.md
12325	potential-pair capacity frontier closure	PAIR_CAPACITY_FRONTIER_AUDIT.md
12326	potential-pair capacity frontier closure	PAIR_CAPACITY_FRONTIER_AUDIT.md
12328	potential-pair capacity frontier closure	PAIR_CAPACITY_FRONTIER_AUDIT.md
12329	potential-pair capacity frontier closure	PAIR_CAPACITY_FRONTIER_AUDIT.md
12330	potential-pair capacity frontier closure	PAIR_CAPACITY_FRONTIER_AUDIT.md
12332	potential-pair capacity frontier closure	PAIR_CAPACITY_FRONTIER_AUDIT.md
12333	potential-pair capacity frontier closure	PAIR_CAPACITY_FRONTIER_AUDIT.md
12334	potential-pair capacity frontier closure	PAIR_CAPACITY_FRONTIER_AUDIT.md
12335	potential-pair capacity frontier closure	PAIR_CAPACITY_FRONTIER_AUDIT.md
12336	potential-pair capacity frontier closure	PAIR_CAPACITY_FRONTIER_AUDIT.md
12337	potential-pair capacity frontier closure	PAIR_CAPACITY_FRONTIER_AUDIT.md
12339	potential-pair capacity frontier closure	PAIR_CAPACITY_FRONTIER_AUDIT.md
12340	potential-pair capacity frontier closure	PAIR_CAPACITY_FRONTIER_AUDIT.md
12341	potential-pair capacity frontier closure	PAIR_CAPACITY_FRONTIER_AUDIT.md
12342	potential-pair capacity frontier closure	PAIR_CAPACITY_FRONTIER_AUDIT.md
12343	potential-pair capacity frontier closure	PAIR_CAPACITY_FRONTIER_AUDIT.md
12346	potential-pair capacity frontier closure	PAIR_CAPACITY_FRONTIER_AUDIT.md
12347	potential-pair capacity frontier closure	PAIR_CAPACITY_FRONTIER_AUDIT.md
12349	potential-pair capacity frontier closure	PAIR_CAPACITY_FRONTIER_AUDIT.md
12350	potential-pair capacity frontier closure	PAIR_CAPACITY_FRONTIER_AUDIT.md
12352	potential-pair capacity frontier closure	PAIR_CAPACITY_FRONTIER_AUDIT.md
12353	potential-pair capacity frontier closure	PAIR_CAPACITY_FRONTIER_AUDIT.md
12355	potential-pair capacity frontier closure	PAIR_CAPACITY_FRONTIER_AUDIT.md
12356	potential-pair capacity frontier closure	PAIR_CAPACITY_FRONTIER_AUDIT.md
12357	potential-pair capacity frontier closure	PAIR_CAPACITY_FRONTIER_AUDIT.md
12359	potential-pair capacity frontier closure	PAIR_CAPACITY_FRONTIER_AUDIT.md
12360	potential-pair capacity frontier closure	PAIR_CAPACITY_FRONTIER_AUDIT.md
12361	potential-pair capacity frontier closure	PAIR_CAPACITY_FRONTIER_AUDIT.md
12362	potential-pair capacity frontier closure	PAIR_CAPACITY_FRONTIER_AUDIT.md
12363	potential-pair capacity frontier closure	PAIR_CAPACITY_FRONTIER_AUDIT.md
12364	potential-pair capacity frontier closure	PAIR_CAPACITY_FRONTIER_AUDIT.md
12367	potential-pair capacity frontier closure	PAIR_CAPACITY_FRONTIER_AUDIT.md
12368	potential-pair capacity frontier closure	PAIR_CAPACITY_FRONTIER_AUDIT.md
12370	potential-pair capacity frontier closure	PAIR_CAPACITY_FRONTIER_AUDIT.md
12371	potential-pair capacity frontier closure	PAIR_CAPACITY_FRONTIER_AUDIT.md
12373	potential-pair capacity frontier closure	PAIR_CAPACITY_FRONTIER_AUDIT.md
12374	potential-pair capacity frontier closure	PAIR_CAPACITY_FRONTIER_AUDIT.md
12377	potential-pair capacity frontier closure	PAIR_CAPACITY_FRONTIER_AUDIT.md
12378	potential-pair capacity frontier closure	PAIR_CAPACITY_FRONTIER_AUDIT.md
12379	potential-pair capacity frontier closure	PAIR_CAPACITY_FRONTIER_AUDIT.md
12380	potential-pair capacity frontier closure	PAIR_CAPACITY_FRONTIER_AUDIT.md
12381	potential-pair capacity frontier closure	PAIR_CAPACITY_FRONTIER_AUDIT.md
12382	potential-pair capacity frontier closure	PAIR_CAPACITY_FRONTIER_AUDIT.md
12383	potential-pair capacity frontier closure	PAIR_CAPACITY_FRONTIER_AUDIT.md
12385	potential-pair capacity frontier closure	PAIR_CAPACITY_FRONTIER_AUDIT.md
12386	potential-pair capacity frontier closure	PAIR_CAPACITY_FRONTIER_AUDIT.md
12387	potential-pair capacity frontier closure	PAIR_CAPACITY_FRONTIER_AUDIT.md
12388	potential-pair capacity frontier closure	PAIR_CAPACITY_FRONTIER_AUDIT.md
12389	potential-pair capacity frontier closure	PAIR_CAPACITY_FRONTIER_AUDIT.md
12391	potential-pair capacity frontier closure	PAIR_CAPACITY_FRONTIER_AUDIT.md
12392	potential-pair capacity frontier closure	PAIR_CAPACITY_FRONTIER_AUDIT.md
12393	potential-pair capacity frontier closure	PAIR_CAPACITY_FRONTIER_AUDIT.md
12394	potential-pair capacity frontier closure	PAIR_CAPACITY_FRONTIER_AUDIT.md
12397	potential-pair capacity frontier closure	PAIR_CAPACITY_FRONTIER_AUDIT.md
12398	potential-pair capacity frontier closure	PAIR_CAPACITY_FRONTIER_AUDIT.md
12400	potential-pair capacity frontier closure	PAIR_CAPACITY_FRONTIER_AUDIT.md
12401	potential-pair capacity frontier closure	PAIR_CAPACITY_FRONTIER_AUDIT.md
12403	potential-pair capacity frontier closure	PAIR_CAPACITY_FRONTIER_AUDIT.md
12404	potential-pair capacity frontier closure	PAIR_CAPACITY_FRONTIER_AUDIT.md
12407	potential-pair capacity frontier closure	PAIR_CAPACITY_FRONTIER_AUDIT.md
12408	potential-pair capacity frontier closure	PAIR_CAPACITY_FRONTIER_AUDIT.md
12409	potential-pair capacity frontier closure	PAIR_CAPACITY_FRONTIER_AUDIT.md
12410	potential-pair capacity frontier closure	PAIR_CAPACITY_FRONTIER_AUDIT.md
12411	potential-pair capacity frontier closure	PAIR_CAPACITY_FRONTIER_AUDIT.md
12414	potential-pair capacity frontier closure	PAIR_CAPACITY_FRONTIER_AUDIT.md
12415	potential-pair capacity frontier closure	PAIR_CAPACITY_FRONTIER_AUDIT.md
12417	potential-pair capacity frontier closure	PAIR_CAPACITY_FRONTIER_AUDIT.md
12418	potential-pair capacity frontier closure	PAIR_CAPACITY_FRONTIER_AUDIT.md
12420	potential-pair capacity frontier closure	PAIR_CAPACITY_FRONTIER_AUDIT.md
12421	potential-pair capacity frontier closure	PAIR_CAPACITY_FRONTIER_AUDIT.md
12423	potential-pair capacity frontier closure	PAIR_CAPACITY_FRONTIER_AUDIT.md
12424	potential-pair capacity frontier closure	PAIR_CAPACITY_FRONTIER_AUDIT.md
12426	potential-pair capacity frontier closure	PAIR_CAPACITY_FRONTIER_AUDIT.md
12427	potential-pair capacity frontier closure	PAIR_CAPACITY_FRONTIER_AUDIT.md
12432	potential-pair capacity frontier closure	PAIR_CAPACITY_FRONTIER_AUDIT.md
12436	potential-pair capacity frontier closure	PAIR_CAPACITY_FRONTIER_AUDIT.md
12437	potential-pair capacity frontier closure	PAIR_CAPACITY_FRONTIER_AUDIT.md
12439	potential-pair capacity frontier closure	PAIR_CAPACITY_FRONTIER_AUDIT.md
12440	potential-pair capacity frontier closure	PAIR_CAPACITY_FRONTIER_AUDIT.md
12442	potential-pair capacity frontier closure	PAIR_CAPACITY_FRONTIER_AUDIT.md
12443	potential-pair capacity frontier closure	PAIR_CAPACITY_FRONTIER_AUDIT.md
12448	potential-pair capacity frontier closure	PAIR_CAPACITY_FRONTIER_AUDIT.md
12454	potential-pair capacity frontier closure	PAIR_CAPACITY_FRONTIER_AUDIT.md
12456	potential-pair capacity frontier closure	PAIR_CAPACITY_FRONTIER_AUDIT.md
12457	potential-pair capacity frontier closure	PAIR_CAPACITY_FRONTIER_AUDIT.md
12460	potential-pair capacity frontier closure	PAIR_CAPACITY_FRONTIER_AUDIT.md
12461	potential-pair capacity frontier closure	PAIR_CAPACITY_FRONTIER_AUDIT.md
12463	potential-pair capacity frontier closure	PAIR_CAPACITY_FRONTIER_AUDIT.md
12464	potential-pair capacity frontier closure	PAIR_CAPACITY_FRONTIER_AUDIT.md
12467	potential-pair capacity frontier closure	PAIR_CAPACITY_FRONTIER_AUDIT.md
12468	potential-pair capacity frontier closure	PAIR_CAPACITY_FRONTIER_AUDIT.md
12470	potential-pair capacity frontier closure	PAIR_CAPACITY_FRONTIER_AUDIT.md
12471	potential-pair capacity frontier closure	PAIR_CAPACITY_FRONTIER_AUDIT.md
12473	potential-pair capacity frontier closure	PAIR_CAPACITY_FRONTIER_AUDIT.md
12474	potential-pair capacity frontier closure	PAIR_CAPACITY_FRONTIER_AUDIT.md
12477	potential-pair capacity frontier closure	PAIR_CAPACITY_FRONTIER_AUDIT.md
12478	potential-pair capacity frontier closure	PAIR_CAPACITY_FRONTIER_AUDIT.md
12480	potential-pair capacity frontier closure	PAIR_CAPACITY_FRONTIER_AUDIT.md
12481	potential-pair capacity frontier closure	PAIR_CAPACITY_FRONTIER_AUDIT.md
12483	potential-pair capacity frontier closure	PAIR_CAPACITY_FRONTIER_AUDIT.md
12484	potential-pair capacity frontier closure	PAIR_CAPACITY_FRONTIER_AUDIT.md
12489	potential-pair capacity frontier closure	PAIR_CAPACITY_FRONTIER_AUDIT.md
12493	potential-pair capacity frontier closure	PAIR_CAPACITY_FRONTIER_AUDIT.md
12499	potential-pair capacity frontier closure	PAIR_CAPACITY_FRONTIER_AUDIT.md
12501	potential-pair capacity frontier closure	PAIR_CAPACITY_FRONTIER_AUDIT.md
12502	potential-pair capacity frontier closure	PAIR_CAPACITY_FRONTIER_AUDIT.md
12505	potential-pair capacity frontier closure	PAIR_CAPACITY_FRONTIER_AUDIT.md
12506	potential-pair capacity frontier closure	PAIR_CAPACITY_FRONTIER_AUDIT.md
12508	potential-pair capacity frontier closure	PAIR_CAPACITY_FRONTIER_AUDIT.md
12509	potential-pair capacity frontier closure	PAIR_CAPACITY_FRONTIER_AUDIT.md
12512	potential-pair capacity frontier closure	PAIR_CAPACITY_FRONTIER_AUDIT.md
12515	potential-pair capacity frontier closure	PAIR_CAPACITY_FRONTIER_AUDIT.md
12516	potential-pair capacity frontier closure	PAIR_CAPACITY_FRONTIER_AUDIT.md
12519	potential-pair capacity frontier closure	PAIR_CAPACITY_FRONTIER_AUDIT.md
12520	potential-pair capacity frontier closure	PAIR_CAPACITY_FRONTIER_AUDIT.md
12522	potential-pair capacity frontier closure	PAIR_CAPACITY_FRONTIER_AUDIT.md
12523	potential-pair capacity frontier closure	PAIR_CAPACITY_FRONTIER_AUDIT.md
12525	potential-pair capacity frontier closure	PAIR_CAPACITY_FRONTIER_AUDIT.md
12526	potential-pair capacity frontier closure	PAIR_CAPACITY_FRONTIER_AUDIT.md
12528	potential-pair capacity frontier closure	PAIR_CAPACITY_FRONTIER_AUDIT.md
12529	potential-pair capacity frontier closure	PAIR_CAPACITY_FRONTIER_AUDIT.md
12530	potential-pair capacity frontier closure	PAIR_CAPACITY_FRONTIER_AUDIT.md
12531	potential-pair capacity frontier closure	PAIR_CAPACITY_FRONTIER_AUDIT.md
12533	potential-pair capacity frontier closure	PAIR_CAPACITY_FRONTIER_AUDIT.md
12534	potential-pair capacity frontier closure	PAIR_CAPACITY_FRONTIER_AUDIT.md
12535	potential-pair capacity frontier closure	PAIR_CAPACITY_FRONTIER_AUDIT.md
12536	potential-pair capacity frontier closure	PAIR_CAPACITY_FRONTIER_AUDIT.md
12537	potential-pair capacity frontier closure	PAIR_CAPACITY_FRONTIER_AUDIT.md
12594	potential-pair capacity frontier closure	PAIR_CAPACITY_FRONTIER_AUDIT.md
12597	potential-pair capacity frontier closure	PAIR_CAPACITY_FRONTIER_AUDIT.md
12598	potential-pair capacity frontier closure	PAIR_CAPACITY_FRONTIER_AUDIT.md
12601	potential-pair capacity frontier closure	PAIR_CAPACITY_FRONTIER_AUDIT.md
12602	potential-pair capacity frontier closure	PAIR_CAPACITY_FRONTIER_AUDIT.md
12604	potential-pair capacity frontier closure	PAIR_CAPACITY_FRONTIER_AUDIT.md
12605	potential-pair capacity frontier closure	PAIR_CAPACITY_FRONTIER_AUDIT.md
12607	potential-pair capacity frontier closure	PAIR_CAPACITY_FRONTIER_AUDIT.md
12608	potential-pair capacity frontier closure	PAIR_CAPACITY_FRONTIER_AUDIT.md
12610	potential-pair capacity frontier closure	PAIR_CAPACITY_FRONTIER_AUDIT.md
12611	potential-pair capacity frontier closure	PAIR_CAPACITY_FRONTIER_AUDIT.md
12612	potential-pair capacity frontier closure	PAIR_CAPACITY_FRONTIER_AUDIT.md
12621	potential-pair capacity frontier closure	PAIR_CAPACITY_FRONTIER_AUDIT.md
12622	potential-pair capacity frontier closure	PAIR_CAPACITY_FRONTIER_AUDIT.md
12624	potential-pair capacity frontier closure	PAIR_CAPACITY_FRONTIER_AUDIT.md
12625	potential-pair capacity frontier closure	PAIR_CAPACITY_FRONTIER_AUDIT.md
12626	potential-pair capacity frontier closure	PAIR_CAPACITY_FRONTIER_AUDIT.md
12627	potential-pair capacity frontier closure	PAIR_CAPACITY_FRONTIER_AUDIT.md
12628	potential-pair capacity frontier closure	PAIR_CAPACITY_FRONTIER_AUDIT.md
12632	potential-pair capacity frontier closure	PAIR_CAPACITY_FRONTIER_AUDIT.md
12633	potential-pair capacity frontier closure	PAIR_CAPACITY_FRONTIER_AUDIT.md
12642	potential-pair capacity frontier closure	PAIR_CAPACITY_FRONTIER_AUDIT.md
12651	potential-pair capacity frontier closure	PAIR_CAPACITY_FRONTIER_AUDIT.md
12652	potential-pair capacity frontier closure	PAIR_CAPACITY_FRONTIER_AUDIT.md
12671	potential-pair capacity frontier closure	PAIR_CAPACITY_FRONTIER_AUDIT.md
12677	potential-pair capacity frontier closure	PAIR_CAPACITY_FRONTIER_AUDIT.md
12679	potential-pair capacity frontier closure	PAIR_CAPACITY_FRONTIER_AUDIT.md
12680	potential-pair capacity frontier closure	PAIR_CAPACITY_FRONTIER_AUDIT.md
12682	potential-pair capacity frontier closure	PAIR_CAPACITY_FRONTIER_AUDIT.md
12683	potential-pair capacity frontier closure	PAIR_CAPACITY_FRONTIER_AUDIT.md
12684	potential-pair capacity frontier closure	PAIR_CAPACITY_FRONTIER_AUDIT.md
12685	potential-pair capacity frontier closure	PAIR_CAPACITY_FRONTIER_AUDIT.md
12686	potential-pair capacity frontier closure	PAIR_CAPACITY_FRONTIER_AUDIT.md
12688	potential-pair capacity frontier closure	PAIR_CAPACITY_FRONTIER_AUDIT.md
12689	potential-pair capacity frontier closure	PAIR_CAPACITY_FRONTIER_AUDIT.md
12690	potential-pair capacity frontier closure	PAIR_CAPACITY_FRONTIER_AUDIT.md
12691	potential-pair capacity frontier closure	PAIR_CAPACITY_FRONTIER_AUDIT.md
12692	potential-pair capacity frontier closure	PAIR_CAPACITY_FRONTIER_AUDIT.md
12694	potential-pair capacity frontier closure	PAIR_CAPACITY_FRONTIER_AUDIT.md
12696	potential-pair capacity frontier closure	PAIR_CAPACITY_FRONTIER_AUDIT.md
12697	potential-pair capacity frontier closure	PAIR_CAPACITY_FRONTIER_AUDIT.md
12698	potential-pair capacity frontier closure	PAIR_CAPACITY_FRONTIER_AUDIT.md
12699	potential-pair capacity frontier closure	PAIR_CAPACITY_FRONTIER_AUDIT.md
12700	potential-pair capacity frontier closure	PAIR_CAPACITY_FRONTIER_AUDIT.md
12705	potential-pair capacity frontier closure	PAIR_CAPACITY_FRONTIER_AUDIT.md
12706	potential-pair capacity frontier closure	PAIR_CAPACITY_FRONTIER_AUDIT.md
12716	potential-pair capacity frontier closure	PAIR_CAPACITY_FRONTIER_AUDIT.md
12717	potential-pair capacity frontier closure	PAIR_CAPACITY_FRONTIER_AUDIT.md
12719	potential-pair capacity frontier closure	PAIR_CAPACITY_FRONTIER_AUDIT.md
12720	potential-pair capacity frontier closure	PAIR_CAPACITY_FRONTIER_AUDIT.md
12721	potential-pair capacity frontier closure	PAIR_CAPACITY_FRONTIER_AUDIT.md
12725	potential-pair capacity frontier closure	PAIR_CAPACITY_FRONTIER_AUDIT.md
12726	potential-pair capacity frontier closure	PAIR_CAPACITY_FRONTIER_AUDIT.md
12731	potential-pair capacity frontier closure	PAIR_CAPACITY_FRONTIER_AUDIT.md
12732	potential-pair capacity frontier closure	PAIR_CAPACITY_FRONTIER_AUDIT.md
12734	potential-pair capacity frontier closure	PAIR_CAPACITY_FRONTIER_AUDIT.md
12735	potential-pair capacity frontier closure	PAIR_CAPACITY_FRONTIER_AUDIT.md
12737	potential-pair capacity frontier closure	PAIR_CAPACITY_FRONTIER_AUDIT.md
12738	potential-pair capacity frontier closure	PAIR_CAPACITY_FRONTIER_AUDIT.md
12739	potential-pair capacity frontier closure	PAIR_CAPACITY_FRONTIER_AUDIT.md
12741	potential-pair capacity frontier closure	PAIR_CAPACITY_FRONTIER_AUDIT.md
12742	potential-pair capacity frontier closure	PAIR_CAPACITY_FRONTIER_AUDIT.md
12743	potential-pair capacity frontier closure	PAIR_CAPACITY_FRONTIER_AUDIT.md
12744	potential-pair capacity frontier closure	PAIR_CAPACITY_FRONTIER_AUDIT.md
12745	potential-pair capacity frontier closure	PAIR_CAPACITY_FRONTIER_AUDIT.md
12747	potential-pair capacity frontier closure	PAIR_CAPACITY_FRONTIER_AUDIT.md
12749	potential-pair capacity frontier closure	PAIR_CAPACITY_FRONTIER_AUDIT.md
12750	potential-pair capacity frontier closure	PAIR_CAPACITY_FRONTIER_AUDIT.md
12751	potential-pair capacity frontier closure	PAIR_CAPACITY_FRONTIER_AUDIT.md
12752	potential-pair capacity frontier closure	PAIR_CAPACITY_FRONTIER_AUDIT.md
12755	potential-pair capacity frontier closure	PAIR_CAPACITY_FRONTIER_AUDIT.md
12756	potential-pair capacity frontier closure	PAIR_CAPACITY_FRONTIER_AUDIT.md
12757	potential-pair capacity frontier closure	PAIR_CAPACITY_FRONTIER_AUDIT.md
12761	potential-pair capacity frontier closure	PAIR_CAPACITY_FRONTIER_AUDIT.md
12762	potential-pair capacity frontier closure	PAIR_CAPACITY_FRONTIER_AUDIT.md
12764	potential-pair capacity frontier closure	PAIR_CAPACITY_FRONTIER_AUDIT.md
12765	potential-pair capacity frontier closure	PAIR_CAPACITY_FRONTIER_AUDIT.md
12767	potential-pair capacity frontier closure	PAIR_CAPACITY_FRONTIER_AUDIT.md
12768	potential-pair capacity frontier closure	PAIR_CAPACITY_FRONTIER_AUDIT.md
12769	potential-pair capacity frontier closure	PAIR_CAPACITY_FRONTIER_AUDIT.md
12771	potential-pair capacity frontier closure	PAIR_CAPACITY_FRONTIER_AUDIT.md
12772	potential-pair capacity frontier closure	PAIR_CAPACITY_FRONTIER_AUDIT.md
12773	potential-pair capacity frontier closure	PAIR_CAPACITY_FRONTIER_AUDIT.md
12778	potential-pair capacity frontier closure	PAIR_CAPACITY_FRONTIER_AUDIT.md
12779	potential-pair capacity frontier closure	PAIR_CAPACITY_FRONTIER_AUDIT.md
12781	potential-pair capacity frontier closure	PAIR_CAPACITY_FRONTIER_AUDIT.md
12782	potential-pair capacity frontier closure	PAIR_CAPACITY_FRONTIER_AUDIT.md
12784	potential-pair capacity frontier closure	PAIR_CAPACITY_FRONTIER_AUDIT.md
12785	potential-pair capacity frontier closure	PAIR_CAPACITY_FRONTIER_AUDIT.md
12787	potential-pair capacity frontier closure	PAIR_CAPACITY_FRONTIER_AUDIT.md
12788	potential-pair capacity frontier closure	PAIR_CAPACITY_FRONTIER_AUDIT.md
12789	potential-pair capacity frontier closure	PAIR_CAPACITY_FRONTIER_AUDIT.md
12790	potential-pair capacity frontier closure	PAIR_CAPACITY_FRONTIER_AUDIT.md
12791	potential-pair capacity frontier closure	PAIR_CAPACITY_FRONTIER_AUDIT.md
12792	potential-pair capacity frontier closure	PAIR_CAPACITY_FRONTIER_AUDIT.md
12794	potential-pair capacity frontier closure	PAIR_CAPACITY_FRONTIER_AUDIT.md
12795	potential-pair capacity frontier closure	PAIR_CAPACITY_FRONTIER_AUDIT.md
12796	potential-pair capacity frontier closure	PAIR_CAPACITY_FRONTIER_AUDIT.md
12797	potential-pair capacity frontier closure	PAIR_CAPACITY_FRONTIER_AUDIT.md
12800	potential-pair capacity frontier closure	PAIR_CAPACITY_FRONTIER_AUDIT.md
12801	potential-pair capacity frontier closure	PAIR_CAPACITY_FRONTIER_AUDIT.md
12803	potential-pair capacity frontier closure	PAIR_CAPACITY_FRONTIER_AUDIT.md
12804	potential-pair capacity frontier closure	PAIR_CAPACITY_FRONTIER_AUDIT.md
12806	potential-pair capacity frontier closure	PAIR_CAPACITY_FRONTIER_AUDIT.md
12807	potential-pair capacity frontier closure	PAIR_CAPACITY_FRONTIER_AUDIT.md
12809	potential-pair capacity frontier closure	PAIR_CAPACITY_FRONTIER_AUDIT.md
12810	potential-pair capacity frontier closure	PAIR_CAPACITY_FRONTIER_AUDIT.md
12811	potential-pair capacity frontier closure	PAIR_CAPACITY_FRONTIER_AUDIT.md
12812	potential-pair capacity frontier closure	PAIR_CAPACITY_FRONTIER_AUDIT.md
12813	potential-pair capacity frontier closure	PAIR_CAPACITY_FRONTIER_AUDIT.md
12837	potential-pair capacity frontier closure	PAIR_CAPACITY_FRONTIER_AUDIT.md
12838	potential-pair capacity frontier closure	PAIR_CAPACITY_FRONTIER_AUDIT.md
12840	potential-pair capacity frontier closure	PAIR_CAPACITY_FRONTIER_AUDIT.md
12841	potential-pair capacity frontier closure	PAIR_CAPACITY_FRONTIER_AUDIT.md
12843	potential-pair capacity frontier closure	PAIR_CAPACITY_FRONTIER_AUDIT.md
12844	potential-pair capacity frontier closure	PAIR_CAPACITY_FRONTIER_AUDIT.md
12846	potential-pair capacity frontier closure	PAIR_CAPACITY_FRONTIER_AUDIT.md
12847	potential-pair capacity frontier closure	PAIR_CAPACITY_FRONTIER_AUDIT.md
12848	potential-pair capacity frontier closure	PAIR_CAPACITY_FRONTIER_AUDIT.md
12849	potential-pair capacity frontier closure	PAIR_CAPACITY_FRONTIER_AUDIT.md
12851	potential-pair capacity frontier closure	PAIR_CAPACITY_FRONTIER_AUDIT.md
12852	potential-pair capacity frontier closure	PAIR_CAPACITY_FRONTIER_AUDIT.md
12853	potential-pair capacity frontier closure	PAIR_CAPACITY_FRONTIER_AUDIT.md
12854	potential-pair capacity frontier closure	PAIR_CAPACITY_FRONTIER_AUDIT.md
12855	potential-pair capacity frontier closure	PAIR_CAPACITY_FRONTIER_AUDIT.md
12858	potential-pair capacity frontier closure	PAIR_CAPACITY_FRONTIER_AUDIT.md
12861	potential-pair capacity frontier closure	PAIR_CAPACITY_FRONTIER_AUDIT.md
12862	potential-pair capacity frontier closure	PAIR_CAPACITY_FRONTIER_AUDIT.md
12864	potential-pair capacity frontier closure	PAIR_CAPACITY_FRONTIER_AUDIT.md
12865	potential-pair capacity frontier closure	PAIR_CAPACITY_FRONTIER_AUDIT.md
12866	potential-pair capacity frontier closure	PAIR_CAPACITY_FRONTIER_AUDIT.md
12868	potential-pair capacity frontier closure	PAIR_CAPACITY_FRONTIER_AUDIT.md
12869	potential-pair capacity frontier closure	PAIR_CAPACITY_FRONTIER_AUDIT.md
12870	potential-pair capacity frontier closure	PAIR_CAPACITY_FRONTIER_AUDIT.md
12871	potential-pair capacity frontier closure	PAIR_CAPACITY_FRONTIER_AUDIT.md
12887	potential-pair capacity frontier closure	PAIR_CAPACITY_FRONTIER_AUDIT.md
12893	potential-pair capacity frontier closure	PAIR_CAPACITY_FRONTIER_AUDIT.md
12895	potential-pair capacity frontier closure	PAIR_CAPACITY_FRONTIER_AUDIT.md
12896	potential-pair capacity frontier closure	PAIR_CAPACITY_FRONTIER_AUDIT.md
12898	potential-pair capacity frontier closure	PAIR_CAPACITY_FRONTIER_AUDIT.md
12899	potential-pair capacity frontier closure	PAIR_CAPACITY_FRONTIER_AUDIT.md
12900	potential-pair capacity frontier closure	PAIR_CAPACITY_FRONTIER_AUDIT.md
12901	potential-pair capacity frontier closure	PAIR_CAPACITY_FRONTIER_AUDIT.md
12902	potential-pair capacity frontier closure	PAIR_CAPACITY_FRONTIER_AUDIT.md
12904	potential-pair capacity frontier closure	PAIR_CAPACITY_FRONTIER_AUDIT.md
12905	potential-pair capacity frontier closure	PAIR_CAPACITY_FRONTIER_AUDIT.md
12906	potential-pair capacity frontier closure	PAIR_CAPACITY_FRONTIER_AUDIT.md
12907	potential-pair capacity frontier closure	PAIR_CAPACITY_FRONTIER_AUDIT.md
12913	potential-pair capacity frontier closure	PAIR_CAPACITY_FRONTIER_AUDIT.md
12914	potential-pair capacity frontier closure	PAIR_CAPACITY_FRONTIER_AUDIT.md
12921	potential-pair capacity frontier closure	PAIR_CAPACITY_FRONTIER_AUDIT.md
12932	potential-pair capacity frontier closure	PAIR_CAPACITY_FRONTIER_AUDIT.md
12933	potential-pair capacity frontier closure	PAIR_CAPACITY_FRONTIER_AUDIT.md
12936	potential-pair capacity frontier closure	PAIR_CAPACITY_FRONTIER_AUDIT.md
12937	potential-pair capacity frontier closure	PAIR_CAPACITY_FRONTIER_AUDIT.md
12941	potential-pair capacity frontier closure	PAIR_CAPACITY_FRONTIER_AUDIT.md
12950	potential-pair capacity frontier closure	PAIR_CAPACITY_FRONTIER_AUDIT.md
12951	potential-pair capacity frontier closure	PAIR_CAPACITY_FRONTIER_AUDIT.md
12953	potential-pair capacity frontier closure	PAIR_CAPACITY_FRONTIER_AUDIT.md
12954	potential-pair capacity frontier closure	PAIR_CAPACITY_FRONTIER_AUDIT.md
12955	potential-pair capacity frontier closure	PAIR_CAPACITY_FRONTIER_AUDIT.md
12958	potential-pair capacity frontier closure	PAIR_CAPACITY_FRONTIER_AUDIT.md
12959	potential-pair capacity frontier closure	PAIR_CAPACITY_FRONTIER_AUDIT.md
12962	potential-pair capacity frontier closure	PAIR_CAPACITY_FRONTIER_AUDIT.md
12964	potential-pair capacity frontier closure	PAIR_CAPACITY_FRONTIER_AUDIT.md
12965	potential-pair capacity frontier closure	PAIR_CAPACITY_FRONTIER_AUDIT.md
12966	potential-pair capacity frontier closure	PAIR_CAPACITY_FRONTIER_AUDIT.md
12967	potential-pair capacity frontier closure	PAIR_CAPACITY_FRONTIER_AUDIT.md
12968	potential-pair capacity frontier closure	PAIR_CAPACITY_FRONTIER_AUDIT.md
12970	potential-pair capacity frontier closure	PAIR_CAPACITY_FRONTIER_AUDIT.md
12971	potential-pair capacity frontier closure	PAIR_CAPACITY_FRONTIER_AUDIT.md
12972	potential-pair capacity frontier closure	PAIR_CAPACITY_FRONTIER_AUDIT.md
12973	potential-pair capacity frontier closure	PAIR_CAPACITY_FRONTIER_AUDIT.md
12985	potential-pair capacity frontier closure	PAIR_CAPACITY_FRONTIER_AUDIT.md
12986	potential-pair capacity frontier closure	PAIR_CAPACITY_FRONTIER_AUDIT.md
12987	potential-pair capacity frontier closure	PAIR_CAPACITY_FRONTIER_AUDIT.md
12988	potential-pair capacity frontier closure	PAIR_CAPACITY_FRONTIER_AUDIT.md
12989	potential-pair capacity frontier closure	PAIR_CAPACITY_FRONTIER_AUDIT.md
12990	potential-pair capacity frontier closure	PAIR_CAPACITY_FRONTIER_AUDIT.md
12992	potential-pair capacity frontier closure	PAIR_CAPACITY_FRONTIER_AUDIT.md
12993	potential-pair capacity frontier closure	PAIR_CAPACITY_FRONTIER_AUDIT.md
12994	potential-pair capacity frontier closure	PAIR_CAPACITY_FRONTIER_AUDIT.md
12995	potential-pair capacity frontier closure	PAIR_CAPACITY_FRONTIER_AUDIT.md
13007	potential-pair capacity frontier closure	PAIR_CAPACITY_FRONTIER_AUDIT.md
13008	potential-pair capacity frontier closure	PAIR_CAPACITY_FRONTIER_AUDIT.md
13009	potential-pair capacity frontier closure	PAIR_CAPACITY_FRONTIER_AUDIT.md
13010	potential-pair capacity frontier closure	PAIR_CAPACITY_FRONTIER_AUDIT.md
13011	potential-pair capacity frontier closure	PAIR_CAPACITY_FRONTIER_AUDIT.md
13014	potential-pair capacity frontier closure	PAIR_CAPACITY_FRONTIER_AUDIT.md
13015	potential-pair capacity frontier closure	PAIR_CAPACITY_FRONTIER_AUDIT.md
13017	potential-pair capacity frontier closure	PAIR_CAPACITY_FRONTIER_AUDIT.md
13018	potential-pair capacity frontier closure	PAIR_CAPACITY_FRONTIER_AUDIT.md
13020	potential-pair capacity frontier closure	PAIR_CAPACITY_FRONTIER_AUDIT.md
13021	potential-pair capacity frontier closure	PAIR_CAPACITY_FRONTIER_AUDIT.md
13023	potential-pair capacity frontier closure	PAIR_CAPACITY_FRONTIER_AUDIT.md
13024	potential-pair capacity frontier closure	PAIR_CAPACITY_FRONTIER_AUDIT.md
13025	potential-pair capacity frontier closure	PAIR_CAPACITY_FRONTIER_AUDIT.md
13026	potential-pair capacity frontier closure	PAIR_CAPACITY_FRONTIER_AUDIT.md
13028	potential-pair capacity frontier closure	PAIR_CAPACITY_FRONTIER_AUDIT.md
13029	potential-pair capacity frontier closure	PAIR_CAPACITY_FRONTIER_AUDIT.md
13030	potential-pair capacity frontier closure	PAIR_CAPACITY_FRONTIER_AUDIT.md
13031	potential-pair capacity frontier closure	PAIR_CAPACITY_FRONTIER_AUDIT.md
13032	potential-pair capacity frontier closure	PAIR_CAPACITY_FRONTIER_AUDIT.md
13035	potential-pair capacity frontier closure	PAIR_CAPACITY_FRONTIER_AUDIT.md
13036	potential-pair capacity frontier closure	PAIR_CAPACITY_FRONTIER_AUDIT.md
13038	potential-pair capacity frontier closure	PAIR_CAPACITY_FRONTIER_AUDIT.md
13039	potential-pair capacity frontier closure	PAIR_CAPACITY_FRONTIER_AUDIT.md
13041	potential-pair capacity frontier closure	PAIR_CAPACITY_FRONTIER_AUDIT.md
13042	potential-pair capacity frontier closure	PAIR_CAPACITY_FRONTIER_AUDIT.md
13043	potential-pair capacity frontier closure	PAIR_CAPACITY_FRONTIER_AUDIT.md
13045	potential-pair capacity frontier closure	PAIR_CAPACITY_FRONTIER_AUDIT.md
13046	potential-pair capacity frontier closure	PAIR_CAPACITY_FRONTIER_AUDIT.md
13047	potential-pair capacity frontier closure	PAIR_CAPACITY_FRONTIER_AUDIT.md
13048	potential-pair capacity frontier closure	PAIR_CAPACITY_FRONTIER_AUDIT.md
13049	potential-pair capacity frontier closure	PAIR_CAPACITY_FRONTIER_AUDIT.md
13050	potential-pair capacity frontier closure	PAIR_CAPACITY_FRONTIER_AUDIT.md
13055	potential-pair capacity frontier closure	PAIR_CAPACITY_FRONTIER_AUDIT.md
13056	potential-pair capacity frontier closure	PAIR_CAPACITY_FRONTIER_AUDIT.md
13061	potential-pair capacity frontier closure	PAIR_CAPACITY_FRONTIER_AUDIT.md
13062	potential-pair capacity frontier closure	PAIR_CAPACITY_FRONTIER_AUDIT.md
13064	potential-pair capacity frontier closure	PAIR_CAPACITY_FRONTIER_AUDIT.md
13069	potential-pair capacity frontier closure	PAIR_CAPACITY_FRONTIER_AUDIT.md
13070	potential-pair capacity frontier closure	PAIR_CAPACITY_FRONTIER_AUDIT.md
13073	potential-pair capacity frontier closure	PAIR_CAPACITY_FRONTIER_AUDIT.md
13074	potential-pair capacity frontier closure	PAIR_CAPACITY_FRONTIER_AUDIT.md
13075	potential-pair capacity frontier closure	PAIR_CAPACITY_FRONTIER_AUDIT.md
13076	potential-pair capacity frontier closure	PAIR_CAPACITY_FRONTIER_AUDIT.md
13082	potential-pair capacity frontier closure	PAIR_CAPACITY_FRONTIER_AUDIT.md
13089	potential-pair capacity frontier closure	PAIR_CAPACITY_FRONTIER_AUDIT.md
13105	potential-pair capacity frontier closure	PAIR_CAPACITY_FRONTIER_AUDIT.md
13108	potential-pair capacity frontier closure	PAIR_CAPACITY_FRONTIER_AUDIT.md
13110	potential-pair capacity frontier closure	PAIR_CAPACITY_FRONTIER_AUDIT.md
13111	potential-pair capacity frontier closure	PAIR_CAPACITY_FRONTIER_AUDIT.md
13112	potential-pair capacity frontier closure	PAIR_CAPACITY_FRONTIER_AUDIT.md
13113	potential-pair capacity frontier closure	PAIR_CAPACITY_FRONTIER_AUDIT.md
13114	potential-pair capacity frontier closure	PAIR_CAPACITY_FRONTIER_AUDIT.md
13119	potential-pair capacity frontier closure	PAIR_CAPACITY_FRONTIER_AUDIT.md
13121	potential-pair capacity frontier closure	PAIR_CAPACITY_FRONTIER_AUDIT.md
13122	potential-pair capacity frontier closure	PAIR_CAPACITY_FRONTIER_AUDIT.md
13123	potential-pair capacity frontier closure	PAIR_CAPACITY_FRONTIER_AUDIT.md
13124	potential-pair capacity frontier closure	PAIR_CAPACITY_FRONTIER_AUDIT.md
13125	potential-pair capacity frontier closure	PAIR_CAPACITY_FRONTIER_AUDIT.md
13126	potential-pair capacity frontier closure	PAIR_CAPACITY_FRONTIER_AUDIT.md
13131	potential-pair capacity frontier closure	PAIR_CAPACITY_FRONTIER_AUDIT.md
13133	potential-pair capacity frontier closure	PAIR_CAPACITY_FRONTIER_AUDIT.md
13134	potential-pair capacity frontier closure	PAIR_CAPACITY_FRONTIER_AUDIT.md
13135	potential-pair capacity frontier closure	PAIR_CAPACITY_FRONTIER_AUDIT.md
13136	potential-pair capacity frontier closure	PAIR_CAPACITY_FRONTIER_AUDIT.md
13137	potential-pair capacity frontier closure	PAIR_CAPACITY_FRONTIER_AUDIT.md
13146	potential-pair capacity frontier closure	PAIR_CAPACITY_FRONTIER_AUDIT.md
13147	potential-pair capacity frontier closure	PAIR_CAPACITY_FRONTIER_AUDIT.md
13149	potential-pair capacity frontier closure	PAIR_CAPACITY_FRONTIER_AUDIT.md
13150	potential-pair capacity frontier closure	PAIR_CAPACITY_FRONTIER_AUDIT.md
13151	potential-pair capacity frontier closure	PAIR_CAPACITY_FRONTIER_AUDIT.md
13152	potential-pair capacity frontier closure	PAIR_CAPACITY_FRONTIER_AUDIT.md
13156	potential-pair capacity frontier closure	PAIR_CAPACITY_FRONTIER_AUDIT.md
13157	potential-pair capacity frontier closure	PAIR_CAPACITY_FRONTIER_AUDIT.md
13167	potential-pair capacity frontier closure	PAIR_CAPACITY_FRONTIER_AUDIT.md
13168	potential-pair capacity frontier closure	PAIR_CAPACITY_FRONTIER_AUDIT.md
13169	potential-pair capacity frontier closure	PAIR_CAPACITY_FRONTIER_AUDIT.md
13173	potential-pair capacity frontier closure	PAIR_CAPACITY_FRONTIER_AUDIT.md
13175	potential-pair capacity frontier closure	PAIR_CAPACITY_FRONTIER_AUDIT.md
13176	potential-pair capacity frontier closure	PAIR_CAPACITY_FRONTIER_AUDIT.md
13178	potential-pair capacity frontier closure	PAIR_CAPACITY_FRONTIER_AUDIT.md
13179	potential-pair capacity frontier closure	PAIR_CAPACITY_FRONTIER_AUDIT.md
13180	potential-pair capacity frontier closure	PAIR_CAPACITY_FRONTIER_AUDIT.md
13181	potential-pair capacity frontier closure	PAIR_CAPACITY_FRONTIER_AUDIT.md
13183	potential-pair capacity frontier closure	PAIR_CAPACITY_FRONTIER_AUDIT.md
13184	potential-pair capacity frontier closure	PAIR_CAPACITY_FRONTIER_AUDIT.md
13185	potential-pair capacity frontier closure	PAIR_CAPACITY_FRONTIER_AUDIT.md
13186	potential-pair capacity frontier closure	PAIR_CAPACITY_FRONTIER_AUDIT.md
13187	potential-pair capacity frontier closure	PAIR_CAPACITY_FRONTIER_AUDIT.md
13192	potential-pair capacity frontier closure	PAIR_CAPACITY_FRONTIER_AUDIT.md
13198	potential-pair capacity frontier closure	PAIR_CAPACITY_FRONTIER_AUDIT.md
13209	potential-pair capacity frontier closure	PAIR_CAPACITY_FRONTIER_AUDIT.md
13210	potential-pair capacity frontier closure	PAIR_CAPACITY_FRONTIER_AUDIT.md
13220	potential-pair capacity frontier closure	PAIR_CAPACITY_FRONTIER_AUDIT.md
13222	potential-pair capacity frontier closure	PAIR_CAPACITY_FRONTIER_AUDIT.md
13223	potential-pair capacity frontier closure	PAIR_CAPACITY_FRONTIER_AUDIT.md
13224	potential-pair capacity frontier closure	PAIR_CAPACITY_FRONTIER_AUDIT.md
13225	potential-pair capacity frontier closure	PAIR_CAPACITY_FRONTIER_AUDIT.md
13226	potential-pair capacity frontier closure	PAIR_CAPACITY_FRONTIER_AUDIT.md
13232	potential-pair capacity frontier closure	PAIR_CAPACITY_FRONTIER_AUDIT.md
13247	potential-pair capacity frontier closure	PAIR_CAPACITY_FRONTIER_AUDIT.md
13248	potential-pair capacity frontier closure	PAIR_CAPACITY_FRONTIER_AUDIT.md
13257	potential-pair capacity frontier closure	PAIR_CAPACITY_FRONTIER_AUDIT.md
13258	potential-pair capacity frontier closure	PAIR_CAPACITY_FRONTIER_AUDIT.md
13259	potential-pair capacity frontier closure	PAIR_CAPACITY_FRONTIER_AUDIT.md
13260	potential-pair capacity frontier closure	PAIR_CAPACITY_FRONTIER_AUDIT.md
13265	potential-pair capacity frontier closure	PAIR_CAPACITY_FRONTIER_AUDIT.md
13277	potential-pair capacity frontier closure	PAIR_CAPACITY_FRONTIER_AUDIT.md
13278	potential-pair capacity frontier closure	PAIR_CAPACITY_FRONTIER_AUDIT.md
13289	potential-pair capacity frontier closure	PAIR_CAPACITY_FRONTIER_AUDIT.md
13291	potential-pair capacity frontier closure	PAIR_CAPACITY_FRONTIER_AUDIT.md
13292	potential-pair capacity frontier closure	PAIR_CAPACITY_FRONTIER_AUDIT.md
13293	potential-pair capacity frontier closure	PAIR_CAPACITY_FRONTIER_AUDIT.md
13294	potential-pair capacity frontier closure	PAIR_CAPACITY_FRONTIER_AUDIT.md
13295	potential-pair capacity frontier closure	PAIR_CAPACITY_FRONTIER_AUDIT.md
13313	potential-pair capacity frontier closure	PAIR_CAPACITY_FRONTIER_AUDIT.md
13314	potential-pair capacity frontier closure	PAIR_CAPACITY_FRONTIER_AUDIT.md
13329	potential-pair capacity frontier closure	PAIR_CAPACITY_FRONTIER_AUDIT.md
13330	potential-pair capacity frontier closure	PAIR_CAPACITY_FRONTIER_AUDIT.md
13347	potential-pair capacity frontier closure	PAIR_CAPACITY_FRONTIER_AUDIT.md
13363	potential-pair capacity frontier closure	PAIR_CAPACITY_FRONTIER_AUDIT.md
13377	potential-pair capacity frontier closure	PAIR_CAPACITY_FRONTIER_AUDIT.md
13379	potential-pair capacity frontier closure	PAIR_CAPACITY_FRONTIER_AUDIT.md
13380	potential-pair capacity frontier closure	PAIR_CAPACITY_FRONTIER_AUDIT.md
13384	potential-pair capacity frontier closure	PAIR_CAPACITY_FRONTIER_AUDIT.md
13388	potential-pair capacity frontier closure	PAIR_CAPACITY_FRONTIER_AUDIT.md
13394	potential-pair capacity frontier closure	PAIR_CAPACITY_FRONTIER_AUDIT.md
13395	potential-pair capacity frontier closure	PAIR_CAPACITY_FRONTIER_AUDIT.md
13397	potential-pair capacity frontier closure	PAIR_CAPACITY_FRONTIER_AUDIT.md
13398	potential-pair capacity frontier closure	PAIR_CAPACITY_FRONTIER_AUDIT.md
13400	potential-pair capacity frontier closure	PAIR_CAPACITY_FRONTIER_AUDIT.md
13401	potential-pair capacity frontier closure	PAIR_CAPACITY_FRONTIER_AUDIT.md
13402	potential-pair capacity frontier closure	PAIR_CAPACITY_FRONTIER_AUDIT.md
13404	potential-pair capacity frontier closure	PAIR_CAPACITY_FRONTIER_AUDIT.md
13405	potential-pair capacity frontier closure	PAIR_CAPACITY_FRONTIER_AUDIT.md
13406	potential-pair capacity frontier closure	PAIR_CAPACITY_FRONTIER_AUDIT.md
13407	potential-pair capacity frontier closure	PAIR_CAPACITY_FRONTIER_AUDIT.md
13408	potential-pair capacity frontier closure	PAIR_CAPACITY_FRONTIER_AUDIT.md
13412	potential-pair capacity frontier closure	PAIR_CAPACITY_FRONTIER_AUDIT.md
13417	potential-pair capacity frontier closure	PAIR_CAPACITY_FRONTIER_AUDIT.md
13419	potential-pair capacity frontier closure	PAIR_CAPACITY_FRONTIER_AUDIT.md
13421	potential-pair capacity frontier closure	PAIR_CAPACITY_FRONTIER_AUDIT.md
13426	potential-pair capacity frontier closure	PAIR_CAPACITY_FRONTIER_AUDIT.md
13429	potential-pair capacity frontier closure	PAIR_CAPACITY_FRONTIER_AUDIT.md
13430	potential-pair capacity frontier closure	PAIR_CAPACITY_FRONTIER_AUDIT.md
13431	potential-pair capacity frontier closure	PAIR_CAPACITY_FRONTIER_AUDIT.md
13432	potential-pair capacity frontier closure	PAIR_CAPACITY_FRONTIER_AUDIT.md
13433	potential-pair capacity frontier closure	PAIR_CAPACITY_FRONTIER_AUDIT.md
13434	potential-pair capacity frontier closure	PAIR_CAPACITY_FRONTIER_AUDIT.md
13435	potential-pair capacity frontier closure	PAIR_CAPACITY_FRONTIER_AUDIT.md
13437	potential-pair capacity frontier closure	PAIR_CAPACITY_FRONTIER_AUDIT.md
13438	potential-pair capacity frontier closure	PAIR_CAPACITY_FRONTIER_AUDIT.md
13439	potential-pair capacity frontier closure	PAIR_CAPACITY_FRONTIER_AUDIT.md
13440	potential-pair capacity frontier closure	PAIR_CAPACITY_FRONTIER_AUDIT.md
13446	potential-pair capacity frontier closure	PAIR_CAPACITY_FRONTIER_AUDIT.md
13447	potential-pair capacity frontier closure	PAIR_CAPACITY_FRONTIER_AUDIT.md
13449	potential-pair capacity frontier closure	PAIR_CAPACITY_FRONTIER_AUDIT.md
13450	potential-pair capacity frontier closure	PAIR_CAPACITY_FRONTIER_AUDIT.md
13451	potential-pair capacity frontier closure	PAIR_CAPACITY_FRONTIER_AUDIT.md
13454	potential-pair capacity frontier closure	PAIR_CAPACITY_FRONTIER_AUDIT.md
13455	potential-pair capacity frontier closure	PAIR_CAPACITY_FRONTIER_AUDIT.md
13459	potential-pair capacity frontier closure	PAIR_CAPACITY_FRONTIER_AUDIT.md
13460	potential-pair capacity frontier closure	PAIR_CAPACITY_FRONTIER_AUDIT.md
13462	potential-pair capacity frontier closure	PAIR_CAPACITY_FRONTIER_AUDIT.md
13463	potential-pair capacity frontier closure	PAIR_CAPACITY_FRONTIER_AUDIT.md
13464	potential-pair capacity frontier closure	PAIR_CAPACITY_FRONTIER_AUDIT.md
13465	potential-pair capacity frontier closure	PAIR_CAPACITY_FRONTIER_AUDIT.md
13467	potential-pair capacity frontier closure	PAIR_CAPACITY_FRONTIER_AUDIT.md
13470	potential-pair capacity frontier closure	PAIR_CAPACITY_FRONTIER_AUDIT.md
13471	potential-pair capacity frontier closure	PAIR_CAPACITY_FRONTIER_AUDIT.md
13480	potential-pair capacity frontier closure	PAIR_CAPACITY_FRONTIER_AUDIT.md
13481	potential-pair capacity frontier closure	PAIR_CAPACITY_FRONTIER_AUDIT.md
13482	potential-pair capacity frontier closure	PAIR_CAPACITY_FRONTIER_AUDIT.md
13486	potential-pair capacity frontier closure	PAIR_CAPACITY_FRONTIER_AUDIT.md
13497	potential-pair capacity frontier closure	PAIR_CAPACITY_FRONTIER_AUDIT.md
13508	potential-pair capacity frontier closure	PAIR_CAPACITY_FRONTIER_AUDIT.md
13509	potential-pair capacity frontier closure	PAIR_CAPACITY_FRONTIER_AUDIT.md
13521	potential-pair capacity frontier closure	PAIR_CAPACITY_FRONTIER_AUDIT.md
13523	potential-pair capacity frontier closure	PAIR_CAPACITY_FRONTIER_AUDIT.md
13524	potential-pair capacity frontier closure	PAIR_CAPACITY_FRONTIER_AUDIT.md
13526	potential-pair capacity frontier closure	PAIR_CAPACITY_FRONTIER_AUDIT.md
13527	potential-pair capacity frontier closure	PAIR_CAPACITY_FRONTIER_AUDIT.md
13528	potential-pair capacity frontier closure	PAIR_CAPACITY_FRONTIER_AUDIT.md
13529	potential-pair capacity frontier closure	PAIR_CAPACITY_FRONTIER_AUDIT.md
13537	potential-pair capacity frontier closure	PAIR_CAPACITY_FRONTIER_AUDIT.md
961	post-pair relational cross-implementation closure	POST_PAIR_RELATIONAL_RECOVERY.md
1025	post-pair relational cross-implementation closure	POST_PAIR_RELATIONAL_RECOVERY.md
2620	post-pair relational cross-implementation closure	POST_PAIR_RELATIONAL_RECOVERY.md
2706	post-pair relational cross-implementation closure	POST_PAIR_RELATIONAL_RECOVERY.md
2897	post-pair relational cross-implementation closure	POST_PAIR_RELATIONAL_RECOVERY.md
3007	post-pair relational cross-implementation closure	POST_PAIR_RELATIONAL_RECOVERY.md
3139	post-pair relational cross-implementation closure	POST_PAIR_RELATIONAL_RECOVERY.md
3202	post-pair relational cross-implementation closure	POST_PAIR_RELATIONAL_RECOVERY.md
3302	post-pair relational cross-implementation closure	POST_PAIR_RELATIONAL_RECOVERY.md
3359	post-pair relational cross-implementation closure	POST_PAIR_RELATIONAL_RECOVERY.md
3480	post-pair relational cross-implementation closure	POST_PAIR_RELATIONAL_RECOVERY.md
3599	post-pair relational cross-implementation closure	POST_PAIR_RELATIONAL_RECOVERY.md
4145	post-pair relational cross-implementation closure	POST_PAIR_RELATIONAL_RECOVERY.md
4559	post-pair relational cross-implementation closure	POST_PAIR_RELATIONAL_RECOVERY.md
4654	post-pair relational cross-implementation closure	POST_PAIR_RELATIONAL_RECOVERY.md
4994	post-pair relational cross-implementation closure	POST_PAIR_RELATIONAL_RECOVERY.md
223	post-pair relational full independent-audit closure	POST_PAIR_RELATIONAL_FULL_PROMOTION_AUDIT.md
224	post-pair relational full independent-audit closure	POST_PAIR_RELATIONAL_FULL_PROMOTION_AUDIT.md
226	post-pair relational full independent-audit closure	POST_PAIR_RELATIONAL_FULL_PROMOTION_AUDIT.md
278	post-pair relational full independent-audit closure	POST_PAIR_RELATIONAL_FULL_PROMOTION_AUDIT.md
625	post-pair relational full independent-audit closure	POST_PAIR_RELATIONAL_FULL_PROMOTION_AUDIT.md
646	post-pair relational full independent-audit closure	POST_PAIR_RELATIONAL_FULL_PROMOTION_AUDIT.md
704	post-pair relational full independent-audit closure	POST_PAIR_RELATIONAL_FULL_PROMOTION_AUDIT.md
710	post-pair relational full independent-audit closure	POST_PAIR_RELATIONAL_FULL_PROMOTION_AUDIT.md
730	post-pair relational full independent-audit closure	POST_PAIR_RELATIONAL_FULL_PROMOTION_AUDIT.md
731	post-pair relational full independent-audit closure	POST_PAIR_RELATIONAL_FULL_PROMOTION_AUDIT.md
732	post-pair relational full independent-audit closure	POST_PAIR_RELATIONAL_FULL_PROMOTION_AUDIT.md
733	post-pair relational full independent-audit closure	POST_PAIR_RELATIONAL_FULL_PROMOTION_AUDIT.md
789	post-pair relational full independent-audit closure	POST_PAIR_RELATIONAL_FULL_PROMOTION_AUDIT.md
790	post-pair relational full independent-audit closure	POST_PAIR_RELATIONAL_FULL_PROMOTION_AUDIT.md
791	post-pair relational full independent-audit closure	POST_PAIR_RELATIONAL_FULL_PROMOTION_AUDIT.md
795	post-pair relational full independent-audit closure	POST_PAIR_RELATIONAL_FULL_PROMOTION_AUDIT.md
835	post-pair relational full independent-audit closure	POST_PAIR_RELATIONAL_FULL_PROMOTION_AUDIT.md
836	post-pair relational full independent-audit closure	POST_PAIR_RELATIONAL_FULL_PROMOTION_AUDIT.md
840	post-pair relational full independent-audit closure	POST_PAIR_RELATIONAL_FULL_PROMOTION_AUDIT.md
916	post-pair relational full independent-audit closure	POST_PAIR_RELATIONAL_FULL_PROMOTION_AUDIT.md
939	post-pair relational full independent-audit closure	POST_PAIR_RELATIONAL_FULL_PROMOTION_AUDIT.md
960	post-pair relational full independent-audit closure	POST_PAIR_RELATIONAL_FULL_PROMOTION_AUDIT.md
962	post-pair relational full independent-audit closure	POST_PAIR_RELATIONAL_FULL_PROMOTION_AUDIT.md
1014	post-pair relational full independent-audit closure	POST_PAIR_RELATIONAL_FULL_PROMOTION_AUDIT.md
1015	post-pair relational full independent-audit closure	POST_PAIR_RELATIONAL_FULL_PROMOTION_AUDIT.md
1017	post-pair relational full independent-audit closure	POST_PAIR_RELATIONAL_FULL_PROMOTION_AUDIT.md
1018	post-pair relational full independent-audit closure	POST_PAIR_RELATIONAL_FULL_PROMOTION_AUDIT.md
1020	post-pair relational full independent-audit closure	POST_PAIR_RELATIONAL_FULL_PROMOTION_AUDIT.md
1021	post-pair relational full independent-audit closure	POST_PAIR_RELATIONAL_FULL_PROMOTION_AUDIT.md
1022	post-pair relational full independent-audit closure	POST_PAIR_RELATIONAL_FULL_PROMOTION_AUDIT.md
1024	post-pair relational full independent-audit closure	POST_PAIR_RELATIONAL_FULL_PROMOTION_AUDIT.md
1026	post-pair relational full independent-audit closure	POST_PAIR_RELATIONAL_FULL_PROMOTION_AUDIT.md
1065	post-pair relational full independent-audit closure	POST_PAIR_RELATIONAL_FULL_PROMOTION_AUDIT.md
1066	post-pair relational full independent-audit closure	POST_PAIR_RELATIONAL_FULL_PROMOTION_AUDIT.md
1068	post-pair relational full independent-audit closure	POST_PAIR_RELATIONAL_FULL_PROMOTION_AUDIT.md
1069	post-pair relational full independent-audit closure	POST_PAIR_RELATIONAL_FULL_PROMOTION_AUDIT.md
1071	post-pair relational full independent-audit closure	POST_PAIR_RELATIONAL_FULL_PROMOTION_AUDIT.md
1072	post-pair relational full independent-audit closure	POST_PAIR_RELATIONAL_FULL_PROMOTION_AUDIT.md
1074	post-pair relational full independent-audit closure	POST_PAIR_RELATIONAL_FULL_PROMOTION_AUDIT.md
1076	post-pair relational full independent-audit closure	POST_PAIR_RELATIONAL_FULL_PROMOTION_AUDIT.md
1161	post-pair relational full independent-audit closure	POST_PAIR_RELATIONAL_FULL_PROMOTION_AUDIT.md
1162	post-pair relational full independent-audit closure	POST_PAIR_RELATIONAL_FULL_PROMOTION_AUDIT.md
1164	post-pair relational full independent-audit closure	POST_PAIR_RELATIONAL_FULL_PROMOTION_AUDIT.md
1165	post-pair relational full independent-audit closure	POST_PAIR_RELATIONAL_FULL_PROMOTION_AUDIT.md
1174	post-pair relational full independent-audit closure	POST_PAIR_RELATIONAL_FULL_PROMOTION_AUDIT.md
1175	post-pair relational full independent-audit closure	POST_PAIR_RELATIONAL_FULL_PROMOTION_AUDIT.md
1256	post-pair relational full independent-audit closure	POST_PAIR_RELATIONAL_FULL_PROMOTION_AUDIT.md
1269	post-pair relational full independent-audit closure	POST_PAIR_RELATIONAL_FULL_PROMOTION_AUDIT.md
1275	post-pair relational full independent-audit closure	POST_PAIR_RELATIONAL_FULL_PROMOTION_AUDIT.md
1294	post-pair relational full independent-audit closure	POST_PAIR_RELATIONAL_FULL_PROMOTION_AUDIT.md
1295	post-pair relational full independent-audit closure	POST_PAIR_RELATIONAL_FULL_PROMOTION_AUDIT.md
1296	post-pair relational full independent-audit closure	POST_PAIR_RELATIONAL_FULL_PROMOTION_AUDIT.md
1348	post-pair relational full independent-audit closure	POST_PAIR_RELATIONAL_FULL_PROMOTION_AUDIT.md
1349	post-pair relational full independent-audit closure	POST_PAIR_RELATIONAL_FULL_PROMOTION_AUDIT.md
1351	post-pair relational full independent-audit closure	POST_PAIR_RELATIONAL_FULL_PROMOTION_AUDIT.md
1352	post-pair relational full independent-audit closure	POST_PAIR_RELATIONAL_FULL_PROMOTION_AUDIT.md
1354	post-pair relational full independent-audit closure	POST_PAIR_RELATIONAL_FULL_PROMOTION_AUDIT.md
1355	post-pair relational full independent-audit closure	POST_PAIR_RELATIONAL_FULL_PROMOTION_AUDIT.md
1356	post-pair relational full independent-audit closure	POST_PAIR_RELATIONAL_FULL_PROMOTION_AUDIT.md
1358	post-pair relational full independent-audit closure	POST_PAIR_RELATIONAL_FULL_PROMOTION_AUDIT.md
1359	post-pair relational full independent-audit closure	POST_PAIR_RELATIONAL_FULL_PROMOTION_AUDIT.md
1360	post-pair relational full independent-audit closure	POST_PAIR_RELATIONAL_FULL_PROMOTION_AUDIT.md
1399	post-pair relational full independent-audit closure	POST_PAIR_RELATIONAL_FULL_PROMOTION_AUDIT.md
1400	post-pair relational full independent-audit closure	POST_PAIR_RELATIONAL_FULL_PROMOTION_AUDIT.md
1402	post-pair relational full independent-audit closure	POST_PAIR_RELATIONAL_FULL_PROMOTION_AUDIT.md
1403	post-pair relational full independent-audit closure	POST_PAIR_RELATIONAL_FULL_PROMOTION_AUDIT.md
1405	post-pair relational full independent-audit closure	POST_PAIR_RELATIONAL_FULL_PROMOTION_AUDIT.md
1406	post-pair relational full independent-audit closure	POST_PAIR_RELATIONAL_FULL_PROMOTION_AUDIT.md
1408	post-pair relational full independent-audit closure	POST_PAIR_RELATIONAL_FULL_PROMOTION_AUDIT.md
1409	post-pair relational full independent-audit closure	POST_PAIR_RELATIONAL_FULL_PROMOTION_AUDIT.md
1410	post-pair relational full independent-audit closure	POST_PAIR_RELATIONAL_FULL_PROMOTION_AUDIT.md
1469	post-pair relational full independent-audit closure	POST_PAIR_RELATIONAL_FULL_PROMOTION_AUDIT.md
1470	post-pair relational full independent-audit closure	POST_PAIR_RELATIONAL_FULL_PROMOTION_AUDIT.md
1472	post-pair relational full independent-audit closure	POST_PAIR_RELATIONAL_FULL_PROMOTION_AUDIT.md
1473	post-pair relational full independent-audit closure	POST_PAIR_RELATIONAL_FULL_PROMOTION_AUDIT.md
1482	post-pair relational full independent-audit closure	POST_PAIR_RELATIONAL_FULL_PROMOTION_AUDIT.md
1483	post-pair relational full independent-audit closure	POST_PAIR_RELATIONAL_FULL_PROMOTION_AUDIT.md
1552	post-pair relational full independent-audit closure	POST_PAIR_RELATIONAL_FULL_PROMOTION_AUDIT.md
1577	post-pair relational full independent-audit closure	POST_PAIR_RELATIONAL_FULL_PROMOTION_AUDIT.md
1583	post-pair relational full independent-audit closure	POST_PAIR_RELATIONAL_FULL_PROMOTION_AUDIT.md
1594	post-pair relational full independent-audit closure	POST_PAIR_RELATIONAL_FULL_PROMOTION_AUDIT.md
1596	post-pair relational full independent-audit closure	POST_PAIR_RELATIONAL_FULL_PROMOTION_AUDIT.md
1602	post-pair relational full independent-audit closure	POST_PAIR_RELATIONAL_FULL_PROMOTION_AUDIT.md
1603	post-pair relational full independent-audit closure	POST_PAIR_RELATIONAL_FULL_PROMOTION_AUDIT.md
1604	post-pair relational full independent-audit closure	POST_PAIR_RELATIONAL_FULL_PROMOTION_AUDIT.md
1662	post-pair relational full independent-audit closure	POST_PAIR_RELATIONAL_FULL_PROMOTION_AUDIT.md
1663	post-pair relational full independent-audit closure	POST_PAIR_RELATIONAL_FULL_PROMOTION_AUDIT.md
1664	post-pair relational full independent-audit closure	POST_PAIR_RELATIONAL_FULL_PROMOTION_AUDIT.md
1668	post-pair relational full independent-audit closure	POST_PAIR_RELATIONAL_FULL_PROMOTION_AUDIT.md
1693	post-pair relational full independent-audit closure	POST_PAIR_RELATIONAL_FULL_PROMOTION_AUDIT.md
1694	post-pair relational full independent-audit closure	POST_PAIR_RELATIONAL_FULL_PROMOTION_AUDIT.md
1696	post-pair relational full independent-audit closure	POST_PAIR_RELATIONAL_FULL_PROMOTION_AUDIT.md
1697	post-pair relational full independent-audit closure	POST_PAIR_RELATIONAL_FULL_PROMOTION_AUDIT.md
1699	post-pair relational full independent-audit closure	POST_PAIR_RELATIONAL_FULL_PROMOTION_AUDIT.md
1700	post-pair relational full independent-audit closure	POST_PAIR_RELATIONAL_FULL_PROMOTION_AUDIT.md
1702	post-pair relational full independent-audit closure	POST_PAIR_RELATIONAL_FULL_PROMOTION_AUDIT.md
1703	post-pair relational full independent-audit closure	POST_PAIR_RELATIONAL_FULL_PROMOTION_AUDIT.md
1704	post-pair relational full independent-audit closure	POST_PAIR_RELATIONAL_FULL_PROMOTION_AUDIT.md
1763	post-pair relational full independent-audit closure	POST_PAIR_RELATIONAL_FULL_PROMOTION_AUDIT.md
1764	post-pair relational full independent-audit closure	POST_PAIR_RELATIONAL_FULL_PROMOTION_AUDIT.md
1766	post-pair relational full independent-audit closure	POST_PAIR_RELATIONAL_FULL_PROMOTION_AUDIT.md
1767	post-pair relational full independent-audit closure	POST_PAIR_RELATIONAL_FULL_PROMOTION_AUDIT.md
1776	post-pair relational full independent-audit closure	POST_PAIR_RELATIONAL_FULL_PROMOTION_AUDIT.md
1777	post-pair relational full independent-audit closure	POST_PAIR_RELATIONAL_FULL_PROMOTION_AUDIT.md
1873	post-pair relational full independent-audit closure	POST_PAIR_RELATIONAL_FULL_PROMOTION_AUDIT.md
1876	post-pair relational full independent-audit closure	POST_PAIR_RELATIONAL_FULL_PROMOTION_AUDIT.md
1895	post-pair relational full independent-audit closure	POST_PAIR_RELATIONAL_FULL_PROMOTION_AUDIT.md
1896	post-pair relational full independent-audit closure	POST_PAIR_RELATIONAL_FULL_PROMOTION_AUDIT.md
1897	post-pair relational full independent-audit closure	POST_PAIR_RELATIONAL_FULL_PROMOTION_AUDIT.md
1898	post-pair relational full independent-audit closure	POST_PAIR_RELATIONAL_FULL_PROMOTION_AUDIT.md
1906	post-pair relational full independent-audit closure	POST_PAIR_RELATIONAL_FULL_PROMOTION_AUDIT.md
1907	post-pair relational full independent-audit closure	POST_PAIR_RELATIONAL_FULL_PROMOTION_AUDIT.md
1908	post-pair relational full independent-audit closure	POST_PAIR_RELATIONAL_FULL_PROMOTION_AUDIT.md
1909	post-pair relational full independent-audit closure	POST_PAIR_RELATIONAL_FULL_PROMOTION_AUDIT.md
1933	post-pair relational full independent-audit closure	POST_PAIR_RELATIONAL_FULL_PROMOTION_AUDIT.md
1934	post-pair relational full independent-audit closure	POST_PAIR_RELATIONAL_FULL_PROMOTION_AUDIT.md
1936	post-pair relational full independent-audit closure	POST_PAIR_RELATIONAL_FULL_PROMOTION_AUDIT.md
1937	post-pair relational full independent-audit closure	POST_PAIR_RELATIONAL_FULL_PROMOTION_AUDIT.md
1939	post-pair relational full independent-audit closure	POST_PAIR_RELATIONAL_FULL_PROMOTION_AUDIT.md
1940	post-pair relational full independent-audit closure	POST_PAIR_RELATIONAL_FULL_PROMOTION_AUDIT.md
1942	post-pair relational full independent-audit closure	POST_PAIR_RELATIONAL_FULL_PROMOTION_AUDIT.md
1943	post-pair relational full independent-audit closure	POST_PAIR_RELATIONAL_FULL_PROMOTION_AUDIT.md
1944	post-pair relational full independent-audit closure	POST_PAIR_RELATIONAL_FULL_PROMOTION_AUDIT.md
1982	post-pair relational full independent-audit closure	POST_PAIR_RELATIONAL_FULL_PROMOTION_AUDIT.md
1983	post-pair relational full independent-audit closure	POST_PAIR_RELATIONAL_FULL_PROMOTION_AUDIT.md
1985	post-pair relational full independent-audit closure	POST_PAIR_RELATIONAL_FULL_PROMOTION_AUDIT.md
1986	post-pair relational full independent-audit closure	POST_PAIR_RELATIONAL_FULL_PROMOTION_AUDIT.md
1995	post-pair relational full independent-audit closure	POST_PAIR_RELATIONAL_FULL_PROMOTION_AUDIT.md
1996	post-pair relational full independent-audit closure	POST_PAIR_RELATIONAL_FULL_PROMOTION_AUDIT.md
2001	post-pair relational full independent-audit closure	POST_PAIR_RELATIONAL_FULL_PROMOTION_AUDIT.md
2039	post-pair relational full independent-audit closure	POST_PAIR_RELATIONAL_FULL_PROMOTION_AUDIT.md
2048	post-pair relational full independent-audit closure	POST_PAIR_RELATIONAL_FULL_PROMOTION_AUDIT.md
2049	post-pair relational full independent-audit closure	POST_PAIR_RELATIONAL_FULL_PROMOTION_AUDIT.md
2050	post-pair relational full independent-audit closure	POST_PAIR_RELATIONAL_FULL_PROMOTION_AUDIT.md
2051	post-pair relational full independent-audit closure	POST_PAIR_RELATIONAL_FULL_PROMOTION_AUDIT.md
2059	post-pair relational full independent-audit closure	POST_PAIR_RELATIONAL_FULL_PROMOTION_AUDIT.md
2060	post-pair relational full independent-audit closure	POST_PAIR_RELATIONAL_FULL_PROMOTION_AUDIT.md
2061	post-pair relational full independent-audit closure	POST_PAIR_RELATIONAL_FULL_PROMOTION_AUDIT.md
2062	post-pair relational full independent-audit closure	POST_PAIR_RELATIONAL_FULL_PROMOTION_AUDIT.md
2076	post-pair relational full independent-audit closure	POST_PAIR_RELATIONAL_FULL_PROMOTION_AUDIT.md
2077	post-pair relational full independent-audit closure	POST_PAIR_RELATIONAL_FULL_PROMOTION_AUDIT.md
2079	post-pair relational full independent-audit closure	POST_PAIR_RELATIONAL_FULL_PROMOTION_AUDIT.md
2080	post-pair relational full independent-audit closure	POST_PAIR_RELATIONAL_FULL_PROMOTION_AUDIT.md
2082	post-pair relational full independent-audit closure	POST_PAIR_RELATIONAL_FULL_PROMOTION_AUDIT.md
2083	post-pair relational full independent-audit closure	POST_PAIR_RELATIONAL_FULL_PROMOTION_AUDIT.md
2085	post-pair relational full independent-audit closure	POST_PAIR_RELATIONAL_FULL_PROMOTION_AUDIT.md
2086	post-pair relational full independent-audit closure	POST_PAIR_RELATIONAL_FULL_PROMOTION_AUDIT.md
2087	post-pair relational full independent-audit closure	POST_PAIR_RELATIONAL_FULL_PROMOTION_AUDIT.md
2124	post-pair relational full independent-audit closure	POST_PAIR_RELATIONAL_FULL_PROMOTION_AUDIT.md
2125	post-pair relational full independent-audit closure	POST_PAIR_RELATIONAL_FULL_PROMOTION_AUDIT.md
2127	post-pair relational full independent-audit closure	POST_PAIR_RELATIONAL_FULL_PROMOTION_AUDIT.md
2128	post-pair relational full independent-audit closure	POST_PAIR_RELATIONAL_FULL_PROMOTION_AUDIT.md
2137	post-pair relational full independent-audit closure	POST_PAIR_RELATIONAL_FULL_PROMOTION_AUDIT.md
2138	post-pair relational full independent-audit closure	POST_PAIR_RELATIONAL_FULL_PROMOTION_AUDIT.md
2143	post-pair relational full independent-audit closure	POST_PAIR_RELATIONAL_FULL_PROMOTION_AUDIT.md
2179	post-pair relational full independent-audit closure	POST_PAIR_RELATIONAL_FULL_PROMOTION_AUDIT.md
2188	post-pair relational full independent-audit closure	POST_PAIR_RELATIONAL_FULL_PROMOTION_AUDIT.md
2189	post-pair relational full independent-audit closure	POST_PAIR_RELATIONAL_FULL_PROMOTION_AUDIT.md
2190	post-pair relational full independent-audit closure	POST_PAIR_RELATIONAL_FULL_PROMOTION_AUDIT.md
2191	post-pair relational full independent-audit closure	POST_PAIR_RELATIONAL_FULL_PROMOTION_AUDIT.md
2225	post-pair relational full independent-audit closure	POST_PAIR_RELATIONAL_FULL_PROMOTION_AUDIT.md
2226	post-pair relational full independent-audit closure	POST_PAIR_RELATIONAL_FULL_PROMOTION_AUDIT.md
2227	post-pair relational full independent-audit closure	POST_PAIR_RELATIONAL_FULL_PROMOTION_AUDIT.md
2231	post-pair relational full independent-audit closure	POST_PAIR_RELATIONAL_FULL_PROMOTION_AUDIT.md
2247	post-pair relational full independent-audit closure	POST_PAIR_RELATIONAL_FULL_PROMOTION_AUDIT.md
2248	post-pair relational full independent-audit closure	POST_PAIR_RELATIONAL_FULL_PROMOTION_AUDIT.md
2250	post-pair relational full independent-audit closure	POST_PAIR_RELATIONAL_FULL_PROMOTION_AUDIT.md
2251	post-pair relational full independent-audit closure	POST_PAIR_RELATIONAL_FULL_PROMOTION_AUDIT.md
2253	post-pair relational full independent-audit closure	POST_PAIR_RELATIONAL_FULL_PROMOTION_AUDIT.md
2254	post-pair relational full independent-audit closure	POST_PAIR_RELATIONAL_FULL_PROMOTION_AUDIT.md
2256	post-pair relational full independent-audit closure	POST_PAIR_RELATIONAL_FULL_PROMOTION_AUDIT.md
2257	post-pair relational full independent-audit closure	POST_PAIR_RELATIONAL_FULL_PROMOTION_AUDIT.md
2258	post-pair relational full independent-audit closure	POST_PAIR_RELATIONAL_FULL_PROMOTION_AUDIT.md
2300	post-pair relational full independent-audit closure	POST_PAIR_RELATIONAL_FULL_PROMOTION_AUDIT.md
2302	post-pair relational full independent-audit closure	POST_PAIR_RELATIONAL_FULL_PROMOTION_AUDIT.md
2303	post-pair relational full independent-audit closure	POST_PAIR_RELATIONAL_FULL_PROMOTION_AUDIT.md
2306	post-pair relational full independent-audit closure	POST_PAIR_RELATIONAL_FULL_PROMOTION_AUDIT.md
2307	post-pair relational full independent-audit closure	POST_PAIR_RELATIONAL_FULL_PROMOTION_AUDIT.md
2309	post-pair relational full independent-audit closure	POST_PAIR_RELATIONAL_FULL_PROMOTION_AUDIT.md
2312	post-pair relational full independent-audit closure	POST_PAIR_RELATIONAL_FULL_PROMOTION_AUDIT.md
2313	post-pair relational full independent-audit closure	POST_PAIR_RELATIONAL_FULL_PROMOTION_AUDIT.md
2315	post-pair relational full independent-audit closure	POST_PAIR_RELATIONAL_FULL_PROMOTION_AUDIT.md
2316	post-pair relational full independent-audit closure	POST_PAIR_RELATIONAL_FULL_PROMOTION_AUDIT.md
2319	post-pair relational full independent-audit closure	POST_PAIR_RELATIONAL_FULL_PROMOTION_AUDIT.md
2320	post-pair relational full independent-audit closure	POST_PAIR_RELATIONAL_FULL_PROMOTION_AUDIT.md
2322	post-pair relational full independent-audit closure	POST_PAIR_RELATIONAL_FULL_PROMOTION_AUDIT.md
2323	post-pair relational full independent-audit closure	POST_PAIR_RELATIONAL_FULL_PROMOTION_AUDIT.md
2325	post-pair relational full independent-audit closure	POST_PAIR_RELATIONAL_FULL_PROMOTION_AUDIT.md
2326	post-pair relational full independent-audit closure	POST_PAIR_RELATIONAL_FULL_PROMOTION_AUDIT.md
2329	post-pair relational full independent-audit closure	POST_PAIR_RELATIONAL_FULL_PROMOTION_AUDIT.md
2330	post-pair relational full independent-audit closure	POST_PAIR_RELATIONAL_FULL_PROMOTION_AUDIT.md
2410	post-pair relational full independent-audit closure	POST_PAIR_RELATIONAL_FULL_PROMOTION_AUDIT.md
2412	post-pair relational full independent-audit closure	POST_PAIR_RELATIONAL_FULL_PROMOTION_AUDIT.md
2413	post-pair relational full independent-audit closure	POST_PAIR_RELATIONAL_FULL_PROMOTION_AUDIT.md
2416	post-pair relational full independent-audit closure	POST_PAIR_RELATIONAL_FULL_PROMOTION_AUDIT.md
2417	post-pair relational full independent-audit closure	POST_PAIR_RELATIONAL_FULL_PROMOTION_AUDIT.md
2419	post-pair relational full independent-audit closure	POST_PAIR_RELATIONAL_FULL_PROMOTION_AUDIT.md
2420	post-pair relational full independent-audit closure	POST_PAIR_RELATIONAL_FULL_PROMOTION_AUDIT.md
2436	post-pair relational full independent-audit closure	POST_PAIR_RELATIONAL_FULL_PROMOTION_AUDIT.md
2437	post-pair relational full independent-audit closure	POST_PAIR_RELATIONAL_FULL_PROMOTION_AUDIT.md
2439	post-pair relational full independent-audit closure	POST_PAIR_RELATIONAL_FULL_PROMOTION_AUDIT.md
2440	post-pair relational full independent-audit closure	POST_PAIR_RELATIONAL_FULL_PROMOTION_AUDIT.md
2452	post-pair relational full independent-audit closure	POST_PAIR_RELATIONAL_FULL_PROMOTION_AUDIT.md
2453	post-pair relational full independent-audit closure	POST_PAIR_RELATIONAL_FULL_PROMOTION_AUDIT.md
2501	post-pair relational full independent-audit closure	POST_PAIR_RELATIONAL_FULL_PROMOTION_AUDIT.md
2502	post-pair relational full independent-audit closure	POST_PAIR_RELATIONAL_FULL_PROMOTION_AUDIT.md
2514	post-pair relational full independent-audit closure	POST_PAIR_RELATIONAL_FULL_PROMOTION_AUDIT.md
2515	post-pair relational full independent-audit closure	POST_PAIR_RELATIONAL_FULL_PROMOTION_AUDIT.md
2529	post-pair relational full independent-audit closure	POST_PAIR_RELATIONAL_FULL_PROMOTION_AUDIT.md
2530	post-pair relational full independent-audit closure	POST_PAIR_RELATIONAL_FULL_PROMOTION_AUDIT.md
2535	post-pair relational full independent-audit closure	POST_PAIR_RELATIONAL_FULL_PROMOTION_AUDIT.md
2536	post-pair relational full independent-audit closure	POST_PAIR_RELATIONAL_FULL_PROMOTION_AUDIT.md
2537	post-pair relational full independent-audit closure	POST_PAIR_RELATIONAL_FULL_PROMOTION_AUDIT.md
2538	post-pair relational full independent-audit closure	POST_PAIR_RELATIONAL_FULL_PROMOTION_AUDIT.md
2553	post-pair relational full independent-audit closure	POST_PAIR_RELATIONAL_FULL_PROMOTION_AUDIT.md
2554	post-pair relational full independent-audit closure	POST_PAIR_RELATIONAL_FULL_PROMOTION_AUDIT.md
2556	post-pair relational full independent-audit closure	POST_PAIR_RELATIONAL_FULL_PROMOTION_AUDIT.md
2558	post-pair relational full independent-audit closure	POST_PAIR_RELATIONAL_FULL_PROMOTION_AUDIT.md
2559	post-pair relational full independent-audit closure	POST_PAIR_RELATIONAL_FULL_PROMOTION_AUDIT.md
2561	post-pair relational full independent-audit closure	POST_PAIR_RELATIONAL_FULL_PROMOTION_AUDIT.md
2562	post-pair relational full independent-audit closure	POST_PAIR_RELATIONAL_FULL_PROMOTION_AUDIT.md
2563	post-pair relational full independent-audit closure	POST_PAIR_RELATIONAL_FULL_PROMOTION_AUDIT.md
2593	post-pair relational full independent-audit closure	POST_PAIR_RELATIONAL_FULL_PROMOTION_AUDIT.md
2595	post-pair relational full independent-audit closure	POST_PAIR_RELATIONAL_FULL_PROMOTION_AUDIT.md
2596	post-pair relational full independent-audit closure	POST_PAIR_RELATIONAL_FULL_PROMOTION_AUDIT.md
2599	post-pair relational full independent-audit closure	POST_PAIR_RELATIONAL_FULL_PROMOTION_AUDIT.md
2600	post-pair relational full independent-audit closure	POST_PAIR_RELATIONAL_FULL_PROMOTION_AUDIT.md
2603	post-pair relational full independent-audit closure	POST_PAIR_RELATIONAL_FULL_PROMOTION_AUDIT.md
2604	post-pair relational full independent-audit closure	POST_PAIR_RELATIONAL_FULL_PROMOTION_AUDIT.md
2606	post-pair relational full independent-audit closure	POST_PAIR_RELATIONAL_FULL_PROMOTION_AUDIT.md
2607	post-pair relational full independent-audit closure	POST_PAIR_RELATIONAL_FULL_PROMOTION_AUDIT.md
2610	post-pair relational full independent-audit closure	POST_PAIR_RELATIONAL_FULL_PROMOTION_AUDIT.md
2611	post-pair relational full independent-audit closure	POST_PAIR_RELATIONAL_FULL_PROMOTION_AUDIT.md
2613	post-pair relational full independent-audit closure	POST_PAIR_RELATIONAL_FULL_PROMOTION_AUDIT.md
2615	post-pair relational full independent-audit closure	POST_PAIR_RELATIONAL_FULL_PROMOTION_AUDIT.md
2616	post-pair relational full independent-audit closure	POST_PAIR_RELATIONAL_FULL_PROMOTION_AUDIT.md
2617	post-pair relational full independent-audit closure	POST_PAIR_RELATIONAL_FULL_PROMOTION_AUDIT.md
2619	post-pair relational full independent-audit closure	POST_PAIR_RELATIONAL_FULL_PROMOTION_AUDIT.md
2642	post-pair relational full independent-audit closure	POST_PAIR_RELATIONAL_FULL_PROMOTION_AUDIT.md
2644	post-pair relational full independent-audit closure	POST_PAIR_RELATIONAL_FULL_PROMOTION_AUDIT.md
2645	post-pair relational full independent-audit closure	POST_PAIR_RELATIONAL_FULL_PROMOTION_AUDIT.md
2648	post-pair relational full independent-audit closure	POST_PAIR_RELATIONAL_FULL_PROMOTION_AUDIT.md
2649	post-pair relational full independent-audit closure	POST_PAIR_RELATIONAL_FULL_PROMOTION_AUDIT.md
2651	post-pair relational full independent-audit closure	POST_PAIR_RELATIONAL_FULL_PROMOTION_AUDIT.md
2654	post-pair relational full independent-audit closure	POST_PAIR_RELATIONAL_FULL_PROMOTION_AUDIT.md
2655	post-pair relational full independent-audit closure	POST_PAIR_RELATIONAL_FULL_PROMOTION_AUDIT.md
2657	post-pair relational full independent-audit closure	POST_PAIR_RELATIONAL_FULL_PROMOTION_AUDIT.md
2658	post-pair relational full independent-audit closure	POST_PAIR_RELATIONAL_FULL_PROMOTION_AUDIT.md
2660	post-pair relational full independent-audit closure	POST_PAIR_RELATIONAL_FULL_PROMOTION_AUDIT.md
2661	post-pair relational full independent-audit closure	POST_PAIR_RELATIONAL_FULL_PROMOTION_AUDIT.md
2663	post-pair relational full independent-audit closure	POST_PAIR_RELATIONAL_FULL_PROMOTION_AUDIT.md
2664	post-pair relational full independent-audit closure	POST_PAIR_RELATIONAL_FULL_PROMOTION_AUDIT.md
2666	post-pair relational full independent-audit closure	POST_PAIR_RELATIONAL_FULL_PROMOTION_AUDIT.md
2705	post-pair relational full independent-audit closure	POST_PAIR_RELATIONAL_FULL_PROMOTION_AUDIT.md
2708	post-pair relational full independent-audit closure	POST_PAIR_RELATIONAL_FULL_PROMOTION_AUDIT.md
2718	post-pair relational full independent-audit closure	POST_PAIR_RELATIONAL_FULL_PROMOTION_AUDIT.md
2719	post-pair relational full independent-audit closure	POST_PAIR_RELATIONAL_FULL_PROMOTION_AUDIT.md
2724	post-pair relational full independent-audit closure	POST_PAIR_RELATIONAL_FULL_PROMOTION_AUDIT.md
2740	post-pair relational full independent-audit closure	POST_PAIR_RELATIONAL_FULL_PROMOTION_AUDIT.md
2741	post-pair relational full independent-audit closure	POST_PAIR_RELATIONAL_FULL_PROMOTION_AUDIT.md
2743	post-pair relational full independent-audit closure	POST_PAIR_RELATIONAL_FULL_PROMOTION_AUDIT.md
2745	post-pair relational full independent-audit closure	POST_PAIR_RELATIONAL_FULL_PROMOTION_AUDIT.md
2746	post-pair relational full independent-audit closure	POST_PAIR_RELATIONAL_FULL_PROMOTION_AUDIT.md
2748	post-pair relational full independent-audit closure	POST_PAIR_RELATIONAL_FULL_PROMOTION_AUDIT.md
2749	post-pair relational full independent-audit closure	POST_PAIR_RELATIONAL_FULL_PROMOTION_AUDIT.md
2750	post-pair relational full independent-audit closure	POST_PAIR_RELATIONAL_FULL_PROMOTION_AUDIT.md
2785	post-pair relational full independent-audit closure	POST_PAIR_RELATIONAL_FULL_PROMOTION_AUDIT.md
2787	post-pair relational full independent-audit closure	POST_PAIR_RELATIONAL_FULL_PROMOTION_AUDIT.md
2788	post-pair relational full independent-audit closure	POST_PAIR_RELATIONAL_FULL_PROMOTION_AUDIT.md
2791	post-pair relational full independent-audit closure	POST_PAIR_RELATIONAL_FULL_PROMOTION_AUDIT.md
2792	post-pair relational full independent-audit closure	POST_PAIR_RELATIONAL_FULL_PROMOTION_AUDIT.md
2795	post-pair relational full independent-audit closure	POST_PAIR_RELATIONAL_FULL_PROMOTION_AUDIT.md
2796	post-pair relational full independent-audit closure	POST_PAIR_RELATIONAL_FULL_PROMOTION_AUDIT.md
2798	post-pair relational full independent-audit closure	POST_PAIR_RELATIONAL_FULL_PROMOTION_AUDIT.md
2799	post-pair relational full independent-audit closure	POST_PAIR_RELATIONAL_FULL_PROMOTION_AUDIT.md
2802	post-pair relational full independent-audit closure	POST_PAIR_RELATIONAL_FULL_PROMOTION_AUDIT.md
2803	post-pair relational full independent-audit closure	POST_PAIR_RELATIONAL_FULL_PROMOTION_AUDIT.md
2805	post-pair relational full independent-audit closure	POST_PAIR_RELATIONAL_FULL_PROMOTION_AUDIT.md
2807	post-pair relational full independent-audit closure	POST_PAIR_RELATIONAL_FULL_PROMOTION_AUDIT.md
2808	post-pair relational full independent-audit closure	POST_PAIR_RELATIONAL_FULL_PROMOTION_AUDIT.md
2809	post-pair relational full independent-audit closure	POST_PAIR_RELATIONAL_FULL_PROMOTION_AUDIT.md
2886	post-pair relational full independent-audit closure	POST_PAIR_RELATIONAL_FULL_PROMOTION_AUDIT.md
2889	post-pair relational full independent-audit closure	POST_PAIR_RELATIONAL_FULL_PROMOTION_AUDIT.md
2890	post-pair relational full independent-audit closure	POST_PAIR_RELATIONAL_FULL_PROMOTION_AUDIT.md
2892	post-pair relational full independent-audit closure	POST_PAIR_RELATIONAL_FULL_PROMOTION_AUDIT.md
2893	post-pair relational full independent-audit closure	POST_PAIR_RELATIONAL_FULL_PROMOTION_AUDIT.md
2899	post-pair relational full independent-audit closure	POST_PAIR_RELATIONAL_FULL_PROMOTION_AUDIT.md
2900	post-pair relational full independent-audit closure	POST_PAIR_RELATIONAL_FULL_PROMOTION_AUDIT.md
2904	post-pair relational full independent-audit closure	POST_PAIR_RELATIONAL_FULL_PROMOTION_AUDIT.md
2906	post-pair relational full independent-audit closure	POST_PAIR_RELATIONAL_FULL_PROMOTION_AUDIT.md
2907	post-pair relational full independent-audit closure	POST_PAIR_RELATIONAL_FULL_PROMOTION_AUDIT.md
2910	post-pair relational full independent-audit closure	POST_PAIR_RELATIONAL_FULL_PROMOTION_AUDIT.md
2911	post-pair relational full independent-audit closure	POST_PAIR_RELATIONAL_FULL_PROMOTION_AUDIT.md
2913	post-pair relational full independent-audit closure	POST_PAIR_RELATIONAL_FULL_PROMOTION_AUDIT.md
2917	post-pair relational full independent-audit closure	POST_PAIR_RELATIONAL_FULL_PROMOTION_AUDIT.md
2919	post-pair relational full independent-audit closure	POST_PAIR_RELATIONAL_FULL_PROMOTION_AUDIT.md
2920	post-pair relational full independent-audit closure	POST_PAIR_RELATIONAL_FULL_PROMOTION_AUDIT.md
2923	post-pair relational full independent-audit closure	POST_PAIR_RELATIONAL_FULL_PROMOTION_AUDIT.md
2924	post-pair relational full independent-audit closure	POST_PAIR_RELATIONAL_FULL_PROMOTION_AUDIT.md
2927	post-pair relational full independent-audit closure	POST_PAIR_RELATIONAL_FULL_PROMOTION_AUDIT.md
2928	post-pair relational full independent-audit closure	POST_PAIR_RELATIONAL_FULL_PROMOTION_AUDIT.md
2930	post-pair relational full independent-audit closure	POST_PAIR_RELATIONAL_FULL_PROMOTION_AUDIT.md
2931	post-pair relational full independent-audit closure	POST_PAIR_RELATIONAL_FULL_PROMOTION_AUDIT.md
2933	post-pair relational full independent-audit closure	POST_PAIR_RELATIONAL_FULL_PROMOTION_AUDIT.md
2934	post-pair relational full independent-audit closure	POST_PAIR_RELATIONAL_FULL_PROMOTION_AUDIT.md
2937	post-pair relational full independent-audit closure	POST_PAIR_RELATIONAL_FULL_PROMOTION_AUDIT.md
2938	post-pair relational full independent-audit closure	POST_PAIR_RELATIONAL_FULL_PROMOTION_AUDIT.md
2940	post-pair relational full independent-audit closure	POST_PAIR_RELATIONAL_FULL_PROMOTION_AUDIT.md
2942	post-pair relational full independent-audit closure	POST_PAIR_RELATIONAL_FULL_PROMOTION_AUDIT.md
2994	post-pair relational full independent-audit closure	POST_PAIR_RELATIONAL_FULL_PROMOTION_AUDIT.md
2997	post-pair relational full independent-audit closure	POST_PAIR_RELATIONAL_FULL_PROMOTION_AUDIT.md
2998	post-pair relational full independent-audit closure	POST_PAIR_RELATIONAL_FULL_PROMOTION_AUDIT.md
3000	post-pair relational full independent-audit closure	POST_PAIR_RELATIONAL_FULL_PROMOTION_AUDIT.md
3001	post-pair relational full independent-audit closure	POST_PAIR_RELATIONAL_FULL_PROMOTION_AUDIT.md
3005	post-pair relational full independent-audit closure	POST_PAIR_RELATIONAL_FULL_PROMOTION_AUDIT.md
3008	post-pair relational full independent-audit closure	POST_PAIR_RELATIONAL_FULL_PROMOTION_AUDIT.md
3011	post-pair relational full independent-audit closure	POST_PAIR_RELATIONAL_FULL_PROMOTION_AUDIT.md
3012	post-pair relational full independent-audit closure	POST_PAIR_RELATIONAL_FULL_PROMOTION_AUDIT.md
3016	post-pair relational full independent-audit closure	POST_PAIR_RELATIONAL_FULL_PROMOTION_AUDIT.md
3018	post-pair relational full independent-audit closure	POST_PAIR_RELATIONAL_FULL_PROMOTION_AUDIT.md
3019	post-pair relational full independent-audit closure	POST_PAIR_RELATIONAL_FULL_PROMOTION_AUDIT.md
3022	post-pair relational full independent-audit closure	POST_PAIR_RELATIONAL_FULL_PROMOTION_AUDIT.md
3023	post-pair relational full independent-audit closure	POST_PAIR_RELATIONAL_FULL_PROMOTION_AUDIT.md
3025	post-pair relational full independent-audit closure	POST_PAIR_RELATIONAL_FULL_PROMOTION_AUDIT.md
3028	post-pair relational full independent-audit closure	POST_PAIR_RELATIONAL_FULL_PROMOTION_AUDIT.md
3029	post-pair relational full independent-audit closure	POST_PAIR_RELATIONAL_FULL_PROMOTION_AUDIT.md
3031	post-pair relational full independent-audit closure	POST_PAIR_RELATIONAL_FULL_PROMOTION_AUDIT.md
3032	post-pair relational full independent-audit closure	POST_PAIR_RELATIONAL_FULL_PROMOTION_AUDIT.md
3035	post-pair relational full independent-audit closure	POST_PAIR_RELATIONAL_FULL_PROMOTION_AUDIT.md
3036	post-pair relational full independent-audit closure	POST_PAIR_RELATIONAL_FULL_PROMOTION_AUDIT.md
3038	post-pair relational full independent-audit closure	POST_PAIR_RELATIONAL_FULL_PROMOTION_AUDIT.md
3039	post-pair relational full independent-audit closure	POST_PAIR_RELATIONAL_FULL_PROMOTION_AUDIT.md
3041	post-pair relational full independent-audit closure	POST_PAIR_RELATIONAL_FULL_PROMOTION_AUDIT.md
3045	post-pair relational full independent-audit closure	POST_PAIR_RELATIONAL_FULL_PROMOTION_AUDIT.md
3046	post-pair relational full independent-audit closure	POST_PAIR_RELATIONAL_FULL_PROMOTION_AUDIT.md
3113	post-pair relational full independent-audit closure	POST_PAIR_RELATIONAL_FULL_PROMOTION_AUDIT.md
3115	post-pair relational full independent-audit closure	POST_PAIR_RELATIONAL_FULL_PROMOTION_AUDIT.md
3116	post-pair relational full independent-audit closure	POST_PAIR_RELATIONAL_FULL_PROMOTION_AUDIT.md
3119	post-pair relational full independent-audit closure	POST_PAIR_RELATIONAL_FULL_PROMOTION_AUDIT.md
3120	post-pair relational full independent-audit closure	POST_PAIR_RELATIONAL_FULL_PROMOTION_AUDIT.md
3122	post-pair relational full independent-audit closure	POST_PAIR_RELATIONAL_FULL_PROMOTION_AUDIT.md
3140	post-pair relational full independent-audit closure	POST_PAIR_RELATIONAL_FULL_PROMOTION_AUDIT.md
3142	post-pair relational full independent-audit closure	POST_PAIR_RELATIONAL_FULL_PROMOTION_AUDIT.md
3143	post-pair relational full independent-audit closure	POST_PAIR_RELATIONAL_FULL_PROMOTION_AUDIT.md
3155	post-pair relational full independent-audit closure	POST_PAIR_RELATIONAL_FULL_PROMOTION_AUDIT.md
3156	post-pair relational full independent-audit closure	POST_PAIR_RELATIONAL_FULL_PROMOTION_AUDIT.md
3190	post-pair relational full independent-audit closure	POST_PAIR_RELATIONAL_FULL_PROMOTION_AUDIT.md
3192	post-pair relational full independent-audit closure	POST_PAIR_RELATIONAL_FULL_PROMOTION_AUDIT.md
3193	post-pair relational full independent-audit closure	POST_PAIR_RELATIONAL_FULL_PROMOTION_AUDIT.md
3196	post-pair relational full independent-audit closure	POST_PAIR_RELATIONAL_FULL_PROMOTION_AUDIT.md
3197	post-pair relational full independent-audit closure	POST_PAIR_RELATIONAL_FULL_PROMOTION_AUDIT.md
3199	post-pair relational full independent-audit closure	POST_PAIR_RELATIONAL_FULL_PROMOTION_AUDIT.md
3203	post-pair relational full independent-audit closure	POST_PAIR_RELATIONAL_FULL_PROMOTION_AUDIT.md
3205	post-pair relational full independent-audit closure	POST_PAIR_RELATIONAL_FULL_PROMOTION_AUDIT.md
3206	post-pair relational full independent-audit closure	POST_PAIR_RELATIONAL_FULL_PROMOTION_AUDIT.md
3207	post-pair relational full independent-audit closure	POST_PAIR_RELATIONAL_FULL_PROMOTION_AUDIT.md
3209	post-pair relational full independent-audit closure	POST_PAIR_RELATIONAL_FULL_PROMOTION_AUDIT.md
3279	post-pair relational full independent-audit closure	POST_PAIR_RELATIONAL_FULL_PROMOTION_AUDIT.md
3281	post-pair relational full independent-audit closure	POST_PAIR_RELATIONAL_FULL_PROMOTION_AUDIT.md
3282	post-pair relational full independent-audit closure	POST_PAIR_RELATIONAL_FULL_PROMOTION_AUDIT.md
3285	post-pair relational full independent-audit closure	POST_PAIR_RELATIONAL_FULL_PROMOTION_AUDIT.md
3286	post-pair relational full independent-audit closure	POST_PAIR_RELATIONAL_FULL_PROMOTION_AUDIT.md
3296	post-pair relational full independent-audit closure	POST_PAIR_RELATIONAL_FULL_PROMOTION_AUDIT.md
3297	post-pair relational full independent-audit closure	POST_PAIR_RELATIONAL_FULL_PROMOTION_AUDIT.md
3299	post-pair relational full independent-audit closure	POST_PAIR_RELATIONAL_FULL_PROMOTION_AUDIT.md
3301	post-pair relational full independent-audit closure	POST_PAIR_RELATIONAL_FULL_PROMOTION_AUDIT.md
3308	post-pair relational full independent-audit closure	POST_PAIR_RELATIONAL_FULL_PROMOTION_AUDIT.md
3355	post-pair relational full independent-audit closure	POST_PAIR_RELATIONAL_FULL_PROMOTION_AUDIT.md
3358	post-pair relational full independent-audit closure	POST_PAIR_RELATIONAL_FULL_PROMOTION_AUDIT.md
3361	post-pair relational full independent-audit closure	POST_PAIR_RELATIONAL_FULL_PROMOTION_AUDIT.md
3362	post-pair relational full independent-audit closure	POST_PAIR_RELATIONAL_FULL_PROMOTION_AUDIT.md
3366	post-pair relational full independent-audit closure	POST_PAIR_RELATIONAL_FULL_PROMOTION_AUDIT.md
3368	post-pair relational full independent-audit closure	POST_PAIR_RELATIONAL_FULL_PROMOTION_AUDIT.md
3369	post-pair relational full independent-audit closure	POST_PAIR_RELATIONAL_FULL_PROMOTION_AUDIT.md
3373	post-pair relational full independent-audit closure	POST_PAIR_RELATIONAL_FULL_PROMOTION_AUDIT.md
3375	post-pair relational full independent-audit closure	POST_PAIR_RELATIONAL_FULL_PROMOTION_AUDIT.md
3376	post-pair relational full independent-audit closure	POST_PAIR_RELATIONAL_FULL_PROMOTION_AUDIT.md
3379	post-pair relational full independent-audit closure	POST_PAIR_RELATIONAL_FULL_PROMOTION_AUDIT.md
3380	post-pair relational full independent-audit closure	POST_PAIR_RELATIONAL_FULL_PROMOTION_AUDIT.md
3383	post-pair relational full independent-audit closure	POST_PAIR_RELATIONAL_FULL_PROMOTION_AUDIT.md
3384	post-pair relational full independent-audit closure	POST_PAIR_RELATIONAL_FULL_PROMOTION_AUDIT.md
3386	post-pair relational full independent-audit closure	POST_PAIR_RELATIONAL_FULL_PROMOTION_AUDIT.md
3390	post-pair relational full independent-audit closure	POST_PAIR_RELATIONAL_FULL_PROMOTION_AUDIT.md
3391	post-pair relational full independent-audit closure	POST_PAIR_RELATIONAL_FULL_PROMOTION_AUDIT.md
3393	post-pair relational full independent-audit closure	POST_PAIR_RELATIONAL_FULL_PROMOTION_AUDIT.md
3395	post-pair relational full independent-audit closure	POST_PAIR_RELATIONAL_FULL_PROMOTION_AUDIT.md
3396	post-pair relational full independent-audit closure	POST_PAIR_RELATIONAL_FULL_PROMOTION_AUDIT.md
3399	post-pair relational full independent-audit closure	POST_PAIR_RELATIONAL_FULL_PROMOTION_AUDIT.md
3400	post-pair relational full independent-audit closure	POST_PAIR_RELATIONAL_FULL_PROMOTION_AUDIT.md
3456	post-pair relational full independent-audit closure	POST_PAIR_RELATIONAL_FULL_PROMOTION_AUDIT.md
3458	post-pair relational full independent-audit closure	POST_PAIR_RELATIONAL_FULL_PROMOTION_AUDIT.md
3459	post-pair relational full independent-audit closure	POST_PAIR_RELATIONAL_FULL_PROMOTION_AUDIT.md
3462	post-pair relational full independent-audit closure	POST_PAIR_RELATIONAL_FULL_PROMOTION_AUDIT.md
3463	post-pair relational full independent-audit closure	POST_PAIR_RELATIONAL_FULL_PROMOTION_AUDIT.md
3479	post-pair relational full independent-audit closure	POST_PAIR_RELATIONAL_FULL_PROMOTION_AUDIT.md
3482	post-pair relational full independent-audit closure	POST_PAIR_RELATIONAL_FULL_PROMOTION_AUDIT.md
3483	post-pair relational full independent-audit closure	POST_PAIR_RELATIONAL_FULL_PROMOTION_AUDIT.md
3494	post-pair relational full independent-audit closure	POST_PAIR_RELATIONAL_FULL_PROMOTION_AUDIT.md
3495	post-pair relational full independent-audit closure	POST_PAIR_RELATIONAL_FULL_PROMOTION_AUDIT.md
3582	post-pair relational full independent-audit closure	POST_PAIR_RELATIONAL_FULL_PROMOTION_AUDIT.md
3583	post-pair relational full independent-audit closure	POST_PAIR_RELATIONAL_FULL_PROMOTION_AUDIT.md
3589	post-pair relational full independent-audit closure	POST_PAIR_RELATIONAL_FULL_PROMOTION_AUDIT.md
3596	post-pair relational full independent-audit closure	POST_PAIR_RELATIONAL_FULL_PROMOTION_AUDIT.md
3729	post-pair relational full independent-audit closure	POST_PAIR_RELATIONAL_FULL_PROMOTION_AUDIT.md
3731	post-pair relational full independent-audit closure	POST_PAIR_RELATIONAL_FULL_PROMOTION_AUDIT.md
3732	post-pair relational full independent-audit closure	POST_PAIR_RELATIONAL_FULL_PROMOTION_AUDIT.md
3742	post-pair relational full independent-audit closure	POST_PAIR_RELATIONAL_FULL_PROMOTION_AUDIT.md
3743	post-pair relational full independent-audit closure	POST_PAIR_RELATIONAL_FULL_PROMOTION_AUDIT.md
3755	post-pair relational full independent-audit closure	POST_PAIR_RELATIONAL_FULL_PROMOTION_AUDIT.md
3756	post-pair relational full independent-audit closure	POST_PAIR_RELATIONAL_FULL_PROMOTION_AUDIT.md
3762	post-pair relational full independent-audit closure	POST_PAIR_RELATIONAL_FULL_PROMOTION_AUDIT.md
3772	post-pair relational full independent-audit closure	POST_PAIR_RELATIONAL_FULL_PROMOTION_AUDIT.md
3775	post-pair relational full independent-audit closure	POST_PAIR_RELATIONAL_FULL_PROMOTION_AUDIT.md
3778	post-pair relational full independent-audit closure	POST_PAIR_RELATIONAL_FULL_PROMOTION_AUDIT.md
3780	post-pair relational full independent-audit closure	POST_PAIR_RELATIONAL_FULL_PROMOTION_AUDIT.md
3781	post-pair relational full independent-audit closure	POST_PAIR_RELATIONAL_FULL_PROMOTION_AUDIT.md
3877	post-pair relational full independent-audit closure	POST_PAIR_RELATIONAL_FULL_PROMOTION_AUDIT.md
3879	post-pair relational full independent-audit closure	POST_PAIR_RELATIONAL_FULL_PROMOTION_AUDIT.md
3880	post-pair relational full independent-audit closure	POST_PAIR_RELATIONAL_FULL_PROMOTION_AUDIT.md
3883	post-pair relational full independent-audit closure	POST_PAIR_RELATIONAL_FULL_PROMOTION_AUDIT.md
3884	post-pair relational full independent-audit closure	POST_PAIR_RELATIONAL_FULL_PROMOTION_AUDIT.md
3913	post-pair relational full independent-audit closure	POST_PAIR_RELATIONAL_FULL_PROMOTION_AUDIT.md
3914	post-pair relational full independent-audit closure	POST_PAIR_RELATIONAL_FULL_PROMOTION_AUDIT.md
3916	post-pair relational full independent-audit closure	POST_PAIR_RELATIONAL_FULL_PROMOTION_AUDIT.md
3940	post-pair relational full independent-audit closure	POST_PAIR_RELATIONAL_FULL_PROMOTION_AUDIT.md
3941	post-pair relational full independent-audit closure	POST_PAIR_RELATIONAL_FULL_PROMOTION_AUDIT.md
3944	post-pair relational full independent-audit closure	POST_PAIR_RELATIONAL_FULL_PROMOTION_AUDIT.md
3954	post-pair relational full independent-audit closure	POST_PAIR_RELATIONAL_FULL_PROMOTION_AUDIT.md
4073	post-pair relational full independent-audit closure	POST_PAIR_RELATIONAL_FULL_PROMOTION_AUDIT.md
4120	post-pair relational full independent-audit closure	POST_PAIR_RELATIONAL_FULL_PROMOTION_AUDIT.md
4146	post-pair relational full independent-audit closure	POST_PAIR_RELATIONAL_FULL_PROMOTION_AUDIT.md
4152	post-pair relational full independent-audit closure	POST_PAIR_RELATIONAL_FULL_PROMOTION_AUDIT.md
4166	post-pair relational full independent-audit closure	POST_PAIR_RELATIONAL_FULL_PROMOTION_AUDIT.md
4169	post-pair relational full independent-audit closure	POST_PAIR_RELATIONAL_FULL_PROMOTION_AUDIT.md
4360	post-pair relational full independent-audit closure	POST_PAIR_RELATIONAL_FULL_PROMOTION_AUDIT.md
4366	post-pair relational full independent-audit closure	POST_PAIR_RELATIONAL_FULL_PROMOTION_AUDIT.md
4412	post-pair relational full independent-audit closure	POST_PAIR_RELATIONAL_FULL_PROMOTION_AUDIT.md
4413	post-pair relational full independent-audit closure	POST_PAIR_RELATIONAL_FULL_PROMOTION_AUDIT.md
4420	post-pair relational full independent-audit closure	POST_PAIR_RELATIONAL_FULL_PROMOTION_AUDIT.md
4426	post-pair relational full independent-audit closure	POST_PAIR_RELATIONAL_FULL_PROMOTION_AUDIT.md
4427	post-pair relational full independent-audit closure	POST_PAIR_RELATIONAL_FULL_PROMOTION_AUDIT.md
4430	post-pair relational full independent-audit closure	POST_PAIR_RELATIONAL_FULL_PROMOTION_AUDIT.md
4431	post-pair relational full independent-audit closure	POST_PAIR_RELATIONAL_FULL_PROMOTION_AUDIT.md
4432	post-pair relational full independent-audit closure	POST_PAIR_RELATIONAL_FULL_PROMOTION_AUDIT.md
4433	post-pair relational full independent-audit closure	POST_PAIR_RELATIONAL_FULL_PROMOTION_AUDIT.md
4449	post-pair relational full independent-audit closure	POST_PAIR_RELATIONAL_FULL_PROMOTION_AUDIT.md
4451	post-pair relational full independent-audit closure	POST_PAIR_RELATIONAL_FULL_PROMOTION_AUDIT.md
4452	post-pair relational full independent-audit closure	POST_PAIR_RELATIONAL_FULL_PROMOTION_AUDIT.md
4458	post-pair relational full independent-audit closure	POST_PAIR_RELATIONAL_FULL_PROMOTION_AUDIT.md
4463	post-pair relational full independent-audit closure	POST_PAIR_RELATIONAL_FULL_PROMOTION_AUDIT.md
4480	post-pair relational full independent-audit closure	POST_PAIR_RELATIONAL_FULL_PROMOTION_AUDIT.md
4496	post-pair relational full independent-audit closure	POST_PAIR_RELATIONAL_FULL_PROMOTION_AUDIT.md
4523	post-pair relational full independent-audit closure	POST_PAIR_RELATIONAL_FULL_PROMOTION_AUDIT.md
4552	post-pair relational full independent-audit closure	POST_PAIR_RELATIONAL_FULL_PROMOTION_AUDIT.md
4553	post-pair relational full independent-audit closure	POST_PAIR_RELATIONAL_FULL_PROMOTION_AUDIT.md
4560	post-pair relational full independent-audit closure	POST_PAIR_RELATIONAL_FULL_PROMOTION_AUDIT.md
4567	post-pair relational full independent-audit closure	POST_PAIR_RELATIONAL_FULL_PROMOTION_AUDIT.md
4573	post-pair relational full independent-audit closure	POST_PAIR_RELATIONAL_FULL_PROMOTION_AUDIT.md
4574	post-pair relational full independent-audit closure	POST_PAIR_RELATIONAL_FULL_PROMOTION_AUDIT.md
4577	post-pair relational full independent-audit closure	POST_PAIR_RELATIONAL_FULL_PROMOTION_AUDIT.md
4578	post-pair relational full independent-audit closure	POST_PAIR_RELATIONAL_FULL_PROMOTION_AUDIT.md
4579	post-pair relational full independent-audit closure	POST_PAIR_RELATIONAL_FULL_PROMOTION_AUDIT.md
4580	post-pair relational full independent-audit closure	POST_PAIR_RELATIONAL_FULL_PROMOTION_AUDIT.md
4596	post-pair relational full independent-audit closure	POST_PAIR_RELATIONAL_FULL_PROMOTION_AUDIT.md
4598	post-pair relational full independent-audit closure	POST_PAIR_RELATIONAL_FULL_PROMOTION_AUDIT.md
4599	post-pair relational full independent-audit closure	POST_PAIR_RELATIONAL_FULL_PROMOTION_AUDIT.md
4605	post-pair relational full independent-audit closure	POST_PAIR_RELATIONAL_FULL_PROMOTION_AUDIT.md
4610	post-pair relational full independent-audit closure	POST_PAIR_RELATIONAL_FULL_PROMOTION_AUDIT.md
4616	post-pair relational full independent-audit closure	POST_PAIR_RELATIONAL_FULL_PROMOTION_AUDIT.md
4623	post-pair relational full independent-audit closure	POST_PAIR_RELATIONAL_FULL_PROMOTION_AUDIT.md
4631	post-pair relational full independent-audit closure	POST_PAIR_RELATIONAL_FULL_PROMOTION_AUDIT.md
4632	post-pair relational full independent-audit closure	POST_PAIR_RELATIONAL_FULL_PROMOTION_AUDIT.md
4633	post-pair relational full independent-audit closure	POST_PAIR_RELATIONAL_FULL_PROMOTION_AUDIT.md
4634	post-pair relational full independent-audit closure	POST_PAIR_RELATIONAL_FULL_PROMOTION_AUDIT.md
4635	post-pair relational full independent-audit closure	POST_PAIR_RELATIONAL_FULL_PROMOTION_AUDIT.md
4647	post-pair relational full independent-audit closure	POST_PAIR_RELATIONAL_FULL_PROMOTION_AUDIT.md
4648	post-pair relational full independent-audit closure	POST_PAIR_RELATIONAL_FULL_PROMOTION_AUDIT.md
4649	post-pair relational full independent-audit closure	POST_PAIR_RELATIONAL_FULL_PROMOTION_AUDIT.md
4666	post-pair relational full independent-audit closure	POST_PAIR_RELATIONAL_FULL_PROMOTION_AUDIT.md
4698	post-pair relational full independent-audit closure	POST_PAIR_RELATIONAL_FULL_PROMOTION_AUDIT.md
4699	post-pair relational full independent-audit closure	POST_PAIR_RELATIONAL_FULL_PROMOTION_AUDIT.md
4703	post-pair relational full independent-audit closure	POST_PAIR_RELATIONAL_FULL_PROMOTION_AUDIT.md
4707	post-pair relational full independent-audit closure	POST_PAIR_RELATIONAL_FULL_PROMOTION_AUDIT.md
4709	post-pair relational full independent-audit closure	POST_PAIR_RELATIONAL_FULL_PROMOTION_AUDIT.md
4739	post-pair relational full independent-audit closure	POST_PAIR_RELATIONAL_FULL_PROMOTION_AUDIT.md
4740	post-pair relational full independent-audit closure	POST_PAIR_RELATIONAL_FULL_PROMOTION_AUDIT.md
4741	post-pair relational full independent-audit closure	POST_PAIR_RELATIONAL_FULL_PROMOTION_AUDIT.md
4755	post-pair relational full independent-audit closure	POST_PAIR_RELATIONAL_FULL_PROMOTION_AUDIT.md
4761	post-pair relational full independent-audit closure	POST_PAIR_RELATIONAL_FULL_PROMOTION_AUDIT.md
4779	post-pair relational full independent-audit closure	POST_PAIR_RELATIONAL_FULL_PROMOTION_AUDIT.md
4793	post-pair relational full independent-audit closure	POST_PAIR_RELATIONAL_FULL_PROMOTION_AUDIT.md
4794	post-pair relational full independent-audit closure	POST_PAIR_RELATIONAL_FULL_PROMOTION_AUDIT.md
4798	post-pair relational full independent-audit closure	POST_PAIR_RELATIONAL_FULL_PROMOTION_AUDIT.md
4842	post-pair relational full independent-audit closure	POST_PAIR_RELATIONAL_FULL_PROMOTION_AUDIT.md
4847	post-pair relational full independent-audit closure	POST_PAIR_RELATIONAL_FULL_PROMOTION_AUDIT.md
4873	post-pair relational full independent-audit closure	POST_PAIR_RELATIONAL_FULL_PROMOTION_AUDIT.md
4874	post-pair relational full independent-audit closure	POST_PAIR_RELATIONAL_FULL_PROMOTION_AUDIT.md
4880	post-pair relational full independent-audit closure	POST_PAIR_RELATIONAL_FULL_PROMOTION_AUDIT.md
4886	post-pair relational full independent-audit closure	POST_PAIR_RELATIONAL_FULL_PROMOTION_AUDIT.md
4890	post-pair relational full independent-audit closure	POST_PAIR_RELATIONAL_FULL_PROMOTION_AUDIT.md
4891	post-pair relational full independent-audit closure	POST_PAIR_RELATIONAL_FULL_PROMOTION_AUDIT.md
4892	post-pair relational full independent-audit closure	POST_PAIR_RELATIONAL_FULL_PROMOTION_AUDIT.md
4893	post-pair relational full independent-audit closure	POST_PAIR_RELATIONAL_FULL_PROMOTION_AUDIT.md
4909	post-pair relational full independent-audit closure	POST_PAIR_RELATIONAL_FULL_PROMOTION_AUDIT.md
4911	post-pair relational full independent-audit closure	POST_PAIR_RELATIONAL_FULL_PROMOTION_AUDIT.md
4912	post-pair relational full independent-audit closure	POST_PAIR_RELATIONAL_FULL_PROMOTION_AUDIT.md
4915	post-pair relational full independent-audit closure	POST_PAIR_RELATIONAL_FULL_PROMOTION_AUDIT.md
4916	post-pair relational full independent-audit closure	POST_PAIR_RELATIONAL_FULL_PROMOTION_AUDIT.md
4917	post-pair relational full independent-audit closure	POST_PAIR_RELATIONAL_FULL_PROMOTION_AUDIT.md
4918	post-pair relational full independent-audit closure	POST_PAIR_RELATIONAL_FULL_PROMOTION_AUDIT.md
4934	post-pair relational full independent-audit closure	POST_PAIR_RELATIONAL_FULL_PROMOTION_AUDIT.md
4936	post-pair relational full independent-audit closure	POST_PAIR_RELATIONAL_FULL_PROMOTION_AUDIT.md
4939	post-pair relational full independent-audit closure	POST_PAIR_RELATIONAL_FULL_PROMOTION_AUDIT.md
4940	post-pair relational full independent-audit closure	POST_PAIR_RELATIONAL_FULL_PROMOTION_AUDIT.md
4941	post-pair relational full independent-audit closure	POST_PAIR_RELATIONAL_FULL_PROMOTION_AUDIT.md
4942	post-pair relational full independent-audit closure	POST_PAIR_RELATIONAL_FULL_PROMOTION_AUDIT.md
4943	post-pair relational full independent-audit closure	POST_PAIR_RELATIONAL_FULL_PROMOTION_AUDIT.md
4946	post-pair relational full independent-audit closure	POST_PAIR_RELATIONAL_FULL_PROMOTION_AUDIT.md
4947	post-pair relational full independent-audit closure	POST_PAIR_RELATIONAL_FULL_PROMOTION_AUDIT.md
4948	post-pair relational full independent-audit closure	POST_PAIR_RELATIONAL_FULL_PROMOTION_AUDIT.md
4949	post-pair relational full independent-audit closure	POST_PAIR_RELATIONAL_FULL_PROMOTION_AUDIT.md
4968	post-pair relational full independent-audit closure	POST_PAIR_RELATIONAL_FULL_PROMOTION_AUDIT.md
4969	post-pair relational full independent-audit closure	POST_PAIR_RELATIONAL_FULL_PROMOTION_AUDIT.md
4970	post-pair relational full independent-audit closure	POST_PAIR_RELATIONAL_FULL_PROMOTION_AUDIT.md
4971	post-pair relational full independent-audit closure	POST_PAIR_RELATIONAL_FULL_PROMOTION_AUDIT.md
4972	post-pair relational full independent-audit closure	POST_PAIR_RELATIONAL_FULL_PROMOTION_AUDIT.md
4985	post-pair relational full independent-audit closure	POST_PAIR_RELATIONAL_FULL_PROMOTION_AUDIT.md
4986	post-pair relational full independent-audit closure	POST_PAIR_RELATIONAL_FULL_PROMOTION_AUDIT.md
4987	post-pair relational full independent-audit closure	POST_PAIR_RELATIONAL_FULL_PROMOTION_AUDIT.md
4992	post-pair relational full independent-audit closure	POST_PAIR_RELATIONAL_FULL_PROMOTION_AUDIT.md
4999	post-pair relational full independent-audit closure	POST_PAIR_RELATIONAL_FULL_PROMOTION_AUDIT.md
5006	post-pair relational full independent-audit closure	POST_PAIR_RELATIONAL_FULL_PROMOTION_AUDIT.md
5009	post-pair relational full independent-audit closure	POST_PAIR_RELATIONAL_FULL_PROMOTION_AUDIT.md
5014	post-pair relational full independent-audit closure	POST_PAIR_RELATIONAL_FULL_PROMOTION_AUDIT.md
5015	post-pair relational full independent-audit closure	POST_PAIR_RELATIONAL_FULL_PROMOTION_AUDIT.md
5016	post-pair relational full independent-audit closure	POST_PAIR_RELATIONAL_FULL_PROMOTION_AUDIT.md
5017	post-pair relational full independent-audit closure	POST_PAIR_RELATIONAL_FULL_PROMOTION_AUDIT.md
5018	post-pair relational full independent-audit closure	POST_PAIR_RELATIONAL_FULL_PROMOTION_AUDIT.md
5030	post-pair relational full independent-audit closure	POST_PAIR_RELATIONAL_FULL_PROMOTION_AUDIT.md
5031	post-pair relational full independent-audit closure	POST_PAIR_RELATIONAL_FULL_PROMOTION_AUDIT.md
5032	post-pair relational full independent-audit closure	POST_PAIR_RELATIONAL_FULL_PROMOTION_AUDIT.md
5037	post-pair relational full independent-audit closure	POST_PAIR_RELATIONAL_FULL_PROMOTION_AUDIT.md
5044	post-pair relational full independent-audit closure	POST_PAIR_RELATIONAL_FULL_PROMOTION_AUDIT.md
5048	post-pair relational full independent-audit closure	POST_PAIR_RELATIONAL_FULL_PROMOTION_AUDIT.md
5053	post-pair relational full independent-audit closure	POST_PAIR_RELATIONAL_FULL_PROMOTION_AUDIT.md
5054	post-pair relational full independent-audit closure	POST_PAIR_RELATIONAL_FULL_PROMOTION_AUDIT.md
5055	post-pair relational full independent-audit closure	POST_PAIR_RELATIONAL_FULL_PROMOTION_AUDIT.md
5056	post-pair relational full independent-audit closure	POST_PAIR_RELATIONAL_FULL_PROMOTION_AUDIT.md
5057	post-pair relational full independent-audit closure	POST_PAIR_RELATIONAL_FULL_PROMOTION_AUDIT.md
5062	post-pair relational full independent-audit closure	POST_PAIR_RELATIONAL_FULL_PROMOTION_AUDIT.md
5074	post-pair relational full independent-audit closure	POST_PAIR_RELATIONAL_FULL_PROMOTION_AUDIT.md
5075	post-pair relational full independent-audit closure	POST_PAIR_RELATIONAL_FULL_PROMOTION_AUDIT.md
5076	post-pair relational full independent-audit closure	POST_PAIR_RELATIONAL_FULL_PROMOTION_AUDIT.md
5078	post-pair relational full independent-audit closure	POST_PAIR_RELATIONAL_FULL_PROMOTION_AUDIT.md
5081	post-pair relational full independent-audit closure	POST_PAIR_RELATIONAL_FULL_PROMOTION_AUDIT.md
5082	post-pair relational full independent-audit closure	POST_PAIR_RELATIONAL_FULL_PROMOTION_AUDIT.md
5084	post-pair relational full independent-audit closure	POST_PAIR_RELATIONAL_FULL_PROMOTION_AUDIT.md
5085	post-pair relational full independent-audit closure	POST_PAIR_RELATIONAL_FULL_PROMOTION_AUDIT.md
5087	post-pair relational full independent-audit closure	POST_PAIR_RELATIONAL_FULL_PROMOTION_AUDIT.md
5088	post-pair relational full independent-audit closure	POST_PAIR_RELATIONAL_FULL_PROMOTION_AUDIT.md
5090	post-pair relational full independent-audit closure	POST_PAIR_RELATIONAL_FULL_PROMOTION_AUDIT.md
5091	post-pair relational full independent-audit closure	POST_PAIR_RELATIONAL_FULL_PROMOTION_AUDIT.md
5092	post-pair relational full independent-audit closure	POST_PAIR_RELATIONAL_FULL_PROMOTION_AUDIT.md
5094	post-pair relational full independent-audit closure	POST_PAIR_RELATIONAL_FULL_PROMOTION_AUDIT.md
5095	post-pair relational full independent-audit closure	POST_PAIR_RELATIONAL_FULL_PROMOTION_AUDIT.md
5096	post-pair relational full independent-audit closure	POST_PAIR_RELATIONAL_FULL_PROMOTION_AUDIT.md
5097	post-pair relational full independent-audit closure	POST_PAIR_RELATIONAL_FULL_PROMOTION_AUDIT.md
5098	post-pair relational full independent-audit closure	POST_PAIR_RELATIONAL_FULL_PROMOTION_AUDIT.md
5122	post-pair relational full independent-audit closure	POST_PAIR_RELATIONAL_FULL_PROMOTION_AUDIT.md
5123	post-pair relational full independent-audit closure	POST_PAIR_RELATIONAL_FULL_PROMOTION_AUDIT.md
5125	post-pair relational full independent-audit closure	POST_PAIR_RELATIONAL_FULL_PROMOTION_AUDIT.md
5126	post-pair relational full independent-audit closure	POST_PAIR_RELATIONAL_FULL_PROMOTION_AUDIT.md
5128	post-pair relational full independent-audit closure	POST_PAIR_RELATIONAL_FULL_PROMOTION_AUDIT.md
5129	post-pair relational full independent-audit closure	POST_PAIR_RELATIONAL_FULL_PROMOTION_AUDIT.md
5130	post-pair relational full independent-audit closure	POST_PAIR_RELATIONAL_FULL_PROMOTION_AUDIT.md
5142	post-pair relational full independent-audit closure	POST_PAIR_RELATIONAL_FULL_PROMOTION_AUDIT.md
5143	post-pair relational full independent-audit closure	POST_PAIR_RELATIONAL_FULL_PROMOTION_AUDIT.md
5144	post-pair relational full independent-audit closure	POST_PAIR_RELATIONAL_FULL_PROMOTION_AUDIT.md
5145	post-pair relational full independent-audit closure	POST_PAIR_RELATIONAL_FULL_PROMOTION_AUDIT.md
5150	post-pair relational full independent-audit closure	POST_PAIR_RELATIONAL_FULL_PROMOTION_AUDIT.md
5159	post-pair relational full independent-audit closure	POST_PAIR_RELATIONAL_FULL_PROMOTION_AUDIT.md
5160	post-pair relational full independent-audit closure	POST_PAIR_RELATIONAL_FULL_PROMOTION_AUDIT.md
5161	post-pair relational full independent-audit closure	POST_PAIR_RELATIONAL_FULL_PROMOTION_AUDIT.md
5162	post-pair relational full independent-audit closure	POST_PAIR_RELATIONAL_FULL_PROMOTION_AUDIT.md
5165	post-pair relational full independent-audit closure	POST_PAIR_RELATIONAL_FULL_PROMOTION_AUDIT.md
5168	post-pair relational full independent-audit closure	POST_PAIR_RELATIONAL_FULL_PROMOTION_AUDIT.md
5171	post-pair relational full independent-audit closure	POST_PAIR_RELATIONAL_FULL_PROMOTION_AUDIT.md
5172	post-pair relational full independent-audit closure	POST_PAIR_RELATIONAL_FULL_PROMOTION_AUDIT.md
5174	post-pair relational full independent-audit closure	POST_PAIR_RELATIONAL_FULL_PROMOTION_AUDIT.md
5175	post-pair relational full independent-audit closure	POST_PAIR_RELATIONAL_FULL_PROMOTION_AUDIT.md
5177	post-pair relational full independent-audit closure	POST_PAIR_RELATIONAL_FULL_PROMOTION_AUDIT.md
5178	post-pair relational full independent-audit closure	POST_PAIR_RELATIONAL_FULL_PROMOTION_AUDIT.md
5179	post-pair relational full independent-audit closure	POST_PAIR_RELATIONAL_FULL_PROMOTION_AUDIT.md
5181	post-pair relational full independent-audit closure	POST_PAIR_RELATIONAL_FULL_PROMOTION_AUDIT.md
5182	post-pair relational full independent-audit closure	POST_PAIR_RELATIONAL_FULL_PROMOTION_AUDIT.md
5183	post-pair relational full independent-audit closure	POST_PAIR_RELATIONAL_FULL_PROMOTION_AUDIT.md
5184	post-pair relational full independent-audit closure	POST_PAIR_RELATIONAL_FULL_PROMOTION_AUDIT.md
5187	post-pair relational full independent-audit closure	POST_PAIR_RELATIONAL_FULL_PROMOTION_AUDIT.md
5188	post-pair relational full independent-audit closure	POST_PAIR_RELATIONAL_FULL_PROMOTION_AUDIT.md
5190	post-pair relational full independent-audit closure	POST_PAIR_RELATIONAL_FULL_PROMOTION_AUDIT.md
5191	post-pair relational full independent-audit closure	POST_PAIR_RELATIONAL_FULL_PROMOTION_AUDIT.md
5193	post-pair relational full independent-audit closure	POST_PAIR_RELATIONAL_FULL_PROMOTION_AUDIT.md
5194	post-pair relational full independent-audit closure	POST_PAIR_RELATIONAL_FULL_PROMOTION_AUDIT.md
5196	post-pair relational full independent-audit closure	POST_PAIR_RELATIONAL_FULL_PROMOTION_AUDIT.md
5197	post-pair relational full independent-audit closure	POST_PAIR_RELATIONAL_FULL_PROMOTION_AUDIT.md
5198	post-pair relational full independent-audit closure	POST_PAIR_RELATIONAL_FULL_PROMOTION_AUDIT.md
5199	post-pair relational full independent-audit closure	POST_PAIR_RELATIONAL_FULL_PROMOTION_AUDIT.md
5200	post-pair relational full independent-audit closure	POST_PAIR_RELATIONAL_FULL_PROMOTION_AUDIT.md
5218	post-pair relational full independent-audit closure	POST_PAIR_RELATIONAL_FULL_PROMOTION_AUDIT.md
5220	post-pair relational full independent-audit closure	POST_PAIR_RELATIONAL_FULL_PROMOTION_AUDIT.md
5221	post-pair relational full independent-audit closure	POST_PAIR_RELATIONAL_FULL_PROMOTION_AUDIT.md
5244	post-pair relational full independent-audit closure	POST_PAIR_RELATIONAL_FULL_PROMOTION_AUDIT.md
5245	post-pair relational full independent-audit closure	POST_PAIR_RELATIONAL_FULL_PROMOTION_AUDIT.md
5256	post-pair relational full independent-audit closure	POST_PAIR_RELATIONAL_FULL_PROMOTION_AUDIT.md
5262	post-pair relational full independent-audit closure	POST_PAIR_RELATIONAL_FULL_PROMOTION_AUDIT.md
5279	post-pair relational full independent-audit closure	POST_PAIR_RELATIONAL_FULL_PROMOTION_AUDIT.md
5280	post-pair relational full independent-audit closure	POST_PAIR_RELATIONAL_FULL_PROMOTION_AUDIT.md
5282	post-pair relational full independent-audit closure	POST_PAIR_RELATIONAL_FULL_PROMOTION_AUDIT.md
5283	post-pair relational full independent-audit closure	POST_PAIR_RELATIONAL_FULL_PROMOTION_AUDIT.md
5292	post-pair relational full independent-audit closure	POST_PAIR_RELATIONAL_FULL_PROMOTION_AUDIT.md
5293	post-pair relational full independent-audit closure	POST_PAIR_RELATIONAL_FULL_PROMOTION_AUDIT.md
5297	post-pair relational full independent-audit closure	POST_PAIR_RELATIONAL_FULL_PROMOTION_AUDIT.md
5301	post-pair relational full independent-audit closure	POST_PAIR_RELATIONAL_FULL_PROMOTION_AUDIT.md
5302	post-pair relational full independent-audit closure	POST_PAIR_RELATIONAL_FULL_PROMOTION_AUDIT.md
5303	post-pair relational full independent-audit closure	POST_PAIR_RELATIONAL_FULL_PROMOTION_AUDIT.md
5401	post-pair relational full independent-audit closure	POST_PAIR_RELATIONAL_FULL_PROMOTION_AUDIT.md
5408	post-pair relational full independent-audit closure	POST_PAIR_RELATIONAL_FULL_PROMOTION_AUDIT.md
5432	post-pair relational full independent-audit closure	POST_PAIR_RELATIONAL_FULL_PROMOTION_AUDIT.md
5439	post-pair relational full independent-audit closure	POST_PAIR_RELATIONAL_FULL_PROMOTION_AUDIT.md
5469	post-pair relational full independent-audit closure	POST_PAIR_RELATIONAL_FULL_PROMOTION_AUDIT.md
5470	post-pair relational full independent-audit closure	POST_PAIR_RELATIONAL_FULL_PROMOTION_AUDIT.md
5494	post-pair relational full independent-audit closure	POST_PAIR_RELATIONAL_FULL_PROMOTION_AUDIT.md
5501	post-pair relational full independent-audit closure	POST_PAIR_RELATIONAL_FULL_PROMOTION_AUDIT.md
5515	post-pair relational full independent-audit closure	POST_PAIR_RELATIONAL_FULL_PROMOTION_AUDIT.md
5517	post-pair relational full independent-audit closure	POST_PAIR_RELATIONAL_FULL_PROMOTION_AUDIT.md
5518	post-pair relational full independent-audit closure	POST_PAIR_RELATIONAL_FULL_PROMOTION_AUDIT.md
5519	post-pair relational full independent-audit closure	POST_PAIR_RELATIONAL_FULL_PROMOTION_AUDIT.md
5523	post-pair relational full independent-audit closure	POST_PAIR_RELATIONAL_FULL_PROMOTION_AUDIT.md
5565	post-pair relational full independent-audit closure	POST_PAIR_RELATIONAL_FULL_PROMOTION_AUDIT.md
5572	post-pair relational full independent-audit closure	POST_PAIR_RELATIONAL_FULL_PROMOTION_AUDIT.md
5575	post-pair relational full independent-audit closure	POST_PAIR_RELATIONAL_FULL_PROMOTION_AUDIT.md
5576	post-pair relational full independent-audit closure	POST_PAIR_RELATIONAL_FULL_PROMOTION_AUDIT.md
5577	post-pair relational full independent-audit closure	POST_PAIR_RELATIONAL_FULL_PROMOTION_AUDIT.md
5578	post-pair relational full independent-audit closure	POST_PAIR_RELATIONAL_FULL_PROMOTION_AUDIT.md
5579	post-pair relational full independent-audit closure	POST_PAIR_RELATIONAL_FULL_PROMOTION_AUDIT.md
5582	post-pair relational full independent-audit closure	POST_PAIR_RELATIONAL_FULL_PROMOTION_AUDIT.md
5583	post-pair relational full independent-audit closure	POST_PAIR_RELATIONAL_FULL_PROMOTION_AUDIT.md
5584	post-pair relational full independent-audit closure	POST_PAIR_RELATIONAL_FULL_PROMOTION_AUDIT.md
5585	post-pair relational full independent-audit closure	POST_PAIR_RELATIONAL_FULL_PROMOTION_AUDIT.md
5604	post-pair relational full independent-audit closure	POST_PAIR_RELATIONAL_FULL_PROMOTION_AUDIT.md
5605	post-pair relational full independent-audit closure	POST_PAIR_RELATIONAL_FULL_PROMOTION_AUDIT.md
5606	post-pair relational full independent-audit closure	POST_PAIR_RELATIONAL_FULL_PROMOTION_AUDIT.md
5607	post-pair relational full independent-audit closure	POST_PAIR_RELATIONAL_FULL_PROMOTION_AUDIT.md
5608	post-pair relational full independent-audit closure	POST_PAIR_RELATIONAL_FULL_PROMOTION_AUDIT.md
5621	post-pair relational full independent-audit closure	POST_PAIR_RELATIONAL_FULL_PROMOTION_AUDIT.md
5622	post-pair relational full independent-audit closure	POST_PAIR_RELATIONAL_FULL_PROMOTION_AUDIT.md
5623	post-pair relational full independent-audit closure	POST_PAIR_RELATIONAL_FULL_PROMOTION_AUDIT.md
5628	post-pair relational full independent-audit closure	POST_PAIR_RELATIONAL_FULL_PROMOTION_AUDIT.md
5630	post-pair relational full independent-audit closure	POST_PAIR_RELATIONAL_FULL_PROMOTION_AUDIT.md
5633	post-pair relational full independent-audit closure	POST_PAIR_RELATIONAL_FULL_PROMOTION_AUDIT.md
5634	post-pair relational full independent-audit closure	POST_PAIR_RELATIONAL_FULL_PROMOTION_AUDIT.md
5635	post-pair relational full independent-audit closure	POST_PAIR_RELATIONAL_FULL_PROMOTION_AUDIT.md
5636	post-pair relational full independent-audit closure	POST_PAIR_RELATIONAL_FULL_PROMOTION_AUDIT.md
5637	post-pair relational full independent-audit closure	POST_PAIR_RELATIONAL_FULL_PROMOTION_AUDIT.md
5657	post-pair relational full independent-audit closure	POST_PAIR_RELATIONAL_FULL_PROMOTION_AUDIT.md
5658	post-pair relational full independent-audit closure	POST_PAIR_RELATIONAL_FULL_PROMOTION_AUDIT.md
5659	post-pair relational full independent-audit closure	POST_PAIR_RELATIONAL_FULL_PROMOTION_AUDIT.md
5664	post-pair relational full independent-audit closure	POST_PAIR_RELATIONAL_FULL_PROMOTION_AUDIT.md
5685	post-pair relational full independent-audit closure	POST_PAIR_RELATIONAL_FULL_PROMOTION_AUDIT.md
5686	post-pair relational full independent-audit closure	POST_PAIR_RELATIONAL_FULL_PROMOTION_AUDIT.md
5687	post-pair relational full independent-audit closure	POST_PAIR_RELATIONAL_FULL_PROMOTION_AUDIT.md
5688	post-pair relational full independent-audit closure	POST_PAIR_RELATIONAL_FULL_PROMOTION_AUDIT.md
5689	post-pair relational full independent-audit closure	POST_PAIR_RELATIONAL_FULL_PROMOTION_AUDIT.md
5697	post-pair relational full independent-audit closure	POST_PAIR_RELATIONAL_FULL_PROMOTION_AUDIT.md
5698	post-pair relational full independent-audit closure	POST_PAIR_RELATIONAL_FULL_PROMOTION_AUDIT.md
5703	post-pair relational full independent-audit closure	POST_PAIR_RELATIONAL_FULL_PROMOTION_AUDIT.md
5707	post-pair relational full independent-audit closure	POST_PAIR_RELATIONAL_FULL_PROMOTION_AUDIT.md
5711	post-pair relational full independent-audit closure	POST_PAIR_RELATIONAL_FULL_PROMOTION_AUDIT.md
5714	post-pair relational full independent-audit closure	POST_PAIR_RELATIONAL_FULL_PROMOTION_AUDIT.md
5715	post-pair relational full independent-audit closure	POST_PAIR_RELATIONAL_FULL_PROMOTION_AUDIT.md
5717	post-pair relational full independent-audit closure	POST_PAIR_RELATIONAL_FULL_PROMOTION_AUDIT.md
5718	post-pair relational full independent-audit closure	POST_PAIR_RELATIONAL_FULL_PROMOTION_AUDIT.md
5720	post-pair relational full independent-audit closure	POST_PAIR_RELATIONAL_FULL_PROMOTION_AUDIT.md
5721	post-pair relational full independent-audit closure	POST_PAIR_RELATIONAL_FULL_PROMOTION_AUDIT.md
5722	post-pair relational full independent-audit closure	POST_PAIR_RELATIONAL_FULL_PROMOTION_AUDIT.md
5724	post-pair relational full independent-audit closure	POST_PAIR_RELATIONAL_FULL_PROMOTION_AUDIT.md
5725	post-pair relational full independent-audit closure	POST_PAIR_RELATIONAL_FULL_PROMOTION_AUDIT.md
5726	post-pair relational full independent-audit closure	POST_PAIR_RELATIONAL_FULL_PROMOTION_AUDIT.md
5728	post-pair relational full independent-audit closure	POST_PAIR_RELATIONAL_FULL_PROMOTION_AUDIT.md
5729	post-pair relational full independent-audit closure	POST_PAIR_RELATIONAL_FULL_PROMOTION_AUDIT.md
5730	post-pair relational full independent-audit closure	POST_PAIR_RELATIONAL_FULL_PROMOTION_AUDIT.md
5731	post-pair relational full independent-audit closure	POST_PAIR_RELATIONAL_FULL_PROMOTION_AUDIT.md
5732	post-pair relational full independent-audit closure	POST_PAIR_RELATIONAL_FULL_PROMOTION_AUDIT.md
5759	post-pair relational full independent-audit closure	POST_PAIR_RELATIONAL_FULL_PROMOTION_AUDIT.md
5760	post-pair relational full independent-audit closure	POST_PAIR_RELATIONAL_FULL_PROMOTION_AUDIT.md
5762	post-pair relational full independent-audit closure	POST_PAIR_RELATIONAL_FULL_PROMOTION_AUDIT.md
5763	post-pair relational full independent-audit closure	POST_PAIR_RELATIONAL_FULL_PROMOTION_AUDIT.md
5765	post-pair relational full independent-audit closure	POST_PAIR_RELATIONAL_FULL_PROMOTION_AUDIT.md
5766	post-pair relational full independent-audit closure	POST_PAIR_RELATIONAL_FULL_PROMOTION_AUDIT.md
5767	post-pair relational full independent-audit closure	POST_PAIR_RELATIONAL_FULL_PROMOTION_AUDIT.md
5780	post-pair relational full independent-audit closure	POST_PAIR_RELATIONAL_FULL_PROMOTION_AUDIT.md
5781	post-pair relational full independent-audit closure	POST_PAIR_RELATIONAL_FULL_PROMOTION_AUDIT.md
5782	post-pair relational full independent-audit closure	POST_PAIR_RELATIONAL_FULL_PROMOTION_AUDIT.md
5783	post-pair relational full independent-audit closure	POST_PAIR_RELATIONAL_FULL_PROMOTION_AUDIT.md
5788	post-pair relational full independent-audit closure	POST_PAIR_RELATIONAL_FULL_PROMOTION_AUDIT.md
5792	post-pair relational full independent-audit closure	POST_PAIR_RELATIONAL_FULL_PROMOTION_AUDIT.md
5793	post-pair relational full independent-audit closure	POST_PAIR_RELATIONAL_FULL_PROMOTION_AUDIT.md
5794	post-pair relational full independent-audit closure	POST_PAIR_RELATIONAL_FULL_PROMOTION_AUDIT.md
5795	post-pair relational full independent-audit closure	POST_PAIR_RELATIONAL_FULL_PROMOTION_AUDIT.md
5801	post-pair relational full independent-audit closure	POST_PAIR_RELATIONAL_FULL_PROMOTION_AUDIT.md
5805	post-pair relational full independent-audit closure	POST_PAIR_RELATIONAL_FULL_PROMOTION_AUDIT.md
5810	post-pair relational full independent-audit closure	POST_PAIR_RELATIONAL_FULL_PROMOTION_AUDIT.md
5811	post-pair relational full independent-audit closure	POST_PAIR_RELATIONAL_FULL_PROMOTION_AUDIT.md
5812	post-pair relational full independent-audit closure	POST_PAIR_RELATIONAL_FULL_PROMOTION_AUDIT.md
5813	post-pair relational full independent-audit closure	POST_PAIR_RELATIONAL_FULL_PROMOTION_AUDIT.md
5814	post-pair relational full independent-audit closure	POST_PAIR_RELATIONAL_FULL_PROMOTION_AUDIT.md
5831	post-pair relational full independent-audit closure	POST_PAIR_RELATIONAL_FULL_PROMOTION_AUDIT.md
5832	post-pair relational full independent-audit closure	POST_PAIR_RELATIONAL_FULL_PROMOTION_AUDIT.md
5833	post-pair relational full independent-audit closure	POST_PAIR_RELATIONAL_FULL_PROMOTION_AUDIT.md
5835	post-pair relational full independent-audit closure	POST_PAIR_RELATIONAL_FULL_PROMOTION_AUDIT.md
5838	post-pair relational full independent-audit closure	POST_PAIR_RELATIONAL_FULL_PROMOTION_AUDIT.md
5839	post-pair relational full independent-audit closure	POST_PAIR_RELATIONAL_FULL_PROMOTION_AUDIT.md
5841	post-pair relational full independent-audit closure	POST_PAIR_RELATIONAL_FULL_PROMOTION_AUDIT.md
5842	post-pair relational full independent-audit closure	POST_PAIR_RELATIONAL_FULL_PROMOTION_AUDIT.md
5844	post-pair relational full independent-audit closure	POST_PAIR_RELATIONAL_FULL_PROMOTION_AUDIT.md
5845	post-pair relational full independent-audit closure	POST_PAIR_RELATIONAL_FULL_PROMOTION_AUDIT.md
5847	post-pair relational full independent-audit closure	POST_PAIR_RELATIONAL_FULL_PROMOTION_AUDIT.md
5848	post-pair relational full independent-audit closure	POST_PAIR_RELATIONAL_FULL_PROMOTION_AUDIT.md
5849	post-pair relational full independent-audit closure	POST_PAIR_RELATIONAL_FULL_PROMOTION_AUDIT.md
5851	post-pair relational full independent-audit closure	POST_PAIR_RELATIONAL_FULL_PROMOTION_AUDIT.md
5852	post-pair relational full independent-audit closure	POST_PAIR_RELATIONAL_FULL_PROMOTION_AUDIT.md
5853	post-pair relational full independent-audit closure	POST_PAIR_RELATIONAL_FULL_PROMOTION_AUDIT.md
5854	post-pair relational full independent-audit closure	POST_PAIR_RELATIONAL_FULL_PROMOTION_AUDIT.md
5855	post-pair relational full independent-audit closure	POST_PAIR_RELATIONAL_FULL_PROMOTION_AUDIT.md
5879	post-pair relational full independent-audit closure	POST_PAIR_RELATIONAL_FULL_PROMOTION_AUDIT.md
5880	post-pair relational full independent-audit closure	POST_PAIR_RELATIONAL_FULL_PROMOTION_AUDIT.md
5882	post-pair relational full independent-audit closure	POST_PAIR_RELATIONAL_FULL_PROMOTION_AUDIT.md
5883	post-pair relational full independent-audit closure	POST_PAIR_RELATIONAL_FULL_PROMOTION_AUDIT.md
5885	post-pair relational full independent-audit closure	POST_PAIR_RELATIONAL_FULL_PROMOTION_AUDIT.md
5886	post-pair relational full independent-audit closure	POST_PAIR_RELATIONAL_FULL_PROMOTION_AUDIT.md
5887	post-pair relational full independent-audit closure	POST_PAIR_RELATIONAL_FULL_PROMOTION_AUDIT.md
5899	post-pair relational full independent-audit closure	POST_PAIR_RELATIONAL_FULL_PROMOTION_AUDIT.md
5900	post-pair relational full independent-audit closure	POST_PAIR_RELATIONAL_FULL_PROMOTION_AUDIT.md
5901	post-pair relational full independent-audit closure	POST_PAIR_RELATIONAL_FULL_PROMOTION_AUDIT.md
5902	post-pair relational full independent-audit closure	POST_PAIR_RELATIONAL_FULL_PROMOTION_AUDIT.md
5907	post-pair relational full independent-audit closure	POST_PAIR_RELATIONAL_FULL_PROMOTION_AUDIT.md
5912	post-pair relational full independent-audit closure	POST_PAIR_RELATIONAL_FULL_PROMOTION_AUDIT.md
5913	post-pair relational full independent-audit closure	POST_PAIR_RELATIONAL_FULL_PROMOTION_AUDIT.md
5917	post-pair relational full independent-audit closure	POST_PAIR_RELATIONAL_FULL_PROMOTION_AUDIT.md
5918	post-pair relational full independent-audit closure	POST_PAIR_RELATIONAL_FULL_PROMOTION_AUDIT.md
5919	post-pair relational full independent-audit closure	POST_PAIR_RELATIONAL_FULL_PROMOTION_AUDIT.md
5920	post-pair relational full independent-audit closure	POST_PAIR_RELATIONAL_FULL_PROMOTION_AUDIT.md
5921	post-pair relational full independent-audit closure	POST_PAIR_RELATIONAL_FULL_PROMOTION_AUDIT.md
5951	post-pair relational full independent-audit closure	POST_PAIR_RELATIONAL_FULL_PROMOTION_AUDIT.md
5952	post-pair relational full independent-audit closure	POST_PAIR_RELATIONAL_FULL_PROMOTION_AUDIT.md
5954	post-pair relational full independent-audit closure	POST_PAIR_RELATIONAL_FULL_PROMOTION_AUDIT.md
5955	post-pair relational full independent-audit closure	POST_PAIR_RELATIONAL_FULL_PROMOTION_AUDIT.md
5957	post-pair relational full independent-audit closure	POST_PAIR_RELATIONAL_FULL_PROMOTION_AUDIT.md
5958	post-pair relational full independent-audit closure	POST_PAIR_RELATIONAL_FULL_PROMOTION_AUDIT.md
5960	post-pair relational full independent-audit closure	POST_PAIR_RELATIONAL_FULL_PROMOTION_AUDIT.md
5961	post-pair relational full independent-audit closure	POST_PAIR_RELATIONAL_FULL_PROMOTION_AUDIT.md
5962	post-pair relational full independent-audit closure	POST_PAIR_RELATIONAL_FULL_PROMOTION_AUDIT.md
5964	post-pair relational full independent-audit closure	POST_PAIR_RELATIONAL_FULL_PROMOTION_AUDIT.md
5965	post-pair relational full independent-audit closure	POST_PAIR_RELATIONAL_FULL_PROMOTION_AUDIT.md
5966	post-pair relational full independent-audit closure	POST_PAIR_RELATIONAL_FULL_PROMOTION_AUDIT.md
5967	post-pair relational full independent-audit closure	POST_PAIR_RELATIONAL_FULL_PROMOTION_AUDIT.md
5968	post-pair relational full independent-audit closure	POST_PAIR_RELATIONAL_FULL_PROMOTION_AUDIT.md
5969	post-pair relational full independent-audit closure	POST_PAIR_RELATIONAL_FULL_PROMOTION_AUDIT.md
5970	post-pair relational full independent-audit closure	POST_PAIR_RELATIONAL_FULL_PROMOTION_AUDIT.md
5971	post-pair relational full independent-audit closure	POST_PAIR_RELATIONAL_FULL_PROMOTION_AUDIT.md
5974	post-pair relational full independent-audit closure	POST_PAIR_RELATIONAL_FULL_PROMOTION_AUDIT.md
5977	post-pair relational full independent-audit closure	POST_PAIR_RELATIONAL_FULL_PROMOTION_AUDIT.md
5978	post-pair relational full independent-audit closure	POST_PAIR_RELATIONAL_FULL_PROMOTION_AUDIT.md
5980	post-pair relational full independent-audit closure	POST_PAIR_RELATIONAL_FULL_PROMOTION_AUDIT.md
5981	post-pair relational full independent-audit closure	POST_PAIR_RELATIONAL_FULL_PROMOTION_AUDIT.md
5983	post-pair relational full independent-audit closure	POST_PAIR_RELATIONAL_FULL_PROMOTION_AUDIT.md
5984	post-pair relational full independent-audit closure	POST_PAIR_RELATIONAL_FULL_PROMOTION_AUDIT.md
5990	post-pair relational full independent-audit closure	POST_PAIR_RELATIONAL_FULL_PROMOTION_AUDIT.md
5991	post-pair relational full independent-audit closure	POST_PAIR_RELATIONAL_FULL_PROMOTION_AUDIT.md
5992	post-pair relational full independent-audit closure	POST_PAIR_RELATIONAL_FULL_PROMOTION_AUDIT.md
5994	post-pair relational full independent-audit closure	POST_PAIR_RELATIONAL_FULL_PROMOTION_AUDIT.md
5998	post-pair relational full independent-audit closure	POST_PAIR_RELATIONAL_FULL_PROMOTION_AUDIT.md
6000	post-pair relational full independent-audit closure	POST_PAIR_RELATIONAL_FULL_PROMOTION_AUDIT.md
6001	post-pair relational full independent-audit closure	POST_PAIR_RELATIONAL_FULL_PROMOTION_AUDIT.md
6004	post-pair relational full independent-audit closure	POST_PAIR_RELATIONAL_FULL_PROMOTION_AUDIT.md
6005	post-pair relational full independent-audit closure	POST_PAIR_RELATIONAL_FULL_PROMOTION_AUDIT.md
6007	post-pair relational full independent-audit closure	POST_PAIR_RELATIONAL_FULL_PROMOTION_AUDIT.md
6008	post-pair relational full independent-audit closure	POST_PAIR_RELATIONAL_FULL_PROMOTION_AUDIT.md
6011	post-pair relational full independent-audit closure	POST_PAIR_RELATIONAL_FULL_PROMOTION_AUDIT.md
6012	post-pair relational full independent-audit closure	POST_PAIR_RELATIONAL_FULL_PROMOTION_AUDIT.md
6014	post-pair relational full independent-audit closure	POST_PAIR_RELATIONAL_FULL_PROMOTION_AUDIT.md
6015	post-pair relational full independent-audit closure	POST_PAIR_RELATIONAL_FULL_PROMOTION_AUDIT.md
6018	post-pair relational full independent-audit closure	POST_PAIR_RELATIONAL_FULL_PROMOTION_AUDIT.md
6019	post-pair relational full independent-audit closure	POST_PAIR_RELATIONAL_FULL_PROMOTION_AUDIT.md
6021	post-pair relational full independent-audit closure	POST_PAIR_RELATIONAL_FULL_PROMOTION_AUDIT.md
6022	post-pair relational full independent-audit closure	POST_PAIR_RELATIONAL_FULL_PROMOTION_AUDIT.md
6024	post-pair relational full independent-audit closure	POST_PAIR_RELATIONAL_FULL_PROMOTION_AUDIT.md
6025	post-pair relational full independent-audit closure	POST_PAIR_RELATIONAL_FULL_PROMOTION_AUDIT.md
6026	post-pair relational full independent-audit closure	POST_PAIR_RELATIONAL_FULL_PROMOTION_AUDIT.md
6029	post-pair relational full independent-audit closure	POST_PAIR_RELATIONAL_FULL_PROMOTION_AUDIT.md
6030	post-pair relational full independent-audit closure	POST_PAIR_RELATIONAL_FULL_PROMOTION_AUDIT.md
6032	post-pair relational full independent-audit closure	POST_PAIR_RELATIONAL_FULL_PROMOTION_AUDIT.md
6033	post-pair relational full independent-audit closure	POST_PAIR_RELATIONAL_FULL_PROMOTION_AUDIT.md
6035	post-pair relational full independent-audit closure	POST_PAIR_RELATIONAL_FULL_PROMOTION_AUDIT.md
6036	post-pair relational full independent-audit closure	POST_PAIR_RELATIONAL_FULL_PROMOTION_AUDIT.md
6038	post-pair relational full independent-audit closure	POST_PAIR_RELATIONAL_FULL_PROMOTION_AUDIT.md
6039	post-pair relational full independent-audit closure	POST_PAIR_RELATIONAL_FULL_PROMOTION_AUDIT.md
6040	post-pair relational full independent-audit closure	POST_PAIR_RELATIONAL_FULL_PROMOTION_AUDIT.md
6041	post-pair relational full independent-audit closure	POST_PAIR_RELATIONAL_FULL_PROMOTION_AUDIT.md
6043	post-pair relational full independent-audit closure	POST_PAIR_RELATIONAL_FULL_PROMOTION_AUDIT.md
6044	post-pair relational full independent-audit closure	POST_PAIR_RELATIONAL_FULL_PROMOTION_AUDIT.md
6045	post-pair relational full independent-audit closure	POST_PAIR_RELATIONAL_FULL_PROMOTION_AUDIT.md
6046	post-pair relational full independent-audit closure	POST_PAIR_RELATIONAL_FULL_PROMOTION_AUDIT.md
6047	post-pair relational full independent-audit closure	POST_PAIR_RELATIONAL_FULL_PROMOTION_AUDIT.md
6051	post-pair relational full independent-audit closure	POST_PAIR_RELATIONAL_FULL_PROMOTION_AUDIT.md
6053	post-pair relational full independent-audit closure	POST_PAIR_RELATIONAL_FULL_PROMOTION_AUDIT.md
6054	post-pair relational full independent-audit closure	POST_PAIR_RELATIONAL_FULL_PROMOTION_AUDIT.md
6057	post-pair relational full independent-audit closure	POST_PAIR_RELATIONAL_FULL_PROMOTION_AUDIT.md
6058	post-pair relational full independent-audit closure	POST_PAIR_RELATIONAL_FULL_PROMOTION_AUDIT.md
6060	post-pair relational full independent-audit closure	POST_PAIR_RELATIONAL_FULL_PROMOTION_AUDIT.md
6061	post-pair relational full independent-audit closure	POST_PAIR_RELATIONAL_FULL_PROMOTION_AUDIT.md
6064	post-pair relational full independent-audit closure	POST_PAIR_RELATIONAL_FULL_PROMOTION_AUDIT.md
6065	post-pair relational full independent-audit closure	POST_PAIR_RELATIONAL_FULL_PROMOTION_AUDIT.md
6067	post-pair relational full independent-audit closure	POST_PAIR_RELATIONAL_FULL_PROMOTION_AUDIT.md
6068	post-pair relational full independent-audit closure	POST_PAIR_RELATIONAL_FULL_PROMOTION_AUDIT.md
6070	post-pair relational full independent-audit closure	POST_PAIR_RELATIONAL_FULL_PROMOTION_AUDIT.md
6071	post-pair relational full independent-audit closure	POST_PAIR_RELATIONAL_FULL_PROMOTION_AUDIT.md
6074	post-pair relational full independent-audit closure	POST_PAIR_RELATIONAL_FULL_PROMOTION_AUDIT.md
6075	post-pair relational full independent-audit closure	POST_PAIR_RELATIONAL_FULL_PROMOTION_AUDIT.md
6077	post-pair relational full independent-audit closure	POST_PAIR_RELATIONAL_FULL_PROMOTION_AUDIT.md
6078	post-pair relational full independent-audit closure	POST_PAIR_RELATIONAL_FULL_PROMOTION_AUDIT.md
6080	post-pair relational full independent-audit closure	POST_PAIR_RELATIONAL_FULL_PROMOTION_AUDIT.md
6081	post-pair relational full independent-audit closure	POST_PAIR_RELATIONAL_FULL_PROMOTION_AUDIT.md
6082	post-pair relational full independent-audit closure	POST_PAIR_RELATIONAL_FULL_PROMOTION_AUDIT.md
6084	post-pair relational full independent-audit closure	POST_PAIR_RELATIONAL_FULL_PROMOTION_AUDIT.md
6085	post-pair relational full independent-audit closure	POST_PAIR_RELATIONAL_FULL_PROMOTION_AUDIT.md
6086	post-pair relational full independent-audit closure	POST_PAIR_RELATIONAL_FULL_PROMOTION_AUDIT.md
6088	post-pair relational full independent-audit closure	POST_PAIR_RELATIONAL_FULL_PROMOTION_AUDIT.md
6089	post-pair relational full independent-audit closure	POST_PAIR_RELATIONAL_FULL_PROMOTION_AUDIT.md
6090	post-pair relational full independent-audit closure	POST_PAIR_RELATIONAL_FULL_PROMOTION_AUDIT.md
6091	post-pair relational full independent-audit closure	POST_PAIR_RELATIONAL_FULL_PROMOTION_AUDIT.md
6092	post-pair relational full independent-audit closure	POST_PAIR_RELATIONAL_FULL_PROMOTION_AUDIT.md
6106	post-pair relational full independent-audit closure	POST_PAIR_RELATIONAL_FULL_PROMOTION_AUDIT.md
6107	post-pair relational full independent-audit closure	POST_PAIR_RELATIONAL_FULL_PROMOTION_AUDIT.md
6109	post-pair relational full independent-audit closure	POST_PAIR_RELATIONAL_FULL_PROMOTION_AUDIT.md
6110	post-pair relational full independent-audit closure	POST_PAIR_RELATIONAL_FULL_PROMOTION_AUDIT.md
6112	post-pair relational full independent-audit closure	POST_PAIR_RELATIONAL_FULL_PROMOTION_AUDIT.md
6113	post-pair relational full independent-audit closure	POST_PAIR_RELATIONAL_FULL_PROMOTION_AUDIT.md
6114	post-pair relational full independent-audit closure	POST_PAIR_RELATIONAL_FULL_PROMOTION_AUDIT.md
6116	post-pair relational full independent-audit closure	POST_PAIR_RELATIONAL_FULL_PROMOTION_AUDIT.md
6117	post-pair relational full independent-audit closure	POST_PAIR_RELATIONAL_FULL_PROMOTION_AUDIT.md
6118	post-pair relational full independent-audit closure	POST_PAIR_RELATIONAL_FULL_PROMOTION_AUDIT.md
6127	post-pair relational full independent-audit closure	POST_PAIR_RELATIONAL_FULL_PROMOTION_AUDIT.md
6128	post-pair relational full independent-audit closure	POST_PAIR_RELATIONAL_FULL_PROMOTION_AUDIT.md
6130	post-pair relational full independent-audit closure	POST_PAIR_RELATIONAL_FULL_PROMOTION_AUDIT.md
6137	post-pair relational full independent-audit closure	POST_PAIR_RELATIONAL_FULL_PROMOTION_AUDIT.md
6138	post-pair relational full independent-audit closure	POST_PAIR_RELATIONAL_FULL_PROMOTION_AUDIT.md
6140	post-pair relational full independent-audit closure	POST_PAIR_RELATIONAL_FULL_PROMOTION_AUDIT.md
6144	post-pair relational full independent-audit closure	POST_PAIR_RELATIONAL_FULL_PROMOTION_AUDIT.md
6146	post-pair relational full independent-audit closure	POST_PAIR_RELATIONAL_FULL_PROMOTION_AUDIT.md
6147	post-pair relational full independent-audit closure	POST_PAIR_RELATIONAL_FULL_PROMOTION_AUDIT.md
6150	post-pair relational full independent-audit closure	POST_PAIR_RELATIONAL_FULL_PROMOTION_AUDIT.md
6151	post-pair relational full independent-audit closure	POST_PAIR_RELATIONAL_FULL_PROMOTION_AUDIT.md
6153	post-pair relational full independent-audit closure	POST_PAIR_RELATIONAL_FULL_PROMOTION_AUDIT.md
6154	post-pair relational full independent-audit closure	POST_PAIR_RELATIONAL_FULL_PROMOTION_AUDIT.md
6157	post-pair relational full independent-audit closure	POST_PAIR_RELATIONAL_FULL_PROMOTION_AUDIT.md
6158	post-pair relational full independent-audit closure	POST_PAIR_RELATIONAL_FULL_PROMOTION_AUDIT.md
6160	post-pair relational full independent-audit closure	POST_PAIR_RELATIONAL_FULL_PROMOTION_AUDIT.md
6161	post-pair relational full independent-audit closure	POST_PAIR_RELATIONAL_FULL_PROMOTION_AUDIT.md
6163	post-pair relational full independent-audit closure	POST_PAIR_RELATIONAL_FULL_PROMOTION_AUDIT.md
6164	post-pair relational full independent-audit closure	POST_PAIR_RELATIONAL_FULL_PROMOTION_AUDIT.md
6167	post-pair relational full independent-audit closure	POST_PAIR_RELATIONAL_FULL_PROMOTION_AUDIT.md
6168	post-pair relational full independent-audit closure	POST_PAIR_RELATIONAL_FULL_PROMOTION_AUDIT.md
6170	post-pair relational full independent-audit closure	POST_PAIR_RELATIONAL_FULL_PROMOTION_AUDIT.md
6171	post-pair relational full independent-audit closure	POST_PAIR_RELATIONAL_FULL_PROMOTION_AUDIT.md
6173	post-pair relational full independent-audit closure	POST_PAIR_RELATIONAL_FULL_PROMOTION_AUDIT.md
6174	post-pair relational full independent-audit closure	POST_PAIR_RELATIONAL_FULL_PROMOTION_AUDIT.md
6175	post-pair relational full independent-audit closure	POST_PAIR_RELATIONAL_FULL_PROMOTION_AUDIT.md
6176	post-pair relational full independent-audit closure	POST_PAIR_RELATIONAL_FULL_PROMOTION_AUDIT.md
6178	post-pair relational full independent-audit closure	POST_PAIR_RELATIONAL_FULL_PROMOTION_AUDIT.md
6179	post-pair relational full independent-audit closure	POST_PAIR_RELATIONAL_FULL_PROMOTION_AUDIT.md
6180	post-pair relational full independent-audit closure	POST_PAIR_RELATIONAL_FULL_PROMOTION_AUDIT.md
6181	post-pair relational full independent-audit closure	POST_PAIR_RELATIONAL_FULL_PROMOTION_AUDIT.md
6185	post-pair relational full independent-audit closure	POST_PAIR_RELATIONAL_FULL_PROMOTION_AUDIT.md
6187	post-pair relational full independent-audit closure	POST_PAIR_RELATIONAL_FULL_PROMOTION_AUDIT.md
6188	post-pair relational full independent-audit closure	POST_PAIR_RELATIONAL_FULL_PROMOTION_AUDIT.md
6191	post-pair relational full independent-audit closure	POST_PAIR_RELATIONAL_FULL_PROMOTION_AUDIT.md
6192	post-pair relational full independent-audit closure	POST_PAIR_RELATIONAL_FULL_PROMOTION_AUDIT.md
6194	post-pair relational full independent-audit closure	POST_PAIR_RELATIONAL_FULL_PROMOTION_AUDIT.md
6195	post-pair relational full independent-audit closure	POST_PAIR_RELATIONAL_FULL_PROMOTION_AUDIT.md
6198	post-pair relational full independent-audit closure	POST_PAIR_RELATIONAL_FULL_PROMOTION_AUDIT.md
6199	post-pair relational full independent-audit closure	POST_PAIR_RELATIONAL_FULL_PROMOTION_AUDIT.md
6201	post-pair relational full independent-audit closure	POST_PAIR_RELATIONAL_FULL_PROMOTION_AUDIT.md
6202	post-pair relational full independent-audit closure	POST_PAIR_RELATIONAL_FULL_PROMOTION_AUDIT.md
6205	post-pair relational full independent-audit closure	POST_PAIR_RELATIONAL_FULL_PROMOTION_AUDIT.md
6206	post-pair relational full independent-audit closure	POST_PAIR_RELATIONAL_FULL_PROMOTION_AUDIT.md
6208	post-pair relational full independent-audit closure	POST_PAIR_RELATIONAL_FULL_PROMOTION_AUDIT.md
6209	post-pair relational full independent-audit closure	POST_PAIR_RELATIONAL_FULL_PROMOTION_AUDIT.md
6211	post-pair relational full independent-audit closure	POST_PAIR_RELATIONAL_FULL_PROMOTION_AUDIT.md
6212	post-pair relational full independent-audit closure	POST_PAIR_RELATIONAL_FULL_PROMOTION_AUDIT.md
6214	post-pair relational full independent-audit closure	POST_PAIR_RELATIONAL_FULL_PROMOTION_AUDIT.md
6215	post-pair relational full independent-audit closure	POST_PAIR_RELATIONAL_FULL_PROMOTION_AUDIT.md
6216	post-pair relational full independent-audit closure	POST_PAIR_RELATIONAL_FULL_PROMOTION_AUDIT.md
6218	post-pair relational full independent-audit closure	POST_PAIR_RELATIONAL_FULL_PROMOTION_AUDIT.md
6219	post-pair relational full independent-audit closure	POST_PAIR_RELATIONAL_FULL_PROMOTION_AUDIT.md
6220	post-pair relational full independent-audit closure	POST_PAIR_RELATIONAL_FULL_PROMOTION_AUDIT.md
6221	post-pair relational full independent-audit closure	POST_PAIR_RELATIONAL_FULL_PROMOTION_AUDIT.md
6222	post-pair relational full independent-audit closure	POST_PAIR_RELATIONAL_FULL_PROMOTION_AUDIT.md
6237	post-pair relational full independent-audit closure	POST_PAIR_RELATIONAL_FULL_PROMOTION_AUDIT.md
6271	post-pair relational full independent-audit closure	POST_PAIR_RELATIONAL_FULL_PROMOTION_AUDIT.md
6272	post-pair relational full independent-audit closure	POST_PAIR_RELATIONAL_FULL_PROMOTION_AUDIT.md
6278	post-pair relational full independent-audit closure	POST_PAIR_RELATIONAL_FULL_PROMOTION_AUDIT.md
6322	post-pair relational full independent-audit closure	POST_PAIR_RELATIONAL_FULL_PROMOTION_AUDIT.md
6323	post-pair relational full independent-audit closure	POST_PAIR_RELATIONAL_FULL_PROMOTION_AUDIT.md
6325	post-pair relational full independent-audit closure	POST_PAIR_RELATIONAL_FULL_PROMOTION_AUDIT.md
6326	post-pair relational full independent-audit closure	POST_PAIR_RELATIONAL_FULL_PROMOTION_AUDIT.md
6349	post-pair relational full independent-audit closure	POST_PAIR_RELATIONAL_FULL_PROMOTION_AUDIT.md
6350	post-pair relational full independent-audit closure	POST_PAIR_RELATIONAL_FULL_PROMOTION_AUDIT.md
6354	post-pair relational full independent-audit closure	POST_PAIR_RELATIONAL_FULL_PROMOTION_AUDIT.md
6365	post-pair relational full independent-audit closure	POST_PAIR_RELATIONAL_FULL_PROMOTION_AUDIT.md
6370	post-pair relational full independent-audit closure	POST_PAIR_RELATIONAL_FULL_PROMOTION_AUDIT.md
6401	post-pair relational full independent-audit closure	POST_PAIR_RELATIONAL_FULL_PROMOTION_AUDIT.md
6403	post-pair relational full independent-audit closure	POST_PAIR_RELATIONAL_FULL_PROMOTION_AUDIT.md
6404	post-pair relational full independent-audit closure	POST_PAIR_RELATIONAL_FULL_PROMOTION_AUDIT.md
6407	post-pair relational full independent-audit closure	POST_PAIR_RELATIONAL_FULL_PROMOTION_AUDIT.md
6408	post-pair relational full independent-audit closure	POST_PAIR_RELATIONAL_FULL_PROMOTION_AUDIT.md
6410	post-pair relational full independent-audit closure	POST_PAIR_RELATIONAL_FULL_PROMOTION_AUDIT.md
6411	post-pair relational full independent-audit closure	POST_PAIR_RELATIONAL_FULL_PROMOTION_AUDIT.md
6428	post-pair relational full independent-audit closure	POST_PAIR_RELATIONAL_FULL_PROMOTION_AUDIT.md
6429	post-pair relational full independent-audit closure	POST_PAIR_RELATIONAL_FULL_PROMOTION_AUDIT.md
6431	post-pair relational full independent-audit closure	POST_PAIR_RELATIONAL_FULL_PROMOTION_AUDIT.md
6432	post-pair relational full independent-audit closure	POST_PAIR_RELATIONAL_FULL_PROMOTION_AUDIT.md
6441	post-pair relational full independent-audit closure	POST_PAIR_RELATIONAL_FULL_PROMOTION_AUDIT.md
6442	post-pair relational full independent-audit closure	POST_PAIR_RELATIONAL_FULL_PROMOTION_AUDIT.md
6446	post-pair relational full independent-audit closure	POST_PAIR_RELATIONAL_FULL_PROMOTION_AUDIT.md
6452	post-pair relational full independent-audit closure	POST_PAIR_RELATIONAL_FULL_PROMOTION_AUDIT.md
6453	post-pair relational full independent-audit closure	POST_PAIR_RELATIONAL_FULL_PROMOTION_AUDIT.md
6455	post-pair relational full independent-audit closure	POST_PAIR_RELATIONAL_FULL_PROMOTION_AUDIT.md
6456	post-pair relational full independent-audit closure	POST_PAIR_RELATIONAL_FULL_PROMOTION_AUDIT.md
6457	post-pair relational full independent-audit closure	POST_PAIR_RELATIONAL_FULL_PROMOTION_AUDIT.md
6458	post-pair relational full independent-audit closure	POST_PAIR_RELATIONAL_FULL_PROMOTION_AUDIT.md
6460	post-pair relational full independent-audit closure	POST_PAIR_RELATIONAL_FULL_PROMOTION_AUDIT.md
6461	post-pair relational full independent-audit closure	POST_PAIR_RELATIONAL_FULL_PROMOTION_AUDIT.md
6462	post-pair relational full independent-audit closure	POST_PAIR_RELATIONAL_FULL_PROMOTION_AUDIT.md
6463	post-pair relational full independent-audit closure	POST_PAIR_RELATIONAL_FULL_PROMOTION_AUDIT.md
6464	post-pair relational full independent-audit closure	POST_PAIR_RELATIONAL_FULL_PROMOTION_AUDIT.md
6598	post-pair relational full independent-audit closure	POST_PAIR_RELATIONAL_FULL_PROMOTION_AUDIT.md
6599	post-pair relational full independent-audit closure	POST_PAIR_RELATIONAL_FULL_PROMOTION_AUDIT.md
6631	post-pair relational full independent-audit closure	POST_PAIR_RELATIONAL_FULL_PROMOTION_AUDIT.md
6649	post-pair relational full independent-audit closure	POST_PAIR_RELATIONAL_FULL_PROMOTION_AUDIT.md
6654	post-pair relational full independent-audit closure	POST_PAIR_RELATIONAL_FULL_PROMOTION_AUDIT.md
6668	post-pair relational full independent-audit closure	POST_PAIR_RELATIONAL_FULL_PROMOTION_AUDIT.md
6669	post-pair relational full independent-audit closure	POST_PAIR_RELATIONAL_FULL_PROMOTION_AUDIT.md
6692	post-pair relational full independent-audit closure	POST_PAIR_RELATIONAL_FULL_PROMOTION_AUDIT.md
6693	post-pair relational full independent-audit closure	POST_PAIR_RELATIONAL_FULL_PROMOTION_AUDIT.md
6717	post-pair relational full independent-audit closure	POST_PAIR_RELATIONAL_FULL_PROMOTION_AUDIT.md
6724	post-pair relational full independent-audit closure	POST_PAIR_RELATIONAL_FULL_PROMOTION_AUDIT.md
6746	post-pair relational full independent-audit closure	POST_PAIR_RELATIONAL_FULL_PROMOTION_AUDIT.md
6763	post-pair relational full independent-audit closure	POST_PAIR_RELATIONAL_FULL_PROMOTION_AUDIT.md
6770	post-pair relational full independent-audit closure	POST_PAIR_RELATIONAL_FULL_PROMOTION_AUDIT.md
6776	post-pair relational full independent-audit closure	POST_PAIR_RELATIONAL_FULL_PROMOTION_AUDIT.md
6783	post-pair relational full independent-audit closure	POST_PAIR_RELATIONAL_FULL_PROMOTION_AUDIT.md
6791	post-pair relational full independent-audit closure	POST_PAIR_RELATIONAL_FULL_PROMOTION_AUDIT.md
6792	post-pair relational full independent-audit closure	POST_PAIR_RELATIONAL_FULL_PROMOTION_AUDIT.md
6793	post-pair relational full independent-audit closure	POST_PAIR_RELATIONAL_FULL_PROMOTION_AUDIT.md
6794	post-pair relational full independent-audit closure	POST_PAIR_RELATIONAL_FULL_PROMOTION_AUDIT.md
6795	post-pair relational full independent-audit closure	POST_PAIR_RELATIONAL_FULL_PROMOTION_AUDIT.md
6808	post-pair relational full independent-audit closure	POST_PAIR_RELATIONAL_FULL_PROMOTION_AUDIT.md
6809	post-pair relational full independent-audit closure	POST_PAIR_RELATIONAL_FULL_PROMOTION_AUDIT.md
6810	post-pair relational full independent-audit closure	POST_PAIR_RELATIONAL_FULL_PROMOTION_AUDIT.md
6815	post-pair relational full independent-audit closure	POST_PAIR_RELATIONAL_FULL_PROMOTION_AUDIT.md
6817	post-pair relational full independent-audit closure	POST_PAIR_RELATIONAL_FULL_PROMOTION_AUDIT.md
6820	post-pair relational full independent-audit closure	POST_PAIR_RELATIONAL_FULL_PROMOTION_AUDIT.md
6821	post-pair relational full independent-audit closure	POST_PAIR_RELATIONAL_FULL_PROMOTION_AUDIT.md
6822	post-pair relational full independent-audit closure	POST_PAIR_RELATIONAL_FULL_PROMOTION_AUDIT.md
6823	post-pair relational full independent-audit closure	POST_PAIR_RELATIONAL_FULL_PROMOTION_AUDIT.md
6824	post-pair relational full independent-audit closure	POST_PAIR_RELATIONAL_FULL_PROMOTION_AUDIT.md
6830	post-pair relational full independent-audit closure	POST_PAIR_RELATIONAL_FULL_PROMOTION_AUDIT.md
6839	post-pair relational full independent-audit closure	POST_PAIR_RELATIONAL_FULL_PROMOTION_AUDIT.md
6840	post-pair relational full independent-audit closure	POST_PAIR_RELATIONAL_FULL_PROMOTION_AUDIT.md
6841	post-pair relational full independent-audit closure	POST_PAIR_RELATIONAL_FULL_PROMOTION_AUDIT.md
6842	post-pair relational full independent-audit closure	POST_PAIR_RELATIONAL_FULL_PROMOTION_AUDIT.md
6843	post-pair relational full independent-audit closure	POST_PAIR_RELATIONAL_FULL_PROMOTION_AUDIT.md
6861	post-pair relational full independent-audit closure	POST_PAIR_RELATIONAL_FULL_PROMOTION_AUDIT.md
6862	post-pair relational full independent-audit closure	POST_PAIR_RELATIONAL_FULL_PROMOTION_AUDIT.md
6863	post-pair relational full independent-audit closure	POST_PAIR_RELATIONAL_FULL_PROMOTION_AUDIT.md
6865	post-pair relational full independent-audit closure	POST_PAIR_RELATIONAL_FULL_PROMOTION_AUDIT.md
6868	post-pair relational full independent-audit closure	POST_PAIR_RELATIONAL_FULL_PROMOTION_AUDIT.md
6869	post-pair relational full independent-audit closure	POST_PAIR_RELATIONAL_FULL_PROMOTION_AUDIT.md
6871	post-pair relational full independent-audit closure	POST_PAIR_RELATIONAL_FULL_PROMOTION_AUDIT.md
6872	post-pair relational full independent-audit closure	POST_PAIR_RELATIONAL_FULL_PROMOTION_AUDIT.md
6874	post-pair relational full independent-audit closure	POST_PAIR_RELATIONAL_FULL_PROMOTION_AUDIT.md
6875	post-pair relational full independent-audit closure	POST_PAIR_RELATIONAL_FULL_PROMOTION_AUDIT.md
6876	post-pair relational full independent-audit closure	POST_PAIR_RELATIONAL_FULL_PROMOTION_AUDIT.md
6878	post-pair relational full independent-audit closure	POST_PAIR_RELATIONAL_FULL_PROMOTION_AUDIT.md
6879	post-pair relational full independent-audit closure	POST_PAIR_RELATIONAL_FULL_PROMOTION_AUDIT.md
6880	post-pair relational full independent-audit closure	POST_PAIR_RELATIONAL_FULL_PROMOTION_AUDIT.md
6882	post-pair relational full independent-audit closure	POST_PAIR_RELATIONAL_FULL_PROMOTION_AUDIT.md
6883	post-pair relational full independent-audit closure	POST_PAIR_RELATIONAL_FULL_PROMOTION_AUDIT.md
6884	post-pair relational full independent-audit closure	POST_PAIR_RELATIONAL_FULL_PROMOTION_AUDIT.md
6885	post-pair relational full independent-audit closure	POST_PAIR_RELATIONAL_FULL_PROMOTION_AUDIT.md
6886	post-pair relational full independent-audit closure	POST_PAIR_RELATIONAL_FULL_PROMOTION_AUDIT.md
6913	post-pair relational full independent-audit closure	POST_PAIR_RELATIONAL_FULL_PROMOTION_AUDIT.md
6914	post-pair relational full independent-audit closure	POST_PAIR_RELATIONAL_FULL_PROMOTION_AUDIT.md
6916	post-pair relational full independent-audit closure	POST_PAIR_RELATIONAL_FULL_PROMOTION_AUDIT.md
6917	post-pair relational full independent-audit closure	POST_PAIR_RELATIONAL_FULL_PROMOTION_AUDIT.md
6919	post-pair relational full independent-audit closure	POST_PAIR_RELATIONAL_FULL_PROMOTION_AUDIT.md
6920	post-pair relational full independent-audit closure	POST_PAIR_RELATIONAL_FULL_PROMOTION_AUDIT.md
6921	post-pair relational full independent-audit closure	POST_PAIR_RELATIONAL_FULL_PROMOTION_AUDIT.md
6934	post-pair relational full independent-audit closure	POST_PAIR_RELATIONAL_FULL_PROMOTION_AUDIT.md
6935	post-pair relational full independent-audit closure	POST_PAIR_RELATIONAL_FULL_PROMOTION_AUDIT.md
6936	post-pair relational full independent-audit closure	POST_PAIR_RELATIONAL_FULL_PROMOTION_AUDIT.md
6937	post-pair relational full independent-audit closure	POST_PAIR_RELATIONAL_FULL_PROMOTION_AUDIT.md
6942	post-pair relational full independent-audit closure	POST_PAIR_RELATIONAL_FULL_PROMOTION_AUDIT.md
6949	post-pair relational full independent-audit closure	POST_PAIR_RELATIONAL_FULL_PROMOTION_AUDIT.md
6951	post-pair relational full independent-audit closure	POST_PAIR_RELATIONAL_FULL_PROMOTION_AUDIT.md
6960	post-pair relational full independent-audit closure	POST_PAIR_RELATIONAL_FULL_PROMOTION_AUDIT.md
6961	post-pair relational full independent-audit closure	POST_PAIR_RELATIONAL_FULL_PROMOTION_AUDIT.md
6962	post-pair relational full independent-audit closure	POST_PAIR_RELATIONAL_FULL_PROMOTION_AUDIT.md
6963	post-pair relational full independent-audit closure	POST_PAIR_RELATIONAL_FULL_PROMOTION_AUDIT.md
6964	post-pair relational full independent-audit closure	POST_PAIR_RELATIONAL_FULL_PROMOTION_AUDIT.md
6967	post-pair relational full independent-audit closure	POST_PAIR_RELATIONAL_FULL_PROMOTION_AUDIT.md
6968	post-pair relational full independent-audit closure	POST_PAIR_RELATIONAL_FULL_PROMOTION_AUDIT.md
6969	post-pair relational full independent-audit closure	POST_PAIR_RELATIONAL_FULL_PROMOTION_AUDIT.md
6971	post-pair relational full independent-audit closure	POST_PAIR_RELATIONAL_FULL_PROMOTION_AUDIT.md
6974	post-pair relational full independent-audit closure	POST_PAIR_RELATIONAL_FULL_PROMOTION_AUDIT.md
6975	post-pair relational full independent-audit closure	POST_PAIR_RELATIONAL_FULL_PROMOTION_AUDIT.md
6977	post-pair relational full independent-audit closure	POST_PAIR_RELATIONAL_FULL_PROMOTION_AUDIT.md
6978	post-pair relational full independent-audit closure	POST_PAIR_RELATIONAL_FULL_PROMOTION_AUDIT.md
6980	post-pair relational full independent-audit closure	POST_PAIR_RELATIONAL_FULL_PROMOTION_AUDIT.md
6981	post-pair relational full independent-audit closure	POST_PAIR_RELATIONAL_FULL_PROMOTION_AUDIT.md
6983	post-pair relational full independent-audit closure	POST_PAIR_RELATIONAL_FULL_PROMOTION_AUDIT.md
6984	post-pair relational full independent-audit closure	POST_PAIR_RELATIONAL_FULL_PROMOTION_AUDIT.md
6985	post-pair relational full independent-audit closure	POST_PAIR_RELATIONAL_FULL_PROMOTION_AUDIT.md
6987	post-pair relational full independent-audit closure	POST_PAIR_RELATIONAL_FULL_PROMOTION_AUDIT.md
6988	post-pair relational full independent-audit closure	POST_PAIR_RELATIONAL_FULL_PROMOTION_AUDIT.md
6989	post-pair relational full independent-audit closure	POST_PAIR_RELATIONAL_FULL_PROMOTION_AUDIT.md
6990	post-pair relational full independent-audit closure	POST_PAIR_RELATIONAL_FULL_PROMOTION_AUDIT.md
6991	post-pair relational full independent-audit closure	POST_PAIR_RELATIONAL_FULL_PROMOTION_AUDIT.md
6994	post-pair relational full independent-audit closure	POST_PAIR_RELATIONAL_FULL_PROMOTION_AUDIT.md
6995	post-pair relational full independent-audit closure	POST_PAIR_RELATIONAL_FULL_PROMOTION_AUDIT.md
6997	post-pair relational full independent-audit closure	POST_PAIR_RELATIONAL_FULL_PROMOTION_AUDIT.md
6998	post-pair relational full independent-audit closure	POST_PAIR_RELATIONAL_FULL_PROMOTION_AUDIT.md
7000	post-pair relational full independent-audit closure	POST_PAIR_RELATIONAL_FULL_PROMOTION_AUDIT.md
7001	post-pair relational full independent-audit closure	POST_PAIR_RELATIONAL_FULL_PROMOTION_AUDIT.md
7002	post-pair relational full independent-audit closure	POST_PAIR_RELATIONAL_FULL_PROMOTION_AUDIT.md
7004	post-pair relational full independent-audit closure	POST_PAIR_RELATIONAL_FULL_PROMOTION_AUDIT.md
7005	post-pair relational full independent-audit closure	POST_PAIR_RELATIONAL_FULL_PROMOTION_AUDIT.md
7006	post-pair relational full independent-audit closure	POST_PAIR_RELATIONAL_FULL_PROMOTION_AUDIT.md
7007	post-pair relational full independent-audit closure	POST_PAIR_RELATIONAL_FULL_PROMOTION_AUDIT.md
7008	post-pair relational full independent-audit closure	POST_PAIR_RELATIONAL_FULL_PROMOTION_AUDIT.md
7017	post-pair relational full independent-audit closure	POST_PAIR_RELATIONAL_FULL_PROMOTION_AUDIT.md
7018	post-pair relational full independent-audit closure	POST_PAIR_RELATIONAL_FULL_PROMOTION_AUDIT.md
7019	post-pair relational full independent-audit closure	POST_PAIR_RELATIONAL_FULL_PROMOTION_AUDIT.md
7020	post-pair relational full independent-audit closure	POST_PAIR_RELATIONAL_FULL_PROMOTION_AUDIT.md
7021	post-pair relational full independent-audit closure	POST_PAIR_RELATIONAL_FULL_PROMOTION_AUDIT.md
7030	post-pair relational full independent-audit closure	POST_PAIR_RELATIONAL_FULL_PROMOTION_AUDIT.md
7031	post-pair relational full independent-audit closure	POST_PAIR_RELATIONAL_FULL_PROMOTION_AUDIT.md
7037	post-pair relational full independent-audit closure	POST_PAIR_RELATIONAL_FULL_PROMOTION_AUDIT.md
7038	post-pair relational full independent-audit closure	POST_PAIR_RELATIONAL_FULL_PROMOTION_AUDIT.md
7040	post-pair relational full independent-audit closure	POST_PAIR_RELATIONAL_FULL_PROMOTION_AUDIT.md
7041	post-pair relational full independent-audit closure	POST_PAIR_RELATIONAL_FULL_PROMOTION_AUDIT.md
7043	post-pair relational full independent-audit closure	POST_PAIR_RELATIONAL_FULL_PROMOTION_AUDIT.md
7044	post-pair relational full independent-audit closure	POST_PAIR_RELATIONAL_FULL_PROMOTION_AUDIT.md
7046	post-pair relational full independent-audit closure	POST_PAIR_RELATIONAL_FULL_PROMOTION_AUDIT.md
7047	post-pair relational full independent-audit closure	POST_PAIR_RELATIONAL_FULL_PROMOTION_AUDIT.md
7048	post-pair relational full independent-audit closure	POST_PAIR_RELATIONAL_FULL_PROMOTION_AUDIT.md
7050	post-pair relational full independent-audit closure	POST_PAIR_RELATIONAL_FULL_PROMOTION_AUDIT.md
7051	post-pair relational full independent-audit closure	POST_PAIR_RELATIONAL_FULL_PROMOTION_AUDIT.md
7052	post-pair relational full independent-audit closure	POST_PAIR_RELATIONAL_FULL_PROMOTION_AUDIT.md
7053	post-pair relational full independent-audit closure	POST_PAIR_RELATIONAL_FULL_PROMOTION_AUDIT.md
7054	post-pair relational full independent-audit closure	POST_PAIR_RELATIONAL_FULL_PROMOTION_AUDIT.md
7055	post-pair relational full independent-audit closure	POST_PAIR_RELATIONAL_FULL_PROMOTION_AUDIT.md
7056	post-pair relational full independent-audit closure	POST_PAIR_RELATIONAL_FULL_PROMOTION_AUDIT.md
7057	post-pair relational full independent-audit closure	POST_PAIR_RELATIONAL_FULL_PROMOTION_AUDIT.md
7060	post-pair relational full independent-audit closure	POST_PAIR_RELATIONAL_FULL_PROMOTION_AUDIT.md
7063	post-pair relational full independent-audit closure	POST_PAIR_RELATIONAL_FULL_PROMOTION_AUDIT.md
7064	post-pair relational full independent-audit closure	POST_PAIR_RELATIONAL_FULL_PROMOTION_AUDIT.md
7066	post-pair relational full independent-audit closure	POST_PAIR_RELATIONAL_FULL_PROMOTION_AUDIT.md
7067	post-pair relational full independent-audit closure	POST_PAIR_RELATIONAL_FULL_PROMOTION_AUDIT.md
7069	post-pair relational full independent-audit closure	POST_PAIR_RELATIONAL_FULL_PROMOTION_AUDIT.md
7070	post-pair relational full independent-audit closure	POST_PAIR_RELATIONAL_FULL_PROMOTION_AUDIT.md
7076	post-pair relational full independent-audit closure	POST_PAIR_RELATIONAL_FULL_PROMOTION_AUDIT.md
7077	post-pair relational full independent-audit closure	POST_PAIR_RELATIONAL_FULL_PROMOTION_AUDIT.md
7078	post-pair relational full independent-audit closure	POST_PAIR_RELATIONAL_FULL_PROMOTION_AUDIT.md
7080	post-pair relational full independent-audit closure	POST_PAIR_RELATIONAL_FULL_PROMOTION_AUDIT.md
7084	post-pair relational full independent-audit closure	POST_PAIR_RELATIONAL_FULL_PROMOTION_AUDIT.md
7086	post-pair relational full independent-audit closure	POST_PAIR_RELATIONAL_FULL_PROMOTION_AUDIT.md
7087	post-pair relational full independent-audit closure	POST_PAIR_RELATIONAL_FULL_PROMOTION_AUDIT.md
7090	post-pair relational full independent-audit closure	POST_PAIR_RELATIONAL_FULL_PROMOTION_AUDIT.md
7091	post-pair relational full independent-audit closure	POST_PAIR_RELATIONAL_FULL_PROMOTION_AUDIT.md
7093	post-pair relational full independent-audit closure	POST_PAIR_RELATIONAL_FULL_PROMOTION_AUDIT.md
7094	post-pair relational full independent-audit closure	POST_PAIR_RELATIONAL_FULL_PROMOTION_AUDIT.md
7097	post-pair relational full independent-audit closure	POST_PAIR_RELATIONAL_FULL_PROMOTION_AUDIT.md
7098	post-pair relational full independent-audit closure	POST_PAIR_RELATIONAL_FULL_PROMOTION_AUDIT.md
7100	post-pair relational full independent-audit closure	POST_PAIR_RELATIONAL_FULL_PROMOTION_AUDIT.md
7101	post-pair relational full independent-audit closure	POST_PAIR_RELATIONAL_FULL_PROMOTION_AUDIT.md
7104	post-pair relational full independent-audit closure	POST_PAIR_RELATIONAL_FULL_PROMOTION_AUDIT.md
7105	post-pair relational full independent-audit closure	POST_PAIR_RELATIONAL_FULL_PROMOTION_AUDIT.md
7107	post-pair relational full independent-audit closure	POST_PAIR_RELATIONAL_FULL_PROMOTION_AUDIT.md
7108	post-pair relational full independent-audit closure	POST_PAIR_RELATIONAL_FULL_PROMOTION_AUDIT.md
7110	post-pair relational full independent-audit closure	POST_PAIR_RELATIONAL_FULL_PROMOTION_AUDIT.md
7111	post-pair relational full independent-audit closure	POST_PAIR_RELATIONAL_FULL_PROMOTION_AUDIT.md
7112	post-pair relational full independent-audit closure	POST_PAIR_RELATIONAL_FULL_PROMOTION_AUDIT.md
7115	post-pair relational full independent-audit closure	POST_PAIR_RELATIONAL_FULL_PROMOTION_AUDIT.md
7116	post-pair relational full independent-audit closure	POST_PAIR_RELATIONAL_FULL_PROMOTION_AUDIT.md
7118	post-pair relational full independent-audit closure	POST_PAIR_RELATIONAL_FULL_PROMOTION_AUDIT.md
7119	post-pair relational full independent-audit closure	POST_PAIR_RELATIONAL_FULL_PROMOTION_AUDIT.md
7121	post-pair relational full independent-audit closure	POST_PAIR_RELATIONAL_FULL_PROMOTION_AUDIT.md
7122	post-pair relational full independent-audit closure	POST_PAIR_RELATIONAL_FULL_PROMOTION_AUDIT.md
7124	post-pair relational full independent-audit closure	POST_PAIR_RELATIONAL_FULL_PROMOTION_AUDIT.md
7125	post-pair relational full independent-audit closure	POST_PAIR_RELATIONAL_FULL_PROMOTION_AUDIT.md
7126	post-pair relational full independent-audit closure	POST_PAIR_RELATIONAL_FULL_PROMOTION_AUDIT.md
7127	post-pair relational full independent-audit closure	POST_PAIR_RELATIONAL_FULL_PROMOTION_AUDIT.md
7129	post-pair relational full independent-audit closure	POST_PAIR_RELATIONAL_FULL_PROMOTION_AUDIT.md
7130	post-pair relational full independent-audit closure	POST_PAIR_RELATIONAL_FULL_PROMOTION_AUDIT.md
7131	post-pair relational full independent-audit closure	POST_PAIR_RELATIONAL_FULL_PROMOTION_AUDIT.md
7132	post-pair relational full independent-audit closure	POST_PAIR_RELATIONAL_FULL_PROMOTION_AUDIT.md
7133	post-pair relational full independent-audit closure	POST_PAIR_RELATIONAL_FULL_PROMOTION_AUDIT.md
7137	post-pair relational full independent-audit closure	POST_PAIR_RELATIONAL_FULL_PROMOTION_AUDIT.md
7139	post-pair relational full independent-audit closure	POST_PAIR_RELATIONAL_FULL_PROMOTION_AUDIT.md
7140	post-pair relational full independent-audit closure	POST_PAIR_RELATIONAL_FULL_PROMOTION_AUDIT.md
7143	post-pair relational full independent-audit closure	POST_PAIR_RELATIONAL_FULL_PROMOTION_AUDIT.md
7144	post-pair relational full independent-audit closure	POST_PAIR_RELATIONAL_FULL_PROMOTION_AUDIT.md
7146	post-pair relational full independent-audit closure	POST_PAIR_RELATIONAL_FULL_PROMOTION_AUDIT.md
7147	post-pair relational full independent-audit closure	POST_PAIR_RELATIONAL_FULL_PROMOTION_AUDIT.md
7150	post-pair relational full independent-audit closure	POST_PAIR_RELATIONAL_FULL_PROMOTION_AUDIT.md
7151	post-pair relational full independent-audit closure	POST_PAIR_RELATIONAL_FULL_PROMOTION_AUDIT.md
7153	post-pair relational full independent-audit closure	POST_PAIR_RELATIONAL_FULL_PROMOTION_AUDIT.md
7154	post-pair relational full independent-audit closure	POST_PAIR_RELATIONAL_FULL_PROMOTION_AUDIT.md
7156	post-pair relational full independent-audit closure	POST_PAIR_RELATIONAL_FULL_PROMOTION_AUDIT.md
7157	post-pair relational full independent-audit closure	POST_PAIR_RELATIONAL_FULL_PROMOTION_AUDIT.md
7160	post-pair relational full independent-audit closure	POST_PAIR_RELATIONAL_FULL_PROMOTION_AUDIT.md
7161	post-pair relational full independent-audit closure	POST_PAIR_RELATIONAL_FULL_PROMOTION_AUDIT.md
7163	post-pair relational full independent-audit closure	POST_PAIR_RELATIONAL_FULL_PROMOTION_AUDIT.md
7164	post-pair relational full independent-audit closure	POST_PAIR_RELATIONAL_FULL_PROMOTION_AUDIT.md
7166	post-pair relational full independent-audit closure	POST_PAIR_RELATIONAL_FULL_PROMOTION_AUDIT.md
7167	post-pair relational full independent-audit closure	POST_PAIR_RELATIONAL_FULL_PROMOTION_AUDIT.md
7168	post-pair relational full independent-audit closure	POST_PAIR_RELATIONAL_FULL_PROMOTION_AUDIT.md
7170	post-pair relational full independent-audit closure	POST_PAIR_RELATIONAL_FULL_PROMOTION_AUDIT.md
7171	post-pair relational full independent-audit closure	POST_PAIR_RELATIONAL_FULL_PROMOTION_AUDIT.md
7172	post-pair relational full independent-audit closure	POST_PAIR_RELATIONAL_FULL_PROMOTION_AUDIT.md
7174	post-pair relational full independent-audit closure	POST_PAIR_RELATIONAL_FULL_PROMOTION_AUDIT.md
7175	post-pair relational full independent-audit closure	POST_PAIR_RELATIONAL_FULL_PROMOTION_AUDIT.md
7176	post-pair relational full independent-audit closure	POST_PAIR_RELATIONAL_FULL_PROMOTION_AUDIT.md
7177	post-pair relational full independent-audit closure	POST_PAIR_RELATIONAL_FULL_PROMOTION_AUDIT.md
7178	post-pair relational full independent-audit closure	POST_PAIR_RELATIONAL_FULL_PROMOTION_AUDIT.md
7192	post-pair relational full independent-audit closure	POST_PAIR_RELATIONAL_FULL_PROMOTION_AUDIT.md
7193	post-pair relational full independent-audit closure	POST_PAIR_RELATIONAL_FULL_PROMOTION_AUDIT.md
7195	post-pair relational full independent-audit closure	POST_PAIR_RELATIONAL_FULL_PROMOTION_AUDIT.md
7196	post-pair relational full independent-audit closure	POST_PAIR_RELATIONAL_FULL_PROMOTION_AUDIT.md
7198	post-pair relational full independent-audit closure	POST_PAIR_RELATIONAL_FULL_PROMOTION_AUDIT.md
7199	post-pair relational full independent-audit closure	POST_PAIR_RELATIONAL_FULL_PROMOTION_AUDIT.md
7200	post-pair relational full independent-audit closure	POST_PAIR_RELATIONAL_FULL_PROMOTION_AUDIT.md
7202	post-pair relational full independent-audit closure	POST_PAIR_RELATIONAL_FULL_PROMOTION_AUDIT.md
7203	post-pair relational full independent-audit closure	POST_PAIR_RELATIONAL_FULL_PROMOTION_AUDIT.md
7204	post-pair relational full independent-audit closure	POST_PAIR_RELATIONAL_FULL_PROMOTION_AUDIT.md
7205	post-pair relational full independent-audit closure	POST_PAIR_RELATIONAL_FULL_PROMOTION_AUDIT.md
7243	post-pair relational full independent-audit closure	POST_PAIR_RELATIONAL_FULL_PROMOTION_AUDIT.md
7244	post-pair relational full independent-audit closure	POST_PAIR_RELATIONAL_FULL_PROMOTION_AUDIT.md
7246	post-pair relational full independent-audit closure	POST_PAIR_RELATIONAL_FULL_PROMOTION_AUDIT.md
7247	post-pair relational full independent-audit closure	POST_PAIR_RELATIONAL_FULL_PROMOTION_AUDIT.md
7249	post-pair relational full independent-audit closure	POST_PAIR_RELATIONAL_FULL_PROMOTION_AUDIT.md
7250	post-pair relational full independent-audit closure	POST_PAIR_RELATIONAL_FULL_PROMOTION_AUDIT.md
7259	post-pair relational full independent-audit closure	POST_PAIR_RELATIONAL_FULL_PROMOTION_AUDIT.md
7260	post-pair relational full independent-audit closure	POST_PAIR_RELATIONAL_FULL_PROMOTION_AUDIT.md
7261	post-pair relational full independent-audit closure	POST_PAIR_RELATIONAL_FULL_PROMOTION_AUDIT.md
7262	post-pair relational full independent-audit closure	POST_PAIR_RELATIONAL_FULL_PROMOTION_AUDIT.md
7266	post-pair relational full independent-audit closure	POST_PAIR_RELATIONAL_FULL_PROMOTION_AUDIT.md
7271	post-pair relational full independent-audit closure	POST_PAIR_RELATIONAL_FULL_PROMOTION_AUDIT.md
7273	post-pair relational full independent-audit closure	POST_PAIR_RELATIONAL_FULL_PROMOTION_AUDIT.md
7274	post-pair relational full independent-audit closure	POST_PAIR_RELATIONAL_FULL_PROMOTION_AUDIT.md
7277	post-pair relational full independent-audit closure	POST_PAIR_RELATIONAL_FULL_PROMOTION_AUDIT.md
7278	post-pair relational full independent-audit closure	POST_PAIR_RELATIONAL_FULL_PROMOTION_AUDIT.md
7280	post-pair relational full independent-audit closure	POST_PAIR_RELATIONAL_FULL_PROMOTION_AUDIT.md
7281	post-pair relational full independent-audit closure	POST_PAIR_RELATIONAL_FULL_PROMOTION_AUDIT.md
7284	post-pair relational full independent-audit closure	POST_PAIR_RELATIONAL_FULL_PROMOTION_AUDIT.md
7285	post-pair relational full independent-audit closure	POST_PAIR_RELATIONAL_FULL_PROMOTION_AUDIT.md
7287	post-pair relational full independent-audit closure	POST_PAIR_RELATIONAL_FULL_PROMOTION_AUDIT.md
7288	post-pair relational full independent-audit closure	POST_PAIR_RELATIONAL_FULL_PROMOTION_AUDIT.md
7291	post-pair relational full independent-audit closure	POST_PAIR_RELATIONAL_FULL_PROMOTION_AUDIT.md
7292	post-pair relational full independent-audit closure	POST_PAIR_RELATIONAL_FULL_PROMOTION_AUDIT.md
7294	post-pair relational full independent-audit closure	POST_PAIR_RELATIONAL_FULL_PROMOTION_AUDIT.md
7295	post-pair relational full independent-audit closure	POST_PAIR_RELATIONAL_FULL_PROMOTION_AUDIT.md
7297	post-pair relational full independent-audit closure	POST_PAIR_RELATIONAL_FULL_PROMOTION_AUDIT.md
7298	post-pair relational full independent-audit closure	POST_PAIR_RELATIONAL_FULL_PROMOTION_AUDIT.md
7300	post-pair relational full independent-audit closure	POST_PAIR_RELATIONAL_FULL_PROMOTION_AUDIT.md
7301	post-pair relational full independent-audit closure	POST_PAIR_RELATIONAL_FULL_PROMOTION_AUDIT.md
7302	post-pair relational full independent-audit closure	POST_PAIR_RELATIONAL_FULL_PROMOTION_AUDIT.md
7304	post-pair relational full independent-audit closure	POST_PAIR_RELATIONAL_FULL_PROMOTION_AUDIT.md
7305	post-pair relational full independent-audit closure	POST_PAIR_RELATIONAL_FULL_PROMOTION_AUDIT.md
7306	post-pair relational full independent-audit closure	POST_PAIR_RELATIONAL_FULL_PROMOTION_AUDIT.md
7307	post-pair relational full independent-audit closure	POST_PAIR_RELATIONAL_FULL_PROMOTION_AUDIT.md
7308	post-pair relational full independent-audit closure	POST_PAIR_RELATIONAL_FULL_PROMOTION_AUDIT.md
7313	post-pair relational full independent-audit closure	POST_PAIR_RELATIONAL_FULL_PROMOTION_AUDIT.md
7316	post-pair relational full independent-audit closure	POST_PAIR_RELATIONAL_FULL_PROMOTION_AUDIT.md
7317	post-pair relational full independent-audit closure	POST_PAIR_RELATIONAL_FULL_PROMOTION_AUDIT.md
7319	post-pair relational full independent-audit closure	POST_PAIR_RELATIONAL_FULL_PROMOTION_AUDIT.md
7320	post-pair relational full independent-audit closure	POST_PAIR_RELATIONAL_FULL_PROMOTION_AUDIT.md
7325	post-pair relational full independent-audit closure	POST_PAIR_RELATIONAL_FULL_PROMOTION_AUDIT.md
7326	post-pair relational full independent-audit closure	POST_PAIR_RELATIONAL_FULL_PROMOTION_AUDIT.md
7328	post-pair relational full independent-audit closure	POST_PAIR_RELATIONAL_FULL_PROMOTION_AUDIT.md
7329	post-pair relational full independent-audit closure	POST_PAIR_RELATIONAL_FULL_PROMOTION_AUDIT.md
7346	post-pair relational full independent-audit closure	POST_PAIR_RELATIONAL_FULL_PROMOTION_AUDIT.md
7347	post-pair relational full independent-audit closure	POST_PAIR_RELATIONAL_FULL_PROMOTION_AUDIT.md
7349	post-pair relational full independent-audit closure	POST_PAIR_RELATIONAL_FULL_PROMOTION_AUDIT.md
7350	post-pair relational full independent-audit closure	POST_PAIR_RELATIONAL_FULL_PROMOTION_AUDIT.md
7359	post-pair relational full independent-audit closure	POST_PAIR_RELATIONAL_FULL_PROMOTION_AUDIT.md
7360	post-pair relational full independent-audit closure	POST_PAIR_RELATIONAL_FULL_PROMOTION_AUDIT.md
7364	post-pair relational full independent-audit closure	POST_PAIR_RELATIONAL_FULL_PROMOTION_AUDIT.md
7366	post-pair relational full independent-audit closure	POST_PAIR_RELATIONAL_FULL_PROMOTION_AUDIT.md
7368	post-pair relational full independent-audit closure	POST_PAIR_RELATIONAL_FULL_PROMOTION_AUDIT.md
7369	post-pair relational full independent-audit closure	POST_PAIR_RELATIONAL_FULL_PROMOTION_AUDIT.md
7370	post-pair relational full independent-audit closure	POST_PAIR_RELATIONAL_FULL_PROMOTION_AUDIT.md
7400	post-pair relational full independent-audit closure	POST_PAIR_RELATIONAL_FULL_PROMOTION_AUDIT.md
7402	post-pair relational full independent-audit closure	POST_PAIR_RELATIONAL_FULL_PROMOTION_AUDIT.md
7403	post-pair relational full independent-audit closure	POST_PAIR_RELATIONAL_FULL_PROMOTION_AUDIT.md
7406	post-pair relational full independent-audit closure	POST_PAIR_RELATIONAL_FULL_PROMOTION_AUDIT.md
7407	post-pair relational full independent-audit closure	POST_PAIR_RELATIONAL_FULL_PROMOTION_AUDIT.md
7409	post-pair relational full independent-audit closure	POST_PAIR_RELATIONAL_FULL_PROMOTION_AUDIT.md
7410	post-pair relational full independent-audit closure	POST_PAIR_RELATIONAL_FULL_PROMOTION_AUDIT.md
7427	post-pair relational full independent-audit closure	POST_PAIR_RELATIONAL_FULL_PROMOTION_AUDIT.md
7428	post-pair relational full independent-audit closure	POST_PAIR_RELATIONAL_FULL_PROMOTION_AUDIT.md
7430	post-pair relational full independent-audit closure	POST_PAIR_RELATIONAL_FULL_PROMOTION_AUDIT.md
7431	post-pair relational full independent-audit closure	POST_PAIR_RELATIONAL_FULL_PROMOTION_AUDIT.md
7440	post-pair relational full independent-audit closure	POST_PAIR_RELATIONAL_FULL_PROMOTION_AUDIT.md
7441	post-pair relational full independent-audit closure	POST_PAIR_RELATIONAL_FULL_PROMOTION_AUDIT.md
7442	post-pair relational full independent-audit closure	POST_PAIR_RELATIONAL_FULL_PROMOTION_AUDIT.md
7445	post-pair relational full independent-audit closure	POST_PAIR_RELATIONAL_FULL_PROMOTION_AUDIT.md
7446	post-pair relational full independent-audit closure	POST_PAIR_RELATIONAL_FULL_PROMOTION_AUDIT.md
7448	post-pair relational full independent-audit closure	POST_PAIR_RELATIONAL_FULL_PROMOTION_AUDIT.md
7449	post-pair relational full independent-audit closure	POST_PAIR_RELATIONAL_FULL_PROMOTION_AUDIT.md
7451	post-pair relational full independent-audit closure	POST_PAIR_RELATIONAL_FULL_PROMOTION_AUDIT.md
7452	post-pair relational full independent-audit closure	POST_PAIR_RELATIONAL_FULL_PROMOTION_AUDIT.md
7454	post-pair relational full independent-audit closure	POST_PAIR_RELATIONAL_FULL_PROMOTION_AUDIT.md
7455	post-pair relational full independent-audit closure	POST_PAIR_RELATIONAL_FULL_PROMOTION_AUDIT.md
7456	post-pair relational full independent-audit closure	POST_PAIR_RELATIONAL_FULL_PROMOTION_AUDIT.md
7457	post-pair relational full independent-audit closure	POST_PAIR_RELATIONAL_FULL_PROMOTION_AUDIT.md
7459	post-pair relational full independent-audit closure	POST_PAIR_RELATIONAL_FULL_PROMOTION_AUDIT.md
7460	post-pair relational full independent-audit closure	POST_PAIR_RELATIONAL_FULL_PROMOTION_AUDIT.md
7461	post-pair relational full independent-audit closure	POST_PAIR_RELATIONAL_FULL_PROMOTION_AUDIT.md
7462	post-pair relational full independent-audit closure	POST_PAIR_RELATIONAL_FULL_PROMOTION_AUDIT.md
7463	post-pair relational full independent-audit closure	POST_PAIR_RELATIONAL_FULL_PROMOTION_AUDIT.md
7512	post-pair relational full independent-audit closure	POST_PAIR_RELATIONAL_FULL_PROMOTION_AUDIT.md
7524	post-pair relational full independent-audit closure	POST_PAIR_RELATIONAL_FULL_PROMOTION_AUDIT.md
7529	post-pair relational full independent-audit closure	POST_PAIR_RELATIONAL_FULL_PROMOTION_AUDIT.md
7530	post-pair relational full independent-audit closure	POST_PAIR_RELATIONAL_FULL_PROMOTION_AUDIT.md
7548	post-pair relational full independent-audit closure	POST_PAIR_RELATIONAL_FULL_PROMOTION_AUDIT.md
7553	post-pair relational full independent-audit closure	POST_PAIR_RELATIONAL_FULL_PROMOTION_AUDIT.md
7567	post-pair relational full independent-audit closure	POST_PAIR_RELATIONAL_FULL_PROMOTION_AUDIT.md
7568	post-pair relational full independent-audit closure	POST_PAIR_RELATIONAL_FULL_PROMOTION_AUDIT.md
7584	post-pair relational full independent-audit closure	POST_PAIR_RELATIONAL_FULL_PROMOTION_AUDIT.md
7585	post-pair relational full independent-audit closure	POST_PAIR_RELATIONAL_FULL_PROMOTION_AUDIT.md
7594	post-pair relational full independent-audit closure	POST_PAIR_RELATIONAL_FULL_PROMOTION_AUDIT.md
7595	post-pair relational full independent-audit closure	POST_PAIR_RELATIONAL_FULL_PROMOTION_AUDIT.md
7597	post-pair relational full independent-audit closure	POST_PAIR_RELATIONAL_FULL_PROMOTION_AUDIT.md
7598	post-pair relational full independent-audit closure	POST_PAIR_RELATIONAL_FULL_PROMOTION_AUDIT.md
7599	post-pair relational full independent-audit closure	POST_PAIR_RELATIONAL_FULL_PROMOTION_AUDIT.md
7600	post-pair relational full independent-audit closure	POST_PAIR_RELATIONAL_FULL_PROMOTION_AUDIT.md
7601	post-pair relational full independent-audit closure	POST_PAIR_RELATIONAL_FULL_PROMOTION_AUDIT.md
7603	post-pair relational full independent-audit closure	POST_PAIR_RELATIONAL_FULL_PROMOTION_AUDIT.md
7604	post-pair relational full independent-audit closure	POST_PAIR_RELATIONAL_FULL_PROMOTION_AUDIT.md
7605	post-pair relational full independent-audit closure	POST_PAIR_RELATIONAL_FULL_PROMOTION_AUDIT.md
7606	post-pair relational full independent-audit closure	POST_PAIR_RELATIONAL_FULL_PROMOTION_AUDIT.md
7610	post-pair relational full independent-audit closure	POST_PAIR_RELATIONAL_FULL_PROMOTION_AUDIT.md
7612	post-pair relational full independent-audit closure	POST_PAIR_RELATIONAL_FULL_PROMOTION_AUDIT.md
7614	post-pair relational full independent-audit closure	POST_PAIR_RELATIONAL_FULL_PROMOTION_AUDIT.md
7615	post-pair relational full independent-audit closure	POST_PAIR_RELATIONAL_FULL_PROMOTION_AUDIT.md
7616	post-pair relational full independent-audit closure	POST_PAIR_RELATIONAL_FULL_PROMOTION_AUDIT.md
7617	post-pair relational full independent-audit closure	POST_PAIR_RELATIONAL_FULL_PROMOTION_AUDIT.md
7618	post-pair relational full independent-audit closure	POST_PAIR_RELATIONAL_FULL_PROMOTION_AUDIT.md
7619	post-pair relational full independent-audit closure	POST_PAIR_RELATIONAL_FULL_PROMOTION_AUDIT.md
7621	post-pair relational full independent-audit closure	POST_PAIR_RELATIONAL_FULL_PROMOTION_AUDIT.md
7622	post-pair relational full independent-audit closure	POST_PAIR_RELATIONAL_FULL_PROMOTION_AUDIT.md
7623	post-pair relational full independent-audit closure	POST_PAIR_RELATIONAL_FULL_PROMOTION_AUDIT.md
7625	post-pair relational full independent-audit closure	POST_PAIR_RELATIONAL_FULL_PROMOTION_AUDIT.md
7628	post-pair relational full independent-audit closure	POST_PAIR_RELATIONAL_FULL_PROMOTION_AUDIT.md
7629	post-pair relational full independent-audit closure	POST_PAIR_RELATIONAL_FULL_PROMOTION_AUDIT.md
7631	post-pair relational full independent-audit closure	POST_PAIR_RELATIONAL_FULL_PROMOTION_AUDIT.md
7632	post-pair relational full independent-audit closure	POST_PAIR_RELATIONAL_FULL_PROMOTION_AUDIT.md
7634	post-pair relational full independent-audit closure	POST_PAIR_RELATIONAL_FULL_PROMOTION_AUDIT.md
7635	post-pair relational full independent-audit closure	POST_PAIR_RELATIONAL_FULL_PROMOTION_AUDIT.md
7637	post-pair relational full independent-audit closure	POST_PAIR_RELATIONAL_FULL_PROMOTION_AUDIT.md
7638	post-pair relational full independent-audit closure	POST_PAIR_RELATIONAL_FULL_PROMOTION_AUDIT.md
7639	post-pair relational full independent-audit closure	POST_PAIR_RELATIONAL_FULL_PROMOTION_AUDIT.md
7641	post-pair relational full independent-audit closure	POST_PAIR_RELATIONAL_FULL_PROMOTION_AUDIT.md
7642	post-pair relational full independent-audit closure	POST_PAIR_RELATIONAL_FULL_PROMOTION_AUDIT.md
7643	post-pair relational full independent-audit closure	POST_PAIR_RELATIONAL_FULL_PROMOTION_AUDIT.md
7644	post-pair relational full independent-audit closure	POST_PAIR_RELATIONAL_FULL_PROMOTION_AUDIT.md
7645	post-pair relational full independent-audit closure	POST_PAIR_RELATIONAL_FULL_PROMOTION_AUDIT.md
7648	post-pair relational full independent-audit closure	POST_PAIR_RELATIONAL_FULL_PROMOTION_AUDIT.md
7649	post-pair relational full independent-audit closure	POST_PAIR_RELATIONAL_FULL_PROMOTION_AUDIT.md
7651	post-pair relational full independent-audit closure	POST_PAIR_RELATIONAL_FULL_PROMOTION_AUDIT.md
7652	post-pair relational full independent-audit closure	POST_PAIR_RELATIONAL_FULL_PROMOTION_AUDIT.md
7654	post-pair relational full independent-audit closure	POST_PAIR_RELATIONAL_FULL_PROMOTION_AUDIT.md
7655	post-pair relational full independent-audit closure	POST_PAIR_RELATIONAL_FULL_PROMOTION_AUDIT.md
7656	post-pair relational full independent-audit closure	POST_PAIR_RELATIONAL_FULL_PROMOTION_AUDIT.md
7658	post-pair relational full independent-audit closure	POST_PAIR_RELATIONAL_FULL_PROMOTION_AUDIT.md
7659	post-pair relational full independent-audit closure	POST_PAIR_RELATIONAL_FULL_PROMOTION_AUDIT.md
7660	post-pair relational full independent-audit closure	POST_PAIR_RELATIONAL_FULL_PROMOTION_AUDIT.md
7661	post-pair relational full independent-audit closure	POST_PAIR_RELATIONAL_FULL_PROMOTION_AUDIT.md
7662	post-pair relational full independent-audit closure	POST_PAIR_RELATIONAL_FULL_PROMOTION_AUDIT.md
7666	post-pair relational full independent-audit closure	POST_PAIR_RELATIONAL_FULL_PROMOTION_AUDIT.md
7667	post-pair relational full independent-audit closure	POST_PAIR_RELATIONAL_FULL_PROMOTION_AUDIT.md
7668	post-pair relational full independent-audit closure	POST_PAIR_RELATIONAL_FULL_PROMOTION_AUDIT.md
7669	post-pair relational full independent-audit closure	POST_PAIR_RELATIONAL_FULL_PROMOTION_AUDIT.md
7670	post-pair relational full independent-audit closure	POST_PAIR_RELATIONAL_FULL_PROMOTION_AUDIT.md
7677	post-pair relational full independent-audit closure	POST_PAIR_RELATIONAL_FULL_PROMOTION_AUDIT.md
7679	post-pair relational full independent-audit closure	POST_PAIR_RELATIONAL_FULL_PROMOTION_AUDIT.md
7680	post-pair relational full independent-audit closure	POST_PAIR_RELATIONAL_FULL_PROMOTION_AUDIT.md
7681	post-pair relational full independent-audit closure	POST_PAIR_RELATIONAL_FULL_PROMOTION_AUDIT.md
7686	post-pair relational full independent-audit closure	POST_PAIR_RELATIONAL_FULL_PROMOTION_AUDIT.md
7687	post-pair relational full independent-audit closure	POST_PAIR_RELATIONAL_FULL_PROMOTION_AUDIT.md
7689	post-pair relational full independent-audit closure	POST_PAIR_RELATIONAL_FULL_PROMOTION_AUDIT.md
7690	post-pair relational full independent-audit closure	POST_PAIR_RELATIONAL_FULL_PROMOTION_AUDIT.md
7692	post-pair relational full independent-audit closure	POST_PAIR_RELATIONAL_FULL_PROMOTION_AUDIT.md
7693	post-pair relational full independent-audit closure	POST_PAIR_RELATIONAL_FULL_PROMOTION_AUDIT.md
7695	post-pair relational full independent-audit closure	POST_PAIR_RELATIONAL_FULL_PROMOTION_AUDIT.md
7696	post-pair relational full independent-audit closure	POST_PAIR_RELATIONAL_FULL_PROMOTION_AUDIT.md
7697	post-pair relational full independent-audit closure	POST_PAIR_RELATIONAL_FULL_PROMOTION_AUDIT.md
7699	post-pair relational full independent-audit closure	POST_PAIR_RELATIONAL_FULL_PROMOTION_AUDIT.md
7700	post-pair relational full independent-audit closure	POST_PAIR_RELATIONAL_FULL_PROMOTION_AUDIT.md
7701	post-pair relational full independent-audit closure	POST_PAIR_RELATIONAL_FULL_PROMOTION_AUDIT.md
7702	post-pair relational full independent-audit closure	POST_PAIR_RELATIONAL_FULL_PROMOTION_AUDIT.md
7703	post-pair relational full independent-audit closure	POST_PAIR_RELATIONAL_FULL_PROMOTION_AUDIT.md
7753	post-pair relational full independent-audit closure	POST_PAIR_RELATIONAL_FULL_PROMOTION_AUDIT.md
7754	post-pair relational full independent-audit closure	POST_PAIR_RELATIONAL_FULL_PROMOTION_AUDIT.md
7756	post-pair relational full independent-audit closure	POST_PAIR_RELATIONAL_FULL_PROMOTION_AUDIT.md
7757	post-pair relational full independent-audit closure	POST_PAIR_RELATIONAL_FULL_PROMOTION_AUDIT.md
7759	post-pair relational full independent-audit closure	POST_PAIR_RELATIONAL_FULL_PROMOTION_AUDIT.md
7760	post-pair relational full independent-audit closure	POST_PAIR_RELATIONAL_FULL_PROMOTION_AUDIT.md
7761	post-pair relational full independent-audit closure	POST_PAIR_RELATIONAL_FULL_PROMOTION_AUDIT.md
7773	post-pair relational full independent-audit closure	POST_PAIR_RELATIONAL_FULL_PROMOTION_AUDIT.md
7774	post-pair relational full independent-audit closure	POST_PAIR_RELATIONAL_FULL_PROMOTION_AUDIT.md
7775	post-pair relational full independent-audit closure	POST_PAIR_RELATIONAL_FULL_PROMOTION_AUDIT.md
7776	post-pair relational full independent-audit closure	POST_PAIR_RELATIONAL_FULL_PROMOTION_AUDIT.md
7781	post-pair relational full independent-audit closure	POST_PAIR_RELATIONAL_FULL_PROMOTION_AUDIT.md
7786	post-pair relational full independent-audit closure	POST_PAIR_RELATIONAL_FULL_PROMOTION_AUDIT.md
7788	post-pair relational full independent-audit closure	POST_PAIR_RELATIONAL_FULL_PROMOTION_AUDIT.md
7789	post-pair relational full independent-audit closure	POST_PAIR_RELATIONAL_FULL_PROMOTION_AUDIT.md
7792	post-pair relational full independent-audit closure	POST_PAIR_RELATIONAL_FULL_PROMOTION_AUDIT.md
7793	post-pair relational full independent-audit closure	POST_PAIR_RELATIONAL_FULL_PROMOTION_AUDIT.md
7795	post-pair relational full independent-audit closure	POST_PAIR_RELATIONAL_FULL_PROMOTION_AUDIT.md
7796	post-pair relational full independent-audit closure	POST_PAIR_RELATIONAL_FULL_PROMOTION_AUDIT.md
7799	post-pair relational full independent-audit closure	POST_PAIR_RELATIONAL_FULL_PROMOTION_AUDIT.md
7800	post-pair relational full independent-audit closure	POST_PAIR_RELATIONAL_FULL_PROMOTION_AUDIT.md
7802	post-pair relational full independent-audit closure	POST_PAIR_RELATIONAL_FULL_PROMOTION_AUDIT.md
7803	post-pair relational full independent-audit closure	POST_PAIR_RELATIONAL_FULL_PROMOTION_AUDIT.md
7805	post-pair relational full independent-audit closure	POST_PAIR_RELATIONAL_FULL_PROMOTION_AUDIT.md
7806	post-pair relational full independent-audit closure	POST_PAIR_RELATIONAL_FULL_PROMOTION_AUDIT.md
7809	post-pair relational full independent-audit closure	POST_PAIR_RELATIONAL_FULL_PROMOTION_AUDIT.md
7810	post-pair relational full independent-audit closure	POST_PAIR_RELATIONAL_FULL_PROMOTION_AUDIT.md
7812	post-pair relational full independent-audit closure	POST_PAIR_RELATIONAL_FULL_PROMOTION_AUDIT.md
7813	post-pair relational full independent-audit closure	POST_PAIR_RELATIONAL_FULL_PROMOTION_AUDIT.md
7815	post-pair relational full independent-audit closure	POST_PAIR_RELATIONAL_FULL_PROMOTION_AUDIT.md
7816	post-pair relational full independent-audit closure	POST_PAIR_RELATIONAL_FULL_PROMOTION_AUDIT.md
7817	post-pair relational full independent-audit closure	POST_PAIR_RELATIONAL_FULL_PROMOTION_AUDIT.md
7819	post-pair relational full independent-audit closure	POST_PAIR_RELATIONAL_FULL_PROMOTION_AUDIT.md
7820	post-pair relational full independent-audit closure	POST_PAIR_RELATIONAL_FULL_PROMOTION_AUDIT.md
7821	post-pair relational full independent-audit closure	POST_PAIR_RELATIONAL_FULL_PROMOTION_AUDIT.md
7823	post-pair relational full independent-audit closure	POST_PAIR_RELATIONAL_FULL_PROMOTION_AUDIT.md
7824	post-pair relational full independent-audit closure	POST_PAIR_RELATIONAL_FULL_PROMOTION_AUDIT.md
7825	post-pair relational full independent-audit closure	POST_PAIR_RELATIONAL_FULL_PROMOTION_AUDIT.md
7826	post-pair relational full independent-audit closure	POST_PAIR_RELATIONAL_FULL_PROMOTION_AUDIT.md
7827	post-pair relational full independent-audit closure	POST_PAIR_RELATIONAL_FULL_PROMOTION_AUDIT.md
7831	post-pair relational full independent-audit closure	POST_PAIR_RELATIONAL_FULL_PROMOTION_AUDIT.md
7832	post-pair relational full independent-audit closure	POST_PAIR_RELATIONAL_FULL_PROMOTION_AUDIT.md
7837	post-pair relational full independent-audit closure	POST_PAIR_RELATIONAL_FULL_PROMOTION_AUDIT.md
7838	post-pair relational full independent-audit closure	POST_PAIR_RELATIONAL_FULL_PROMOTION_AUDIT.md
7840	post-pair relational full independent-audit closure	POST_PAIR_RELATIONAL_FULL_PROMOTION_AUDIT.md
7841	post-pair relational full independent-audit closure	POST_PAIR_RELATIONAL_FULL_PROMOTION_AUDIT.md
7843	post-pair relational full independent-audit closure	POST_PAIR_RELATIONAL_FULL_PROMOTION_AUDIT.md
7844	post-pair relational full independent-audit closure	POST_PAIR_RELATIONAL_FULL_PROMOTION_AUDIT.md
7845	post-pair relational full independent-audit closure	POST_PAIR_RELATIONAL_FULL_PROMOTION_AUDIT.md
7847	post-pair relational full independent-audit closure	POST_PAIR_RELATIONAL_FULL_PROMOTION_AUDIT.md
7848	post-pair relational full independent-audit closure	POST_PAIR_RELATIONAL_FULL_PROMOTION_AUDIT.md
7849	post-pair relational full independent-audit closure	POST_PAIR_RELATIONAL_FULL_PROMOTION_AUDIT.md
7850	post-pair relational full independent-audit closure	POST_PAIR_RELATIONAL_FULL_PROMOTION_AUDIT.md
7859	post-pair relational full independent-audit closure	POST_PAIR_RELATIONAL_FULL_PROMOTION_AUDIT.md
7860	post-pair relational full independent-audit closure	POST_PAIR_RELATIONAL_FULL_PROMOTION_AUDIT.md
7862	post-pair relational full independent-audit closure	POST_PAIR_RELATIONAL_FULL_PROMOTION_AUDIT.md
7863	post-pair relational full independent-audit closure	POST_PAIR_RELATIONAL_FULL_PROMOTION_AUDIT.md
7865	post-pair relational full independent-audit closure	POST_PAIR_RELATIONAL_FULL_PROMOTION_AUDIT.md
7866	post-pair relational full independent-audit closure	POST_PAIR_RELATIONAL_FULL_PROMOTION_AUDIT.md
7868	post-pair relational full independent-audit closure	POST_PAIR_RELATIONAL_FULL_PROMOTION_AUDIT.md
7869	post-pair relational full independent-audit closure	POST_PAIR_RELATIONAL_FULL_PROMOTION_AUDIT.md
7870	post-pair relational full independent-audit closure	POST_PAIR_RELATIONAL_FULL_PROMOTION_AUDIT.md
7871	post-pair relational full independent-audit closure	POST_PAIR_RELATIONAL_FULL_PROMOTION_AUDIT.md
7872	post-pair relational full independent-audit closure	POST_PAIR_RELATIONAL_FULL_PROMOTION_AUDIT.md
7876	post-pair relational full independent-audit closure	POST_PAIR_RELATIONAL_FULL_PROMOTION_AUDIT.md
7878	post-pair relational full independent-audit closure	POST_PAIR_RELATIONAL_FULL_PROMOTION_AUDIT.md
7879	post-pair relational full independent-audit closure	POST_PAIR_RELATIONAL_FULL_PROMOTION_AUDIT.md
7882	post-pair relational full independent-audit closure	POST_PAIR_RELATIONAL_FULL_PROMOTION_AUDIT.md
7883	post-pair relational full independent-audit closure	POST_PAIR_RELATIONAL_FULL_PROMOTION_AUDIT.md
7885	post-pair relational full independent-audit closure	POST_PAIR_RELATIONAL_FULL_PROMOTION_AUDIT.md
7886	post-pair relational full independent-audit closure	POST_PAIR_RELATIONAL_FULL_PROMOTION_AUDIT.md
7889	post-pair relational full independent-audit closure	POST_PAIR_RELATIONAL_FULL_PROMOTION_AUDIT.md
7890	post-pair relational full independent-audit closure	POST_PAIR_RELATIONAL_FULL_PROMOTION_AUDIT.md
7892	post-pair relational full independent-audit closure	POST_PAIR_RELATIONAL_FULL_PROMOTION_AUDIT.md
7893	post-pair relational full independent-audit closure	POST_PAIR_RELATIONAL_FULL_PROMOTION_AUDIT.md
7896	post-pair relational full independent-audit closure	POST_PAIR_RELATIONAL_FULL_PROMOTION_AUDIT.md
7897	post-pair relational full independent-audit closure	POST_PAIR_RELATIONAL_FULL_PROMOTION_AUDIT.md
7899	post-pair relational full independent-audit closure	POST_PAIR_RELATIONAL_FULL_PROMOTION_AUDIT.md
7900	post-pair relational full independent-audit closure	POST_PAIR_RELATIONAL_FULL_PROMOTION_AUDIT.md
7902	post-pair relational full independent-audit closure	POST_PAIR_RELATIONAL_FULL_PROMOTION_AUDIT.md
7903	post-pair relational full independent-audit closure	POST_PAIR_RELATIONAL_FULL_PROMOTION_AUDIT.md
7905	post-pair relational full independent-audit closure	POST_PAIR_RELATIONAL_FULL_PROMOTION_AUDIT.md
7906	post-pair relational full independent-audit closure	POST_PAIR_RELATIONAL_FULL_PROMOTION_AUDIT.md
7907	post-pair relational full independent-audit closure	POST_PAIR_RELATIONAL_FULL_PROMOTION_AUDIT.md
7909	post-pair relational full independent-audit closure	POST_PAIR_RELATIONAL_FULL_PROMOTION_AUDIT.md
7910	post-pair relational full independent-audit closure	POST_PAIR_RELATIONAL_FULL_PROMOTION_AUDIT.md
7911	post-pair relational full independent-audit closure	POST_PAIR_RELATIONAL_FULL_PROMOTION_AUDIT.md
7912	post-pair relational full independent-audit closure	POST_PAIR_RELATIONAL_FULL_PROMOTION_AUDIT.md
7913	post-pair relational full independent-audit closure	POST_PAIR_RELATIONAL_FULL_PROMOTION_AUDIT.md
7915	post-pair relational full independent-audit closure	POST_PAIR_RELATIONAL_FULL_PROMOTION_AUDIT.md
7916	post-pair relational full independent-audit closure	POST_PAIR_RELATIONAL_FULL_PROMOTION_AUDIT.md
7918	post-pair relational full independent-audit closure	POST_PAIR_RELATIONAL_FULL_PROMOTION_AUDIT.md
7921	post-pair relational full independent-audit closure	POST_PAIR_RELATIONAL_FULL_PROMOTION_AUDIT.md
7922	post-pair relational full independent-audit closure	POST_PAIR_RELATIONAL_FULL_PROMOTION_AUDIT.md
7924	post-pair relational full independent-audit closure	POST_PAIR_RELATIONAL_FULL_PROMOTION_AUDIT.md
7925	post-pair relational full independent-audit closure	POST_PAIR_RELATIONAL_FULL_PROMOTION_AUDIT.md
7930	post-pair relational full independent-audit closure	POST_PAIR_RELATIONAL_FULL_PROMOTION_AUDIT.md
7931	post-pair relational full independent-audit closure	POST_PAIR_RELATIONAL_FULL_PROMOTION_AUDIT.md
7933	post-pair relational full independent-audit closure	POST_PAIR_RELATIONAL_FULL_PROMOTION_AUDIT.md
7934	post-pair relational full independent-audit closure	POST_PAIR_RELATIONAL_FULL_PROMOTION_AUDIT.md
7951	post-pair relational full independent-audit closure	POST_PAIR_RELATIONAL_FULL_PROMOTION_AUDIT.md
7952	post-pair relational full independent-audit closure	POST_PAIR_RELATIONAL_FULL_PROMOTION_AUDIT.md
7954	post-pair relational full independent-audit closure	POST_PAIR_RELATIONAL_FULL_PROMOTION_AUDIT.md
7955	post-pair relational full independent-audit closure	POST_PAIR_RELATIONAL_FULL_PROMOTION_AUDIT.md
7964	post-pair relational full independent-audit closure	POST_PAIR_RELATIONAL_FULL_PROMOTION_AUDIT.md
7965	post-pair relational full independent-audit closure	POST_PAIR_RELATIONAL_FULL_PROMOTION_AUDIT.md
7969	post-pair relational full independent-audit closure	POST_PAIR_RELATIONAL_FULL_PROMOTION_AUDIT.md
7971	post-pair relational full independent-audit closure	POST_PAIR_RELATIONAL_FULL_PROMOTION_AUDIT.md
7972	post-pair relational full independent-audit closure	POST_PAIR_RELATIONAL_FULL_PROMOTION_AUDIT.md
7973	post-pair relational full independent-audit closure	POST_PAIR_RELATIONAL_FULL_PROMOTION_AUDIT.md
7974	post-pair relational full independent-audit closure	POST_PAIR_RELATIONAL_FULL_PROMOTION_AUDIT.md
7975	post-pair relational full independent-audit closure	POST_PAIR_RELATIONAL_FULL_PROMOTION_AUDIT.md
8005	post-pair relational full independent-audit closure	POST_PAIR_RELATIONAL_FULL_PROMOTION_AUDIT.md
8007	post-pair relational full independent-audit closure	POST_PAIR_RELATIONAL_FULL_PROMOTION_AUDIT.md
8008	post-pair relational full independent-audit closure	POST_PAIR_RELATIONAL_FULL_PROMOTION_AUDIT.md
8011	post-pair relational full independent-audit closure	POST_PAIR_RELATIONAL_FULL_PROMOTION_AUDIT.md
8012	post-pair relational full independent-audit closure	POST_PAIR_RELATIONAL_FULL_PROMOTION_AUDIT.md
8014	post-pair relational full independent-audit closure	POST_PAIR_RELATIONAL_FULL_PROMOTION_AUDIT.md
8015	post-pair relational full independent-audit closure	POST_PAIR_RELATIONAL_FULL_PROMOTION_AUDIT.md
8032	post-pair relational full independent-audit closure	POST_PAIR_RELATIONAL_FULL_PROMOTION_AUDIT.md
8033	post-pair relational full independent-audit closure	POST_PAIR_RELATIONAL_FULL_PROMOTION_AUDIT.md
8035	post-pair relational full independent-audit closure	POST_PAIR_RELATIONAL_FULL_PROMOTION_AUDIT.md
8036	post-pair relational full independent-audit closure	POST_PAIR_RELATIONAL_FULL_PROMOTION_AUDIT.md
8045	post-pair relational full independent-audit closure	POST_PAIR_RELATIONAL_FULL_PROMOTION_AUDIT.md
8046	post-pair relational full independent-audit closure	POST_PAIR_RELATIONAL_FULL_PROMOTION_AUDIT.md
8047	post-pair relational full independent-audit closure	POST_PAIR_RELATIONAL_FULL_PROMOTION_AUDIT.md
8050	post-pair relational full independent-audit closure	POST_PAIR_RELATIONAL_FULL_PROMOTION_AUDIT.md
8051	post-pair relational full independent-audit closure	POST_PAIR_RELATIONAL_FULL_PROMOTION_AUDIT.md
8053	post-pair relational full independent-audit closure	POST_PAIR_RELATIONAL_FULL_PROMOTION_AUDIT.md
8054	post-pair relational full independent-audit closure	POST_PAIR_RELATIONAL_FULL_PROMOTION_AUDIT.md
8056	post-pair relational full independent-audit closure	POST_PAIR_RELATIONAL_FULL_PROMOTION_AUDIT.md
8057	post-pair relational full independent-audit closure	POST_PAIR_RELATIONAL_FULL_PROMOTION_AUDIT.md
8059	post-pair relational full independent-audit closure	POST_PAIR_RELATIONAL_FULL_PROMOTION_AUDIT.md
8060	post-pair relational full independent-audit closure	POST_PAIR_RELATIONAL_FULL_PROMOTION_AUDIT.md
8061	post-pair relational full independent-audit closure	POST_PAIR_RELATIONAL_FULL_PROMOTION_AUDIT.md
8062	post-pair relational full independent-audit closure	POST_PAIR_RELATIONAL_FULL_PROMOTION_AUDIT.md
8064	post-pair relational full independent-audit closure	POST_PAIR_RELATIONAL_FULL_PROMOTION_AUDIT.md
8065	post-pair relational full independent-audit closure	POST_PAIR_RELATIONAL_FULL_PROMOTION_AUDIT.md
8066	post-pair relational full independent-audit closure	POST_PAIR_RELATIONAL_FULL_PROMOTION_AUDIT.md
8067	post-pair relational full independent-audit closure	POST_PAIR_RELATIONAL_FULL_PROMOTION_AUDIT.md
8068	post-pair relational full independent-audit closure	POST_PAIR_RELATIONAL_FULL_PROMOTION_AUDIT.md
8117	post-pair relational full independent-audit closure	POST_PAIR_RELATIONAL_FULL_PROMOTION_AUDIT.md
8129	post-pair relational full independent-audit closure	POST_PAIR_RELATIONAL_FULL_PROMOTION_AUDIT.md
8132	post-pair relational full independent-audit closure	POST_PAIR_RELATIONAL_FULL_PROMOTION_AUDIT.md
8133	post-pair relational full independent-audit closure	POST_PAIR_RELATIONAL_FULL_PROMOTION_AUDIT.md
8134	post-pair relational full independent-audit closure	POST_PAIR_RELATIONAL_FULL_PROMOTION_AUDIT.md
8135	post-pair relational full independent-audit closure	POST_PAIR_RELATIONAL_FULL_PROMOTION_AUDIT.md
8137	post-pair relational full independent-audit closure	POST_PAIR_RELATIONAL_FULL_PROMOTION_AUDIT.md
8142	post-pair relational full independent-audit closure	POST_PAIR_RELATIONAL_FULL_PROMOTION_AUDIT.md
8150	post-pair relational full independent-audit closure	POST_PAIR_RELATIONAL_FULL_PROMOTION_AUDIT.md
8151	post-pair relational full independent-audit closure	POST_PAIR_RELATIONAL_FULL_PROMOTION_AUDIT.md
8156	post-pair relational full independent-audit closure	POST_PAIR_RELATIONAL_FULL_PROMOTION_AUDIT.md
8157	post-pair relational full independent-audit closure	POST_PAIR_RELATIONAL_FULL_PROMOTION_AUDIT.md
8159	post-pair relational full independent-audit closure	POST_PAIR_RELATIONAL_FULL_PROMOTION_AUDIT.md
8160	post-pair relational full independent-audit closure	POST_PAIR_RELATIONAL_FULL_PROMOTION_AUDIT.md
8162	post-pair relational full independent-audit closure	POST_PAIR_RELATIONAL_FULL_PROMOTION_AUDIT.md
8163	post-pair relational full independent-audit closure	POST_PAIR_RELATIONAL_FULL_PROMOTION_AUDIT.md
8164	post-pair relational full independent-audit closure	POST_PAIR_RELATIONAL_FULL_PROMOTION_AUDIT.md
8165	post-pair relational full independent-audit closure	POST_PAIR_RELATIONAL_FULL_PROMOTION_AUDIT.md
8166	post-pair relational full independent-audit closure	POST_PAIR_RELATIONAL_FULL_PROMOTION_AUDIT.md
8168	post-pair relational full independent-audit closure	POST_PAIR_RELATIONAL_FULL_PROMOTION_AUDIT.md
8169	post-pair relational full independent-audit closure	POST_PAIR_RELATIONAL_FULL_PROMOTION_AUDIT.md
8170	post-pair relational full independent-audit closure	POST_PAIR_RELATIONAL_FULL_PROMOTION_AUDIT.md
8171	post-pair relational full independent-audit closure	POST_PAIR_RELATIONAL_FULL_PROMOTION_AUDIT.md
8172	post-pair relational full independent-audit closure	POST_PAIR_RELATIONAL_FULL_PROMOTION_AUDIT.md
8174	post-pair relational full independent-audit closure	POST_PAIR_RELATIONAL_FULL_PROMOTION_AUDIT.md
8176	post-pair relational full independent-audit closure	POST_PAIR_RELATIONAL_FULL_PROMOTION_AUDIT.md
8177	post-pair relational full independent-audit closure	POST_PAIR_RELATIONAL_FULL_PROMOTION_AUDIT.md
8178	post-pair relational full independent-audit closure	POST_PAIR_RELATIONAL_FULL_PROMOTION_AUDIT.md
8179	post-pair relational full independent-audit closure	POST_PAIR_RELATIONAL_FULL_PROMOTION_AUDIT.md
8180	post-pair relational full independent-audit closure	POST_PAIR_RELATIONAL_FULL_PROMOTION_AUDIT.md
8199	post-pair relational full independent-audit closure	POST_PAIR_RELATIONAL_FULL_PROMOTION_AUDIT.md
8200	post-pair relational full independent-audit closure	POST_PAIR_RELATIONAL_FULL_PROMOTION_AUDIT.md
8201	post-pair relational full independent-audit closure	POST_PAIR_RELATIONAL_FULL_PROMOTION_AUDIT.md
8206	post-pair relational full independent-audit closure	POST_PAIR_RELATIONAL_FULL_PROMOTION_AUDIT.md
8210	post-pair relational full independent-audit closure	POST_PAIR_RELATIONAL_FULL_PROMOTION_AUDIT.md
8211	post-pair relational full independent-audit closure	POST_PAIR_RELATIONAL_FULL_PROMOTION_AUDIT.md
8213	post-pair relational full independent-audit closure	POST_PAIR_RELATIONAL_FULL_PROMOTION_AUDIT.md
8214	post-pair relational full independent-audit closure	POST_PAIR_RELATIONAL_FULL_PROMOTION_AUDIT.md
8216	post-pair relational full independent-audit closure	POST_PAIR_RELATIONAL_FULL_PROMOTION_AUDIT.md
8217	post-pair relational full independent-audit closure	POST_PAIR_RELATIONAL_FULL_PROMOTION_AUDIT.md
8218	post-pair relational full independent-audit closure	POST_PAIR_RELATIONAL_FULL_PROMOTION_AUDIT.md
8220	post-pair relational full independent-audit closure	POST_PAIR_RELATIONAL_FULL_PROMOTION_AUDIT.md
8221	post-pair relational full independent-audit closure	POST_PAIR_RELATIONAL_FULL_PROMOTION_AUDIT.md
8222	post-pair relational full independent-audit closure	POST_PAIR_RELATIONAL_FULL_PROMOTION_AUDIT.md
8223	post-pair relational full independent-audit closure	POST_PAIR_RELATIONAL_FULL_PROMOTION_AUDIT.md
8224	post-pair relational full independent-audit closure	POST_PAIR_RELATIONAL_FULL_PROMOTION_AUDIT.md
8225	post-pair relational full independent-audit closure	POST_PAIR_RELATIONAL_FULL_PROMOTION_AUDIT.md
8226	post-pair relational full independent-audit closure	POST_PAIR_RELATIONAL_FULL_PROMOTION_AUDIT.md
8228	post-pair relational full independent-audit closure	POST_PAIR_RELATIONAL_FULL_PROMOTION_AUDIT.md
8229	post-pair relational full independent-audit closure	POST_PAIR_RELATIONAL_FULL_PROMOTION_AUDIT.md
8230	post-pair relational full independent-audit closure	POST_PAIR_RELATIONAL_FULL_PROMOTION_AUDIT.md
8231	post-pair relational full independent-audit closure	POST_PAIR_RELATIONAL_FULL_PROMOTION_AUDIT.md
8234	post-pair relational full independent-audit closure	POST_PAIR_RELATIONAL_FULL_PROMOTION_AUDIT.md
8235	post-pair relational full independent-audit closure	POST_PAIR_RELATIONAL_FULL_PROMOTION_AUDIT.md
8236	post-pair relational full independent-audit closure	POST_PAIR_RELATIONAL_FULL_PROMOTION_AUDIT.md
8237	post-pair relational full independent-audit closure	POST_PAIR_RELATIONAL_FULL_PROMOTION_AUDIT.md
8240	post-pair relational full independent-audit closure	POST_PAIR_RELATIONAL_FULL_PROMOTION_AUDIT.md
8241	post-pair relational full independent-audit closure	POST_PAIR_RELATIONAL_FULL_PROMOTION_AUDIT.md
8243	post-pair relational full independent-audit closure	POST_PAIR_RELATIONAL_FULL_PROMOTION_AUDIT.md
8244	post-pair relational full independent-audit closure	POST_PAIR_RELATIONAL_FULL_PROMOTION_AUDIT.md
8246	post-pair relational full independent-audit closure	POST_PAIR_RELATIONAL_FULL_PROMOTION_AUDIT.md
8247	post-pair relational full independent-audit closure	POST_PAIR_RELATIONAL_FULL_PROMOTION_AUDIT.md
8249	post-pair relational full independent-audit closure	POST_PAIR_RELATIONAL_FULL_PROMOTION_AUDIT.md
8250	post-pair relational full independent-audit closure	POST_PAIR_RELATIONAL_FULL_PROMOTION_AUDIT.md
8251	post-pair relational full independent-audit closure	POST_PAIR_RELATIONAL_FULL_PROMOTION_AUDIT.md
8252	post-pair relational full independent-audit closure	POST_PAIR_RELATIONAL_FULL_PROMOTION_AUDIT.md
8253	post-pair relational full independent-audit closure	POST_PAIR_RELATIONAL_FULL_PROMOTION_AUDIT.md
8257	post-pair relational full independent-audit closure	POST_PAIR_RELATIONAL_FULL_PROMOTION_AUDIT.md
8258	post-pair relational full independent-audit closure	POST_PAIR_RELATIONAL_FULL_PROMOTION_AUDIT.md
8260	post-pair relational full independent-audit closure	POST_PAIR_RELATIONAL_FULL_PROMOTION_AUDIT.md
8263	post-pair relational full independent-audit closure	POST_PAIR_RELATIONAL_FULL_PROMOTION_AUDIT.md
8264	post-pair relational full independent-audit closure	POST_PAIR_RELATIONAL_FULL_PROMOTION_AUDIT.md
8266	post-pair relational full independent-audit closure	POST_PAIR_RELATIONAL_FULL_PROMOTION_AUDIT.md
8267	post-pair relational full independent-audit closure	POST_PAIR_RELATIONAL_FULL_PROMOTION_AUDIT.md
8269	post-pair relational full independent-audit closure	POST_PAIR_RELATIONAL_FULL_PROMOTION_AUDIT.md
8270	post-pair relational full independent-audit closure	POST_PAIR_RELATIONAL_FULL_PROMOTION_AUDIT.md
8271	post-pair relational full independent-audit closure	POST_PAIR_RELATIONAL_FULL_PROMOTION_AUDIT.md
8273	post-pair relational full independent-audit closure	POST_PAIR_RELATIONAL_FULL_PROMOTION_AUDIT.md
8274	post-pair relational full independent-audit closure	POST_PAIR_RELATIONAL_FULL_PROMOTION_AUDIT.md
8275	post-pair relational full independent-audit closure	POST_PAIR_RELATIONAL_FULL_PROMOTION_AUDIT.md
8276	post-pair relational full independent-audit closure	POST_PAIR_RELATIONAL_FULL_PROMOTION_AUDIT.md
8279	post-pair relational full independent-audit closure	POST_PAIR_RELATIONAL_FULL_PROMOTION_AUDIT.md
8280	post-pair relational full independent-audit closure	POST_PAIR_RELATIONAL_FULL_PROMOTION_AUDIT.md
8282	post-pair relational full independent-audit closure	POST_PAIR_RELATIONAL_FULL_PROMOTION_AUDIT.md
8285	post-pair relational full independent-audit closure	POST_PAIR_RELATIONAL_FULL_PROMOTION_AUDIT.md
8286	post-pair relational full independent-audit closure	POST_PAIR_RELATIONAL_FULL_PROMOTION_AUDIT.md
8288	post-pair relational full independent-audit closure	POST_PAIR_RELATIONAL_FULL_PROMOTION_AUDIT.md
8289	post-pair relational full independent-audit closure	POST_PAIR_RELATIONAL_FULL_PROMOTION_AUDIT.md
8291	post-pair relational full independent-audit closure	POST_PAIR_RELATIONAL_FULL_PROMOTION_AUDIT.md
8292	post-pair relational full independent-audit closure	POST_PAIR_RELATIONAL_FULL_PROMOTION_AUDIT.md
8294	post-pair relational full independent-audit closure	POST_PAIR_RELATIONAL_FULL_PROMOTION_AUDIT.md
8295	post-pair relational full independent-audit closure	POST_PAIR_RELATIONAL_FULL_PROMOTION_AUDIT.md
8296	post-pair relational full independent-audit closure	POST_PAIR_RELATIONAL_FULL_PROMOTION_AUDIT.md
8297	post-pair relational full independent-audit closure	POST_PAIR_RELATIONAL_FULL_PROMOTION_AUDIT.md
8298	post-pair relational full independent-audit closure	POST_PAIR_RELATIONAL_FULL_PROMOTION_AUDIT.md
8302	post-pair relational full independent-audit closure	POST_PAIR_RELATIONAL_FULL_PROMOTION_AUDIT.md
8304	post-pair relational full independent-audit closure	POST_PAIR_RELATIONAL_FULL_PROMOTION_AUDIT.md
8305	post-pair relational full independent-audit closure	POST_PAIR_RELATIONAL_FULL_PROMOTION_AUDIT.md
8308	post-pair relational full independent-audit closure	POST_PAIR_RELATIONAL_FULL_PROMOTION_AUDIT.md
8309	post-pair relational full independent-audit closure	POST_PAIR_RELATIONAL_FULL_PROMOTION_AUDIT.md
8311	post-pair relational full independent-audit closure	POST_PAIR_RELATIONAL_FULL_PROMOTION_AUDIT.md
8312	post-pair relational full independent-audit closure	POST_PAIR_RELATIONAL_FULL_PROMOTION_AUDIT.md
8315	post-pair relational full independent-audit closure	POST_PAIR_RELATIONAL_FULL_PROMOTION_AUDIT.md
8316	post-pair relational full independent-audit closure	POST_PAIR_RELATIONAL_FULL_PROMOTION_AUDIT.md
8318	post-pair relational full independent-audit closure	POST_PAIR_RELATIONAL_FULL_PROMOTION_AUDIT.md
8319	post-pair relational full independent-audit closure	POST_PAIR_RELATIONAL_FULL_PROMOTION_AUDIT.md
8322	post-pair relational full independent-audit closure	POST_PAIR_RELATIONAL_FULL_PROMOTION_AUDIT.md
8323	post-pair relational full independent-audit closure	POST_PAIR_RELATIONAL_FULL_PROMOTION_AUDIT.md
8325	post-pair relational full independent-audit closure	POST_PAIR_RELATIONAL_FULL_PROMOTION_AUDIT.md
8326	post-pair relational full independent-audit closure	POST_PAIR_RELATIONAL_FULL_PROMOTION_AUDIT.md
8328	post-pair relational full independent-audit closure	POST_PAIR_RELATIONAL_FULL_PROMOTION_AUDIT.md
8329	post-pair relational full independent-audit closure	POST_PAIR_RELATIONAL_FULL_PROMOTION_AUDIT.md
8331	post-pair relational full independent-audit closure	POST_PAIR_RELATIONAL_FULL_PROMOTION_AUDIT.md
8332	post-pair relational full independent-audit closure	POST_PAIR_RELATIONAL_FULL_PROMOTION_AUDIT.md
8333	post-pair relational full independent-audit closure	POST_PAIR_RELATIONAL_FULL_PROMOTION_AUDIT.md
8335	post-pair relational full independent-audit closure	POST_PAIR_RELATIONAL_FULL_PROMOTION_AUDIT.md
8336	post-pair relational full independent-audit closure	POST_PAIR_RELATIONAL_FULL_PROMOTION_AUDIT.md
8337	post-pair relational full independent-audit closure	POST_PAIR_RELATIONAL_FULL_PROMOTION_AUDIT.md
8338	post-pair relational full independent-audit closure	POST_PAIR_RELATIONAL_FULL_PROMOTION_AUDIT.md
8339	post-pair relational full independent-audit closure	POST_PAIR_RELATIONAL_FULL_PROMOTION_AUDIT.md
8340	post-pair relational full independent-audit closure	POST_PAIR_RELATIONAL_FULL_PROMOTION_AUDIT.md
8341	post-pair relational full independent-audit closure	POST_PAIR_RELATIONAL_FULL_PROMOTION_AUDIT.md
8342	post-pair relational full independent-audit closure	POST_PAIR_RELATIONAL_FULL_PROMOTION_AUDIT.md
8344	post-pair relational full independent-audit closure	POST_PAIR_RELATIONAL_FULL_PROMOTION_AUDIT.md
8347	post-pair relational full independent-audit closure	POST_PAIR_RELATIONAL_FULL_PROMOTION_AUDIT.md
8348	post-pair relational full independent-audit closure	POST_PAIR_RELATIONAL_FULL_PROMOTION_AUDIT.md
8350	post-pair relational full independent-audit closure	POST_PAIR_RELATIONAL_FULL_PROMOTION_AUDIT.md
8351	post-pair relational full independent-audit closure	POST_PAIR_RELATIONAL_FULL_PROMOTION_AUDIT.md
8356	post-pair relational full independent-audit closure	POST_PAIR_RELATIONAL_FULL_PROMOTION_AUDIT.md
8357	post-pair relational full independent-audit closure	POST_PAIR_RELATIONAL_FULL_PROMOTION_AUDIT.md
8359	post-pair relational full independent-audit closure	POST_PAIR_RELATIONAL_FULL_PROMOTION_AUDIT.md
8360	post-pair relational full independent-audit closure	POST_PAIR_RELATIONAL_FULL_PROMOTION_AUDIT.md
8377	post-pair relational full independent-audit closure	POST_PAIR_RELATIONAL_FULL_PROMOTION_AUDIT.md
8378	post-pair relational full independent-audit closure	POST_PAIR_RELATIONAL_FULL_PROMOTION_AUDIT.md
8380	post-pair relational full independent-audit closure	POST_PAIR_RELATIONAL_FULL_PROMOTION_AUDIT.md
8381	post-pair relational full independent-audit closure	POST_PAIR_RELATIONAL_FULL_PROMOTION_AUDIT.md
8390	post-pair relational full independent-audit closure	POST_PAIR_RELATIONAL_FULL_PROMOTION_AUDIT.md
8391	post-pair relational full independent-audit closure	POST_PAIR_RELATIONAL_FULL_PROMOTION_AUDIT.md
8395	post-pair relational full independent-audit closure	POST_PAIR_RELATIONAL_FULL_PROMOTION_AUDIT.md
8397	post-pair relational full independent-audit closure	POST_PAIR_RELATIONAL_FULL_PROMOTION_AUDIT.md
8398	post-pair relational full independent-audit closure	POST_PAIR_RELATIONAL_FULL_PROMOTION_AUDIT.md
8399	post-pair relational full independent-audit closure	POST_PAIR_RELATIONAL_FULL_PROMOTION_AUDIT.md
8400	post-pair relational full independent-audit closure	POST_PAIR_RELATIONAL_FULL_PROMOTION_AUDIT.md
8401	post-pair relational full independent-audit closure	POST_PAIR_RELATIONAL_FULL_PROMOTION_AUDIT.md
8430	post-pair relational full independent-audit closure	POST_PAIR_RELATIONAL_FULL_PROMOTION_AUDIT.md
8432	post-pair relational full independent-audit closure	POST_PAIR_RELATIONAL_FULL_PROMOTION_AUDIT.md
8433	post-pair relational full independent-audit closure	POST_PAIR_RELATIONAL_FULL_PROMOTION_AUDIT.md
8436	post-pair relational full independent-audit closure	POST_PAIR_RELATIONAL_FULL_PROMOTION_AUDIT.md
8437	post-pair relational full independent-audit closure	POST_PAIR_RELATIONAL_FULL_PROMOTION_AUDIT.md
8439	post-pair relational full independent-audit closure	POST_PAIR_RELATIONAL_FULL_PROMOTION_AUDIT.md
8440	post-pair relational full independent-audit closure	POST_PAIR_RELATIONAL_FULL_PROMOTION_AUDIT.md
8457	post-pair relational full independent-audit closure	POST_PAIR_RELATIONAL_FULL_PROMOTION_AUDIT.md
8458	post-pair relational full independent-audit closure	POST_PAIR_RELATIONAL_FULL_PROMOTION_AUDIT.md
8460	post-pair relational full independent-audit closure	POST_PAIR_RELATIONAL_FULL_PROMOTION_AUDIT.md
8461	post-pair relational full independent-audit closure	POST_PAIR_RELATIONAL_FULL_PROMOTION_AUDIT.md
8464	post-pair relational full independent-audit closure	POST_PAIR_RELATIONAL_FULL_PROMOTION_AUDIT.md
8465	post-pair relational full independent-audit closure	POST_PAIR_RELATIONAL_FULL_PROMOTION_AUDIT.md
8470	post-pair relational full independent-audit closure	POST_PAIR_RELATIONAL_FULL_PROMOTION_AUDIT.md
8471	post-pair relational full independent-audit closure	POST_PAIR_RELATIONAL_FULL_PROMOTION_AUDIT.md
8472	post-pair relational full independent-audit closure	POST_PAIR_RELATIONAL_FULL_PROMOTION_AUDIT.md
8475	post-pair relational full independent-audit closure	POST_PAIR_RELATIONAL_FULL_PROMOTION_AUDIT.md
8476	post-pair relational full independent-audit closure	POST_PAIR_RELATIONAL_FULL_PROMOTION_AUDIT.md
8478	post-pair relational full independent-audit closure	POST_PAIR_RELATIONAL_FULL_PROMOTION_AUDIT.md
8479	post-pair relational full independent-audit closure	POST_PAIR_RELATIONAL_FULL_PROMOTION_AUDIT.md
8481	post-pair relational full independent-audit closure	POST_PAIR_RELATIONAL_FULL_PROMOTION_AUDIT.md
8482	post-pair relational full independent-audit closure	POST_PAIR_RELATIONAL_FULL_PROMOTION_AUDIT.md
8484	post-pair relational full independent-audit closure	POST_PAIR_RELATIONAL_FULL_PROMOTION_AUDIT.md
8485	post-pair relational full independent-audit closure	POST_PAIR_RELATIONAL_FULL_PROMOTION_AUDIT.md
8486	post-pair relational full independent-audit closure	POST_PAIR_RELATIONAL_FULL_PROMOTION_AUDIT.md
8487	post-pair relational full independent-audit closure	POST_PAIR_RELATIONAL_FULL_PROMOTION_AUDIT.md
8489	post-pair relational full independent-audit closure	POST_PAIR_RELATIONAL_FULL_PROMOTION_AUDIT.md
8490	post-pair relational full independent-audit closure	POST_PAIR_RELATIONAL_FULL_PROMOTION_AUDIT.md
8491	post-pair relational full independent-audit closure	POST_PAIR_RELATIONAL_FULL_PROMOTION_AUDIT.md
8492	post-pair relational full independent-audit closure	POST_PAIR_RELATIONAL_FULL_PROMOTION_AUDIT.md
8493	post-pair relational full independent-audit closure	POST_PAIR_RELATIONAL_FULL_PROMOTION_AUDIT.md
8542	post-pair relational full independent-audit closure	POST_PAIR_RELATIONAL_FULL_PROMOTION_AUDIT.md
8543	post-pair relational full independent-audit closure	POST_PAIR_RELATIONAL_FULL_PROMOTION_AUDIT.md
8554	post-pair relational full independent-audit closure	POST_PAIR_RELATIONAL_FULL_PROMOTION_AUDIT.md
8557	post-pair relational full independent-audit closure	POST_PAIR_RELATIONAL_FULL_PROMOTION_AUDIT.md
8558	post-pair relational full independent-audit closure	POST_PAIR_RELATIONAL_FULL_PROMOTION_AUDIT.md
8559	post-pair relational full independent-audit closure	POST_PAIR_RELATIONAL_FULL_PROMOTION_AUDIT.md
8560	post-pair relational full independent-audit closure	POST_PAIR_RELATIONAL_FULL_PROMOTION_AUDIT.md
8561	post-pair relational full independent-audit closure	POST_PAIR_RELATIONAL_FULL_PROMOTION_AUDIT.md
8562	post-pair relational full independent-audit closure	POST_PAIR_RELATIONAL_FULL_PROMOTION_AUDIT.md
8564	post-pair relational full independent-audit closure	POST_PAIR_RELATIONAL_FULL_PROMOTION_AUDIT.md
8565	post-pair relational full independent-audit closure	POST_PAIR_RELATIONAL_FULL_PROMOTION_AUDIT.md
8566	post-pair relational full independent-audit closure	POST_PAIR_RELATIONAL_FULL_PROMOTION_AUDIT.md
8567	post-pair relational full independent-audit closure	POST_PAIR_RELATIONAL_FULL_PROMOTION_AUDIT.md
8569	post-pair relational full independent-audit closure	POST_PAIR_RELATIONAL_FULL_PROMOTION_AUDIT.md
8570	post-pair relational full independent-audit closure	POST_PAIR_RELATIONAL_FULL_PROMOTION_AUDIT.md
8571	post-pair relational full independent-audit closure	POST_PAIR_RELATIONAL_FULL_PROMOTION_AUDIT.md
8572	post-pair relational full independent-audit closure	POST_PAIR_RELATIONAL_FULL_PROMOTION_AUDIT.md
8578	post-pair relational full independent-audit closure	POST_PAIR_RELATIONAL_FULL_PROMOTION_AUDIT.md
8581	post-pair relational full independent-audit closure	POST_PAIR_RELATIONAL_FULL_PROMOTION_AUDIT.md
8582	post-pair relational full independent-audit closure	POST_PAIR_RELATIONAL_FULL_PROMOTION_AUDIT.md
8583	post-pair relational full independent-audit closure	POST_PAIR_RELATIONAL_FULL_PROMOTION_AUDIT.md
8584	post-pair relational full independent-audit closure	POST_PAIR_RELATIONAL_FULL_PROMOTION_AUDIT.md
8585	post-pair relational full independent-audit closure	POST_PAIR_RELATIONAL_FULL_PROMOTION_AUDIT.md
8586	post-pair relational full independent-audit closure	POST_PAIR_RELATIONAL_FULL_PROMOTION_AUDIT.md
8588	post-pair relational full independent-audit closure	POST_PAIR_RELATIONAL_FULL_PROMOTION_AUDIT.md
8589	post-pair relational full independent-audit closure	POST_PAIR_RELATIONAL_FULL_PROMOTION_AUDIT.md
8590	post-pair relational full independent-audit closure	POST_PAIR_RELATIONAL_FULL_PROMOTION_AUDIT.md
8591	post-pair relational full independent-audit closure	POST_PAIR_RELATIONAL_FULL_PROMOTION_AUDIT.md
8592	post-pair relational full independent-audit closure	POST_PAIR_RELATIONAL_FULL_PROMOTION_AUDIT.md
8595	post-pair relational full independent-audit closure	POST_PAIR_RELATIONAL_FULL_PROMOTION_AUDIT.md
8596	post-pair relational full independent-audit closure	POST_PAIR_RELATIONAL_FULL_PROMOTION_AUDIT.md
8597	post-pair relational full independent-audit closure	POST_PAIR_RELATIONAL_FULL_PROMOTION_AUDIT.md
8598	post-pair relational full independent-audit closure	POST_PAIR_RELATIONAL_FULL_PROMOTION_AUDIT.md
8601	post-pair relational full independent-audit closure	POST_PAIR_RELATIONAL_FULL_PROMOTION_AUDIT.md
8602	post-pair relational full independent-audit closure	POST_PAIR_RELATIONAL_FULL_PROMOTION_AUDIT.md
8604	post-pair relational full independent-audit closure	POST_PAIR_RELATIONAL_FULL_PROMOTION_AUDIT.md
8606	post-pair relational full independent-audit closure	POST_PAIR_RELATIONAL_FULL_PROMOTION_AUDIT.md
8607	post-pair relational full independent-audit closure	POST_PAIR_RELATIONAL_FULL_PROMOTION_AUDIT.md
8608	post-pair relational full independent-audit closure	POST_PAIR_RELATIONAL_FULL_PROMOTION_AUDIT.md
8610	post-pair relational full independent-audit closure	POST_PAIR_RELATIONAL_FULL_PROMOTION_AUDIT.md
8611	post-pair relational full independent-audit closure	POST_PAIR_RELATIONAL_FULL_PROMOTION_AUDIT.md
8612	post-pair relational full independent-audit closure	POST_PAIR_RELATIONAL_FULL_PROMOTION_AUDIT.md
8613	post-pair relational full independent-audit closure	POST_PAIR_RELATIONAL_FULL_PROMOTION_AUDIT.md
8614	post-pair relational full independent-audit closure	POST_PAIR_RELATIONAL_FULL_PROMOTION_AUDIT.md
8615	post-pair relational full independent-audit closure	POST_PAIR_RELATIONAL_FULL_PROMOTION_AUDIT.md
8616	post-pair relational full independent-audit closure	POST_PAIR_RELATIONAL_FULL_PROMOTION_AUDIT.md
8618	post-pair relational full independent-audit closure	POST_PAIR_RELATIONAL_FULL_PROMOTION_AUDIT.md
8619	post-pair relational full independent-audit closure	POST_PAIR_RELATIONAL_FULL_PROMOTION_AUDIT.md
8620	post-pair relational full independent-audit closure	POST_PAIR_RELATIONAL_FULL_PROMOTION_AUDIT.md
8621	post-pair relational full independent-audit closure	POST_PAIR_RELATIONAL_FULL_PROMOTION_AUDIT.md
8624	post-pair relational full independent-audit closure	POST_PAIR_RELATIONAL_FULL_PROMOTION_AUDIT.md
8625	post-pair relational full independent-audit closure	POST_PAIR_RELATIONAL_FULL_PROMOTION_AUDIT.md
8626	post-pair relational full independent-audit closure	POST_PAIR_RELATIONAL_FULL_PROMOTION_AUDIT.md
8627	post-pair relational full independent-audit closure	POST_PAIR_RELATIONAL_FULL_PROMOTION_AUDIT.md
8630	post-pair relational full independent-audit closure	POST_PAIR_RELATIONAL_FULL_PROMOTION_AUDIT.md
8631	post-pair relational full independent-audit closure	POST_PAIR_RELATIONAL_FULL_PROMOTION_AUDIT.md
8633	post-pair relational full independent-audit closure	POST_PAIR_RELATIONAL_FULL_PROMOTION_AUDIT.md
8634	post-pair relational full independent-audit closure	POST_PAIR_RELATIONAL_FULL_PROMOTION_AUDIT.md
8636	post-pair relational full independent-audit closure	POST_PAIR_RELATIONAL_FULL_PROMOTION_AUDIT.md
8637	post-pair relational full independent-audit closure	POST_PAIR_RELATIONAL_FULL_PROMOTION_AUDIT.md
8639	post-pair relational full independent-audit closure	POST_PAIR_RELATIONAL_FULL_PROMOTION_AUDIT.md
8640	post-pair relational full independent-audit closure	POST_PAIR_RELATIONAL_FULL_PROMOTION_AUDIT.md
8641	post-pair relational full independent-audit closure	POST_PAIR_RELATIONAL_FULL_PROMOTION_AUDIT.md
8642	post-pair relational full independent-audit closure	POST_PAIR_RELATIONAL_FULL_PROMOTION_AUDIT.md
8643	post-pair relational full independent-audit closure	POST_PAIR_RELATIONAL_FULL_PROMOTION_AUDIT.md
8649	post-pair relational full independent-audit closure	POST_PAIR_RELATIONAL_FULL_PROMOTION_AUDIT.md
8659	post-pair relational full independent-audit closure	POST_PAIR_RELATIONAL_FULL_PROMOTION_AUDIT.md
8660	post-pair relational full independent-audit closure	POST_PAIR_RELATIONAL_FULL_PROMOTION_AUDIT.md
8661	post-pair relational full independent-audit closure	POST_PAIR_RELATIONAL_FULL_PROMOTION_AUDIT.md
8665	post-pair relational full independent-audit closure	POST_PAIR_RELATIONAL_FULL_PROMOTION_AUDIT.md
8669	post-pair relational full independent-audit closure	POST_PAIR_RELATIONAL_FULL_PROMOTION_AUDIT.md
8670	post-pair relational full independent-audit closure	POST_PAIR_RELATIONAL_FULL_PROMOTION_AUDIT.md
8672	post-pair relational full independent-audit closure	POST_PAIR_RELATIONAL_FULL_PROMOTION_AUDIT.md
8678	post-pair relational full independent-audit closure	POST_PAIR_RELATIONAL_FULL_PROMOTION_AUDIT.md
8679	post-pair relational full independent-audit closure	POST_PAIR_RELATIONAL_FULL_PROMOTION_AUDIT.md
8681	post-pair relational full independent-audit closure	POST_PAIR_RELATIONAL_FULL_PROMOTION_AUDIT.md
8682	post-pair relational full independent-audit closure	POST_PAIR_RELATIONAL_FULL_PROMOTION_AUDIT.md
8684	post-pair relational full independent-audit closure	POST_PAIR_RELATIONAL_FULL_PROMOTION_AUDIT.md
8685	post-pair relational full independent-audit closure	POST_PAIR_RELATIONAL_FULL_PROMOTION_AUDIT.md
8686	post-pair relational full independent-audit closure	POST_PAIR_RELATIONAL_FULL_PROMOTION_AUDIT.md
8687	post-pair relational full independent-audit closure	POST_PAIR_RELATIONAL_FULL_PROMOTION_AUDIT.md
8688	post-pair relational full independent-audit closure	POST_PAIR_RELATIONAL_FULL_PROMOTION_AUDIT.md
8704	post-pair relational full independent-audit closure	POST_PAIR_RELATIONAL_FULL_PROMOTION_AUDIT.md
8705	post-pair relational full independent-audit closure	POST_PAIR_RELATIONAL_FULL_PROMOTION_AUDIT.md
8707	post-pair relational full independent-audit closure	POST_PAIR_RELATIONAL_FULL_PROMOTION_AUDIT.md
8708	post-pair relational full independent-audit closure	POST_PAIR_RELATIONAL_FULL_PROMOTION_AUDIT.md
8715	post-pair relational full independent-audit closure	POST_PAIR_RELATIONAL_FULL_PROMOTION_AUDIT.md
8717	post-pair relational full independent-audit closure	POST_PAIR_RELATIONAL_FULL_PROMOTION_AUDIT.md
8718	post-pair relational full independent-audit closure	POST_PAIR_RELATIONAL_FULL_PROMOTION_AUDIT.md
8720	post-pair relational full independent-audit closure	POST_PAIR_RELATIONAL_FULL_PROMOTION_AUDIT.md
8721	post-pair relational full independent-audit closure	POST_PAIR_RELATIONAL_FULL_PROMOTION_AUDIT.md
8722	post-pair relational full independent-audit closure	POST_PAIR_RELATIONAL_FULL_PROMOTION_AUDIT.md
8725	post-pair relational full independent-audit closure	POST_PAIR_RELATIONAL_FULL_PROMOTION_AUDIT.md
8726	post-pair relational full independent-audit closure	POST_PAIR_RELATIONAL_FULL_PROMOTION_AUDIT.md
8727	post-pair relational full independent-audit closure	POST_PAIR_RELATIONAL_FULL_PROMOTION_AUDIT.md
8728	post-pair relational full independent-audit closure	POST_PAIR_RELATIONAL_FULL_PROMOTION_AUDIT.md
8765	post-pair relational full independent-audit closure	POST_PAIR_RELATIONAL_FULL_PROMOTION_AUDIT.md
8766	post-pair relational full independent-audit closure	POST_PAIR_RELATIONAL_FULL_PROMOTION_AUDIT.md
8768	post-pair relational full independent-audit closure	POST_PAIR_RELATIONAL_FULL_PROMOTION_AUDIT.md
8769	post-pair relational full independent-audit closure	POST_PAIR_RELATIONAL_FULL_PROMOTION_AUDIT.md
8778	post-pair relational full independent-audit closure	POST_PAIR_RELATIONAL_FULL_PROMOTION_AUDIT.md
8779	post-pair relational full independent-audit closure	POST_PAIR_RELATIONAL_FULL_PROMOTION_AUDIT.md
8783	post-pair relational full independent-audit closure	POST_PAIR_RELATIONAL_FULL_PROMOTION_AUDIT.md
8787	post-pair relational full independent-audit closure	POST_PAIR_RELATIONAL_FULL_PROMOTION_AUDIT.md
8816	post-pair relational full independent-audit closure	POST_PAIR_RELATIONAL_FULL_PROMOTION_AUDIT.md
8818	post-pair relational full independent-audit closure	POST_PAIR_RELATIONAL_FULL_PROMOTION_AUDIT.md
8819	post-pair relational full independent-audit closure	POST_PAIR_RELATIONAL_FULL_PROMOTION_AUDIT.md
8822	post-pair relational full independent-audit closure	POST_PAIR_RELATIONAL_FULL_PROMOTION_AUDIT.md
8823	post-pair relational full independent-audit closure	POST_PAIR_RELATIONAL_FULL_PROMOTION_AUDIT.md
8825	post-pair relational full independent-audit closure	POST_PAIR_RELATIONAL_FULL_PROMOTION_AUDIT.md
8826	post-pair relational full independent-audit closure	POST_PAIR_RELATIONAL_FULL_PROMOTION_AUDIT.md
8842	post-pair relational full independent-audit closure	POST_PAIR_RELATIONAL_FULL_PROMOTION_AUDIT.md
8843	post-pair relational full independent-audit closure	POST_PAIR_RELATIONAL_FULL_PROMOTION_AUDIT.md
8845	post-pair relational full independent-audit closure	POST_PAIR_RELATIONAL_FULL_PROMOTION_AUDIT.md
8846	post-pair relational full independent-audit closure	POST_PAIR_RELATIONAL_FULL_PROMOTION_AUDIT.md
8855	post-pair relational full independent-audit closure	POST_PAIR_RELATIONAL_FULL_PROMOTION_AUDIT.md
8856	post-pair relational full independent-audit closure	POST_PAIR_RELATIONAL_FULL_PROMOTION_AUDIT.md
8857	post-pair relational full independent-audit closure	POST_PAIR_RELATIONAL_FULL_PROMOTION_AUDIT.md
8866	post-pair relational full independent-audit closure	POST_PAIR_RELATIONAL_FULL_PROMOTION_AUDIT.md
8867	post-pair relational full independent-audit closure	POST_PAIR_RELATIONAL_FULL_PROMOTION_AUDIT.md
8871	post-pair relational full independent-audit closure	POST_PAIR_RELATIONAL_FULL_PROMOTION_AUDIT.md
8876	post-pair relational full independent-audit closure	POST_PAIR_RELATIONAL_FULL_PROMOTION_AUDIT.md
8926	post-pair relational full independent-audit closure	POST_PAIR_RELATIONAL_FULL_PROMOTION_AUDIT.md
8927	post-pair relational full independent-audit closure	POST_PAIR_RELATIONAL_FULL_PROMOTION_AUDIT.md
8938	post-pair relational full independent-audit closure	POST_PAIR_RELATIONAL_FULL_PROMOTION_AUDIT.md
8939	post-pair relational full independent-audit closure	POST_PAIR_RELATIONAL_FULL_PROMOTION_AUDIT.md
8941	post-pair relational full independent-audit closure	POST_PAIR_RELATIONAL_FULL_PROMOTION_AUDIT.md
8942	post-pair relational full independent-audit closure	POST_PAIR_RELATIONAL_FULL_PROMOTION_AUDIT.md
8943	post-pair relational full independent-audit closure	POST_PAIR_RELATIONAL_FULL_PROMOTION_AUDIT.md
8944	post-pair relational full independent-audit closure	POST_PAIR_RELATIONAL_FULL_PROMOTION_AUDIT.md
8945	post-pair relational full independent-audit closure	POST_PAIR_RELATIONAL_FULL_PROMOTION_AUDIT.md
8946	post-pair relational full independent-audit closure	POST_PAIR_RELATIONAL_FULL_PROMOTION_AUDIT.md
8948	post-pair relational full independent-audit closure	POST_PAIR_RELATIONAL_FULL_PROMOTION_AUDIT.md
8949	post-pair relational full independent-audit closure	POST_PAIR_RELATIONAL_FULL_PROMOTION_AUDIT.md
8950	post-pair relational full independent-audit closure	POST_PAIR_RELATIONAL_FULL_PROMOTION_AUDIT.md
8951	post-pair relational full independent-audit closure	POST_PAIR_RELATIONAL_FULL_PROMOTION_AUDIT.md
8952	post-pair relational full independent-audit closure	POST_PAIR_RELATIONAL_FULL_PROMOTION_AUDIT.md
8955	post-pair relational full independent-audit closure	POST_PAIR_RELATIONAL_FULL_PROMOTION_AUDIT.md
8956	post-pair relational full independent-audit closure	POST_PAIR_RELATIONAL_FULL_PROMOTION_AUDIT.md
8957	post-pair relational full independent-audit closure	POST_PAIR_RELATIONAL_FULL_PROMOTION_AUDIT.md
8958	post-pair relational full independent-audit closure	POST_PAIR_RELATIONAL_FULL_PROMOTION_AUDIT.md
8961	post-pair relational full independent-audit closure	POST_PAIR_RELATIONAL_FULL_PROMOTION_AUDIT.md
8962	post-pair relational full independent-audit closure	POST_PAIR_RELATIONAL_FULL_PROMOTION_AUDIT.md
8964	post-pair relational full independent-audit closure	POST_PAIR_RELATIONAL_FULL_PROMOTION_AUDIT.md
8966	post-pair relational full independent-audit closure	POST_PAIR_RELATIONAL_FULL_PROMOTION_AUDIT.md
8967	post-pair relational full independent-audit closure	POST_PAIR_RELATIONAL_FULL_PROMOTION_AUDIT.md
8968	post-pair relational full independent-audit closure	POST_PAIR_RELATIONAL_FULL_PROMOTION_AUDIT.md
8970	post-pair relational full independent-audit closure	POST_PAIR_RELATIONAL_FULL_PROMOTION_AUDIT.md
8971	post-pair relational full independent-audit closure	POST_PAIR_RELATIONAL_FULL_PROMOTION_AUDIT.md
8972	post-pair relational full independent-audit closure	POST_PAIR_RELATIONAL_FULL_PROMOTION_AUDIT.md
8973	post-pair relational full independent-audit closure	POST_PAIR_RELATIONAL_FULL_PROMOTION_AUDIT.md
8974	post-pair relational full independent-audit closure	POST_PAIR_RELATIONAL_FULL_PROMOTION_AUDIT.md
8979	post-pair relational full independent-audit closure	POST_PAIR_RELATIONAL_FULL_PROMOTION_AUDIT.md
8980	post-pair relational full independent-audit closure	POST_PAIR_RELATIONAL_FULL_PROMOTION_AUDIT.md
8987	post-pair relational full independent-audit closure	POST_PAIR_RELATIONAL_FULL_PROMOTION_AUDIT.md
8988	post-pair relational full independent-audit closure	POST_PAIR_RELATIONAL_FULL_PROMOTION_AUDIT.md
8996	post-pair relational full independent-audit closure	POST_PAIR_RELATIONAL_FULL_PROMOTION_AUDIT.md
8998	post-pair relational full independent-audit closure	POST_PAIR_RELATIONAL_FULL_PROMOTION_AUDIT.md
8999	post-pair relational full independent-audit closure	POST_PAIR_RELATIONAL_FULL_PROMOTION_AUDIT.md
9002	post-pair relational full independent-audit closure	POST_PAIR_RELATIONAL_FULL_PROMOTION_AUDIT.md
9003	post-pair relational full independent-audit closure	POST_PAIR_RELATIONAL_FULL_PROMOTION_AUDIT.md
9006	post-pair relational full independent-audit closure	POST_PAIR_RELATIONAL_FULL_PROMOTION_AUDIT.md
9007	post-pair relational full independent-audit closure	POST_PAIR_RELATIONAL_FULL_PROMOTION_AUDIT.md
9021	post-pair relational full independent-audit closure	POST_PAIR_RELATIONAL_FULL_PROMOTION_AUDIT.md
9023	post-pair relational full independent-audit closure	POST_PAIR_RELATIONAL_FULL_PROMOTION_AUDIT.md
9024	post-pair relational full independent-audit closure	POST_PAIR_RELATIONAL_FULL_PROMOTION_AUDIT.md
9025	post-pair relational full independent-audit closure	POST_PAIR_RELATIONAL_FULL_PROMOTION_AUDIT.md
9028	post-pair relational full independent-audit closure	POST_PAIR_RELATIONAL_FULL_PROMOTION_AUDIT.md
9029	post-pair relational full independent-audit closure	POST_PAIR_RELATIONAL_FULL_PROMOTION_AUDIT.md
9041	post-pair relational full independent-audit closure	POST_PAIR_RELATIONAL_FULL_PROMOTION_AUDIT.md
9042	post-pair relational full independent-audit closure	POST_PAIR_RELATIONAL_FULL_PROMOTION_AUDIT.md
9045	post-pair relational full independent-audit closure	POST_PAIR_RELATIONAL_FULL_PROMOTION_AUDIT.md
9046	post-pair relational full independent-audit closure	POST_PAIR_RELATIONAL_FULL_PROMOTION_AUDIT.md
9048	post-pair relational full independent-audit closure	POST_PAIR_RELATIONAL_FULL_PROMOTION_AUDIT.md
9049	post-pair relational full independent-audit closure	POST_PAIR_RELATIONAL_FULL_PROMOTION_AUDIT.md
9051	post-pair relational full independent-audit closure	POST_PAIR_RELATIONAL_FULL_PROMOTION_AUDIT.md
9052	post-pair relational full independent-audit closure	POST_PAIR_RELATIONAL_FULL_PROMOTION_AUDIT.md
9058	post-pair relational full independent-audit closure	POST_PAIR_RELATIONAL_FULL_PROMOTION_AUDIT.md
9060	post-pair relational full independent-audit closure	POST_PAIR_RELATIONAL_FULL_PROMOTION_AUDIT.md
9061	post-pair relational full independent-audit closure	POST_PAIR_RELATIONAL_FULL_PROMOTION_AUDIT.md
9062	post-pair relational full independent-audit closure	POST_PAIR_RELATIONAL_FULL_PROMOTION_AUDIT.md
9065	post-pair relational full independent-audit closure	POST_PAIR_RELATIONAL_FULL_PROMOTION_AUDIT.md
9066	post-pair relational full independent-audit closure	POST_PAIR_RELATIONAL_FULL_PROMOTION_AUDIT.md
9069	post-pair relational full independent-audit closure	POST_PAIR_RELATIONAL_FULL_PROMOTION_AUDIT.md
9070	post-pair relational full independent-audit closure	POST_PAIR_RELATIONAL_FULL_PROMOTION_AUDIT.md
9075	post-pair relational full independent-audit closure	POST_PAIR_RELATIONAL_FULL_PROMOTION_AUDIT.md
9076	post-pair relational full independent-audit closure	POST_PAIR_RELATIONAL_FULL_PROMOTION_AUDIT.md
9077	post-pair relational full independent-audit closure	POST_PAIR_RELATIONAL_FULL_PROMOTION_AUDIT.md
9078	post-pair relational full independent-audit closure	POST_PAIR_RELATIONAL_FULL_PROMOTION_AUDIT.md
9094	post-pair relational full independent-audit closure	POST_PAIR_RELATIONAL_FULL_PROMOTION_AUDIT.md
9095	post-pair relational full independent-audit closure	POST_PAIR_RELATIONAL_FULL_PROMOTION_AUDIT.md
9096	post-pair relational full independent-audit closure	POST_PAIR_RELATIONAL_FULL_PROMOTION_AUDIT.md
9100	post-pair relational full independent-audit closure	POST_PAIR_RELATIONAL_FULL_PROMOTION_AUDIT.md
9110	post-pair relational full independent-audit closure	POST_PAIR_RELATIONAL_FULL_PROMOTION_AUDIT.md
9111	post-pair relational full independent-audit closure	POST_PAIR_RELATIONAL_FULL_PROMOTION_AUDIT.md
9113	post-pair relational full independent-audit closure	POST_PAIR_RELATIONAL_FULL_PROMOTION_AUDIT.md
9114	post-pair relational full independent-audit closure	POST_PAIR_RELATIONAL_FULL_PROMOTION_AUDIT.md
9116	post-pair relational full independent-audit closure	POST_PAIR_RELATIONAL_FULL_PROMOTION_AUDIT.md
9117	post-pair relational full independent-audit closure	POST_PAIR_RELATIONAL_FULL_PROMOTION_AUDIT.md
9119	post-pair relational full independent-audit closure	POST_PAIR_RELATIONAL_FULL_PROMOTION_AUDIT.md
9120	post-pair relational full independent-audit closure	POST_PAIR_RELATIONAL_FULL_PROMOTION_AUDIT.md
9121	post-pair relational full independent-audit closure	POST_PAIR_RELATIONAL_FULL_PROMOTION_AUDIT.md
9122	post-pair relational full independent-audit closure	POST_PAIR_RELATIONAL_FULL_PROMOTION_AUDIT.md
9123	post-pair relational full independent-audit closure	POST_PAIR_RELATIONAL_FULL_PROMOTION_AUDIT.md
9127	post-pair relational full independent-audit closure	POST_PAIR_RELATIONAL_FULL_PROMOTION_AUDIT.md
9129	post-pair relational full independent-audit closure	POST_PAIR_RELATIONAL_FULL_PROMOTION_AUDIT.md
9130	post-pair relational full independent-audit closure	POST_PAIR_RELATIONAL_FULL_PROMOTION_AUDIT.md
9133	post-pair relational full independent-audit closure	POST_PAIR_RELATIONAL_FULL_PROMOTION_AUDIT.md
9134	post-pair relational full independent-audit closure	POST_PAIR_RELATIONAL_FULL_PROMOTION_AUDIT.md
9136	post-pair relational full independent-audit closure	POST_PAIR_RELATIONAL_FULL_PROMOTION_AUDIT.md
9139	post-pair relational full independent-audit closure	POST_PAIR_RELATIONAL_FULL_PROMOTION_AUDIT.md
9140	post-pair relational full independent-audit closure	POST_PAIR_RELATIONAL_FULL_PROMOTION_AUDIT.md
9142	post-pair relational full independent-audit closure	POST_PAIR_RELATIONAL_FULL_PROMOTION_AUDIT.md
9143	post-pair relational full independent-audit closure	POST_PAIR_RELATIONAL_FULL_PROMOTION_AUDIT.md
9146	post-pair relational full independent-audit closure	POST_PAIR_RELATIONAL_FULL_PROMOTION_AUDIT.md
9147	post-pair relational full independent-audit closure	POST_PAIR_RELATIONAL_FULL_PROMOTION_AUDIT.md
9149	post-pair relational full independent-audit closure	POST_PAIR_RELATIONAL_FULL_PROMOTION_AUDIT.md
9150	post-pair relational full independent-audit closure	POST_PAIR_RELATIONAL_FULL_PROMOTION_AUDIT.md
9152	post-pair relational full independent-audit closure	POST_PAIR_RELATIONAL_FULL_PROMOTION_AUDIT.md
9153	post-pair relational full independent-audit closure	POST_PAIR_RELATIONAL_FULL_PROMOTION_AUDIT.md
9155	post-pair relational full independent-audit closure	POST_PAIR_RELATIONAL_FULL_PROMOTION_AUDIT.md
9156	post-pair relational full independent-audit closure	POST_PAIR_RELATIONAL_FULL_PROMOTION_AUDIT.md
9157	post-pair relational full independent-audit closure	POST_PAIR_RELATIONAL_FULL_PROMOTION_AUDIT.md
9159	post-pair relational full independent-audit closure	POST_PAIR_RELATIONAL_FULL_PROMOTION_AUDIT.md
9160	post-pair relational full independent-audit closure	POST_PAIR_RELATIONAL_FULL_PROMOTION_AUDIT.md
9161	post-pair relational full independent-audit closure	POST_PAIR_RELATIONAL_FULL_PROMOTION_AUDIT.md
9162	post-pair relational full independent-audit closure	POST_PAIR_RELATIONAL_FULL_PROMOTION_AUDIT.md
9167	post-pair relational full independent-audit closure	POST_PAIR_RELATIONAL_FULL_PROMOTION_AUDIT.md
9168	post-pair relational full independent-audit closure	POST_PAIR_RELATIONAL_FULL_PROMOTION_AUDIT.md
9170	post-pair relational full independent-audit closure	POST_PAIR_RELATIONAL_FULL_PROMOTION_AUDIT.md
9177	post-pair relational full independent-audit closure	POST_PAIR_RELATIONAL_FULL_PROMOTION_AUDIT.md
9179	post-pair relational full independent-audit closure	POST_PAIR_RELATIONAL_FULL_PROMOTION_AUDIT.md
9180	post-pair relational full independent-audit closure	POST_PAIR_RELATIONAL_FULL_PROMOTION_AUDIT.md
9182	post-pair relational full independent-audit closure	POST_PAIR_RELATIONAL_FULL_PROMOTION_AUDIT.md
9183	post-pair relational full independent-audit closure	POST_PAIR_RELATIONAL_FULL_PROMOTION_AUDIT.md
9184	post-pair relational full independent-audit closure	POST_PAIR_RELATIONAL_FULL_PROMOTION_AUDIT.md
9185	post-pair relational full independent-audit closure	POST_PAIR_RELATIONAL_FULL_PROMOTION_AUDIT.md
9186	post-pair relational full independent-audit closure	POST_PAIR_RELATIONAL_FULL_PROMOTION_AUDIT.md
9187	post-pair relational full independent-audit closure	POST_PAIR_RELATIONAL_FULL_PROMOTION_AUDIT.md
9188	post-pair relational full independent-audit closure	POST_PAIR_RELATIONAL_FULL_PROMOTION_AUDIT.md
9189	post-pair relational full independent-audit closure	POST_PAIR_RELATIONAL_FULL_PROMOTION_AUDIT.md
9191	post-pair relational full independent-audit closure	POST_PAIR_RELATIONAL_FULL_PROMOTION_AUDIT.md
9194	post-pair relational full independent-audit closure	POST_PAIR_RELATIONAL_FULL_PROMOTION_AUDIT.md
9195	post-pair relational full independent-audit closure	POST_PAIR_RELATIONAL_FULL_PROMOTION_AUDIT.md
9197	post-pair relational full independent-audit closure	POST_PAIR_RELATIONAL_FULL_PROMOTION_AUDIT.md
9198	post-pair relational full independent-audit closure	POST_PAIR_RELATIONAL_FULL_PROMOTION_AUDIT.md
9203	post-pair relational full independent-audit closure	POST_PAIR_RELATIONAL_FULL_PROMOTION_AUDIT.md
9204	post-pair relational full independent-audit closure	POST_PAIR_RELATIONAL_FULL_PROMOTION_AUDIT.md
9207	post-pair relational full independent-audit closure	POST_PAIR_RELATIONAL_FULL_PROMOTION_AUDIT.md
9223	post-pair relational full independent-audit closure	POST_PAIR_RELATIONAL_FULL_PROMOTION_AUDIT.md
9224	post-pair relational full independent-audit closure	POST_PAIR_RELATIONAL_FULL_PROMOTION_AUDIT.md
9226	post-pair relational full independent-audit closure	POST_PAIR_RELATIONAL_FULL_PROMOTION_AUDIT.md
9227	post-pair relational full independent-audit closure	POST_PAIR_RELATIONAL_FULL_PROMOTION_AUDIT.md
9234	post-pair relational full independent-audit closure	POST_PAIR_RELATIONAL_FULL_PROMOTION_AUDIT.md
9236	post-pair relational full independent-audit closure	POST_PAIR_RELATIONAL_FULL_PROMOTION_AUDIT.md
9237	post-pair relational full independent-audit closure	POST_PAIR_RELATIONAL_FULL_PROMOTION_AUDIT.md
9240	post-pair relational full independent-audit closure	POST_PAIR_RELATIONAL_FULL_PROMOTION_AUDIT.md
9241	post-pair relational full independent-audit closure	POST_PAIR_RELATIONAL_FULL_PROMOTION_AUDIT.md
9244	post-pair relational full independent-audit closure	POST_PAIR_RELATIONAL_FULL_PROMOTION_AUDIT.md
9245	post-pair relational full independent-audit closure	POST_PAIR_RELATIONAL_FULL_PROMOTION_AUDIT.md
9246	post-pair relational full independent-audit closure	POST_PAIR_RELATIONAL_FULL_PROMOTION_AUDIT.md
9247	post-pair relational full independent-audit closure	POST_PAIR_RELATIONAL_FULL_PROMOTION_AUDIT.md
9274	post-pair relational full independent-audit closure	POST_PAIR_RELATIONAL_FULL_PROMOTION_AUDIT.md
9276	post-pair relational full independent-audit closure	POST_PAIR_RELATIONAL_FULL_PROMOTION_AUDIT.md
9277	post-pair relational full independent-audit closure	POST_PAIR_RELATIONAL_FULL_PROMOTION_AUDIT.md
9280	post-pair relational full independent-audit closure	POST_PAIR_RELATIONAL_FULL_PROMOTION_AUDIT.md
9281	post-pair relational full independent-audit closure	POST_PAIR_RELATIONAL_FULL_PROMOTION_AUDIT.md
9283	post-pair relational full independent-audit closure	POST_PAIR_RELATIONAL_FULL_PROMOTION_AUDIT.md
9284	post-pair relational full independent-audit closure	POST_PAIR_RELATIONAL_FULL_PROMOTION_AUDIT.md
9300	post-pair relational full independent-audit closure	POST_PAIR_RELATIONAL_FULL_PROMOTION_AUDIT.md
9301	post-pair relational full independent-audit closure	POST_PAIR_RELATIONAL_FULL_PROMOTION_AUDIT.md
9303	post-pair relational full independent-audit closure	POST_PAIR_RELATIONAL_FULL_PROMOTION_AUDIT.md
9304	post-pair relational full independent-audit closure	POST_PAIR_RELATIONAL_FULL_PROMOTION_AUDIT.md
9311	post-pair relational full independent-audit closure	POST_PAIR_RELATIONAL_FULL_PROMOTION_AUDIT.md
9313	post-pair relational full independent-audit closure	POST_PAIR_RELATIONAL_FULL_PROMOTION_AUDIT.md
9314	post-pair relational full independent-audit closure	POST_PAIR_RELATIONAL_FULL_PROMOTION_AUDIT.md
9315	post-pair relational full independent-audit closure	POST_PAIR_RELATIONAL_FULL_PROMOTION_AUDIT.md
9324	post-pair relational full independent-audit closure	POST_PAIR_RELATIONAL_FULL_PROMOTION_AUDIT.md
9325	post-pair relational full independent-audit closure	POST_PAIR_RELATIONAL_FULL_PROMOTION_AUDIT.md
9329	post-pair relational full independent-audit closure	POST_PAIR_RELATIONAL_FULL_PROMOTION_AUDIT.md
9330	post-pair relational full independent-audit closure	POST_PAIR_RELATIONAL_FULL_PROMOTION_AUDIT.md
9351	post-pair relational full independent-audit closure	POST_PAIR_RELATIONAL_FULL_PROMOTION_AUDIT.md
9352	post-pair relational full independent-audit closure	POST_PAIR_RELATIONAL_FULL_PROMOTION_AUDIT.md
9356	post-pair relational full independent-audit closure	POST_PAIR_RELATIONAL_FULL_PROMOTION_AUDIT.md
9358	post-pair relational full independent-audit closure	POST_PAIR_RELATIONAL_FULL_PROMOTION_AUDIT.md
9359	post-pair relational full independent-audit closure	POST_PAIR_RELATIONAL_FULL_PROMOTION_AUDIT.md
9362	post-pair relational full independent-audit closure	POST_PAIR_RELATIONAL_FULL_PROMOTION_AUDIT.md
9363	post-pair relational full independent-audit closure	POST_PAIR_RELATIONAL_FULL_PROMOTION_AUDIT.md
9365	post-pair relational full independent-audit closure	POST_PAIR_RELATIONAL_FULL_PROMOTION_AUDIT.md
9366	post-pair relational full independent-audit closure	POST_PAIR_RELATIONAL_FULL_PROMOTION_AUDIT.md
9369	post-pair relational full independent-audit closure	POST_PAIR_RELATIONAL_FULL_PROMOTION_AUDIT.md
9370	post-pair relational full independent-audit closure	POST_PAIR_RELATIONAL_FULL_PROMOTION_AUDIT.md
9372	post-pair relational full independent-audit closure	POST_PAIR_RELATIONAL_FULL_PROMOTION_AUDIT.md
9373	post-pair relational full independent-audit closure	POST_PAIR_RELATIONAL_FULL_PROMOTION_AUDIT.md
9375	post-pair relational full independent-audit closure	POST_PAIR_RELATIONAL_FULL_PROMOTION_AUDIT.md
9376	post-pair relational full independent-audit closure	POST_PAIR_RELATIONAL_FULL_PROMOTION_AUDIT.md
9377	post-pair relational full independent-audit closure	POST_PAIR_RELATIONAL_FULL_PROMOTION_AUDIT.md
9379	post-pair relational full independent-audit closure	POST_PAIR_RELATIONAL_FULL_PROMOTION_AUDIT.md
9380	post-pair relational full independent-audit closure	POST_PAIR_RELATIONAL_FULL_PROMOTION_AUDIT.md
9381	post-pair relational full independent-audit closure	POST_PAIR_RELATIONAL_FULL_PROMOTION_AUDIT.md
9382	post-pair relational full independent-audit closure	POST_PAIR_RELATIONAL_FULL_PROMOTION_AUDIT.md
9411	post-pair relational full independent-audit closure	POST_PAIR_RELATIONAL_FULL_PROMOTION_AUDIT.md
9413	post-pair relational full independent-audit closure	POST_PAIR_RELATIONAL_FULL_PROMOTION_AUDIT.md
9414	post-pair relational full independent-audit closure	POST_PAIR_RELATIONAL_FULL_PROMOTION_AUDIT.md
9417	post-pair relational full independent-audit closure	POST_PAIR_RELATIONAL_FULL_PROMOTION_AUDIT.md
9418	post-pair relational full independent-audit closure	POST_PAIR_RELATIONAL_FULL_PROMOTION_AUDIT.md
9420	post-pair relational full independent-audit closure	POST_PAIR_RELATIONAL_FULL_PROMOTION_AUDIT.md
9421	post-pair relational full independent-audit closure	POST_PAIR_RELATIONAL_FULL_PROMOTION_AUDIT.md
9424	post-pair relational full independent-audit closure	POST_PAIR_RELATIONAL_FULL_PROMOTION_AUDIT.md
9425	post-pair relational full independent-audit closure	POST_PAIR_RELATIONAL_FULL_PROMOTION_AUDIT.md
9427	post-pair relational full independent-audit closure	POST_PAIR_RELATIONAL_FULL_PROMOTION_AUDIT.md
9428	post-pair relational full independent-audit closure	POST_PAIR_RELATIONAL_FULL_PROMOTION_AUDIT.md
9430	post-pair relational full independent-audit closure	POST_PAIR_RELATIONAL_FULL_PROMOTION_AUDIT.md
9431	post-pair relational full independent-audit closure	POST_PAIR_RELATIONAL_FULL_PROMOTION_AUDIT.md
9434	post-pair relational full independent-audit closure	POST_PAIR_RELATIONAL_FULL_PROMOTION_AUDIT.md
9435	post-pair relational full independent-audit closure	POST_PAIR_RELATIONAL_FULL_PROMOTION_AUDIT.md
9437	post-pair relational full independent-audit closure	POST_PAIR_RELATIONAL_FULL_PROMOTION_AUDIT.md
9438	post-pair relational full independent-audit closure	POST_PAIR_RELATIONAL_FULL_PROMOTION_AUDIT.md
9440	post-pair relational full independent-audit closure	POST_PAIR_RELATIONAL_FULL_PROMOTION_AUDIT.md
9441	post-pair relational full independent-audit closure	POST_PAIR_RELATIONAL_FULL_PROMOTION_AUDIT.md
9442	post-pair relational full independent-audit closure	POST_PAIR_RELATIONAL_FULL_PROMOTION_AUDIT.md
9443	post-pair relational full independent-audit closure	POST_PAIR_RELATIONAL_FULL_PROMOTION_AUDIT.md
9445	post-pair relational full independent-audit closure	POST_PAIR_RELATIONAL_FULL_PROMOTION_AUDIT.md
9490	post-pair relational full independent-audit closure	POST_PAIR_RELATIONAL_FULL_PROMOTION_AUDIT.md
9491	post-pair relational full independent-audit closure	POST_PAIR_RELATIONAL_FULL_PROMOTION_AUDIT.md
9493	post-pair relational full independent-audit closure	POST_PAIR_RELATIONAL_FULL_PROMOTION_AUDIT.md
9494	post-pair relational full independent-audit closure	POST_PAIR_RELATIONAL_FULL_PROMOTION_AUDIT.md
9511	post-pair relational full independent-audit closure	POST_PAIR_RELATIONAL_FULL_PROMOTION_AUDIT.md
9512	post-pair relational full independent-audit closure	POST_PAIR_RELATIONAL_FULL_PROMOTION_AUDIT.md
9514	post-pair relational full independent-audit closure	POST_PAIR_RELATIONAL_FULL_PROMOTION_AUDIT.md
9517	post-pair relational full independent-audit closure	POST_PAIR_RELATIONAL_FULL_PROMOTION_AUDIT.md
9518	post-pair relational full independent-audit closure	POST_PAIR_RELATIONAL_FULL_PROMOTION_AUDIT.md
9520	post-pair relational full independent-audit closure	POST_PAIR_RELATIONAL_FULL_PROMOTION_AUDIT.md
9522	post-pair relational full independent-audit closure	POST_PAIR_RELATIONAL_FULL_PROMOTION_AUDIT.md
9525	post-pair relational full independent-audit closure	POST_PAIR_RELATIONAL_FULL_PROMOTION_AUDIT.md
9526	post-pair relational full independent-audit closure	POST_PAIR_RELATIONAL_FULL_PROMOTION_AUDIT.md
9528	post-pair relational full independent-audit closure	POST_PAIR_RELATIONAL_FULL_PROMOTION_AUDIT.md
9531	post-pair relational full independent-audit closure	POST_PAIR_RELATIONAL_FULL_PROMOTION_AUDIT.md
9533	post-pair relational full independent-audit closure	POST_PAIR_RELATIONAL_FULL_PROMOTION_AUDIT.md
9536	post-pair relational full independent-audit closure	POST_PAIR_RELATIONAL_FULL_PROMOTION_AUDIT.md
9540	post-pair relational full independent-audit closure	POST_PAIR_RELATIONAL_FULL_PROMOTION_AUDIT.md
9541	post-pair relational full independent-audit closure	POST_PAIR_RELATIONAL_FULL_PROMOTION_AUDIT.md
9543	post-pair relational full independent-audit closure	POST_PAIR_RELATIONAL_FULL_PROMOTION_AUDIT.md
9544	post-pair relational full independent-audit closure	POST_PAIR_RELATIONAL_FULL_PROMOTION_AUDIT.md
9545	post-pair relational full independent-audit closure	POST_PAIR_RELATIONAL_FULL_PROMOTION_AUDIT.md
9546	post-pair relational full independent-audit closure	POST_PAIR_RELATIONAL_FULL_PROMOTION_AUDIT.md
9562	post-pair relational full independent-audit closure	POST_PAIR_RELATIONAL_FULL_PROMOTION_AUDIT.md
9563	post-pair relational full independent-audit closure	POST_PAIR_RELATIONAL_FULL_PROMOTION_AUDIT.md
9567	post-pair relational full independent-audit closure	POST_PAIR_RELATIONAL_FULL_PROMOTION_AUDIT.md
9576	post-pair relational full independent-audit closure	POST_PAIR_RELATIONAL_FULL_PROMOTION_AUDIT.md
9577	post-pair relational full independent-audit closure	POST_PAIR_RELATIONAL_FULL_PROMOTION_AUDIT.md
9579	post-pair relational full independent-audit closure	POST_PAIR_RELATIONAL_FULL_PROMOTION_AUDIT.md
9580	post-pair relational full independent-audit closure	POST_PAIR_RELATIONAL_FULL_PROMOTION_AUDIT.md
9581	post-pair relational full independent-audit closure	POST_PAIR_RELATIONAL_FULL_PROMOTION_AUDIT.md
9583	post-pair relational full independent-audit closure	POST_PAIR_RELATIONAL_FULL_PROMOTION_AUDIT.md
9584	post-pair relational full independent-audit closure	POST_PAIR_RELATIONAL_FULL_PROMOTION_AUDIT.md
9585	post-pair relational full independent-audit closure	POST_PAIR_RELATIONAL_FULL_PROMOTION_AUDIT.md
9586	post-pair relational full independent-audit closure	POST_PAIR_RELATIONAL_FULL_PROMOTION_AUDIT.md
9590	post-pair relational full independent-audit closure	POST_PAIR_RELATIONAL_FULL_PROMOTION_AUDIT.md
9592	post-pair relational full independent-audit closure	POST_PAIR_RELATIONAL_FULL_PROMOTION_AUDIT.md
9593	post-pair relational full independent-audit closure	POST_PAIR_RELATIONAL_FULL_PROMOTION_AUDIT.md
9596	post-pair relational full independent-audit closure	POST_PAIR_RELATIONAL_FULL_PROMOTION_AUDIT.md
9597	post-pair relational full independent-audit closure	POST_PAIR_RELATIONAL_FULL_PROMOTION_AUDIT.md
9599	post-pair relational full independent-audit closure	POST_PAIR_RELATIONAL_FULL_PROMOTION_AUDIT.md
9601	post-pair relational full independent-audit closure	POST_PAIR_RELATIONAL_FULL_PROMOTION_AUDIT.md
9602	post-pair relational full independent-audit closure	POST_PAIR_RELATIONAL_FULL_PROMOTION_AUDIT.md
9605	post-pair relational full independent-audit closure	POST_PAIR_RELATIONAL_FULL_PROMOTION_AUDIT.md
9606	post-pair relational full independent-audit closure	POST_PAIR_RELATIONAL_FULL_PROMOTION_AUDIT.md
9608	post-pair relational full independent-audit closure	POST_PAIR_RELATIONAL_FULL_PROMOTION_AUDIT.md
9609	post-pair relational full independent-audit closure	POST_PAIR_RELATIONAL_FULL_PROMOTION_AUDIT.md
9610	post-pair relational full independent-audit closure	POST_PAIR_RELATIONAL_FULL_PROMOTION_AUDIT.md
9612	post-pair relational full independent-audit closure	POST_PAIR_RELATIONAL_FULL_PROMOTION_AUDIT.md
9613	post-pair relational full independent-audit closure	POST_PAIR_RELATIONAL_FULL_PROMOTION_AUDIT.md
9615	post-pair relational full independent-audit closure	POST_PAIR_RELATIONAL_FULL_PROMOTION_AUDIT.md
9616	post-pair relational full independent-audit closure	POST_PAIR_RELATIONAL_FULL_PROMOTION_AUDIT.md
9617	post-pair relational full independent-audit closure	POST_PAIR_RELATIONAL_FULL_PROMOTION_AUDIT.md
9618	post-pair relational full independent-audit closure	POST_PAIR_RELATIONAL_FULL_PROMOTION_AUDIT.md
9619	post-pair relational full independent-audit closure	POST_PAIR_RELATIONAL_FULL_PROMOTION_AUDIT.md
9622	post-pair relational full independent-audit closure	POST_PAIR_RELATIONAL_FULL_PROMOTION_AUDIT.md
9623	post-pair relational full independent-audit closure	POST_PAIR_RELATIONAL_FULL_PROMOTION_AUDIT.md
9624	post-pair relational full independent-audit closure	POST_PAIR_RELATIONAL_FULL_PROMOTION_AUDIT.md
9627	post-pair relational full independent-audit closure	POST_PAIR_RELATIONAL_FULL_PROMOTION_AUDIT.md
9628	post-pair relational full independent-audit closure	POST_PAIR_RELATIONAL_FULL_PROMOTION_AUDIT.md
9629	post-pair relational full independent-audit closure	POST_PAIR_RELATIONAL_FULL_PROMOTION_AUDIT.md
9630	post-pair relational full independent-audit closure	POST_PAIR_RELATIONAL_FULL_PROMOTION_AUDIT.md
9639	post-pair relational full independent-audit closure	POST_PAIR_RELATIONAL_FULL_PROMOTION_AUDIT.md
9640	post-pair relational full independent-audit closure	POST_PAIR_RELATIONAL_FULL_PROMOTION_AUDIT.md
9642	post-pair relational full independent-audit closure	POST_PAIR_RELATIONAL_FULL_PROMOTION_AUDIT.md
9644	post-pair relational full independent-audit closure	POST_PAIR_RELATIONAL_FULL_PROMOTION_AUDIT.md
9645	post-pair relational full independent-audit closure	POST_PAIR_RELATIONAL_FULL_PROMOTION_AUDIT.md
9647	post-pair relational full independent-audit closure	POST_PAIR_RELATIONAL_FULL_PROMOTION_AUDIT.md
9648	post-pair relational full independent-audit closure	POST_PAIR_RELATIONAL_FULL_PROMOTION_AUDIT.md
9649	post-pair relational full independent-audit closure	POST_PAIR_RELATIONAL_FULL_PROMOTION_AUDIT.md
9650	post-pair relational full independent-audit closure	POST_PAIR_RELATIONAL_FULL_PROMOTION_AUDIT.md
9651	post-pair relational full independent-audit closure	POST_PAIR_RELATIONAL_FULL_PROMOTION_AUDIT.md
9655	post-pair relational full independent-audit closure	POST_PAIR_RELATIONAL_FULL_PROMOTION_AUDIT.md
9657	post-pair relational full independent-audit closure	POST_PAIR_RELATIONAL_FULL_PROMOTION_AUDIT.md
9658	post-pair relational full independent-audit closure	POST_PAIR_RELATIONAL_FULL_PROMOTION_AUDIT.md
9661	post-pair relational full independent-audit closure	POST_PAIR_RELATIONAL_FULL_PROMOTION_AUDIT.md
9662	post-pair relational full independent-audit closure	POST_PAIR_RELATIONAL_FULL_PROMOTION_AUDIT.md
9665	post-pair relational full independent-audit closure	POST_PAIR_RELATIONAL_FULL_PROMOTION_AUDIT.md
9666	post-pair relational full independent-audit closure	POST_PAIR_RELATIONAL_FULL_PROMOTION_AUDIT.md
9668	post-pair relational full independent-audit closure	POST_PAIR_RELATIONAL_FULL_PROMOTION_AUDIT.md
9669	post-pair relational full independent-audit closure	POST_PAIR_RELATIONAL_FULL_PROMOTION_AUDIT.md
9672	post-pair relational full independent-audit closure	POST_PAIR_RELATIONAL_FULL_PROMOTION_AUDIT.md
9673	post-pair relational full independent-audit closure	POST_PAIR_RELATIONAL_FULL_PROMOTION_AUDIT.md
9675	post-pair relational full independent-audit closure	POST_PAIR_RELATIONAL_FULL_PROMOTION_AUDIT.md
9677	post-pair relational full independent-audit closure	POST_PAIR_RELATIONAL_FULL_PROMOTION_AUDIT.md
9678	post-pair relational full independent-audit closure	POST_PAIR_RELATIONAL_FULL_PROMOTION_AUDIT.md
9680	post-pair relational full independent-audit closure	POST_PAIR_RELATIONAL_FULL_PROMOTION_AUDIT.md
9681	post-pair relational full independent-audit closure	POST_PAIR_RELATIONAL_FULL_PROMOTION_AUDIT.md
9682	post-pair relational full independent-audit closure	POST_PAIR_RELATIONAL_FULL_PROMOTION_AUDIT.md
9684	post-pair relational full independent-audit closure	POST_PAIR_RELATIONAL_FULL_PROMOTION_AUDIT.md
9685	post-pair relational full independent-audit closure	POST_PAIR_RELATIONAL_FULL_PROMOTION_AUDIT.md
9687	post-pair relational full independent-audit closure	POST_PAIR_RELATIONAL_FULL_PROMOTION_AUDIT.md
9690	post-pair relational full independent-audit closure	POST_PAIR_RELATIONAL_FULL_PROMOTION_AUDIT.md
9692	post-pair relational full independent-audit closure	POST_PAIR_RELATIONAL_FULL_PROMOTION_AUDIT.md
9693	post-pair relational full independent-audit closure	POST_PAIR_RELATIONAL_FULL_PROMOTION_AUDIT.md
9695	post-pair relational full independent-audit closure	POST_PAIR_RELATIONAL_FULL_PROMOTION_AUDIT.md
9703	post-pair relational full independent-audit closure	POST_PAIR_RELATIONAL_FULL_PROMOTION_AUDIT.md
9704	post-pair relational full independent-audit closure	POST_PAIR_RELATIONAL_FULL_PROMOTION_AUDIT.md
9707	post-pair relational full independent-audit closure	POST_PAIR_RELATIONAL_FULL_PROMOTION_AUDIT.md
9708	post-pair relational full independent-audit closure	POST_PAIR_RELATIONAL_FULL_PROMOTION_AUDIT.md
9710	post-pair relational full independent-audit closure	POST_PAIR_RELATIONAL_FULL_PROMOTION_AUDIT.md
9711	post-pair relational full independent-audit closure	POST_PAIR_RELATIONAL_FULL_PROMOTION_AUDIT.md
9712	post-pair relational full independent-audit closure	POST_PAIR_RELATIONAL_FULL_PROMOTION_AUDIT.md
9713	post-pair relational full independent-audit closure	POST_PAIR_RELATIONAL_FULL_PROMOTION_AUDIT.md
9715	post-pair relational full independent-audit closure	POST_PAIR_RELATIONAL_FULL_PROMOTION_AUDIT.md
9718	post-pair relational full independent-audit closure	POST_PAIR_RELATIONAL_FULL_PROMOTION_AUDIT.md
9719	post-pair relational full independent-audit closure	POST_PAIR_RELATIONAL_FULL_PROMOTION_AUDIT.md
9721	post-pair relational full independent-audit closure	POST_PAIR_RELATIONAL_FULL_PROMOTION_AUDIT.md
9726	post-pair relational full independent-audit closure	POST_PAIR_RELATIONAL_FULL_PROMOTION_AUDIT.md
9727	post-pair relational full independent-audit closure	POST_PAIR_RELATIONAL_FULL_PROMOTION_AUDIT.md
9729	post-pair relational full independent-audit closure	POST_PAIR_RELATIONAL_FULL_PROMOTION_AUDIT.md
9730	post-pair relational full independent-audit closure	POST_PAIR_RELATIONAL_FULL_PROMOTION_AUDIT.md
9744	post-pair relational full independent-audit closure	POST_PAIR_RELATIONAL_FULL_PROMOTION_AUDIT.md
9745	post-pair relational full independent-audit closure	POST_PAIR_RELATIONAL_FULL_PROMOTION_AUDIT.md
9747	post-pair relational full independent-audit closure	POST_PAIR_RELATIONAL_FULL_PROMOTION_AUDIT.md
9748	post-pair relational full independent-audit closure	POST_PAIR_RELATIONAL_FULL_PROMOTION_AUDIT.md
9756	post-pair relational full independent-audit closure	POST_PAIR_RELATIONAL_FULL_PROMOTION_AUDIT.md
9757	post-pair relational full independent-audit closure	POST_PAIR_RELATIONAL_FULL_PROMOTION_AUDIT.md
9760	post-pair relational full independent-audit closure	POST_PAIR_RELATIONAL_FULL_PROMOTION_AUDIT.md
9761	post-pair relational full independent-audit closure	POST_PAIR_RELATIONAL_FULL_PROMOTION_AUDIT.md
9764	post-pair relational full independent-audit closure	POST_PAIR_RELATIONAL_FULL_PROMOTION_AUDIT.md
9765	post-pair relational full independent-audit closure	POST_PAIR_RELATIONAL_FULL_PROMOTION_AUDIT.md
9813	post-pair relational full independent-audit closure	POST_PAIR_RELATIONAL_FULL_PROMOTION_AUDIT.md
9814	post-pair relational full independent-audit closure	POST_PAIR_RELATIONAL_FULL_PROMOTION_AUDIT.md
9816	post-pair relational full independent-audit closure	POST_PAIR_RELATIONAL_FULL_PROMOTION_AUDIT.md
9817	post-pair relational full independent-audit closure	POST_PAIR_RELATIONAL_FULL_PROMOTION_AUDIT.md
9825	post-pair relational full independent-audit closure	POST_PAIR_RELATIONAL_FULL_PROMOTION_AUDIT.md
9826	post-pair relational full independent-audit closure	POST_PAIR_RELATIONAL_FULL_PROMOTION_AUDIT.md
9827	post-pair relational full independent-audit closure	POST_PAIR_RELATIONAL_FULL_PROMOTION_AUDIT.md
9835	post-pair relational full independent-audit closure	POST_PAIR_RELATIONAL_FULL_PROMOTION_AUDIT.md
9860	post-pair relational full independent-audit closure	POST_PAIR_RELATIONAL_FULL_PROMOTION_AUDIT.md
9861	post-pair relational full independent-audit closure	POST_PAIR_RELATIONAL_FULL_PROMOTION_AUDIT.md
9862	post-pair relational full independent-audit closure	POST_PAIR_RELATIONAL_FULL_PROMOTION_AUDIT.md
9863	post-pair relational full independent-audit closure	POST_PAIR_RELATIONAL_FULL_PROMOTION_AUDIT.md
9879	post-pair relational full independent-audit closure	POST_PAIR_RELATIONAL_FULL_PROMOTION_AUDIT.md
9880	post-pair relational full independent-audit closure	POST_PAIR_RELATIONAL_FULL_PROMOTION_AUDIT.md
9882	post-pair relational full independent-audit closure	POST_PAIR_RELATIONAL_FULL_PROMOTION_AUDIT.md
9883	post-pair relational full independent-audit closure	POST_PAIR_RELATIONAL_FULL_PROMOTION_AUDIT.md
9885	post-pair relational full independent-audit closure	POST_PAIR_RELATIONAL_FULL_PROMOTION_AUDIT.md
9886	post-pair relational full independent-audit closure	POST_PAIR_RELATIONAL_FULL_PROMOTION_AUDIT.md
9887	post-pair relational full independent-audit closure	POST_PAIR_RELATIONAL_FULL_PROMOTION_AUDIT.md
9889	post-pair relational full independent-audit closure	POST_PAIR_RELATIONAL_FULL_PROMOTION_AUDIT.md
9890	post-pair relational full independent-audit closure	POST_PAIR_RELATIONAL_FULL_PROMOTION_AUDIT.md
9891	post-pair relational full independent-audit closure	POST_PAIR_RELATIONAL_FULL_PROMOTION_AUDIT.md
9892	post-pair relational full independent-audit closure	POST_PAIR_RELATIONAL_FULL_PROMOTION_AUDIT.md
9896	post-pair relational full independent-audit closure	POST_PAIR_RELATIONAL_FULL_PROMOTION_AUDIT.md
9898	post-pair relational full independent-audit closure	POST_PAIR_RELATIONAL_FULL_PROMOTION_AUDIT.md
9899	post-pair relational full independent-audit closure	POST_PAIR_RELATIONAL_FULL_PROMOTION_AUDIT.md
9902	post-pair relational full independent-audit closure	POST_PAIR_RELATIONAL_FULL_PROMOTION_AUDIT.md
9903	post-pair relational full independent-audit closure	POST_PAIR_RELATIONAL_FULL_PROMOTION_AUDIT.md
9905	post-pair relational full independent-audit closure	POST_PAIR_RELATIONAL_FULL_PROMOTION_AUDIT.md
9908	post-pair relational full independent-audit closure	POST_PAIR_RELATIONAL_FULL_PROMOTION_AUDIT.md
9909	post-pair relational full independent-audit closure	POST_PAIR_RELATIONAL_FULL_PROMOTION_AUDIT.md
9911	post-pair relational full independent-audit closure	POST_PAIR_RELATIONAL_FULL_PROMOTION_AUDIT.md
9912	post-pair relational full independent-audit closure	POST_PAIR_RELATIONAL_FULL_PROMOTION_AUDIT.md
9914	post-pair relational full independent-audit closure	POST_PAIR_RELATIONAL_FULL_PROMOTION_AUDIT.md
9915	post-pair relational full independent-audit closure	POST_PAIR_RELATIONAL_FULL_PROMOTION_AUDIT.md
9918	post-pair relational full independent-audit closure	POST_PAIR_RELATIONAL_FULL_PROMOTION_AUDIT.md
9919	post-pair relational full independent-audit closure	POST_PAIR_RELATIONAL_FULL_PROMOTION_AUDIT.md
9921	post-pair relational full independent-audit closure	POST_PAIR_RELATIONAL_FULL_PROMOTION_AUDIT.md
9922	post-pair relational full independent-audit closure	POST_PAIR_RELATIONAL_FULL_PROMOTION_AUDIT.md
9924	post-pair relational full independent-audit closure	POST_PAIR_RELATIONAL_FULL_PROMOTION_AUDIT.md
9926	post-pair relational full independent-audit closure	POST_PAIR_RELATIONAL_FULL_PROMOTION_AUDIT.md
9929	post-pair relational full independent-audit closure	POST_PAIR_RELATIONAL_FULL_PROMOTION_AUDIT.md
9971	post-pair relational full independent-audit closure	POST_PAIR_RELATIONAL_FULL_PROMOTION_AUDIT.md
9972	post-pair relational full independent-audit closure	POST_PAIR_RELATIONAL_FULL_PROMOTION_AUDIT.md
9974	post-pair relational full independent-audit closure	POST_PAIR_RELATIONAL_FULL_PROMOTION_AUDIT.md
9975	post-pair relational full independent-audit closure	POST_PAIR_RELATIONAL_FULL_PROMOTION_AUDIT.md
9991	post-pair relational full independent-audit closure	POST_PAIR_RELATIONAL_FULL_PROMOTION_AUDIT.md
9992	post-pair relational full independent-audit closure	POST_PAIR_RELATIONAL_FULL_PROMOTION_AUDIT.md
9994	post-pair relational full independent-audit closure	POST_PAIR_RELATIONAL_FULL_PROMOTION_AUDIT.md
9997	post-pair relational full independent-audit closure	POST_PAIR_RELATIONAL_FULL_PROMOTION_AUDIT.md
9998	post-pair relational full independent-audit closure	POST_PAIR_RELATIONAL_FULL_PROMOTION_AUDIT.md
10000	post-pair relational full independent-audit closure	POST_PAIR_RELATIONAL_FULL_PROMOTION_AUDIT.md
10002	post-pair relational full independent-audit closure	POST_PAIR_RELATIONAL_FULL_PROMOTION_AUDIT.md
10005	post-pair relational full independent-audit closure	POST_PAIR_RELATIONAL_FULL_PROMOTION_AUDIT.md
10006	post-pair relational full independent-audit closure	POST_PAIR_RELATIONAL_FULL_PROMOTION_AUDIT.md
10008	post-pair relational full independent-audit closure	POST_PAIR_RELATIONAL_FULL_PROMOTION_AUDIT.md
10011	post-pair relational full independent-audit closure	POST_PAIR_RELATIONAL_FULL_PROMOTION_AUDIT.md
10013	post-pair relational full independent-audit closure	POST_PAIR_RELATIONAL_FULL_PROMOTION_AUDIT.md
10016	post-pair relational full independent-audit closure	POST_PAIR_RELATIONAL_FULL_PROMOTION_AUDIT.md
10024	post-pair relational full independent-audit closure	POST_PAIR_RELATIONAL_FULL_PROMOTION_AUDIT.md
10032	post-pair relational full independent-audit closure	POST_PAIR_RELATIONAL_FULL_PROMOTION_AUDIT.md
10034	post-pair relational full independent-audit closure	POST_PAIR_RELATIONAL_FULL_PROMOTION_AUDIT.md
10035	post-pair relational full independent-audit closure	POST_PAIR_RELATIONAL_FULL_PROMOTION_AUDIT.md
10036	post-pair relational full independent-audit closure	POST_PAIR_RELATIONAL_FULL_PROMOTION_AUDIT.md
10039	post-pair relational full independent-audit closure	POST_PAIR_RELATIONAL_FULL_PROMOTION_AUDIT.md
10040	post-pair relational full independent-audit closure	POST_PAIR_RELATIONAL_FULL_PROMOTION_AUDIT.md
10051	post-pair relational full independent-audit closure	POST_PAIR_RELATIONAL_FULL_PROMOTION_AUDIT.md
10052	post-pair relational full independent-audit closure	POST_PAIR_RELATIONAL_FULL_PROMOTION_AUDIT.md
10054	post-pair relational full independent-audit closure	POST_PAIR_RELATIONAL_FULL_PROMOTION_AUDIT.md
10056	post-pair relational full independent-audit closure	POST_PAIR_RELATIONAL_FULL_PROMOTION_AUDIT.md
10057	post-pair relational full independent-audit closure	POST_PAIR_RELATIONAL_FULL_PROMOTION_AUDIT.md
10059	post-pair relational full independent-audit closure	POST_PAIR_RELATIONAL_FULL_PROMOTION_AUDIT.md
10060	post-pair relational full independent-audit closure	POST_PAIR_RELATIONAL_FULL_PROMOTION_AUDIT.md
10061	post-pair relational full independent-audit closure	POST_PAIR_RELATIONAL_FULL_PROMOTION_AUDIT.md
10062	post-pair relational full independent-audit closure	POST_PAIR_RELATIONAL_FULL_PROMOTION_AUDIT.md
10063	post-pair relational full independent-audit closure	POST_PAIR_RELATIONAL_FULL_PROMOTION_AUDIT.md
10079	post-pair relational full independent-audit closure	POST_PAIR_RELATIONAL_FULL_PROMOTION_AUDIT.md
10081	post-pair relational full independent-audit closure	POST_PAIR_RELATIONAL_FULL_PROMOTION_AUDIT.md
10083	post-pair relational full independent-audit closure	POST_PAIR_RELATIONAL_FULL_PROMOTION_AUDIT.md
10087	post-pair relational full independent-audit closure	POST_PAIR_RELATIONAL_FULL_PROMOTION_AUDIT.md
10089	post-pair relational full independent-audit closure	POST_PAIR_RELATIONAL_FULL_PROMOTION_AUDIT.md
10090	post-pair relational full independent-audit closure	POST_PAIR_RELATIONAL_FULL_PROMOTION_AUDIT.md
10093	post-pair relational full independent-audit closure	POST_PAIR_RELATIONAL_FULL_PROMOTION_AUDIT.md
10094	post-pair relational full independent-audit closure	POST_PAIR_RELATIONAL_FULL_PROMOTION_AUDIT.md
10097	post-pair relational full independent-audit closure	POST_PAIR_RELATIONAL_FULL_PROMOTION_AUDIT.md
10098	post-pair relational full independent-audit closure	POST_PAIR_RELATIONAL_FULL_PROMOTION_AUDIT.md
10100	post-pair relational full independent-audit closure	POST_PAIR_RELATIONAL_FULL_PROMOTION_AUDIT.md
10101	post-pair relational full independent-audit closure	POST_PAIR_RELATIONAL_FULL_PROMOTION_AUDIT.md
10104	post-pair relational full independent-audit closure	POST_PAIR_RELATIONAL_FULL_PROMOTION_AUDIT.md
10105	post-pair relational full independent-audit closure	POST_PAIR_RELATIONAL_FULL_PROMOTION_AUDIT.md
10107	post-pair relational full independent-audit closure	POST_PAIR_RELATIONAL_FULL_PROMOTION_AUDIT.md
10109	post-pair relational full independent-audit closure	POST_PAIR_RELATIONAL_FULL_PROMOTION_AUDIT.md
10110	post-pair relational full independent-audit closure	POST_PAIR_RELATIONAL_FULL_PROMOTION_AUDIT.md
10112	post-pair relational full independent-audit closure	POST_PAIR_RELATIONAL_FULL_PROMOTION_AUDIT.md
10113	post-pair relational full independent-audit closure	POST_PAIR_RELATIONAL_FULL_PROMOTION_AUDIT.md
10114	post-pair relational full independent-audit closure	POST_PAIR_RELATIONAL_FULL_PROMOTION_AUDIT.md
10116	post-pair relational full independent-audit closure	POST_PAIR_RELATIONAL_FULL_PROMOTION_AUDIT.md
10117	post-pair relational full independent-audit closure	POST_PAIR_RELATIONAL_FULL_PROMOTION_AUDIT.md
10118	post-pair relational full independent-audit closure	POST_PAIR_RELATIONAL_FULL_PROMOTION_AUDIT.md
10119	post-pair relational full independent-audit closure	POST_PAIR_RELATIONAL_FULL_PROMOTION_AUDIT.md
10120	post-pair relational full independent-audit closure	POST_PAIR_RELATIONAL_FULL_PROMOTION_AUDIT.md
10156	post-pair relational full independent-audit closure	POST_PAIR_RELATIONAL_FULL_PROMOTION_AUDIT.md
10158	post-pair relational full independent-audit closure	POST_PAIR_RELATIONAL_FULL_PROMOTION_AUDIT.md
10162	post-pair relational full independent-audit closure	POST_PAIR_RELATIONAL_FULL_PROMOTION_AUDIT.md
10163	post-pair relational full independent-audit closure	POST_PAIR_RELATIONAL_FULL_PROMOTION_AUDIT.md
10166	post-pair relational full independent-audit closure	POST_PAIR_RELATIONAL_FULL_PROMOTION_AUDIT.md
10167	post-pair relational full independent-audit closure	POST_PAIR_RELATIONAL_FULL_PROMOTION_AUDIT.md
10169	post-pair relational full independent-audit closure	POST_PAIR_RELATIONAL_FULL_PROMOTION_AUDIT.md
10170	post-pair relational full independent-audit closure	POST_PAIR_RELATIONAL_FULL_PROMOTION_AUDIT.md
10173	post-pair relational full independent-audit closure	POST_PAIR_RELATIONAL_FULL_PROMOTION_AUDIT.md
10174	post-pair relational full independent-audit closure	POST_PAIR_RELATIONAL_FULL_PROMOTION_AUDIT.md
10176	post-pair relational full independent-audit closure	POST_PAIR_RELATIONAL_FULL_PROMOTION_AUDIT.md
10178	post-pair relational full independent-audit closure	POST_PAIR_RELATIONAL_FULL_PROMOTION_AUDIT.md
10179	post-pair relational full independent-audit closure	POST_PAIR_RELATIONAL_FULL_PROMOTION_AUDIT.md
10180	post-pair relational full independent-audit closure	POST_PAIR_RELATIONAL_FULL_PROMOTION_AUDIT.md
10183	post-pair relational full independent-audit closure	POST_PAIR_RELATIONAL_FULL_PROMOTION_AUDIT.md
10184	post-pair relational full independent-audit closure	POST_PAIR_RELATIONAL_FULL_PROMOTION_AUDIT.md
10186	post-pair relational full independent-audit closure	POST_PAIR_RELATIONAL_FULL_PROMOTION_AUDIT.md
10188	post-pair relational full independent-audit closure	POST_PAIR_RELATIONAL_FULL_PROMOTION_AUDIT.md
10191	post-pair relational full independent-audit closure	POST_PAIR_RELATIONAL_FULL_PROMOTION_AUDIT.md
10192	post-pair relational full independent-audit closure	POST_PAIR_RELATIONAL_FULL_PROMOTION_AUDIT.md
10193	post-pair relational full independent-audit closure	POST_PAIR_RELATIONAL_FULL_PROMOTION_AUDIT.md
10194	post-pair relational full independent-audit closure	POST_PAIR_RELATIONAL_FULL_PROMOTION_AUDIT.md
10196	post-pair relational full independent-audit closure	POST_PAIR_RELATIONAL_FULL_PROMOTION_AUDIT.md
10199	post-pair relational full independent-audit closure	POST_PAIR_RELATIONAL_FULL_PROMOTION_AUDIT.md
10209	post-pair relational full independent-audit closure	POST_PAIR_RELATIONAL_FULL_PROMOTION_AUDIT.md
10217	post-pair relational full independent-audit closure	POST_PAIR_RELATIONAL_FULL_PROMOTION_AUDIT.md
10223	post-pair relational full independent-audit closure	POST_PAIR_RELATIONAL_FULL_PROMOTION_AUDIT.md
10240	post-pair relational full independent-audit closure	POST_PAIR_RELATIONAL_FULL_PROMOTION_AUDIT.md
10241	post-pair relational full independent-audit closure	POST_PAIR_RELATIONAL_FULL_PROMOTION_AUDIT.md
10243	post-pair relational full independent-audit closure	POST_PAIR_RELATIONAL_FULL_PROMOTION_AUDIT.md
10244	post-pair relational full independent-audit closure	POST_PAIR_RELATIONAL_FULL_PROMOTION_AUDIT.md
10250	post-pair relational full independent-audit closure	POST_PAIR_RELATIONAL_FULL_PROMOTION_AUDIT.md
10252	post-pair relational full independent-audit closure	POST_PAIR_RELATIONAL_FULL_PROMOTION_AUDIT.md
10253	post-pair relational full independent-audit closure	POST_PAIR_RELATIONAL_FULL_PROMOTION_AUDIT.md
10256	post-pair relational full independent-audit closure	POST_PAIR_RELATIONAL_FULL_PROMOTION_AUDIT.md
10257	post-pair relational full independent-audit closure	POST_PAIR_RELATIONAL_FULL_PROMOTION_AUDIT.md
10260	post-pair relational full independent-audit closure	POST_PAIR_RELATIONAL_FULL_PROMOTION_AUDIT.md
10261	post-pair relational full independent-audit closure	POST_PAIR_RELATIONAL_FULL_PROMOTION_AUDIT.md
10268	post-pair relational full independent-audit closure	POST_PAIR_RELATIONAL_FULL_PROMOTION_AUDIT.md
10269	post-pair relational full independent-audit closure	POST_PAIR_RELATIONAL_FULL_PROMOTION_AUDIT.md
10275	post-pair relational full independent-audit closure	POST_PAIR_RELATIONAL_FULL_PROMOTION_AUDIT.md
10288	post-pair relational full independent-audit closure	POST_PAIR_RELATIONAL_FULL_PROMOTION_AUDIT.md
10289	post-pair relational full independent-audit closure	POST_PAIR_RELATIONAL_FULL_PROMOTION_AUDIT.md
10292	post-pair relational full independent-audit closure	POST_PAIR_RELATIONAL_FULL_PROMOTION_AUDIT.md
10293	post-pair relational full independent-audit closure	POST_PAIR_RELATIONAL_FULL_PROMOTION_AUDIT.md
10302	post-pair relational full independent-audit closure	POST_PAIR_RELATIONAL_FULL_PROMOTION_AUDIT.md
10304	post-pair relational full independent-audit closure	POST_PAIR_RELATIONAL_FULL_PROMOTION_AUDIT.md
10305	post-pair relational full independent-audit closure	POST_PAIR_RELATIONAL_FULL_PROMOTION_AUDIT.md
10308	post-pair relational full independent-audit closure	POST_PAIR_RELATIONAL_FULL_PROMOTION_AUDIT.md
10312	post-pair relational full independent-audit closure	POST_PAIR_RELATIONAL_FULL_PROMOTION_AUDIT.md
10313	post-pair relational full independent-audit closure	POST_PAIR_RELATIONAL_FULL_PROMOTION_AUDIT.md
10361	post-pair relational full independent-audit closure	POST_PAIR_RELATIONAL_FULL_PROMOTION_AUDIT.md
10362	post-pair relational full independent-audit closure	POST_PAIR_RELATIONAL_FULL_PROMOTION_AUDIT.md
10364	post-pair relational full independent-audit closure	POST_PAIR_RELATIONAL_FULL_PROMOTION_AUDIT.md
10365	post-pair relational full independent-audit closure	POST_PAIR_RELATIONAL_FULL_PROMOTION_AUDIT.md
10373	post-pair relational full independent-audit closure	POST_PAIR_RELATIONAL_FULL_PROMOTION_AUDIT.md
10374	post-pair relational full independent-audit closure	POST_PAIR_RELATIONAL_FULL_PROMOTION_AUDIT.md
10375	post-pair relational full independent-audit closure	POST_PAIR_RELATIONAL_FULL_PROMOTION_AUDIT.md
10383	post-pair relational full independent-audit closure	POST_PAIR_RELATIONAL_FULL_PROMOTION_AUDIT.md
10384	post-pair relational full independent-audit closure	POST_PAIR_RELATIONAL_FULL_PROMOTION_AUDIT.md
10387	post-pair relational full independent-audit closure	POST_PAIR_RELATIONAL_FULL_PROMOTION_AUDIT.md
10388	post-pair relational full independent-audit closure	POST_PAIR_RELATIONAL_FULL_PROMOTION_AUDIT.md
10392	post-pair relational full independent-audit closure	POST_PAIR_RELATIONAL_FULL_PROMOTION_AUDIT.md
10393	post-pair relational full independent-audit closure	POST_PAIR_RELATIONAL_FULL_PROMOTION_AUDIT.md
10418	post-pair relational full independent-audit closure	POST_PAIR_RELATIONAL_FULL_PROMOTION_AUDIT.md
10424	post-pair relational full independent-audit closure	POST_PAIR_RELATIONAL_FULL_PROMOTION_AUDIT.md
10425	post-pair relational full independent-audit closure	POST_PAIR_RELATIONAL_FULL_PROMOTION_AUDIT.md
10427	post-pair relational full independent-audit closure	POST_PAIR_RELATIONAL_FULL_PROMOTION_AUDIT.md
10441	post-pair relational full independent-audit closure	POST_PAIR_RELATIONAL_FULL_PROMOTION_AUDIT.md
10444	post-pair relational full independent-audit closure	POST_PAIR_RELATIONAL_FULL_PROMOTION_AUDIT.md
10445	post-pair relational full independent-audit closure	POST_PAIR_RELATIONAL_FULL_PROMOTION_AUDIT.md
10447	post-pair relational full independent-audit closure	POST_PAIR_RELATIONAL_FULL_PROMOTION_AUDIT.md
10448	post-pair relational full independent-audit closure	POST_PAIR_RELATIONAL_FULL_PROMOTION_AUDIT.md
10462	post-pair relational full independent-audit closure	POST_PAIR_RELATIONAL_FULL_PROMOTION_AUDIT.md
10465	post-pair relational full independent-audit closure	POST_PAIR_RELATIONAL_FULL_PROMOTION_AUDIT.md
10466	post-pair relational full independent-audit closure	POST_PAIR_RELATIONAL_FULL_PROMOTION_AUDIT.md
10475	post-pair relational full independent-audit closure	POST_PAIR_RELATIONAL_FULL_PROMOTION_AUDIT.md
10476	post-pair relational full independent-audit closure	POST_PAIR_RELATIONAL_FULL_PROMOTION_AUDIT.md
10479	post-pair relational full independent-audit closure	POST_PAIR_RELATIONAL_FULL_PROMOTION_AUDIT.md
10480	post-pair relational full independent-audit closure	POST_PAIR_RELATIONAL_FULL_PROMOTION_AUDIT.md
10501	post-pair relational full independent-audit closure	POST_PAIR_RELATIONAL_FULL_PROMOTION_AUDIT.md
10502	post-pair relational full independent-audit closure	POST_PAIR_RELATIONAL_FULL_PROMOTION_AUDIT.md
10508	post-pair relational full independent-audit closure	POST_PAIR_RELATIONAL_FULL_PROMOTION_AUDIT.md
10516	post-pair relational full independent-audit closure	POST_PAIR_RELATIONAL_FULL_PROMOTION_AUDIT.md
10518	post-pair relational full independent-audit closure	POST_PAIR_RELATIONAL_FULL_PROMOTION_AUDIT.md
10519	post-pair relational full independent-audit closure	POST_PAIR_RELATIONAL_FULL_PROMOTION_AUDIT.md
10522	post-pair relational full independent-audit closure	POST_PAIR_RELATIONAL_FULL_PROMOTION_AUDIT.md
10523	post-pair relational full independent-audit closure	POST_PAIR_RELATIONAL_FULL_PROMOTION_AUDIT.md
10525	post-pair relational full independent-audit closure	POST_PAIR_RELATIONAL_FULL_PROMOTION_AUDIT.md
10528	post-pair relational full independent-audit closure	POST_PAIR_RELATIONAL_FULL_PROMOTION_AUDIT.md
10529	post-pair relational full independent-audit closure	POST_PAIR_RELATIONAL_FULL_PROMOTION_AUDIT.md
10531	post-pair relational full independent-audit closure	POST_PAIR_RELATIONAL_FULL_PROMOTION_AUDIT.md
10532	post-pair relational full independent-audit closure	POST_PAIR_RELATIONAL_FULL_PROMOTION_AUDIT.md
10534	post-pair relational full independent-audit closure	POST_PAIR_RELATIONAL_FULL_PROMOTION_AUDIT.md
10535	post-pair relational full independent-audit closure	POST_PAIR_RELATIONAL_FULL_PROMOTION_AUDIT.md
10538	post-pair relational full independent-audit closure	POST_PAIR_RELATIONAL_FULL_PROMOTION_AUDIT.md
10539	post-pair relational full independent-audit closure	POST_PAIR_RELATIONAL_FULL_PROMOTION_AUDIT.md
10540	post-pair relational full independent-audit closure	POST_PAIR_RELATIONAL_FULL_PROMOTION_AUDIT.md
10541	post-pair relational full independent-audit closure	POST_PAIR_RELATIONAL_FULL_PROMOTION_AUDIT.md
10545	post-pair relational full independent-audit closure	POST_PAIR_RELATIONAL_FULL_PROMOTION_AUDIT.md
10551	post-pair relational full independent-audit closure	POST_PAIR_RELATIONAL_FULL_PROMOTION_AUDIT.md
10552	post-pair relational full independent-audit closure	POST_PAIR_RELATIONAL_FULL_PROMOTION_AUDIT.md
10554	post-pair relational full independent-audit closure	POST_PAIR_RELATIONAL_FULL_PROMOTION_AUDIT.md
10557	post-pair relational full independent-audit closure	POST_PAIR_RELATIONAL_FULL_PROMOTION_AUDIT.md
10560	post-pair relational full independent-audit closure	POST_PAIR_RELATIONAL_FULL_PROMOTION_AUDIT.md
10561	post-pair relational full independent-audit closure	POST_PAIR_RELATIONAL_FULL_PROMOTION_AUDIT.md
10563	post-pair relational full independent-audit closure	POST_PAIR_RELATIONAL_FULL_PROMOTION_AUDIT.md
10564	post-pair relational full independent-audit closure	POST_PAIR_RELATIONAL_FULL_PROMOTION_AUDIT.md
10567	post-pair relational full independent-audit closure	POST_PAIR_RELATIONAL_FULL_PROMOTION_AUDIT.md
10570	post-pair relational full independent-audit closure	POST_PAIR_RELATIONAL_FULL_PROMOTION_AUDIT.md
10571	post-pair relational full independent-audit closure	POST_PAIR_RELATIONAL_FULL_PROMOTION_AUDIT.md
10574	post-pair relational full independent-audit closure	POST_PAIR_RELATIONAL_FULL_PROMOTION_AUDIT.md
10575	post-pair relational full independent-audit closure	POST_PAIR_RELATIONAL_FULL_PROMOTION_AUDIT.md
10578	post-pair relational full independent-audit closure	POST_PAIR_RELATIONAL_FULL_PROMOTION_AUDIT.md
10579	post-pair relational full independent-audit closure	POST_PAIR_RELATIONAL_FULL_PROMOTION_AUDIT.md
10580	post-pair relational full independent-audit closure	POST_PAIR_RELATIONAL_FULL_PROMOTION_AUDIT.md
10581	post-pair relational full independent-audit closure	POST_PAIR_RELATIONAL_FULL_PROMOTION_AUDIT.md
10597	post-pair relational full independent-audit closure	POST_PAIR_RELATIONAL_FULL_PROMOTION_AUDIT.md
10599	post-pair relational full independent-audit closure	POST_PAIR_RELATIONAL_FULL_PROMOTION_AUDIT.md
10600	post-pair relational full independent-audit closure	POST_PAIR_RELATIONAL_FULL_PROMOTION_AUDIT.md
10603	post-pair relational full independent-audit closure	POST_PAIR_RELATIONAL_FULL_PROMOTION_AUDIT.md
10604	post-pair relational full independent-audit closure	POST_PAIR_RELATIONAL_FULL_PROMOTION_AUDIT.md
10614	post-pair relational full independent-audit closure	POST_PAIR_RELATIONAL_FULL_PROMOTION_AUDIT.md
10615	post-pair relational full independent-audit closure	POST_PAIR_RELATIONAL_FULL_PROMOTION_AUDIT.md
10617	post-pair relational full independent-audit closure	POST_PAIR_RELATIONAL_FULL_PROMOTION_AUDIT.md
10620	post-pair relational full independent-audit closure	POST_PAIR_RELATIONAL_FULL_PROMOTION_AUDIT.md
10621	post-pair relational full independent-audit closure	POST_PAIR_RELATIONAL_FULL_PROMOTION_AUDIT.md
10623	post-pair relational full independent-audit closure	POST_PAIR_RELATIONAL_FULL_PROMOTION_AUDIT.md
10624	post-pair relational full independent-audit closure	POST_PAIR_RELATIONAL_FULL_PROMOTION_AUDIT.md
10634	post-pair relational full independent-audit closure	POST_PAIR_RELATIONAL_FULL_PROMOTION_AUDIT.md
10635	post-pair relational full independent-audit closure	POST_PAIR_RELATIONAL_FULL_PROMOTION_AUDIT.md
10637	post-pair relational full independent-audit closure	POST_PAIR_RELATIONAL_FULL_PROMOTION_AUDIT.md
10643	post-pair relational full independent-audit closure	POST_PAIR_RELATIONAL_FULL_PROMOTION_AUDIT.md
10646	post-pair relational full independent-audit closure	POST_PAIR_RELATIONAL_FULL_PROMOTION_AUDIT.md
10647	post-pair relational full independent-audit closure	POST_PAIR_RELATIONAL_FULL_PROMOTION_AUDIT.md
10651	post-pair relational full independent-audit closure	POST_PAIR_RELATIONAL_FULL_PROMOTION_AUDIT.md
10657	post-pair relational full independent-audit closure	POST_PAIR_RELATIONAL_FULL_PROMOTION_AUDIT.md
10662	post-pair relational full independent-audit closure	POST_PAIR_RELATIONAL_FULL_PROMOTION_AUDIT.md
10733	post-pair relational full independent-audit closure	POST_PAIR_RELATIONAL_FULL_PROMOTION_AUDIT.md
10735	post-pair relational full independent-audit closure	POST_PAIR_RELATIONAL_FULL_PROMOTION_AUDIT.md
10736	post-pair relational full independent-audit closure	POST_PAIR_RELATIONAL_FULL_PROMOTION_AUDIT.md
10739	post-pair relational full independent-audit closure	POST_PAIR_RELATIONAL_FULL_PROMOTION_AUDIT.md
10740	post-pair relational full independent-audit closure	POST_PAIR_RELATIONAL_FULL_PROMOTION_AUDIT.md
10742	post-pair relational full independent-audit closure	POST_PAIR_RELATIONAL_FULL_PROMOTION_AUDIT.md
10743	post-pair relational full independent-audit closure	POST_PAIR_RELATIONAL_FULL_PROMOTION_AUDIT.md
10776	post-pair relational full independent-audit closure	POST_PAIR_RELATIONAL_FULL_PROMOTION_AUDIT.md
10777	post-pair relational full independent-audit closure	POST_PAIR_RELATIONAL_FULL_PROMOTION_AUDIT.md
10779	post-pair relational full independent-audit closure	POST_PAIR_RELATIONAL_FULL_PROMOTION_AUDIT.md
10782	post-pair relational full independent-audit closure	POST_PAIR_RELATIONAL_FULL_PROMOTION_AUDIT.md
10783	post-pair relational full independent-audit closure	POST_PAIR_RELATIONAL_FULL_PROMOTION_AUDIT.md
10785	post-pair relational full independent-audit closure	POST_PAIR_RELATIONAL_FULL_PROMOTION_AUDIT.md
10786	post-pair relational full independent-audit closure	POST_PAIR_RELATIONAL_FULL_PROMOTION_AUDIT.md
10792	post-pair relational full independent-audit closure	POST_PAIR_RELATIONAL_FULL_PROMOTION_AUDIT.md
10795	post-pair relational full independent-audit closure	POST_PAIR_RELATIONAL_FULL_PROMOTION_AUDIT.md
10796	post-pair relational full independent-audit closure	POST_PAIR_RELATIONAL_FULL_PROMOTION_AUDIT.md
10797	post-pair relational full independent-audit closure	POST_PAIR_RELATIONAL_FULL_PROMOTION_AUDIT.md
10816	post-pair relational full independent-audit closure	POST_PAIR_RELATIONAL_FULL_PROMOTION_AUDIT.md
10819	post-pair relational full independent-audit closure	POST_PAIR_RELATIONAL_FULL_PROMOTION_AUDIT.md
10820	post-pair relational full independent-audit closure	POST_PAIR_RELATIONAL_FULL_PROMOTION_AUDIT.md
10824	post-pair relational full independent-audit closure	POST_PAIR_RELATIONAL_FULL_PROMOTION_AUDIT.md
10836	post-pair relational full independent-audit closure	POST_PAIR_RELATIONAL_FULL_PROMOTION_AUDIT.md
10849	post-pair relational full independent-audit closure	POST_PAIR_RELATIONAL_FULL_PROMOTION_AUDIT.md
10854	post-pair relational full independent-audit closure	POST_PAIR_RELATIONAL_FULL_PROMOTION_AUDIT.md
10855	post-pair relational full independent-audit closure	POST_PAIR_RELATIONAL_FULL_PROMOTION_AUDIT.md
10857	post-pair relational full independent-audit closure	POST_PAIR_RELATIONAL_FULL_PROMOTION_AUDIT.md
10860	post-pair relational full independent-audit closure	POST_PAIR_RELATIONAL_FULL_PROMOTION_AUDIT.md
10882	post-pair relational full independent-audit closure	POST_PAIR_RELATIONAL_FULL_PROMOTION_AUDIT.md
10883	post-pair relational full independent-audit closure	POST_PAIR_RELATIONAL_FULL_PROMOTION_AUDIT.md
10886	post-pair relational full independent-audit closure	POST_PAIR_RELATIONAL_FULL_PROMOTION_AUDIT.md
10888	post-pair relational full independent-audit closure	POST_PAIR_RELATIONAL_FULL_PROMOTION_AUDIT.md
10889	post-pair relational full independent-audit closure	POST_PAIR_RELATIONAL_FULL_PROMOTION_AUDIT.md
10893	post-pair relational full independent-audit closure	POST_PAIR_RELATIONAL_FULL_PROMOTION_AUDIT.md
10894	post-pair relational full independent-audit closure	POST_PAIR_RELATIONAL_FULL_PROMOTION_AUDIT.md
10895	post-pair relational full independent-audit closure	POST_PAIR_RELATIONAL_FULL_PROMOTION_AUDIT.md
10896	post-pair relational full independent-audit closure	POST_PAIR_RELATIONAL_FULL_PROMOTION_AUDIT.md
10897	post-pair relational full independent-audit closure	POST_PAIR_RELATIONAL_FULL_PROMOTION_AUDIT.md
10900	post-pair relational full independent-audit closure	POST_PAIR_RELATIONAL_FULL_PROMOTION_AUDIT.md
10901	post-pair relational full independent-audit closure	POST_PAIR_RELATIONAL_FULL_PROMOTION_AUDIT.md
10907	post-pair relational full independent-audit closure	POST_PAIR_RELATIONAL_FULL_PROMOTION_AUDIT.md
10909	post-pair relational full independent-audit closure	POST_PAIR_RELATIONAL_FULL_PROMOTION_AUDIT.md
10910	post-pair relational full independent-audit closure	POST_PAIR_RELATIONAL_FULL_PROMOTION_AUDIT.md
10913	post-pair relational full independent-audit closure	POST_PAIR_RELATIONAL_FULL_PROMOTION_AUDIT.md
10914	post-pair relational full independent-audit closure	POST_PAIR_RELATIONAL_FULL_PROMOTION_AUDIT.md
10916	post-pair relational full independent-audit closure	POST_PAIR_RELATIONAL_FULL_PROMOTION_AUDIT.md
10919	post-pair relational full independent-audit closure	POST_PAIR_RELATIONAL_FULL_PROMOTION_AUDIT.md
10920	post-pair relational full independent-audit closure	POST_PAIR_RELATIONAL_FULL_PROMOTION_AUDIT.md
10922	post-pair relational full independent-audit closure	POST_PAIR_RELATIONAL_FULL_PROMOTION_AUDIT.md
10923	post-pair relational full independent-audit closure	POST_PAIR_RELATIONAL_FULL_PROMOTION_AUDIT.md
10925	post-pair relational full independent-audit closure	POST_PAIR_RELATIONAL_FULL_PROMOTION_AUDIT.md
10928	post-pair relational full independent-audit closure	POST_PAIR_RELATIONAL_FULL_PROMOTION_AUDIT.md
10929	post-pair relational full independent-audit closure	POST_PAIR_RELATIONAL_FULL_PROMOTION_AUDIT.md
10941	post-pair relational full independent-audit closure	POST_PAIR_RELATIONAL_FULL_PROMOTION_AUDIT.md
10942	post-pair relational full independent-audit closure	POST_PAIR_RELATIONAL_FULL_PROMOTION_AUDIT.md
10944	post-pair relational full independent-audit closure	POST_PAIR_RELATIONAL_FULL_PROMOTION_AUDIT.md
10950	post-pair relational full independent-audit closure	POST_PAIR_RELATIONAL_FULL_PROMOTION_AUDIT.md
10951	post-pair relational full independent-audit closure	POST_PAIR_RELATIONAL_FULL_PROMOTION_AUDIT.md
10952	post-pair relational full independent-audit closure	POST_PAIR_RELATIONAL_FULL_PROMOTION_AUDIT.md
10958	post-pair relational full independent-audit closure	POST_PAIR_RELATIONAL_FULL_PROMOTION_AUDIT.md
10959	post-pair relational full independent-audit closure	POST_PAIR_RELATIONAL_FULL_PROMOTION_AUDIT.md
10962	post-pair relational full independent-audit closure	POST_PAIR_RELATIONAL_FULL_PROMOTION_AUDIT.md
10966	post-pair relational full independent-audit closure	POST_PAIR_RELATIONAL_FULL_PROMOTION_AUDIT.md
10984	post-pair relational full independent-audit closure	POST_PAIR_RELATIONAL_FULL_PROMOTION_AUDIT.md
10986	post-pair relational full independent-audit closure	POST_PAIR_RELATIONAL_FULL_PROMOTION_AUDIT.md
10987	post-pair relational full independent-audit closure	POST_PAIR_RELATIONAL_FULL_PROMOTION_AUDIT.md
10990	post-pair relational full independent-audit closure	POST_PAIR_RELATIONAL_FULL_PROMOTION_AUDIT.md
10991	post-pair relational full independent-audit closure	POST_PAIR_RELATIONAL_FULL_PROMOTION_AUDIT.md
11001	post-pair relational full independent-audit closure	POST_PAIR_RELATIONAL_FULL_PROMOTION_AUDIT.md
11002	post-pair relational full independent-audit closure	POST_PAIR_RELATIONAL_FULL_PROMOTION_AUDIT.md
11004	post-pair relational full independent-audit closure	POST_PAIR_RELATIONAL_FULL_PROMOTION_AUDIT.md
11006	post-pair relational full independent-audit closure	POST_PAIR_RELATIONAL_FULL_PROMOTION_AUDIT.md
11007	post-pair relational full independent-audit closure	POST_PAIR_RELATIONAL_FULL_PROMOTION_AUDIT.md
11017	post-pair relational full independent-audit closure	POST_PAIR_RELATIONAL_FULL_PROMOTION_AUDIT.md
11018	post-pair relational full independent-audit closure	POST_PAIR_RELATIONAL_FULL_PROMOTION_AUDIT.md
11020	post-pair relational full independent-audit closure	POST_PAIR_RELATIONAL_FULL_PROMOTION_AUDIT.md
11026	post-pair relational full independent-audit closure	POST_PAIR_RELATIONAL_FULL_PROMOTION_AUDIT.md
11027	post-pair relational full independent-audit closure	POST_PAIR_RELATIONAL_FULL_PROMOTION_AUDIT.md
11028	post-pair relational full independent-audit closure	POST_PAIR_RELATIONAL_FULL_PROMOTION_AUDIT.md
11031	post-pair relational full independent-audit closure	POST_PAIR_RELATIONAL_FULL_PROMOTION_AUDIT.md
11037	post-pair relational full independent-audit closure	POST_PAIR_RELATIONAL_FULL_PROMOTION_AUDIT.md
11054	post-pair relational full independent-audit closure	POST_PAIR_RELATIONAL_FULL_PROMOTION_AUDIT.md
11055	post-pair relational full independent-audit closure	POST_PAIR_RELATIONAL_FULL_PROMOTION_AUDIT.md
11057	post-pair relational full independent-audit closure	POST_PAIR_RELATIONAL_FULL_PROMOTION_AUDIT.md
11058	post-pair relational full independent-audit closure	POST_PAIR_RELATIONAL_FULL_PROMOTION_AUDIT.md
11072	post-pair relational full independent-audit closure	POST_PAIR_RELATIONAL_FULL_PROMOTION_AUDIT.md
11073	post-pair relational full independent-audit closure	POST_PAIR_RELATIONAL_FULL_PROMOTION_AUDIT.md
11075	post-pair relational full independent-audit closure	POST_PAIR_RELATIONAL_FULL_PROMOTION_AUDIT.md
11077	post-pair relational full independent-audit closure	POST_PAIR_RELATIONAL_FULL_PROMOTION_AUDIT.md
11078	post-pair relational full independent-audit closure	POST_PAIR_RELATIONAL_FULL_PROMOTION_AUDIT.md
11081	post-pair relational full independent-audit closure	POST_PAIR_RELATIONAL_FULL_PROMOTION_AUDIT.md
11082	post-pair relational full independent-audit closure	POST_PAIR_RELATIONAL_FULL_PROMOTION_AUDIT.md
11083	post-pair relational full independent-audit closure	POST_PAIR_RELATIONAL_FULL_PROMOTION_AUDIT.md
11084	post-pair relational full independent-audit closure	POST_PAIR_RELATIONAL_FULL_PROMOTION_AUDIT.md
11088	post-pair relational full independent-audit closure	POST_PAIR_RELATIONAL_FULL_PROMOTION_AUDIT.md
11090	post-pair relational full independent-audit closure	POST_PAIR_RELATIONAL_FULL_PROMOTION_AUDIT.md
11091	post-pair relational full independent-audit closure	POST_PAIR_RELATIONAL_FULL_PROMOTION_AUDIT.md
11094	post-pair relational full independent-audit closure	POST_PAIR_RELATIONAL_FULL_PROMOTION_AUDIT.md
11095	post-pair relational full independent-audit closure	POST_PAIR_RELATIONAL_FULL_PROMOTION_AUDIT.md
11098	post-pair relational full independent-audit closure	POST_PAIR_RELATIONAL_FULL_PROMOTION_AUDIT.md
11099	post-pair relational full independent-audit closure	POST_PAIR_RELATIONAL_FULL_PROMOTION_AUDIT.md
11101	post-pair relational full independent-audit closure	POST_PAIR_RELATIONAL_FULL_PROMOTION_AUDIT.md
11103	post-pair relational full independent-audit closure	POST_PAIR_RELATIONAL_FULL_PROMOTION_AUDIT.md
11104	post-pair relational full independent-audit closure	POST_PAIR_RELATIONAL_FULL_PROMOTION_AUDIT.md
11107	post-pair relational full independent-audit closure	POST_PAIR_RELATIONAL_FULL_PROMOTION_AUDIT.md
11108	post-pair relational full independent-audit closure	POST_PAIR_RELATIONAL_FULL_PROMOTION_AUDIT.md
11110	post-pair relational full independent-audit closure	POST_PAIR_RELATIONAL_FULL_PROMOTION_AUDIT.md
11112	post-pair relational full independent-audit closure	POST_PAIR_RELATIONAL_FULL_PROMOTION_AUDIT.md
11113	post-pair relational full independent-audit closure	POST_PAIR_RELATIONAL_FULL_PROMOTION_AUDIT.md
11114	post-pair relational full independent-audit closure	POST_PAIR_RELATIONAL_FULL_PROMOTION_AUDIT.md
11117	post-pair relational full independent-audit closure	POST_PAIR_RELATIONAL_FULL_PROMOTION_AUDIT.md
11118	post-pair relational full independent-audit closure	POST_PAIR_RELATIONAL_FULL_PROMOTION_AUDIT.md
11119	post-pair relational full independent-audit closure	POST_PAIR_RELATIONAL_FULL_PROMOTION_AUDIT.md
11120	post-pair relational full independent-audit closure	POST_PAIR_RELATIONAL_FULL_PROMOTION_AUDIT.md
11143	post-pair relational full independent-audit closure	POST_PAIR_RELATIONAL_FULL_PROMOTION_AUDIT.md
11145	post-pair relational full independent-audit closure	POST_PAIR_RELATIONAL_FULL_PROMOTION_AUDIT.md
11149	post-pair relational full independent-audit closure	POST_PAIR_RELATIONAL_FULL_PROMOTION_AUDIT.md
11150	post-pair relational full independent-audit closure	POST_PAIR_RELATIONAL_FULL_PROMOTION_AUDIT.md
11153	post-pair relational full independent-audit closure	POST_PAIR_RELATIONAL_FULL_PROMOTION_AUDIT.md
11154	post-pair relational full independent-audit closure	POST_PAIR_RELATIONAL_FULL_PROMOTION_AUDIT.md
11156	post-pair relational full independent-audit closure	POST_PAIR_RELATIONAL_FULL_PROMOTION_AUDIT.md
11157	post-pair relational full independent-audit closure	POST_PAIR_RELATIONAL_FULL_PROMOTION_AUDIT.md
11171	post-pair relational full independent-audit closure	POST_PAIR_RELATIONAL_FULL_PROMOTION_AUDIT.md
11172	post-pair relational full independent-audit closure	POST_PAIR_RELATIONAL_FULL_PROMOTION_AUDIT.md
11174	post-pair relational full independent-audit closure	POST_PAIR_RELATIONAL_FULL_PROMOTION_AUDIT.md
11176	post-pair relational full independent-audit closure	POST_PAIR_RELATIONAL_FULL_PROMOTION_AUDIT.md
11177	post-pair relational full independent-audit closure	POST_PAIR_RELATIONAL_FULL_PROMOTION_AUDIT.md
11179	post-pair relational full independent-audit closure	POST_PAIR_RELATIONAL_FULL_PROMOTION_AUDIT.md
11181	post-pair relational full independent-audit closure	POST_PAIR_RELATIONAL_FULL_PROMOTION_AUDIT.md
11189	post-pair relational full independent-audit closure	POST_PAIR_RELATIONAL_FULL_PROMOTION_AUDIT.md
11191	post-pair relational full independent-audit closure	POST_PAIR_RELATIONAL_FULL_PROMOTION_AUDIT.md
11215	post-pair relational full independent-audit closure	POST_PAIR_RELATIONAL_FULL_PROMOTION_AUDIT.md
11216	post-pair relational full independent-audit closure	POST_PAIR_RELATIONAL_FULL_PROMOTION_AUDIT.md
11220	post-pair relational full independent-audit closure	POST_PAIR_RELATIONAL_FULL_PROMOTION_AUDIT.md
11222	post-pair relational full independent-audit closure	POST_PAIR_RELATIONAL_FULL_PROMOTION_AUDIT.md
11223	post-pair relational full independent-audit closure	POST_PAIR_RELATIONAL_FULL_PROMOTION_AUDIT.md
11226	post-pair relational full independent-audit closure	POST_PAIR_RELATIONAL_FULL_PROMOTION_AUDIT.md
11227	post-pair relational full independent-audit closure	POST_PAIR_RELATIONAL_FULL_PROMOTION_AUDIT.md
11229	post-pair relational full independent-audit closure	POST_PAIR_RELATIONAL_FULL_PROMOTION_AUDIT.md
11239	post-pair relational full independent-audit closure	POST_PAIR_RELATIONAL_FULL_PROMOTION_AUDIT.md
11240	post-pair relational full independent-audit closure	POST_PAIR_RELATIONAL_FULL_PROMOTION_AUDIT.md
11243	post-pair relational full independent-audit closure	POST_PAIR_RELATIONAL_FULL_PROMOTION_AUDIT.md
11244	post-pair relational full independent-audit closure	POST_PAIR_RELATIONAL_FULL_PROMOTION_AUDIT.md
11246	post-pair relational full independent-audit closure	POST_PAIR_RELATIONAL_FULL_PROMOTION_AUDIT.md
11247	post-pair relational full independent-audit closure	POST_PAIR_RELATIONAL_FULL_PROMOTION_AUDIT.md
11253	post-pair relational full independent-audit closure	POST_PAIR_RELATIONAL_FULL_PROMOTION_AUDIT.md
11255	post-pair relational full independent-audit closure	POST_PAIR_RELATIONAL_FULL_PROMOTION_AUDIT.md
11256	post-pair relational full independent-audit closure	POST_PAIR_RELATIONAL_FULL_PROMOTION_AUDIT.md
11257	post-pair relational full independent-audit closure	POST_PAIR_RELATIONAL_FULL_PROMOTION_AUDIT.md
11263	post-pair relational full independent-audit closure	POST_PAIR_RELATIONAL_FULL_PROMOTION_AUDIT.md
11265	post-pair relational full independent-audit closure	POST_PAIR_RELATIONAL_FULL_PROMOTION_AUDIT.md
11266	post-pair relational full independent-audit closure	POST_PAIR_RELATIONAL_FULL_PROMOTION_AUDIT.md
11270	post-pair relational full independent-audit closure	POST_PAIR_RELATIONAL_FULL_PROMOTION_AUDIT.md
11275	post-pair relational full independent-audit closure	POST_PAIR_RELATIONAL_FULL_PROMOTION_AUDIT.md
11282	post-pair relational full independent-audit closure	POST_PAIR_RELATIONAL_FULL_PROMOTION_AUDIT.md
11283	post-pair relational full independent-audit closure	POST_PAIR_RELATIONAL_FULL_PROMOTION_AUDIT.md
11286	post-pair relational full independent-audit closure	POST_PAIR_RELATIONAL_FULL_PROMOTION_AUDIT.md
11290	post-pair relational full independent-audit closure	POST_PAIR_RELATIONAL_FULL_PROMOTION_AUDIT.md
11302	post-pair relational full independent-audit closure	POST_PAIR_RELATIONAL_FULL_PROMOTION_AUDIT.md
11303	post-pair relational full independent-audit closure	POST_PAIR_RELATIONAL_FULL_PROMOTION_AUDIT.md
11309	post-pair relational full independent-audit closure	POST_PAIR_RELATIONAL_FULL_PROMOTION_AUDIT.md
11312	post-pair relational full independent-audit closure	POST_PAIR_RELATIONAL_FULL_PROMOTION_AUDIT.md
11318	post-pair relational full independent-audit closure	POST_PAIR_RELATIONAL_FULL_PROMOTION_AUDIT.md
11321	post-pair relational full independent-audit closure	POST_PAIR_RELATIONAL_FULL_PROMOTION_AUDIT.md
11326	post-pair relational full independent-audit closure	POST_PAIR_RELATIONAL_FULL_PROMOTION_AUDIT.md
11344	post-pair relational full independent-audit closure	POST_PAIR_RELATIONAL_FULL_PROMOTION_AUDIT.md
11346	post-pair relational full independent-audit closure	POST_PAIR_RELATIONAL_FULL_PROMOTION_AUDIT.md
11347	post-pair relational full independent-audit closure	POST_PAIR_RELATIONAL_FULL_PROMOTION_AUDIT.md
11357	post-pair relational full independent-audit closure	POST_PAIR_RELATIONAL_FULL_PROMOTION_AUDIT.md
11358	post-pair relational full independent-audit closure	POST_PAIR_RELATIONAL_FULL_PROMOTION_AUDIT.md
11364	post-pair relational full independent-audit closure	POST_PAIR_RELATIONAL_FULL_PROMOTION_AUDIT.md
11365	post-pair relational full independent-audit closure	POST_PAIR_RELATIONAL_FULL_PROMOTION_AUDIT.md
11375	post-pair relational full independent-audit closure	POST_PAIR_RELATIONAL_FULL_PROMOTION_AUDIT.md
11376	post-pair relational full independent-audit closure	POST_PAIR_RELATIONAL_FULL_PROMOTION_AUDIT.md
11382	post-pair relational full independent-audit closure	POST_PAIR_RELATIONAL_FULL_PROMOTION_AUDIT.md
11385	post-pair relational full independent-audit closure	POST_PAIR_RELATIONAL_FULL_PROMOTION_AUDIT.md
11395	post-pair relational full independent-audit closure	POST_PAIR_RELATIONAL_FULL_PROMOTION_AUDIT.md
11398	post-pair relational full independent-audit closure	POST_PAIR_RELATIONAL_FULL_PROMOTION_AUDIT.md
11403	post-pair relational full independent-audit closure	POST_PAIR_RELATIONAL_FULL_PROMOTION_AUDIT.md
11421	post-pair relational full independent-audit closure	POST_PAIR_RELATIONAL_FULL_PROMOTION_AUDIT.md
11423	post-pair relational full independent-audit closure	POST_PAIR_RELATIONAL_FULL_PROMOTION_AUDIT.md
11424	post-pair relational full independent-audit closure	POST_PAIR_RELATIONAL_FULL_PROMOTION_AUDIT.md
11434	post-pair relational full independent-audit closure	POST_PAIR_RELATIONAL_FULL_PROMOTION_AUDIT.md
11435	post-pair relational full independent-audit closure	POST_PAIR_RELATIONAL_FULL_PROMOTION_AUDIT.md
11437	post-pair relational full independent-audit closure	POST_PAIR_RELATIONAL_FULL_PROMOTION_AUDIT.md
11447	post-pair relational full independent-audit closure	POST_PAIR_RELATIONAL_FULL_PROMOTION_AUDIT.md
11448	post-pair relational full independent-audit closure	POST_PAIR_RELATIONAL_FULL_PROMOTION_AUDIT.md
11454	post-pair relational full independent-audit closure	POST_PAIR_RELATIONAL_FULL_PROMOTION_AUDIT.md
11455	post-pair relational full independent-audit closure	POST_PAIR_RELATIONAL_FULL_PROMOTION_AUDIT.md
11461	post-pair relational full independent-audit closure	POST_PAIR_RELATIONAL_FULL_PROMOTION_AUDIT.md
11471	post-pair relational full independent-audit closure	POST_PAIR_RELATIONAL_FULL_PROMOTION_AUDIT.md
11509	post-pair relational full independent-audit closure	POST_PAIR_RELATIONAL_FULL_PROMOTION_AUDIT.md
11512	post-pair relational full independent-audit closure	POST_PAIR_RELATIONAL_FULL_PROMOTION_AUDIT.md
11513	post-pair relational full independent-audit closure	POST_PAIR_RELATIONAL_FULL_PROMOTION_AUDIT.md
11515	post-pair relational full independent-audit closure	POST_PAIR_RELATIONAL_FULL_PROMOTION_AUDIT.md
11516	post-pair relational full independent-audit closure	POST_PAIR_RELATIONAL_FULL_PROMOTION_AUDIT.md
11532	post-pair relational full independent-audit closure	POST_PAIR_RELATIONAL_FULL_PROMOTION_AUDIT.md
11534	post-pair relational full independent-audit closure	POST_PAIR_RELATIONAL_FULL_PROMOTION_AUDIT.md
11535	post-pair relational full independent-audit closure	POST_PAIR_RELATIONAL_FULL_PROMOTION_AUDIT.md
11538	post-pair relational full independent-audit closure	POST_PAIR_RELATIONAL_FULL_PROMOTION_AUDIT.md
11539	post-pair relational full independent-audit closure	POST_PAIR_RELATIONAL_FULL_PROMOTION_AUDIT.md
11555	post-pair relational full independent-audit closure	POST_PAIR_RELATIONAL_FULL_PROMOTION_AUDIT.md
11557	post-pair relational full independent-audit closure	POST_PAIR_RELATIONAL_FULL_PROMOTION_AUDIT.md
11558	post-pair relational full independent-audit closure	POST_PAIR_RELATIONAL_FULL_PROMOTION_AUDIT.md
11568	post-pair relational full independent-audit closure	POST_PAIR_RELATIONAL_FULL_PROMOTION_AUDIT.md
11569	post-pair relational full independent-audit closure	POST_PAIR_RELATIONAL_FULL_PROMOTION_AUDIT.md
11571	post-pair relational full independent-audit closure	POST_PAIR_RELATIONAL_FULL_PROMOTION_AUDIT.md
11581	post-pair relational full independent-audit closure	POST_PAIR_RELATIONAL_FULL_PROMOTION_AUDIT.md
11582	post-pair relational full independent-audit closure	POST_PAIR_RELATIONAL_FULL_PROMOTION_AUDIT.md
11588	post-pair relational full independent-audit closure	POST_PAIR_RELATIONAL_FULL_PROMOTION_AUDIT.md
11589	post-pair relational full independent-audit closure	POST_PAIR_RELATIONAL_FULL_PROMOTION_AUDIT.md
11602	post-pair relational full independent-audit closure	POST_PAIR_RELATIONAL_FULL_PROMOTION_AUDIT.md
11603	post-pair relational full independent-audit closure	POST_PAIR_RELATIONAL_FULL_PROMOTION_AUDIT.md
11609	post-pair relational full independent-audit closure	POST_PAIR_RELATIONAL_FULL_PROMOTION_AUDIT.md
11610	post-pair relational full independent-audit closure	POST_PAIR_RELATIONAL_FULL_PROMOTION_AUDIT.md
11616	post-pair relational full independent-audit closure	POST_PAIR_RELATIONAL_FULL_PROMOTION_AUDIT.md
11630	post-pair relational full independent-audit closure	POST_PAIR_RELATIONAL_FULL_PROMOTION_AUDIT.md
11679	post-pair relational full independent-audit closure	POST_PAIR_RELATIONAL_FULL_PROMOTION_AUDIT.md
11681	post-pair relational full independent-audit closure	POST_PAIR_RELATIONAL_FULL_PROMOTION_AUDIT.md
11682	post-pair relational full independent-audit closure	POST_PAIR_RELATIONAL_FULL_PROMOTION_AUDIT.md
11704	post-pair relational full independent-audit closure	POST_PAIR_RELATIONAL_FULL_PROMOTION_AUDIT.md
11705	post-pair relational full independent-audit closure	POST_PAIR_RELATIONAL_FULL_PROMOTION_AUDIT.md
11718	post-pair relational full independent-audit closure	POST_PAIR_RELATIONAL_FULL_PROMOTION_AUDIT.md
11721	post-pair relational full independent-audit closure	POST_PAIR_RELATIONAL_FULL_PROMOTION_AUDIT.md
11734	post-pair relational full independent-audit closure	POST_PAIR_RELATIONAL_FULL_PROMOTION_AUDIT.md
11741	post-pair relational full independent-audit closure	POST_PAIR_RELATIONAL_FULL_PROMOTION_AUDIT.md
11744	post-pair relational full independent-audit closure	POST_PAIR_RELATIONAL_FULL_PROMOTION_AUDIT.md
11752	post-pair relational full independent-audit closure	POST_PAIR_RELATIONAL_FULL_PROMOTION_AUDIT.md
11788	post-pair relational full independent-audit closure	POST_PAIR_RELATIONAL_FULL_PROMOTION_AUDIT.md
11792	post-pair relational full independent-audit closure	POST_PAIR_RELATIONAL_FULL_PROMOTION_AUDIT.md
11797	post-pair relational full independent-audit closure	POST_PAIR_RELATIONAL_FULL_PROMOTION_AUDIT.md
11853	post-pair relational full independent-audit closure	POST_PAIR_RELATIONAL_FULL_PROMOTION_AUDIT.md
11868	post-pair relational full independent-audit closure	POST_PAIR_RELATIONAL_FULL_PROMOTION_AUDIT.md
11871	post-pair relational full independent-audit closure	POST_PAIR_RELATIONAL_FULL_PROMOTION_AUDIT.md
11872	post-pair relational full independent-audit closure	POST_PAIR_RELATIONAL_FULL_PROMOTION_AUDIT.md
11873	post-pair relational full independent-audit closure	POST_PAIR_RELATIONAL_FULL_PROMOTION_AUDIT.md
11875	post-pair relational full independent-audit closure	POST_PAIR_RELATIONAL_FULL_PROMOTION_AUDIT.md
11877	post-pair relational full independent-audit closure	POST_PAIR_RELATIONAL_FULL_PROMOTION_AUDIT.md
11879	post-pair relational full independent-audit closure	POST_PAIR_RELATIONAL_FULL_PROMOTION_AUDIT.md
11883	post-pair relational full independent-audit closure	POST_PAIR_RELATIONAL_FULL_PROMOTION_AUDIT.md
11918	post-pair relational full independent-audit closure	POST_PAIR_RELATIONAL_FULL_PROMOTION_AUDIT.md
12041	post-pair relational full independent-audit closure	POST_PAIR_RELATIONAL_FULL_PROMOTION_AUDIT.md
12064	post-pair relational full independent-audit closure	POST_PAIR_RELATIONAL_FULL_PROMOTION_AUDIT.md
12084	post-pair relational full independent-audit closure	POST_PAIR_RELATIONAL_FULL_PROMOTION_AUDIT.md
12104	post-pair relational full independent-audit closure	POST_PAIR_RELATIONAL_FULL_PROMOTION_AUDIT.md
12157	post-pair relational full independent-audit closure	POST_PAIR_RELATIONAL_FULL_PROMOTION_AUDIT.md
12263	post-pair relational full independent-audit closure	POST_PAIR_RELATIONAL_FULL_PROMOTION_AUDIT.md
12375	post-pair relational full independent-audit closure	POST_PAIR_RELATIONAL_FULL_PROMOTION_AUDIT.md
12405	post-pair relational full independent-audit closure	POST_PAIR_RELATIONAL_FULL_PROMOTION_AUDIT.md
12425	post-pair relational full independent-audit closure	POST_PAIR_RELATIONAL_FULL_PROMOTION_AUDIT.md
12444	post-pair relational full independent-audit closure	POST_PAIR_RELATIONAL_FULL_PROMOTION_AUDIT.md
12485	post-pair relational full independent-audit closure	POST_PAIR_RELATIONAL_FULL_PROMOTION_AUDIT.md
12513	post-pair relational full independent-audit closure	POST_PAIR_RELATIONAL_FULL_PROMOTION_AUDIT.md
12595	post-pair relational full independent-audit closure	POST_PAIR_RELATIONAL_FULL_PROMOTION_AUDIT.md
12859	post-pair relational full independent-audit closure	POST_PAIR_RELATIONAL_FULL_PROMOTION_AUDIT.md
