LAYER_EXCEPTION	state=226	E=0	Q=41	demand=33	exactcap=20	exactdef=13	layerupper=33	layerexcess=0	gens=3	types=0,1,3,7,0,-1,0;0,4,6,1,0,-1,2;2,4,1,1,0,-1,2;2,5,2,3,0,-1,6;4,6,1,1,1,0,5;5,8,2,1,1,1,5;6,9,2,4,1,2,5
LAYER_EXCEPTION	state=226	E=0	Q=41	demand=33	exactcap=18	exactdef=15	layerupper=33	layerexcess=0	gens=2	types=0,1,3,7,0,-1,0;0,4,6,1,0,-1,3;2,4,1,2,0,-1,3;2,5,2,2,0,-1,6;5,8,2,3,1,0,5;6,9,1,3,1,1,5
LAYER_EXCEPTION	state=226	E=2	Q=43	demand=33	exactcap=26	exactdef=7	layerupper=33	layerexcess=0	gens=3	types=0,1,3,7,0,-1,0;2,4,2,1,0,-1,2;2,5,3,3,0,-1,6;2,6,4,1,0,-1,6;4,6,1,1,1,0,5;5,8,2,1,1,1,5;6,9,2,4,1,2,5
LAYER_EXCEPTION	state=226	E=2	Q=43	demand=33	exactcap=26	exactdef=7	layerupper=33	layerexcess=0	gens=2	types=0,1,3,7,0,-1,0;2,4,2,2,0,-1,3;2,5,3,3,0,-1,6;5,8,2,2,1,0,5;5,9,3,1,1,1,5;6,9,2,3,1,1,5
LAYER_EXCEPTION	state=226	E=2	Q=43	demand=33	exactcap=26	exactdef=7	layerupper=33	layerexcess=0	gens=2	types=0,1,3,7,0,-1,0;2,4,2,2,0,-1,3;2,5,3,2,0,-1,6;2,6,4,1,0,-1,6;5,8,2,3,1,0,5;6,9,2,3,1,1,5
LAYER_EXCEPTION	state=226	E=3	Q=44	demand=38	exactcap=23	exactdef=15	layerupper=38	layerexcess=0	gens=4	types=0,1,3,7,0,-1,0;1,4,5,2,0,-1,3;2,5,3,1,0,-1,6;2,6,4,1,0,-1,7;4,6,1,2,1,0,6;5,8,2,1,1,1,6;6,9,2,3,1,2,6;7,10,0,1,1,3,4
LAYER_EXCEPTION	state=226	E=4	Q=45	demand=37	exactcap=31	exactdef=6	layerupper=37	layerexcess=0	gens=2	types=0,1,3,7,0,-1,0;2,5,4,4,0,-1,7;4,6,2,2,1,0,6;5,9,3,1,1,1,6;6,9,2,4,1,1,6
LAYER_EXCEPTION	state=226	E=4	Q=45	demand=37	exactcap=31	exactdef=6	layerupper=37	layerexcess=0	gens=4	types=0,1,3,7,0,-1,0;2,5,4,4,0,-1,7;4,6,2,2,1,0,6;5,8,2,1,1,1,6;6,9,2,3,1,2,6;6,10,3,1,1,3,6
LAYER_EXCEPTION	state=226	E=4	Q=45	demand=38	exactcap=28	exactdef=10	layerupper=39	layerexcess=1	gens=4	types=0,1,3,7,0,-1,0;1,4,5,1,0,-1,3;2,5,4,2,0,-1,6;2,6,5,1,0,-1,7;4,6,2,2,1,0,6;5,8,2,1,1,1,6;6,9,2,3,1,2,6;7,10,0,1,1,3,4
LAYER_EXCEPTION	state=226	E=4	Q=45	demand=38	exactcap=29	exactdef=9	layerupper=38	layerexcess=0	gens=2	types=0,1,3,7,0,-1,0;1,4,5,1,0,-1,2;2,5,4,2,0,-1,7;2,6,5,1,0,-1,7;4,6,2,2,1,0,6;6,9,2,5,1,1,6
LAYER_EXCEPTION	state=226	E=4	Q=45	demand=37	exactcap=30	exactdef=7	layerupper=38	layerexcess=1	gens=4	types=0,1,3,7,0,-1,0;2,5,4,3,0,-1,6;2,6,5,1,0,-1,7;4,6,2,2,1,0,6;4,7,3,1,1,1,6;6,9,2,3,1,2,6;7,10,0,1,1,3,4
LAYER_EXCEPTION	state=226	E=4	Q=45	demand=37	exactcap=29	exactdef=8	layerupper=38	layerexcess=1	gens=4	types=0,1,3,7,0,-1,0;2,5,4,3,0,-1,6;2,6,5,1,0,-1,7;4,6,2,2,1,0,6;5,8,2,2,1,1,6;6,9,2,2,1,2,6;7,10,0,1,1,3,4
LAYER_EXCEPTION	state=226	E=4	Q=45	demand=37	exactcap=31	exactdef=6	layerupper=38	layerexcess=1	gens=3	types=0,1,3,7,0,-1,0;2,5,4,3,0,-1,7;2,6,5,1,0,-1,7;4,6,2,2,1,0,6;5,8,2,1,1,1,6;6,9,2,4,1,2,6
LAYER_EXCEPTION	state=226	E=4	Q=45	demand=38	exactcap=32	exactdef=6	layerupper=39	layerexcess=1	gens=2	types=0,1,3,7,0,-1,0;1,5,6,1,0,-1,7;2,5,4,3,0,-1,7;4,6,2,2,1,0,6;6,9,2,5,1,1,6
LAYER_EXCEPTION	state=226	E=4	Q=45	demand=37	exactcap=31	exactdef=6	layerupper=37	layerexcess=0	gens=4	types=0,1,3,7,0,-1,0;2,5,4,4,0,-1,7;3,5,2,1,1,0,6;4,6,2,1,1,1,6;6,9,2,4,1,2,5;6,10,3,1,1,3,5
LAYER_EXCEPTION	state=226	E=4	Q=45	demand=37	exactcap=31	exactdef=6	layerupper=38	layerexcess=1	gens=3	types=0,1,3,7,0,-1,0;2,5,4,3,0,-1,7;2,6,5,1,0,-1,7;3,5,2,1,1,0,6;4,6,2,1,1,1,6;6,9,2,5,1,2,5
LAYER_EXCEPTION	state=226	E=4	Q=45	demand=37	exactcap=31	exactdef=6	layerupper=37	layerexcess=0	gens=3	types=0,1,3,7,0,-1,0;2,4,3,1,0,-1,3;2,5,4,3,0,-1,7;4,6,2,1,1,0,6;4,8,4,1,1,1,6;5,8,2,1,1,1,6;6,9,2,4,1,2,6
LAYER_EXCEPTION	state=226	E=4	Q=45	demand=38	exactcap=28	exactdef=10	layerupper=38	layerexcess=0	gens=5	types=0,1,3,7,0,-1,0;1,4,5,1,0,-1,3;2,4,3,1,0,-1,3;2,5,4,1,0,-1,6;2,6,5,1,0,-1,7;4,6,2,1,1,0,6;4,7,3,1,1,1,6;5,8,2,1,1,2,6;6,9,2,3,1,3,6;7,10,0,1,1,4,5
LAYER_EXCEPTION	state=226	E=4	Q=45	demand=38	exactcap=28	exactdef=10	layerupper=38	layerexcess=0	gens=4	types=0,1,3,7,0,-1,0;1,4,5,1,0,-1,4;2,4,3,1,0,-1,4;2,5,4,1,0,-1,6;2,6,5,1,0,-1,7;4,6,2,1,1,0,6;5,8,2,3,1,1,6;6,9,2,2,1,2,6;7,10,0,1,1,3,5
LAYER_EXCEPTION	state=226	E=4	Q=45	demand=38	exactcap=29	exactdef=9	layerupper=38	layerexcess=0	gens=3	types=0,1,3,7,0,-1,0;1,4,5,1,0,-1,3;2,4,3,1,0,-1,3;2,5,4,1,0,-1,7;2,6,5,1,0,-1,7;4,6,2,1,1,0,6;5,8,2,2,1,1,6;6,9,2,4,1,2,6
LAYER_EXCEPTION	state=226	E=4	Q=45	demand=37	exactcap=29	exactdef=8	layerupper=37	layerexcess=0	gens=4	types=0,1,3,7,0,-1,0;2,4,3,1,0,-1,3;2,5,4,2,0,-1,6;2,6,5,1,0,-1,7;3,6,3,1,1,0,6;4,6,2,1,1,0,6;5,8,2,1,1,1,6;6,9,2,3,1,2,6;7,10,0,1,1,3,4
LAYER_EXCEPTION	state=226	E=4	Q=45	demand=37	exactcap=30	exactdef=7	layerupper=37	layerexcess=0	gens=4	types=0,1,3,7,0,-1,0;2,4,3,1,0,-1,3;2,5,4,2,0,-1,6;2,6,5,1,0,-1,7;4,6,2,1,1,0,6;4,7,3,2,1,1,6;6,9,2,3,1,2,6;7,10,0,1,1,3,5
LAYER_EXCEPTION	state=226	E=4	Q=45	demand=37	exactcap=29	exactdef=8	layerupper=37	layerexcess=0	gens=5	types=0,1,3,7,0,-1,0;2,4,3,1,0,-1,4;2,5,4,2,0,-1,6;2,6,5,1,0,-1,7;4,6,2,1,1,0,6;4,7,3,1,1,1,6;5,8,2,2,1,2,6;6,9,2,2,1,3,6;7,10,0,1,1,4,5
LAYER_EXCEPTION	state=226	E=4	Q=45	demand=37	exactcap=31	exactdef=6	layerupper=37	layerexcess=0	gens=4	types=0,1,3,7,0,-1,0;2,4,3,1,0,-1,3;2,5,4,2,0,-1,7;2,6,5,1,0,-1,7;4,6,2,1,1,0,6;4,7,3,1,1,1,6;5,8,2,1,1,2,6;6,9,2,4,1,3,6
LAYER_EXCEPTION	state=226	E=4	Q=45	demand=37	exactcap=28	exactdef=9	layerupper=37	layerexcess=0	gens=4	types=0,1,3,7,0,-1,0;2,4,3,1,0,-1,5;2,5,4,2,0,-1,6;2,6,5,1,0,-1,7;4,6,2,1,1,0,6;5,8,2,4,1,1,6;6,9,2,1,1,2,6;7,10,0,1,1,3,5
LAYER_EXCEPTION	state=226	E=4	Q=45	demand=37	exactcap=30	exactdef=7	layerupper=37	layerexcess=0	gens=3	types=0,1,3,7,0,-1,0;2,4,3,1,0,-1,4;2,5,4,2,0,-1,7;2,6,5,1,0,-1,7;4,6,2,1,1,0,6;5,8,2,3,1,1,6;6,9,2,3,1,2,6
LAYER_EXCEPTION	state=226	E=4	Q=45	demand=38	exactcap=31	exactdef=7	layerupper=38	layerexcess=0	gens=3	types=0,1,3,7,0,-1,0;1,5,6,1,0,-1,7;2,4,3,1,0,-1,3;2,5,4,2,0,-1,7;4,6,2,1,1,0,6;5,8,2,2,1,1,6;6,9,2,4,1,2,6
LAYER_EXCEPTION	state=226	E=4	Q=45	demand=37	exactcap=30	exactdef=7	layerupper=37	layerexcess=0	gens=3	types=0,1,3,7,0,-1,0;2,4,3,1,0,-1,3;2,5,4,2,0,-1,7;2,6,5,1,0,-1,7;3,5,2,1,1,0,6;5,8,2,2,1,1,6;6,9,2,4,1,2,5
LAYER_EXCEPTION	state=226	E=5	Q=46	demand=38	exactcap=30	exactdef=8	layerupper=38	layerexcess=0	gens=4	types=0,1,3,7,0,-1,0;2,5,4,3,0,-1,6;2,6,5,1,0,-1,7;4,6,2,2,1,0,6;5,8,3,1,1,1,6;6,9,2,3,1,2,6;7,10,0,1,1,3,4
LAYER_EXCEPTION	state=226	E=5	Q=46	demand=38	exactcap=31	exactdef=7	layerupper=38	layerexcess=0	gens=2	types=0,1,3,7,0,-1,0;2,5,4,3,0,-1,7;2,6,5,1,0,-1,7;4,6,2,2,1,0,6;6,9,2,5,1,1,6
LAYER_EXCEPTION	state=226	E=6	Q=47	demand=41	exactcap=36	exactdef=5	layerupper=41	layerexcess=0	gens=3	types=0,1,3,7,0,-1,0;2,5,5,3,0,-1,7;3,6,4,1,1,0,7;4,6,2,2,1,0,7;5,9,4,1,1,1,7;6,9,3,3,1,1,7;7,10,0,1,1,2,4
LAYER_EXCEPTION	state=226	E=6	Q=47	demand=41	exactcap=36	exactdef=5	layerupper=41	layerexcess=0	gens=4	types=0,1,3,7,0,-1,0;2,5,5,3,0,-1,7;3,7,5,1,1,0,7;4,6,2,2,1,0,7;5,8,3,1,1,1,7;6,9,3,3,1,2,7;7,10,0,1,1,3,5
LAYER_EXCEPTION	state=226	E=6	Q=47	demand=41	exactcap=39	exactdef=2	layerupper=41	layerexcess=0	gens=2	types=0,1,3,7,0,-1,0;2,5,5,3,0,-1,8;3,7,5,1,1,0,7;4,6,2,2,1,0,7;6,9,3,5,1,1,7
LAYER_EXCEPTION	state=226	E=6	Q=47	demand=41	exactcap=36	exactdef=5	layerupper=41	layerexcess=0	gens=4	types=0,1,3,7,0,-1,0;2,5,5,3,0,-1,7;3,6,4,1,1,0,7;4,6,2,2,1,0,7;5,8,3,1,1,1,7;6,9,3,2,1,2,7;6,10,4,1,1,3,7;7,10,0,1,1,3,4
LAYER_EXCEPTION	state=226	E=6	Q=47	demand=41	exactcap=39	exactdef=2	layerupper=41	layerexcess=0	gens=3	types=0,1,3,7,0,-1,0;2,5,5,3,0,-1,8;3,6,4,1,1,0,7;4,6,2,2,1,0,7;6,9,3,4,1,1,7;6,10,4,1,1,2,7
LAYER_EXCEPTION	state=226	E=6	Q=47	demand=39	exactcap=37	exactdef=2	layerupper=42	layerexcess=3	gens=3	types=0,1,3,7,0,-1,0;2,5,5,3,0,-1,6;2,6,6,1,0,-1,7;4,6,2,2,1,0,6;6,9,3,4,1,1,6;7,10,0,1,1,2,4
LAYER_EXCEPTION	state=226	E=6	Q=47	demand=41	exactcap=34	exactdef=7	layerupper=42	layerexcess=1	gens=3	types=0,1,3,7,0,-1,0;2,5,5,2,0,-1,5;2,6,6,1,0,-1,8;3,6,4,2,1,0,7;4,6,2,2,1,0,7;6,9,3,1,1,1,7;7,10,1,3,1,2,3
LAYER_EXCEPTION	state=226	E=6	Q=47	demand=41	exactcap=33	exactdef=8	layerupper=41	layerexcess=0	gens=4	types=0,1,3,7,0,-1,0;2,5,5,2,0,-1,5;2,6,6,1,0,-1,8;3,6,4,1,1,0,7;4,6,2,2,1,0,7;4,7,3,1,1,1,7;5,8,3,1,1,2,7;7,10,1,3,1,3,4
LAYER_EXCEPTION	state=226	E=6	Q=47	demand=41	exactcap=35	exactdef=6	layerupper=41	layerexcess=0	gens=4	types=0,1,3,7,0,-1,0;2,5,5,2,0,-1,6;2,6,6,1,0,-1,8;3,6,4,1,1,0,7;4,6,2,2,1,0,7;4,7,3,1,1,1,7;6,9,3,2,1,2,7;7,10,1,2,1,3,4
LAYER_EXCEPTION	state=226	E=6	Q=47	demand=41	exactcap=35	exactdef=6	layerupper=41	layerexcess=0	gens=4	types=0,1,3,7,0,-1,0;2,5,5,2,0,-1,6;2,6,6,1,0,-1,8;3,6,4,1,1,0,7;4,6,2,2,1,0,7;5,8,3,2,1,1,7;6,9,3,1,1,2,7;7,10,1,2,1,3,4
LAYER_EXCEPTION	state=226	E=6	Q=47	demand=41	exactcap=37	exactdef=4	layerupper=41	layerexcess=0	gens=4	types=0,1,3,7,0,-1,0;2,5,5,2,0,-1,7;2,6,6,1,0,-1,8;3,6,4,1,1,0,7;4,6,2,2,1,0,7;5,8,3,1,1,1,7;6,9,3,3,1,2,7;7,10,1,1,1,3,4
LAYER_EXCEPTION	state=226	E=6	Q=47	demand=41	exactcap=39	exactdef=2	layerupper=41	layerexcess=0	gens=2	types=0,1,3,7,0,-1,0;2,5,5,2,0,-1,8;2,6,6,1,0,-1,8;3,6,4,1,1,0,7;4,6,2,2,1,0,7;6,9,3,5,1,1,7
LAYER_EXCEPTION	state=226	E=6	Q=47	demand=41	exactcap=37	exactdef=4	layerupper=41	layerexcess=0	gens=4	types=0,1,3,7,0,-1,0;2,5,5,2,0,-1,7;2,6,6,1,0,-1,8;3,5,3,1,1,0,6;3,6,4,1,1,1,7;4,6,2,1,1,1,7;6,9,3,4,1,2,6;7,10,0,1,1,3,4
LAYER_EXCEPTION	state=226	E=6	Q=47	demand=39	exactcap=38	exactdef=1	layerupper=40	layerexcess=1	gens=2	types=0,1,3,7,0,-1,0;2,4,4,1,0,-1,2;2,5,5,3,0,-1,7;4,6,2,1,1,0,6;5,9,4,1,1,1,6;6,9,3,5,1,1,6
LAYER_EXCEPTION	state=226	E=6	Q=47	demand=39	exactcap=37	exactdef=2	layerupper=39	layerexcess=0	gens=3	types=0,1,3,7,0,-1,0;2,4,4,1,0,-1,2;2,5,5,3,0,-1,7;4,6,2,1,1,0,6;5,8,3,1,1,1,6;6,9,3,4,1,2,6;6,10,3,1,1,2,6
LAYER_EXCEPTION	state=226	E=6	Q=47	demand=41	exactcap=36	exactdef=5	layerupper=41	layerexcess=0	gens=4	types=0,1,3,7,0,-1,0;2,4,4,1,0,-1,3;2,5,5,2,0,-1,7;3,6,4,1,1,0,7;3,7,5,1,1,1,7;4,6,2,1,1,0,7;6,9,3,4,1,2,7;7,10,0,1,1,3,5
LAYER_EXCEPTION	state=226	E=6	Q=47	demand=39	exactcap=35	exactdef=4	layerupper=40	layerexcess=1	gens=4	types=0,1,3,7,0,-1,0;2,4,4,1,0,-1,2;2,5,5,2,0,-1,6;2,6,6,1,0,-1,7;4,6,2,1,1,0,6;4,7,3,1,1,1,6;6,9,3,4,1,2,6;7,10,0,1,1,3,5
LAYER_EXCEPTION	state=226	E=6	Q=47	demand=39	exactcap=36	exactdef=3	layerupper=41	layerexcess=2	gens=4	types=0,1,3,7,0,-1,0;2,4,4,1,0,-1,3;2,5,5,2,0,-1,6;2,6,6,1,0,-1,7;4,6,2,1,1,0,6;5,8,3,2,1,1,6;6,9,3,3,1,2,6;7,10,0,1,1,3,5
LAYER_EXCEPTION	state=226	E=6	Q=47	demand=39	exactcap=38	exactdef=1	layerupper=40	layerexcess=1	gens=3	types=0,1,3,7,0,-1,0;2,4,4,1,0,-1,2;2,5,5,2,0,-1,7;2,6,6,1,0,-1,7;4,6,2,1,1,0,6;5,8,3,1,1,1,6;6,9,3,5,1,2,6
LAYER_EXCEPTION	state=226	E=6	Q=47	demand=41	exactcap=34	exactdef=7	layerupper=41	layerexcess=0	gens=4	types=0,1,3,7,0,-1,0;2,4,4,1,0,-1,4;2,5,5,1,0,-1,5;2,6,6,1,0,-1,8;3,6,4,2,1,0,7;4,6,2,1,1,0,7;4,7,3,1,1,1,7;6,9,3,1,1,2,7;7,10,1,3,1,3,4
LAYER_EXCEPTION	state=226	E=6	Q=47	demand=41	exactcap=34	exactdef=7	layerupper=41	layerexcess=0	gens=3	types=0,1,3,7,0,-1,0;2,4,4,1,0,-1,5;2,5,5,1,0,-1,5;2,6,6,1,0,-1,8;3,6,4,2,1,0,7;4,6,2,1,1,0,7;5,8,3,2,1,1,7;7,10,1,3,1,2,4
LAYER_EXCEPTION	state=226	E=6	Q=47	demand=41	exactcap=36	exactdef=5	layerupper=41	layerexcess=0	gens=4	types=0,1,3,7,0,-1,0;2,4,4,1,0,-1,4;2,5,5,1,0,-1,6;2,6,6,1,0,-1,8;3,6,4,2,1,0,7;4,6,2,1,1,0,7;5,8,3,1,1,1,7;6,9,3,2,1,2,7;7,10,1,2,1,3,4
LAYER_EXCEPTION	state=226	E=6	Q=47	demand=41	exactcap=37	exactdef=4	layerupper=41	layerexcess=0	gens=3	types=0,1,3,7,0,-1,0;2,4,4,1,0,-1,3;2,5,5,1,0,-1,7;2,6,6,1,0,-1,8;3,6,4,2,1,0,7;4,6,2,1,1,0,7;6,9,3,4,1,1,7;7,10,1,1,1,2,4
LAYER_EXCEPTION	state=226	E=6	Q=47	demand=39	exactcap=38	exactdef=1	layerupper=39	layerexcess=0	gens=2	types=0,1,3,7,0,-1,0;2,4,4,1,0,-1,1;2,5,5,2,0,-1,7;2,6,6,1,0,-1,7;3,5,3,1,1,0,6;6,9,3,6,1,1,5
LAYER_EXCEPTION	state=226	E=6	Q=47	demand=39	exactcap=34	exactdef=5	layerupper=40	layerexcess=1	gens=2	types=0,1,3,7,0,-1,0;2,4,4,2,0,-1,3;2,5,5,2,0,-1,7;5,8,3,2,1,0,6;5,9,4,1,1,1,6;6,9,2,4,1,1,6
LAYER_EXCEPTION	state=226	E=6	Q=47	demand=39	exactcap=33	exactdef=6	layerupper=39	layerexcess=0	gens=2	types=0,1,3,7,0,-1,0;2,4,4,2,0,-1,3;2,5,5,2,0,-1,7;5,8,3,3,1,0,6;6,9,2,3,1,1,6;6,10,2,1,1,1,6
LAYER_EXCEPTION	state=226	E=6	Q=47	demand=39	exactcap=32	exactdef=7	layerupper=40	layerexcess=1	gens=4	types=0,1,3,7,0,-1,0;2,4,4,2,0,-1,3;2,5,5,1,0,-1,6;2,6,6,1,0,-1,7;4,7,3,1,1,0,6;5,8,3,2,1,1,6;6,9,2,3,1,2,6;7,10,0,1,1,3,6
LAYER_EXCEPTION	state=226	E=6	Q=47	demand=39	exactcap=35	exactdef=4	layerupper=40	layerexcess=1	gens=3	types=0,1,3,7,0,-1,0;2,4,4,2,0,-1,4;2,5,5,1,0,-1,6;2,6,6,1,0,-1,7;5,8,3,4,1,0,6;6,9,2,2,1,1,6;7,10,0,1,1,2,6
LAYER_EXCEPTION	state=226	E=6	Q=47	demand=39	exactcap=34	exactdef=5	layerupper=40	layerexcess=1	gens=2	types=0,1,3,7,0,-1,0;2,4,4,2,0,-1,3;2,5,5,1,0,-1,7;2,6,6,1,0,-1,7;5,8,3,3,1,0,6;6,9,2,4,1,1,6
LAYER_EXCEPTION	state=226	E=7	Q=48	demand=40	exactcap=35	exactdef=5	layerupper=40	layerexcess=0	gens=4	types=0,1,3,7,0,-1,0;2,4,4,1,0,-1,2;2,5,5,2,0,-1,6;2,6,6,1,0,-1,7;4,6,2,1,1,0,6;5,8,3,1,1,1,6;6,9,3,4,1,2,6;7,10,0,1,1,3,5
LAYER_EXCEPTION	state=226	E=7	Q=48	demand=40	exactcap=32	exactdef=8	layerupper=40	layerexcess=0	gens=3	types=0,1,3,7,0,-1,0;2,4,4,2,0,-1,3;2,5,5,1,0,-1,6;2,6,6,1,0,-1,7;5,8,3,3,1,0,6;6,9,2,3,1,1,6;7,10,0,1,1,2,6
LAYER_EXCEPTION	state=1626	E=3	Q=50	demand=36	exactcap=26	exactdef=10	layerupper=36	layerexcess=0	gens=3	types=0,1,3,4,0,-1,0;1,2,3,4,0,-1,0;1,4,5,1,0,-1,3;3,7,4,3,0,-1,6;5,8,2,2,1,0,5;5,10,4,1,1,1,5;6,10,2,1,1,1,5;7,10,1,1,1,1,5;8,12,0,1,1,2,5
LAYER_EXCEPTION	state=1626	E=3	Q=50	demand=36	exactcap=26	exactdef=10	layerupper=36	layerexcess=0	gens=3	types=0,1,3,4,0,-1,0;1,2,3,4,0,-1,0;1,4,5,1,0,-1,3;3,7,4,3,0,-1,6;5,8,2,2,1,0,5;5,10,4,1,1,1,5;7,10,1,1,1,1,5;7,11,1,2,1,2,5
LAYER_EXCEPTION	state=1626	E=3	Q=50	demand=36	exactcap=26	exactdef=10	layerupper=36	layerexcess=0	gens=4	types=0,1,3,4,0,-1,0;1,2,3,4,0,-1,0;1,4,5,1,0,-1,3;3,7,4,2,0,-1,6;3,8,5,1,0,-1,6;5,8,2,2,1,0,5;5,9,3,1,1,1,5;6,10,2,1,1,2,5;7,10,1,1,1,2,5;8,12,0,1,1,3,5
LAYER_EXCEPTION	state=1626	E=3	Q=50	demand=36	exactcap=26	exactdef=10	layerupper=36	layerexcess=0	gens=3	types=0,1,3,4,0,-1,0;1,2,3,4,0,-1,0;1,4,5,1,0,-1,3;3,7,4,2,0,-1,6;3,8,5,1,0,-1,6;5,8,2,2,1,0,5;5,9,3,1,1,1,5;7,10,1,1,1,2,5;7,11,1,2,1,2,5
LAYER_EXCEPTION	state=1626	E=3	Q=50	demand=32	exactcap=26	exactdef=6	layerupper=33	layerexcess=1	gens=2	types=0,1,3,4,0,-1,0;1,2,3,4,0,-1,0;2,5,3,1,0,-1,2;3,6,3,1,0,-1,5;3,7,4,3,0,-1,5;5,10,4,1,1,0,4;6,9,2,1,1,0,4;7,10,1,1,1,0,4;7,11,1,2,1,1,4
LAYER_EXCEPTION	state=1626	E=3	Q=50	demand=44	exactcap=40	exactdef=4	layerupper=45	layerexcess=1	gens=4	types=0,1,3,4,0,-1,0;1,2,3,4,0,-1,4;2,5,3,1,0,-1,7;3,6,3,1,1,0,8;3,7,4,3,1,1,8;6,9,2,1,1,2,8;6,10,3,1,1,3,8;6,11,3,1,1,3,8;7,10,1,1,1,3,7;7,11,1,1,1,3,7
LAYER_EXCEPTION	state=1626	E=3	Q=50	demand=32	exactcap=26	exactdef=6	layerupper=33	layerexcess=1	gens=2	types=0,1,3,4,0,-1,0;1,2,3,4,0,-1,0;2,5,3,1,0,-1,2;3,6,3,1,0,-1,5;3,7,4,2,0,-1,5;3,8,5,1,0,-1,5;5,9,3,1,1,0,4;6,9,2,1,1,0,4;7,10,1,1,1,1,4;7,11,1,2,1,1,4
LAYER_EXCEPTION	state=1626	E=3	Q=50	demand=44	exactcap=41	exactdef=3	layerupper=46	layerexcess=2	gens=6	types=0,1,3,4,0,-1,0;1,2,3,4,0,-1,4;2,5,3,1,0,-1,7;3,6,3,1,1,0,8;3,7,4,2,1,1,8;3,8,5,1,1,2,8;6,9,2,1,1,3,8;6,10,3,2,1,4,8;7,10,1,1,1,4,7;7,11,1,1,1,5,7
LAYER_EXCEPTION	state=1626	E=3	Q=50	demand=32	exactcap=25	exactdef=7	layerupper=32	layerexcess=0	gens=2	types=0,1,3,4,0,-1,0;1,2,3,4,0,-1,0;2,5,3,1,0,-1,2;3,6,3,1,0,-1,5;3,7,4,3,0,-1,5;5,9,3,1,1,0,4;6,9,2,1,1,0,4;7,10,1,1,1,1,4;7,11,1,1,1,1,4;7,12,1,1,1,1,4
LAYER_EXCEPTION	state=1626	E=3	Q=50	demand=44	exactcap=40	exactdef=4	layerupper=45	layerexcess=1	gens=5	types=0,1,3,4,0,-1,0;1,2,3,4,0,-1,4;2,5,3,1,0,-1,7;3,6,3,1,1,0,8;3,7,4,3,1,1,8;6,9,2,1,1,2,8;6,10,3,2,1,3,8;7,10,1,1,1,3,7;7,12,1,1,1,4,7
LAYER_EXCEPTION	state=1626	E=3	Q=50	demand=46	exactcap=42	exactdef=4	layerupper=46	layerexcess=0	gens=5	types=0,1,3,4,0,-1,0;1,2,3,4,0,-1,5;3,6,3,2,1,0,9;3,7,4,3,1,1,9;5,8,2,1,1,2,9;5,10,4,1,1,3,9;7,10,2,1,1,3,7;7,11,2,2,1,4,7
LAYER_EXCEPTION	state=1626	E=3	Q=50	demand=44	exactcap=41	exactdef=3	layerupper=45	layerexcess=1	gens=4	types=0,1,3,4,0,-1,0;1,2,3,4,0,-1,4;2,6,4,1,0,-1,9;3,6,3,2,1,0,8;3,7,4,2,1,1,8;5,8,2,1,1,2,8;6,11,3,1,1,3,8;7,10,2,1,1,3,6;7,11,2,2,1,3,6
LAYER_EXCEPTION	state=1626	E=3	Q=50	demand=33	exactcap=29	exactdef=4	layerupper=34	layerexcess=1	gens=2	types=0,1,3,4,0,-1,0;1,2,3,4,0,-1,0;2,6,4,2,0,-1,5;3,6,3,2,0,-1,5;3,8,5,1,0,-1,5;5,8,2,1,1,0,4;7,10,2,1,1,1,4;7,11,2,3,1,1,4
LAYER_EXCEPTION	state=1626	E=3	Q=50	demand=44	exactcap=42	exactdef=2	layerupper=46	layerexcess=2	gens=5	types=0,1,3,4,0,-1,0;1,2,3,4,0,-1,4;2,6,4,1,0,-1,9;3,6,3,2,1,0,8;3,7,4,1,1,1,8;3,8,5,1,1,2,8;5,8,2,1,1,2,8;6,10,3,1,1,3,8;7,10,2,1,1,3,6;7,11,2,2,1,4,6
LAYER_EXCEPTION	state=1626	E=3	Q=50	demand=46	exactcap=42	exactdef=4	layerupper=46	layerexcess=0	gens=5	types=0,1,3,4,0,-1,0;1,2,3,4,0,-1,5;3,6,3,2,1,0,9;3,7,4,2,1,1,9;3,8,5,1,1,2,9;5,8,2,1,1,2,9;5,9,3,1,1,3,9;7,10,2,1,1,4,7;7,11,2,2,1,4,7
LAYER_EXCEPTION	state=1626	E=3	Q=50	demand=46	exactcap=43	exactdef=3	layerupper=46	layerexcess=0	gens=5	types=0,1,3,4,0,-1,0;1,2,3,4,0,-1,5;3,6,3,2,1,0,9;3,7,4,2,1,1,9;3,8,5,1,1,2,9;5,8,2,1,1,2,9;6,10,3,2,1,3,9;7,10,2,1,1,3,7;7,11,2,1,1,4,7
LAYER_EXCEPTION	state=1626	E=3	Q=50	demand=33	exactcap=28	exactdef=5	layerupper=33	layerexcess=0	gens=2	types=0,1,3,4,0,-1,0;1,2,3,4,0,-1,0;2,6,4,2,0,-1,5;3,6,3,2,0,-1,5;3,7,4,1,0,-1,5;5,8,2,1,1,0,4;7,10,2,1,1,1,4;7,11,2,2,1,1,4;7,12,2,1,1,1,4
LAYER_EXCEPTION	state=1626	E=3	Q=50	demand=44	exactcap=41	exactdef=3	layerupper=45	layerexcess=1	gens=5	types=0,1,3,4,0,-1,0;1,2,3,4,0,-1,4;2,6,4,1,0,-1,9;3,6,3,2,1,0,8;3,7,4,2,1,1,8;5,8,2,1,1,2,8;6,10,3,1,1,3,8;7,10,2,1,1,3,6;7,11,2,1,1,4,6;7,12,2,1,1,4,6
LAYER_EXCEPTION	state=1626	E=3	Q=50	demand=33	exactcap=29	exactdef=4	layerupper=34	layerexcess=1	gens=2	types=0,1,3,4,0,-1,0;1,2,3,4,0,-1,0;2,6,4,1,0,-1,5;2,7,5,1,0,-1,5;3,6,3,2,0,-1,5;3,7,4,1,0,-1,5;5,8,2,1,1,0,4;7,10,2,1,1,1,4;7,11,2,3,1,1,4
LAYER_EXCEPTION	state=1626	E=3	Q=50	demand=44	exactcap=42	exactdef=2	layerupper=46	layerexcess=2	gens=5	types=0,1,3,4,0,-1,0;1,2,3,4,0,-1,4;2,7,5,1,0,-1,9;3,6,3,2,1,0,8;3,7,4,2,1,1,8;5,8,2,1,1,2,8;6,10,3,1,1,3,8;7,10,2,1,1,3,6;7,11,2,2,1,4,6
LAYER_EXCEPTION	state=1626	E=3	Q=50	demand=33	exactcap=29	exactdef=4	layerupper=34	layerexcess=1	gens=2	types=0,1,3,4,0,-1,0;1,2,3,4,0,-1,0;1,6,7,1,0,-1,5;3,6,3,2,0,-1,5;3,7,4,2,0,-1,5;5,8,2,1,1,0,4;7,10,2,1,1,1,4;7,11,2,3,1,1,4
LAYER_EXCEPTION	state=1626	E=3	Q=50	demand=46	exactcap=42	exactdef=4	layerupper=46	layerexcess=0	gens=4	types=0,1,3,4,0,-1,0;1,2,3,4,0,-1,5;3,6,3,2,1,0,9;3,7,4,3,1,1,9;5,10,4,1,1,2,9;6,9,2,2,1,2,9;7,11,2,2,1,3,7
LAYER_EXCEPTION	state=1626	E=3	Q=50	demand=44	exactcap=41	exactdef=3	layerupper=45	layerexcess=1	gens=4	types=0,1,3,4,0,-1,0;1,2,3,4,0,-1,4;2,6,4,1,0,-1,9;3,6,3,2,1,0,8;3,7,4,2,1,1,8;6,9,2,2,1,2,8;6,11,3,1,1,3,8;7,11,2,2,1,3,6
LAYER_EXCEPTION	state=1626	E=3	Q=50	demand=33	exactcap=29	exactdef=4	layerupper=34	layerexcess=1	gens=2	types=0,1,3,4,0,-1,0;1,2,3,4,0,-1,0;2,6,4,2,0,-1,5;3,6,3,2,0,-1,5;3,8,5,1,0,-1,5;6,9,2,2,1,0,4;7,11,2,3,1,1,4
LAYER_EXCEPTION	state=1626	E=3	Q=50	demand=44	exactcap=42	exactdef=2	layerupper=46	layerexcess=2	gens=6	types=0,1,3,4,0,-1,0;1,2,3,4,0,-1,4;2,6,4,1,0,-1,9;3,6,3,2,1,0,8;3,7,4,1,1,1,8;3,8,5,1,1,2,8;6,9,2,2,1,3,8;6,10,3,1,1,4,8;7,11,2,2,1,5,6
LAYER_EXCEPTION	state=1626	E=3	Q=50	demand=46	exactcap=42	exactdef=4	layerupper=46	layerexcess=0	gens=5	types=0,1,3,4,0,-1,0;1,2,3,4,0,-1,5;3,6,3,2,1,0,9;3,7,4,2,1,1,9;3,8,5,1,1,2,9;5,9,3,1,1,3,9;6,9,2,2,1,3,9;7,11,2,2,1,4,7
LAYER_EXCEPTION	state=1626	E=3	Q=50	demand=46	exactcap=43	exactdef=3	layerupper=46	layerexcess=0	gens=6	types=0,1,3,4,0,-1,0;1,2,3,4,0,-1,5;3,6,3,2,1,0,9;3,7,4,2,1,1,9;3,8,5,1,1,2,9;6,9,2,2,1,3,9;6,10,3,2,1,4,9;7,11,2,1,1,5,7
LAYER_EXCEPTION	state=1626	E=3	Q=50	demand=33	exactcap=28	exactdef=5	layerupper=33	layerexcess=0	gens=2	types=0,1,3,4,0,-1,0;1,2,3,4,0,-1,0;2,6,4,2,0,-1,5;3,6,3,2,0,-1,5;3,7,4,1,0,-1,5;6,9,2,2,1,0,4;7,11,2,2,1,1,4;7,12,2,1,1,1,4
LAYER_EXCEPTION	state=1626	E=3	Q=50	demand=44	exactcap=41	exactdef=3	layerupper=45	layerexcess=1	gens=5	types=0,1,3,4,0,-1,0;1,2,3,4,0,-1,4;2,6,4,1,0,-1,9;3,6,3,2,1,0,8;3,7,4,2,1,1,8;6,9,2,2,1,2,8;6,10,3,1,1,3,8;7,11,2,1,1,4,6;7,12,2,1,1,4,6
LAYER_EXCEPTION	state=1626	E=3	Q=50	demand=33	exactcap=29	exactdef=4	layerupper=34	layerexcess=1	gens=2	types=0,1,3,4,0,-1,0;1,2,3,4,0,-1,0;2,6,4,1,0,-1,5;2,7,5,1,0,-1,5;3,6,3,2,0,-1,5;3,7,4,1,0,-1,5;6,9,2,2,1,0,4;7,11,2,3,1,1,4
LAYER_EXCEPTION	state=1626	E=3	Q=50	demand=44	exactcap=42	exactdef=2	layerupper=46	layerexcess=2	gens=5	types=0,1,3,4,0,-1,0;1,2,3,4,0,-1,4;2,7,5,1,0,-1,9;3,6,3,2,1,0,8;3,7,4,2,1,1,8;6,9,2,2,1,2,8;6,10,3,1,1,3,8;7,11,2,2,1,4,6
LAYER_EXCEPTION	state=1626	E=3	Q=50	demand=33	exactcap=29	exactdef=4	layerupper=34	layerexcess=1	gens=2	types=0,1,3,4,0,-1,0;1,2,3,4,0,-1,0;1,6,7,1,0,-1,5;3,6,3,2,0,-1,5;3,7,4,2,0,-1,5;6,9,2,2,1,0,4;7,11,2,3,1,1,4
LAYER_EXCEPTION	state=1626	E=3	Q=50	demand=46	exactcap=40	exactdef=6	layerupper=46	layerexcess=0	gens=4	types=0,1,3,4,0,-1,0;1,2,3,4,0,-1,4;3,6,3,1,1,0,8;3,7,4,3,1,1,9;4,7,2,2,1,1,9;5,10,4,1,1,2,9;6,10,3,1,1,2,9;7,10,2,1,1,2,8;8,12,0,1,1,3,3
LAYER_EXCEPTION	state=1626	E=3	Q=50	demand=46	exactcap=40	exactdef=6	layerupper=46	layerexcess=0	gens=6	types=0,1,3,4,0,-1,0;1,2,3,4,0,-1,4;3,6,3,1,1,0,8;3,7,4,2,1,1,9;3,8,5,1,1,2,9;4,7,2,2,1,1,9;5,9,3,1,1,3,9;6,10,3,1,1,4,9;7,10,2,1,1,4,8;8,12,0,1,1,5,4
LAYER_EXCEPTION	state=1626	E=3	Q=50	demand=46	exactcap=42	exactdef=4	layerupper=46	layerexcess=0	gens=5	types=0,1,3,4,0,-1,0;1,2,3,4,0,-1,4;3,6,3,1,1,0,9;3,7,4,2,1,1,9;3,8,5,1,1,2,9;4,7,2,2,1,1,9;6,10,3,2,1,3,9;7,10,2,1,1,3,8;7,11,2,1,1,4,8
LAYER_EXCEPTION	state=1626	E=3	Q=50	demand=46	exactcap=40	exactdef=6	layerupper=46	layerexcess=0	gens=5	types=0,1,3,4,0,-1,0;1,2,3,4,0,-1,4;3,6,3,1,1,0,8;3,7,4,3,1,1,9;4,7,2,1,1,1,9;5,8,2,1,1,2,9;5,10,4,1,1,3,9;6,9,2,1,1,3,9;6,10,3,1,1,3,9;8,12,0,1,1,4,4
LAYER_EXCEPTION	state=1626	E=3	Q=50	demand=36	exactcap=24	exactdef=12	layerupper=36	layerexcess=0	gens=4	types=0,1,3,4,0,-1,0;1,2,3,4,0,-1,0;1,5,6,1,0,-1,3;3,6,3,1,0,-1,6;3,7,4,1,0,-1,6;3,8,5,1,0,-1,6;4,7,2,1,1,0,5;5,8,2,1,1,1,5;6,9,2,1,1,2,5;7,11,1,3,1,3,5
LAYER_EXCEPTION	state=1626	E=3	Q=50	demand=46	exactcap=40	exactdef=6	layerupper=46	layerexcess=0	gens=6	types=0,1,3,4,0,-1,0;1,2,3,4,0,-1,4;3,6,3,1,1,0,8;3,7,4,2,1,1,9;3,8,5,1,1,2,9;4,7,2,1,1,1,9;5,8,2,1,1,2,9;5,9,3,1,1,3,9;6,9,2,1,1,3,9;6,10,3,1,1,4,9;8,12,0,1,1,5,5
LAYER_EXCEPTION	state=1626	E=3	Q=50	demand=46	exactcap=42	exactdef=4	layerupper=46	layerexcess=0	gens=6	types=0,1,3,4,0,-1,0;1,2,3,4,0,-1,4;3,6,3,1,1,0,9;3,7,4,2,1,1,9;3,8,5,1,1,2,9;4,7,2,1,1,1,9;5,8,2,1,1,2,9;6,9,2,1,1,3,9;6,10,3,2,1,4,9;7,11,2,1,1,5,8
LAYER_EXCEPTION	state=1626	E=3	Q=50	demand=46	exactcap=40	exactdef=6	layerupper=46	layerexcess=0	gens=5	types=0,1,3,4,0,-1,0;1,2,3,4,0,-1,4;3,6,3,1,1,0,8;3,7,4,3,1,1,9;5,8,2,3,1,2,9;5,10,4,1,1,3,9;6,10,3,1,1,3,9;8,12,0,1,1,4,5
LAYER_EXCEPTION	state=1626	E=3	Q=50	demand=36	exactcap=24	exactdef=12	layerupper=36	layerexcess=0	gens=2	types=0,1,3,4,0,-1,0;1,2,3,4,0,-1,0;1,5,6,1,0,-1,3;3,6,3,1,0,-1,6;3,7,4,1,0,-1,6;3,8,5,1,0,-1,6;5,8,2,3,1,0,5;7,11,1,3,1,1,5
LAYER_EXCEPTION	state=1626	E=3	Q=50	demand=46	exactcap=40	exactdef=6	layerupper=46	layerexcess=0	gens=6	types=0,1,3,4,0,-1,0;1,2,3,4,0,-1,4;3,6,3,1,1,0,8;3,7,4,2,1,1,9;3,8,5,1,1,2,9;5,8,2,3,1,2,9;5,9,3,1,1,3,9;6,10,3,1,1,4,9;8,12,0,1,1,5,6
LAYER_EXCEPTION	state=1626	E=3	Q=50	demand=46	exactcap=42	exactdef=4	layerupper=46	layerexcess=0	gens=5	types=0,1,3,4,0,-1,0;1,2,3,4,0,-1,4;3,6,3,1,1,0,9;3,7,4,2,1,1,9;3,8,5,1,1,2,9;5,8,2,3,1,2,9;6,10,3,2,1,3,9;7,11,2,1,1,4,8
LAYER_EXCEPTION	state=1626	E=3	Q=50	demand=36	exactcap=26	exactdef=10	layerupper=36	layerexcess=0	gens=3	types=0,1,3,4,0,-1,0;1,2,3,4,0,-1,0;1,4,5,1,0,-1,3;3,7,4,3,0,-1,6;5,8,2,2,1,0,5;5,10,4,1,1,1,5;6,10,2,1,1,1,5;7,11,1,1,1,2,5;8,11,0,1,1,2,5
LAYER_EXCEPTION	state=1626	E=3	Q=50	demand=36	exactcap=26	exactdef=10	layerupper=36	layerexcess=0	gens=4	types=0,1,3,4,0,-1,0;1,2,3,4,0,-1,0;1,4,5,1,0,-1,3;3,7,4,2,0,-1,6;3,8,5,1,0,-1,6;5,8,2,2,1,0,5;5,9,3,1,1,1,5;6,10,2,1,1,2,5;7,11,1,1,1,3,5;8,11,0,1,1,3,5
LAYER_EXCEPTION	state=1626	E=3	Q=50	demand=36	exactcap=27	exactdef=9	layerupper=36	layerexcess=0	gens=4	types=0,1,3,4,0,-1,0;1,2,3,4,0,-1,0;1,4,5,1,0,-1,3;3,7,4,3,0,-1,6;5,8,2,1,1,0,5;5,9,3,1,1,1,5;5,10,4,1,1,2,5;6,9,2,1,1,1,5;7,10,1,1,1,2,5;8,12,0,1,1,3,5
LAYER_EXCEPTION	state=1626	E=3	Q=50	demand=36	exactcap=27	exactdef=9	layerupper=36	layerexcess=0	gens=4	types=0,1,3,4,0,-1,0;1,2,3,4,0,-1,0;1,4,5,1,0,-1,3;3,7,4,2,0,-1,6;3,8,5,1,0,-1,6;5,8,2,1,1,0,5;5,9,3,2,1,1,5;6,9,2,1,1,1,5;7,10,1,1,1,2,5;8,12,0,1,1,3,5
LAYER_EXCEPTION	state=1626	E=3	Q=50	demand=32	exactcap=27	exactdef=5	layerupper=33	layerexcess=1	gens=2	types=0,1,3,4,0,-1,0;1,2,3,4,0,-1,0;2,5,3,1,0,-1,2;3,6,3,1,0,-1,5;3,7,4,3,0,-1,5;5,10,4,1,1,0,4;6,10,3,1,1,0,4;7,10,1,2,1,0,4;7,11,1,1,1,1,4
LAYER_EXCEPTION	state=1626	E=3	Q=50	demand=32	exactcap=26	exactdef=6	layerupper=32	layerexcess=0	gens=2	types=0,1,3,4,0,-1,0;1,2,3,4,0,-1,0;2,5,3,1,0,-1,2;3,6,3,1,0,-1,5;3,7,4,3,0,-1,5;5,9,3,1,1,0,4;6,11,3,1,1,1,4;7,10,1,2,1,1,4;7,11,1,1,1,1,4
LAYER_EXCEPTION	state=1626	E=3	Q=50	demand=44	exactcap=41	exactdef=3	layerupper=45	layerexcess=1	gens=3	types=0,1,3,4,0,-1,0;1,2,3,4,0,-1,4;2,5,3,1,0,-1,7;3,6,3,1,1,0,8;3,7,4,3,1,1,8;6,10,3,2,1,2,8;6,11,3,1,1,2,8;7,10,1,2,1,2,7
LAYER_EXCEPTION	state=1626	E=3	Q=50	demand=32	exactcap=27	exactdef=5	layerupper=33	layerexcess=1	gens=3	types=0,1,3,4,0,-1,0;1,2,3,4,0,-1,0;2,5,3,1,0,-1,2;3,6,3,1,0,-1,5;3,7,4,2,0,-1,5;3,8,5,1,0,-1,5;5,9,3,1,1,0,4;6,10,3,1,1,1,4;7,10,1,2,1,1,4;7,11,1,1,1,2,4
LAYER_EXCEPTION	state=1626	E=3	Q=50	demand=44	exactcap=42	exactdef=2	layerupper=46	layerexcess=2	gens=4	types=0,1,3,4,0,-1,0;1,2,3,4,0,-1,4;2,5,3,1,0,-1,7;3,6,3,1,1,0,8;3,7,4,2,1,1,8;3,8,5,1,1,2,8;6,10,3,3,1,3,8;7,10,1,2,1,3,7
LAYER_EXCEPTION	state=1626	E=3	Q=50	demand=32	exactcap=26	exactdef=6	layerupper=32	layerexcess=0	gens=3	types=0,1,3,4,0,-1,0;1,2,3,4,0,-1,0;2,5,3,1,0,-1,2;3,6,3,1,0,-1,5;3,7,4,3,0,-1,5;5,9,3,1,1,0,4;6,10,3,1,1,1,4;7,10,1,2,1,1,4;7,12,1,1,1,2,4
LAYER_EXCEPTION	state=1626	E=3	Q=50	demand=44	exactcap=39	exactdef=5	layerupper=46	layerexcess=2	gens=5	types=0,1,3,4,0,-1,0;1,2,3,4,0,-1,4;2,5,3,1,0,-1,7;3,7,4,3,1,0,8;3,8,5,1,1,1,8;5,8,2,1,1,1,8;6,9,2,2,1,2,8;7,11,1,1,1,3,8;8,12,0,1,1,4,5
LAYER_EXCEPTION	state=1626	E=3	Q=50	demand=44	exactcap=38	exactdef=6	layerupper=45	layerexcess=1	gens=4	types=0,1,3,4,0,-1,0;1,2,3,4,0,-1,4;2,5,3,1,0,-1,7;3,7,4,4,1,0,8;5,8,2,1,1,1,8;6,9,2,2,1,2,8;7,12,1,1,1,3,8;8,12,0,1,1,3,4
LAYER_EXCEPTION	state=1626	E=3	Q=50	demand=44	exactcap=38	exactdef=6	layerupper=45	layerexcess=1	gens=5	types=0,1,3,4,0,-1,0;1,2,3,4,0,-1,4;2,5,3,1,0,-1,7;3,7,4,4,1,0,8;5,8,2,1,1,1,8;6,9,2,2,1,2,8;7,11,1,1,1,3,8;8,13,0,1,1,4,4
LAYER_EXCEPTION	state=1626	E=3	Q=50	demand=44	exactcap=42	exactdef=2	layerupper=46	layerexcess=2	gens=4	types=0,1,3,4,0,-1,0;1,2,3,4,0,-1,4;2,6,4,1,0,-1,9;3,6,3,2,1,0,8;3,7,4,2,1,1,8;5,10,4,1,1,2,8;6,9,2,1,1,2,8;7,10,2,1,1,2,6;7,11,2,2,1,3,6
LAYER_EXCEPTION	state=1626	E=3	Q=50	demand=46	exactcap=43	exactdef=3	layerupper=46	layerexcess=0	gens=4	types=0,1,3,4,0,-1,0;1,2,3,4,0,-1,5;3,6,3,2,1,0,9;3,7,4,3,1,1,9;5,10,4,1,1,2,9;6,9,2,1,1,2,9;6,10,3,1,1,2,9;7,10,2,1,1,2,7;7,11,2,1,1,3,7
LAYER_EXCEPTION	state=1626	E=3	Q=50	demand=46	exactcap=42	exactdef=4	layerupper=46	layerexcess=0	gens=4	types=0,1,3,4,0,-1,0;1,2,3,4,0,-1,5;3,6,3,2,1,0,9;3,7,4,3,1,1,9;4,9,4,1,1,2,9;6,9,2,1,1,2,9;7,10,2,1,1,3,7;7,11,2,2,1,3,7
LAYER_EXCEPTION	state=1626	E=3	Q=50	demand=33	exactcap=29	exactdef=4	layerupper=33	layerexcess=0	gens=2	types=0,1,3,4,0,-1,0;1,2,3,4,0,-1,0;2,6,4,2,0,-1,5;3,6,3,2,0,-1,5;3,7,4,1,0,-1,5;6,9,2,1,1,0,4;6,11,3,1,1,1,4;7,10,2,1,1,1,4;7,11,2,2,1,1,4
LAYER_EXCEPTION	state=1626	E=3	Q=50	demand=44	exactcap=42	exactdef=2	layerupper=45	layerexcess=1	gens=4	types=0,1,3,4,0,-1,0;1,2,3,4,0,-1,4;2,6,4,1,0,-1,9;3,6,3,2,1,0,8;3,7,4,2,1,1,8;6,9,2,1,1,2,8;6,10,3,1,1,3,8;6,11,3,1,1,3,8;7,10,2,1,1,3,6;7,11,2,1,1,3,6
LAYER_EXCEPTION	state=1626	E=3	Q=50	demand=33	exactcap=30	exactdef=3	layerupper=34	layerexcess=1	gens=3	types=0,1,3,4,0,-1,0;1,2,3,4,0,-1,0;2,6,4,2,0,-1,5;3,6,3,2,0,-1,5;3,8,5,1,0,-1,5;6,9,2,1,1,0,4;6,10,3,1,1,1,4;7,10,2,1,1,1,4;7,11,2,2,1,2,4
LAYER_EXCEPTION	state=1626	E=3	Q=50	demand=44	exactcap=42	exactdef=2	layerupper=46	layerexcess=2	gens=5	types=0,1,3,4,0,-1,0;1,2,3,4,0,-1,4;2,6,4,1,0,-1,9;3,6,3,2,1,0,8;3,7,4,1,1,1,8;3,8,5,1,1,2,8;5,9,3,1,1,3,8;6,9,2,1,1,3,8;7,10,2,1,1,4,6;7,11,2,2,1,4,6
LAYER_EXCEPTION	state=1626	E=3	Q=50	demand=44	exactcap=43	exactdef=1	layerupper=46	layerexcess=2	gens=6	types=0,1,3,4,0,-1,0;1,2,3,4,0,-1,4;2,6,4,1,0,-1,9;3,6,3,2,1,0,8;3,7,4,1,1,1,8;3,8,5,1,1,2,8;6,9,2,1,1,3,8;6,10,3,2,1,4,8;7,10,2,1,1,4,6;7,11,2,1,1,5,6
LAYER_EXCEPTION	state=1626	E=3	Q=50	demand=46	exactcap=42	exactdef=4	layerupper=46	layerexcess=0	gens=5	types=0,1,3,4,0,-1,0;1,2,3,4,0,-1,5;3,6,3,2,1,0,9;3,7,4,2,1,1,9;3,8,5,1,1,2,9;4,8,3,1,1,2,9;6,9,2,1,1,3,9;7,10,2,1,1,4,7;7,11,2,2,1,4,7
LAYER_EXCEPTION	state=1626	E=3	Q=50	demand=46	exactcap=43	exactdef=3	layerupper=46	layerexcess=0	gens=6	types=0,1,3,4,0,-1,0;1,2,3,4,0,-1,5;3,6,3,2,1,0,9;3,7,4,2,1,1,9;3,8,5,1,1,2,9;5,9,3,1,1,3,9;6,9,2,1,1,3,9;6,10,3,1,1,4,9;7,10,2,1,1,4,7;7,11,2,1,1,5,7
LAYER_EXCEPTION	state=1626	E=3	Q=50	demand=46	exactcap=44	exactdef=2	layerupper=46	layerexcess=0	gens=5	types=0,1,3,4,0,-1,0;1,2,3,4,0,-1,5;3,6,3,2,1,0,9;3,7,4,2,1,1,9;3,8,5,1,1,2,9;6,9,2,1,1,3,9;6,10,3,3,1,4,9;7,10,2,1,1,4,7
LAYER_EXCEPTION	state=1626	E=3	Q=50	demand=33	exactcap=29	exactdef=4	layerupper=33	layerexcess=0	gens=3	types=0,1,3,4,0,-1,0;1,2,3,4,0,-1,0;2,6,4,2,0,-1,5;3,6,3,2,0,-1,5;3,7,4,1,0,-1,5;6,9,2,1,1,0,4;6,10,3,1,1,1,4;7,10,2,1,1,1,4;7,11,2,1,1,2,4;7,12,2,1,1,2,4
LAYER_EXCEPTION	state=1626	E=3	Q=50	demand=44	exactcap=41	exactdef=3	layerupper=45	layerexcess=1	gens=4	types=0,1,3,4,0,-1,0;1,2,3,4,0,-1,4;2,6,4,1,0,-1,9;3,6,3,2,1,0,8;3,7,4,2,1,1,8;5,9,3,1,1,2,8;6,9,2,1,1,2,8;7,10,2,1,1,3,6;7,11,2,1,1,3,6;7,12,2,1,1,3,6
LAYER_EXCEPTION	state=1626	E=3	Q=50	demand=44	exactcap=42	exactdef=2	layerupper=45	layerexcess=1	gens=5	types=0,1,3,4,0,-1,0;1,2,3,4,0,-1,4;2,6,4,1,0,-1,9;3,6,3,2,1,0,8;3,7,4,2,1,1,8;6,9,2,1,1,2,8;6,10,3,2,1,3,8;7,10,2,1,1,3,6;7,12,2,1,1,4,6
LAYER_EXCEPTION	state=1626	E=3	Q=50	demand=34	exactcap=29	exactdef=5	layerupper=34	layerexcess=0	gens=2	types=0,1,3,4,0,-1,0;1,2,3,4,0,-1,0;2,6,4,2,0,-1,5;2,7,5,1,0,-1,5;3,6,3,2,0,-1,5;6,9,2,1,1,0,4;7,10,2,1,1,1,4;7,11,2,3,1,1,4
LAYER_EXCEPTION	state=1626	E=3	Q=50	demand=33	exactcap=30	exactdef=3	layerupper=34	layerexcess=1	gens=3	types=0,1,3,4,0,-1,0;1,2,3,4,0,-1,0;2,6,4,1,0,-1,5;2,7,5,1,0,-1,5;3,6,3,2,0,-1,5;3,7,4,1,0,-1,5;6,9,2,1,1,0,4;6,10,3,1,1,1,4;7,10,2,1,1,1,4;7,11,2,2,1,2,4
LAYER_EXCEPTION	state=1626	E=3	Q=50	demand=44	exactcap=42	exactdef=2	layerupper=46	layerexcess=2	gens=4	types=0,1,3,4,0,-1,0;1,2,3,4,0,-1,4;2,7,5,1,0,-1,9;3,6,3,2,1,0,8;3,7,4,2,1,1,8;5,9,3,1,1,2,8;6,9,2,1,1,2,8;7,10,2,1,1,3,6;7,11,2,2,1,3,6
LAYER_EXCEPTION	state=1626	E=3	Q=50	demand=44	exactcap=43	exactdef=1	layerupper=46	layerexcess=2	gens=5	types=0,1,3,4,0,-1,0;1,2,3,4,0,-1,4;2,7,5,1,0,-1,9;3,6,3,2,1,0,8;3,7,4,2,1,1,8;6,9,2,1,1,2,8;6,10,3,2,1,3,8;7,10,2,1,1,3,6;7,11,2,1,1,4,6
LAYER_EXCEPTION	state=1626	E=3	Q=50	demand=34	exactcap=29	exactdef=5	layerupper=34	layerexcess=0	gens=2	types=0,1,3,4,0,-1,0;1,2,3,4,0,-1,0;1,6,7,1,0,-1,5;2,6,4,1,0,-1,5;3,6,3,2,0,-1,5;3,7,4,1,0,-1,5;6,9,2,1,1,0,4;7,10,2,1,1,1,4;7,11,2,3,1,1,4
LAYER_EXCEPTION	state=1626	E=3	Q=50	demand=33	exactcap=30	exactdef=3	layerupper=34	layerexcess=1	gens=3	types=0,1,3,4,0,-1,0;1,2,3,4,0,-1,0;1,6,7,1,0,-1,5;3,6,3,2,0,-1,5;3,7,4,2,0,-1,5;6,9,2,1,1,0,4;6,10,3,1,1,1,4;7,10,2,1,1,1,4;7,11,2,2,1,2,4
LAYER_EXCEPTION	state=1626	E=3	Q=50	demand=46	exactcap=40	exactdef=6	layerupper=46	layerexcess=0	gens=4	types=0,1,3,4,0,-1,0;1,2,3,4,0,-1,4;3,6,3,1,1,0,8;3,7,4,3,1,1,9;4,7,2,2,1,1,9;5,10,4,1,1,2,9;6,10,3,1,1,2,9;7,11,2,1,1,3,8;8,11,0,1,1,3,3
LAYER_EXCEPTION	state=1626	E=3	Q=50	demand=46	exactcap=40	exactdef=6	layerupper=46	layerexcess=0	gens=6	types=0,1,3,4,0,-1,0;1,2,3,4,0,-1,4;3,6,3,1,1,0,8;3,7,4,2,1,1,9;3,8,5,1,1,2,9;4,7,2,2,1,1,9;5,9,3,1,1,3,9;6,10,3,1,1,4,9;7,11,2,1,1,5,8;8,11,0,1,1,5,4
LAYER_EXCEPTION	state=1626	E=3	Q=50	demand=46	exactcap=41	exactdef=5	layerupper=46	layerexcess=0	gens=5	types=0,1,3,4,0,-1,0;1,2,3,4,0,-1,4;3,6,3,1,1,0,8;3,7,4,2,1,1,9;3,8,5,1,1,2,9;4,7,2,2,1,1,9;6,10,3,3,1,3,9;8,11,0,1,1,4,4
LAYER_EXCEPTION	state=1626	E=3	Q=50	demand=46	exactcap=40	exactdef=6	layerupper=46	layerexcess=0	gens=6	types=0,1,3,4,0,-1,0;1,2,3,4,0,-1,4;3,6,3,1,1,0,8;3,7,4,3,1,1,9;4,7,2,1,1,1,9;5,8,2,1,1,2,9;5,9,3,1,1,3,9;5,10,4,1,1,4,9;7,10,2,1,1,4,8;8,12,0,1,1,5,4
LAYER_EXCEPTION	state=1626	E=3	Q=50	demand=46	exactcap=42	exactdef=4	layerupper=46	layerexcess=0	gens=5	types=0,1,3,4,0,-1,0;1,2,3,4,0,-1,4;3,6,3,1,1,0,9;3,7,4,3,1,1,9;4,7,2,1,1,1,9;5,8,2,1,1,2,9;5,10,4,1,1,3,9;6,10,3,1,1,3,9;7,10,2,1,1,3,8;7,11,2,1,1,4,8
LAYER_EXCEPTION	state=1626	E=3	Q=50	demand=46	exactcap=40	exactdef=6	layerupper=46	layerexcess=0	gens=5	types=0,1,3,4,0,-1,0;1,2,3,4,0,-1,4;3,6,3,1,1,0,8;3,7,4,3,1,1,9;4,7,2,1,1,1,9;4,9,4,1,1,2,9;5,8,2,1,1,2,9;6,10,3,1,1,3,9;7,10,2,1,1,3,8;8,12,0,1,1,4,4
LAYER_EXCEPTION	state=1626	E=3	Q=50	demand=36	exactcap=25	exactdef=11	layerupper=36	layerexcess=0	gens=4	types=0,1,3,4,0,-1,0;1,2,3,4,0,-1,0;1,5,6,1,0,-1,3;3,6,3,1,0,-1,6;3,7,4,1,0,-1,6;3,8,5,1,0,-1,6;4,7,2,1,1,0,5;5,8,2,1,1,1,5;6,10,3,1,1,2,5;7,10,1,1,1,2,5;7,11,1,2,1,3,5
LAYER_EXCEPTION	state=1626	E=3	Q=50	demand=46	exactcap=40	exactdef=6	layerupper=46	layerexcess=0	gens=5	types=0,1,3,4,0,-1,0;1,2,3,4,0,-1,5;3,6,3,1,1,0,8;3,7,4,3,1,1,9;3,8,5,1,1,2,9;4,7,2,1,1,1,9;5,8,2,1,1,2,9;7,10,2,1,1,3,8;7,11,2,1,1,3,8;8,12,0,1,1,4,4
LAYER_EXCEPTION	state=1626	E=3	Q=50	demand=46	exactcap=40	exactdef=6	layerupper=46	layerexcess=0	gens=5	types=0,1,3,4,0,-1,0;1,2,3,4,0,-1,4;3,6,3,1,1,0,8;3,7,4,2,1,1,9;3,8,5,1,1,2,9;4,7,2,1,1,1,9;4,8,3,1,1,2,9;5,8,2,1,1,2,9;6,10,3,1,1,3,9;7,10,2,1,1,3,8;8,12,0,1,1,4,5
LAYER_EXCEPTION	state=1626	E=3	Q=50	demand=46	exactcap=40	exactdef=6	layerupper=46	layerexcess=0	gens=6	types=0,1,3,4,0,-1,0;1,2,3,4,0,-1,4;3,6,3,1,1,0,8;3,7,4,2,1,1,9;3,8,5,1,1,2,9;4,7,2,1,1,1,9;5,8,2,1,1,2,9;5,9,3,2,1,3,9;7,10,2,1,1,4,8;8,12,0,1,1,5,5
LAYER_EXCEPTION	state=1626	E=3	Q=50	demand=46	exactcap=42	exactdef=4	layerupper=46	layerexcess=0	gens=6	types=0,1,3,4,0,-1,0;1,2,3,4,0,-1,4;3,6,3,1,1,0,9;3,7,4,2,1,1,9;3,8,5,1,1,2,9;4,7,2,1,1,1,9;5,8,2,1,1,2,9;5,9,3,1,1,3,9;6,10,3,1,1,4,9;7,10,2,1,1,4,8;7,11,2,1,1,5,8
LAYER_EXCEPTION	state=1626	E=3	Q=50	demand=46	exactcap=43	exactdef=3	layerupper=46	layerexcess=0	gens=4	types=0,1,3,4,0,-1,0;1,2,3,4,0,-1,4;3,6,3,1,1,0,9;3,7,4,2,1,1,9;3,8,5,1,1,2,9;4,7,2,1,1,1,9;5,8,2,1,1,2,9;6,10,3,3,1,3,9;7,10,2,1,1,3,8
LAYER_EXCEPTION	state=1626	E=3	Q=50	demand=46	exactcap=40	exactdef=6	layerupper=46	layerexcess=0	gens=5	types=0,1,3,4,0,-1,0;1,2,3,4,0,-1,4;3,6,3,1,1,0,8;3,7,4,3,1,1,9;4,7,2,1,1,1,9;5,9,3,1,1,2,9;5,10,4,1,1,3,9;6,9,2,2,1,2,9;8,12,0,1,1,4,4
LAYER_EXCEPTION	state=1626	E=3	Q=50	demand=46	exactcap=42	exactdef=4	layerupper=46	layerexcess=0	gens=4	types=0,1,3,4,0,-1,0;1,2,3,4,0,-1,4;3,6,3,1,1,0,9;3,7,4,3,1,1,9;4,7,2,1,1,1,9;5,10,4,1,1,2,9;6,9,2,2,1,2,9;6,10,3,1,1,2,9;7,11,2,1,1,3,8
LAYER_EXCEPTION	state=1626	E=3	Q=50	demand=46	exactcap=40	exactdef=6	layerupper=46	layerexcess=0	gens=5	types=0,1,3,4,0,-1,0;1,2,3,4,0,-1,4;3,6,3,1,1,0,8;3,7,4,3,1,1,9;4,7,2,1,1,1,9;4,9,4,1,1,2,9;6,9,2,2,1,2,9;6,10,3,1,1,3,9;8,12,0,1,1,4,4
LAYER_EXCEPTION	state=1626	E=3	Q=50	demand=36	exactcap=27	exactdef=9	layerupper=36	layerexcess=0	gens=4	types=0,1,3,4,0,-1,0;1,2,3,4,0,-1,0;1,5,6,1,0,-1,4;3,6,3,1,0,-1,6;3,7,4,1,0,-1,6;3,8,5,1,0,-1,6;4,7,2,1,1,0,5;6,9,2,2,1,1,5;6,10,3,1,1,2,5;7,11,1,2,1,3,5
LAYER_EXCEPTION	state=1626	E=3	Q=50	demand=46	exactcap=40	exactdef=6	layerupper=46	layerexcess=0	gens=6	types=0,1,3,4,0,-1,0;1,2,3,4,0,-1,5;3,6,3,1,1,0,8;3,7,4,3,1,1,9;3,8,5,1,1,2,9;4,7,2,1,1,1,9;6,9,2,2,1,3,9;7,11,2,1,1,4,8;8,12,0,1,1,5,4
LAYER_EXCEPTION	state=1626	E=3	Q=50	demand=46	exactcap=40	exactdef=6	layerupper=46	layerexcess=0	gens=6	types=0,1,3,4,0,-1,0;1,2,3,4,0,-1,4;3,6,3,1,1,0,8;3,7,4,2,1,1,9;3,8,5,1,1,2,9;4,7,2,1,1,1,9;4,8,3,1,1,2,9;6,9,2,2,1,3,9;6,10,3,1,1,4,9;8,12,0,1,1,5,5
LAYER_EXCEPTION	state=1626	E=3	Q=50	demand=46	exactcap=40	exactdef=6	layerupper=46	layerexcess=0	gens=5	types=0,1,3,4,0,-1,0;1,2,3,4,0,-1,4;3,6,3,1,1,0,8;3,7,4,2,1,1,9;3,8,5,1,1,2,9;4,7,2,1,1,1,9;5,9,3,2,1,3,9;6,9,2,2,1,3,9;8,12,0,1,1,4,5
LAYER_EXCEPTION	state=1626	E=3	Q=50	demand=46	exactcap=42	exactdef=4	layerupper=46	layerexcess=0	gens=6	types=0,1,3,4,0,-1,0;1,2,3,4,0,-1,4;3,6,3,1,1,0,9;3,7,4,2,1,1,9;3,8,5,1,1,2,9;4,7,2,1,1,1,9;5,9,3,1,1,3,9;6,9,2,2,1,3,9;6,10,3,1,1,4,9;7,11,2,1,1,5,8
LAYER_EXCEPTION	state=1626	E=3	Q=50	demand=46	exactcap=43	exactdef=3	layerupper=46	layerexcess=0	gens=5	types=0,1,3,4,0,-1,0;1,2,3,4,0,-1,4;3,6,3,1,1,0,9;3,7,4,2,1,1,9;3,8,5,1,1,2,9;4,7,2,1,1,1,9;6,9,2,2,1,3,9;6,10,3,3,1,4,9
LAYER_EXCEPTION	state=1626	E=3	Q=50	demand=46	exactcap=40	exactdef=6	layerupper=46	layerexcess=0	gens=6	types=0,1,3,4,0,-1,0;1,2,3,4,0,-1,4;3,6,3,1,1,0,8;3,7,4,3,1,1,9;5,8,2,2,1,2,9;5,9,3,1,1,3,9;5,10,4,1,1,4,9;6,9,2,1,1,3,9;8,12,0,1,1,5,5
LAYER_EXCEPTION	state=1626	E=3	Q=50	demand=46	exactcap=42	exactdef=4	layerupper=46	layerexcess=0	gens=5	types=0,1,3,4,0,-1,0;1,2,3,4,0,-1,4;3,6,3,1,1,0,9;3,7,4,3,1,1,9;5,8,2,2,1,2,9;5,10,4,1,1,3,9;6,9,2,1,1,3,9;6,10,3,1,1,3,9;7,11,2,1,1,4,8
LAYER_EXCEPTION	state=1626	E=3	Q=50	demand=46	exactcap=40	exactdef=6	layerupper=46	layerexcess=0	gens=5	types=0,1,3,4,0,-1,0;1,2,3,4,0,-1,4;3,6,3,1,1,0,8;3,7,4,3,1,1,9;4,9,4,1,1,2,9;5,8,2,2,1,2,9;6,9,2,1,1,2,9;6,10,3,1,1,3,9;8,12,0,1,1,4,5
LAYER_EXCEPTION	state=1626	E=3	Q=50	demand=36	exactcap=27	exactdef=9	layerupper=36	layerexcess=0	gens=4	types=0,1,3,4,0,-1,0;1,2,3,4,0,-1,0;1,5,6,1,0,-1,4;3,6,3,1,0,-1,6;3,7,4,1,0,-1,6;3,8,5,1,0,-1,6;5,8,2,2,1,0,5;6,9,2,1,1,1,5;6,10,3,1,1,2,5;7,11,1,2,1,3,5
LAYER_EXCEPTION	state=1626	E=3	Q=50	demand=46	exactcap=40	exactdef=6	layerupper=46	layerexcess=0	gens=6	types=0,1,3,4,0,-1,0;1,2,3,4,0,-1,5;3,6,3,1,1,0,8;3,7,4,3,1,1,9;3,8,5,1,1,2,9;5,8,2,2,1,2,9;6,9,2,1,1,3,9;7,11,2,1,1,4,8;8,12,0,1,1,5,5
LAYER_EXCEPTION	state=1626	E=3	Q=50	demand=46	exactcap=40	exactdef=6	layerupper=46	layerexcess=0	gens=6	types=0,1,3,4,0,-1,0;1,2,3,4,0,-1,4;3,6,3,1,1,0,8;3,7,4,2,1,1,9;3,8,5,1,1,2,9;4,8,3,1,1,2,9;5,8,2,2,1,2,9;6,9,2,1,1,3,9;6,10,3,1,1,4,9;8,12,0,1,1,5,6
LAYER_EXCEPTION	state=1626	E=3	Q=50	demand=46	exactcap=40	exactdef=6	layerupper=46	layerexcess=0	gens=5	types=0,1,3,4,0,-1,0;1,2,3,4,0,-1,4;3,6,3,1,1,0,8;3,7,4,2,1,1,9;3,8,5,1,1,2,9;5,8,2,2,1,2,9;5,9,3,2,1,3,9;6,9,2,1,1,3,9;8,12,0,1,1,4,6
LAYER_EXCEPTION	state=1626	E=3	Q=50	demand=46	exactcap=42	exactdef=4	layerupper=46	layerexcess=0	gens=6	types=0,1,3,4,0,-1,0;1,2,3,4,0,-1,4;3,6,3,1,1,0,9;3,7,4,2,1,1,9;3,8,5,1,1,2,9;5,8,2,2,1,2,9;5,9,3,1,1,3,9;6,9,2,1,1,3,9;6,10,3,1,1,4,9;7,11,2,1,1,5,8
LAYER_EXCEPTION	state=1626	E=3	Q=50	demand=46	exactcap=43	exactdef=3	layerupper=46	layerexcess=0	gens=5	types=0,1,3,4,0,-1,0;1,2,3,4,0,-1,4;3,6,3,1,1,0,9;3,7,4,2,1,1,9;3,8,5,1,1,2,9;5,8,2,2,1,2,9;6,9,2,1,1,3,9;6,10,3,3,1,4,9
LAYER_EXCEPTION	state=1626	E=3	Q=50	demand=36	exactcap=26	exactdef=10	layerupper=36	layerexcess=0	gens=4	types=0,1,3,4,0,-1,0;1,2,3,4,0,-1,0;1,4,5,1,0,-1,3;3,7,4,3,0,-1,6;5,8,2,2,1,0,5;5,10,4,1,1,1,5;6,9,2,1,1,1,5;7,11,1,1,1,2,5;8,12,0,1,1,3,5
LAYER_EXCEPTION	state=1626	E=3	Q=50	demand=36	exactcap=26	exactdef=10	layerupper=36	layerexcess=0	gens=4	types=0,1,3,4,0,-1,0;1,2,3,4,0,-1,0;1,4,5,1,0,-1,3;3,7,4,2,0,-1,6;3,8,5,1,0,-1,6;5,8,2,2,1,0,5;5,9,3,1,1,1,5;6,9,2,1,1,1,5;7,11,1,1,1,2,5;8,12,0,1,1,3,5
LAYER_EXCEPTION	state=1626	E=3	Q=50	demand=32	exactcap=25	exactdef=7	layerupper=32	layerexcess=0	gens=2	types=0,1,3,4,0,-1,0;1,2,3,4,0,-1,0;2,5,3,1,0,-1,2;3,6,3,1,0,-1,5;3,7,4,3,0,-1,5;5,8,2,1,1,0,4;6,11,3,1,1,1,4;7,10,1,1,1,1,4;7,11,1,2,1,1,4
LAYER_EXCEPTION	state=1626	E=3	Q=50	demand=32	exactcap=26	exactdef=6	layerupper=33	layerexcess=1	gens=3	types=0,1,3,4,0,-1,0;1,2,3,4,0,-1,0;2,5,3,1,0,-1,2;3,6,3,1,0,-1,5;3,7,4,2,0,-1,5;3,8,5,1,0,-1,5;5,8,2,1,1,0,4;6,10,3,1,1,1,4;7,10,1,1,1,1,4;7,11,1,2,1,2,4
LAYER_EXCEPTION	state=1626	E=3	Q=50	demand=32	exactcap=25	exactdef=7	layerupper=32	layerexcess=0	gens=3	types=0,1,3,4,0,-1,0;1,2,3,4,0,-1,0;2,5,3,1,0,-1,2;3,6,3,1,0,-1,5;3,7,4,3,0,-1,5;5,8,2,1,1,0,4;6,10,3,1,1,1,4;7,10,1,1,1,1,4;7,11,1,1,1,2,4;7,12,1,1,1,2,4
LAYER_EXCEPTION	state=1626	E=3	Q=50	demand=44	exactcap=39	exactdef=5	layerupper=45	layerexcess=1	gens=4	types=0,1,3,4,0,-1,0;1,2,3,4,0,-1,4;2,5,3,1,0,-1,7;3,6,3,1,1,0,8;3,7,4,3,1,1,8;6,9,2,2,1,2,8;6,11,3,1,1,3,8;7,11,1,2,1,3,7
LAYER_EXCEPTION	state=1626	E=3	Q=50	demand=44	exactcap=40	exactdef=4	layerupper=46	layerexcess=2	gens=6	types=0,1,3,4,0,-1,0;1,2,3,4,0,-1,4;2,5,3,1,0,-1,7;3,6,3,1,1,0,8;3,7,4,2,1,1,8;3,8,5,1,1,2,8;6,9,2,2,1,3,8;6,10,3,1,1,4,8;7,11,1,2,1,5,7
LAYER_EXCEPTION	state=1626	E=3	Q=50	demand=44	exactcap=39	exactdef=5	layerupper=45	layerexcess=1	gens=5	types=0,1,3,4,0,-1,0;1,2,3,4,0,-1,4;2,5,3,1,0,-1,7;3,6,3,1,1,0,8;3,7,4,3,1,1,8;6,9,2,2,1,2,8;6,10,3,1,1,3,8;7,11,1,1,1,4,7;7,12,1,1,1,4,7
LAYER_EXCEPTION	state=1626	E=3	Q=50	demand=44	exactcap=41	exactdef=3	layerupper=45	layerexcess=1	gens=4	types=0,1,3,4,0,-1,0;1,2,3,4,0,-1,4;2,6,4,1,0,-1,9;3,6,3,2,1,0,8;3,7,4,1,1,1,8;3,8,5,1,1,2,8;4,7,2,1,1,1,8;7,10,2,1,1,3,6;7,11,2,3,1,3,6
LAYER_EXCEPTION	state=1626	E=3	Q=50	demand=46	exactcap=42	exactdef=4	layerupper=46	layerexcess=0	gens=5	types=0,1,3,4,0,-1,0;1,2,3,4,0,-1,5;3,6,3,2,1,0,9;3,7,4,2,1,1,9;3,8,5,1,1,2,9;4,7,2,1,1,1,9;6,10,3,1,1,3,9;7,10,2,1,1,3,7;7,11,2,2,1,4,7
LAYER_EXCEPTION	state=1626	E=3	Q=50	demand=44	exactcap=40	exactdef=4	layerupper=44	layerexcess=0	gens=3	types=0,1,3,4,0,-1,0;1,2,3,4,0,-1,4;2,6,4,1,0,-1,9;3,6,3,2,1,0,8;3,7,4,2,1,1,8;4,7,2,1,1,1,8;7,10,2,1,1,2,6;7,11,2,2,1,2,6;7,12,2,1,1,2,6
LAYER_EXCEPTION	state=1626	E=3	Q=50	demand=44	exactcap=41	exactdef=3	layerupper=45	layerexcess=1	gens=3	types=0,1,3,4,0,-1,0;1,2,3,4,0,-1,4;2,7,5,1,0,-1,9;3,6,3,2,1,0,8;3,7,4,2,1,1,8;4,7,2,1,1,1,8;7,10,2,1,1,2,6;7,11,2,3,1,2,6
LAYER_EXCEPTION	state=1626	E=3	Q=50	demand=44	exactcap=41	exactdef=3	layerupper=45	layerexcess=1	gens=5	types=0,1,3,4,0,-1,0;1,2,3,4,0,-1,4;2,6,4,1,0,-1,9;3,6,3,2,1,0,8;3,7,4,1,1,1,8;3,8,5,1,1,2,8;5,8,2,1,1,2,8;6,9,2,1,1,3,8;7,11,2,3,1,4,6
LAYER_EXCEPTION	state=1626	E=3	Q=50	demand=46	exactcap=42	exactdef=4	layerupper=46	layerexcess=0	gens=6	types=0,1,3,4,0,-1,0;1,2,3,4,0,-1,5;3,6,3,2,1,0,9;3,7,4,2,1,1,9;3,8,5,1,1,2,9;5,8,2,1,1,2,9;6,9,2,1,1,3,9;6,10,3,1,1,4,9;7,11,2,2,1,5,7
LAYER_EXCEPTION	state=1626	E=3	Q=50	demand=44	exactcap=40	exactdef=4	layerupper=44	layerexcess=0	gens=5	types=0,1,3,4,0,-1,0;1,2,3,4,0,-1,4;2,6,4,1,0,-1,9;3,6,3,2,1,0,8;3,7,4,2,1,1,8;5,8,2,1,1,2,8;6,9,2,1,1,3,8;7,11,2,2,1,4,6;7,12,2,1,1,4,6
LAYER_EXCEPTION	state=1626	E=3	Q=50	demand=44	exactcap=41	exactdef=3	layerupper=45	layerexcess=1	gens=5	types=0,1,3,4,0,-1,0;1,2,3,4,0,-1,4;2,7,5,1,0,-1,9;3,6,3,2,1,0,8;3,7,4,2,1,1,8;5,8,2,1,1,2,8;6,9,2,1,1,3,8;7,11,2,3,1,4,6
LAYER_EXCEPTION	state=1626	E=3	Q=50	demand=46	exactcap=40	exactdef=6	layerupper=46	layerexcess=0	gens=6	types=0,1,3,4,0,-1,0;1,2,3,4,0,-1,4;3,6,3,1,1,0,8;3,7,4,2,1,1,9;3,8,5,1,1,2,9;4,7,2,2,1,1,9;6,9,2,1,1,3,9;6,10,3,2,1,4,9;8,12,0,1,1,5,4
LAYER_EXCEPTION	state=1626	E=3	Q=50	demand=46	exactcap=40	exactdef=6	layerupper=46	layerexcess=0	gens=5	types=0,1,3,4,0,-1,0;1,2,3,4,0,-1,4;3,6,3,1,1,0,8;3,7,4,2,1,1,9;3,8,5,1,1,2,9;4,7,2,1,1,1,9;5,8,2,2,1,2,9;6,10,3,2,1,3,9;8,12,0,1,1,4,5
LAYER_EXCEPTION	state=1626	E=3	Q=50	demand=36	exactcap=27	exactdef=9	layerupper=36	layerexcess=0	gens=4	types=0,1,3,4,0,-1,0;1,2,3,4,0,-1,0;1,4,5,1,0,-1,3;3,7,4,3,0,-1,6;5,8,2,1,1,0,5;5,9,3,1,1,1,5;5,10,4,1,1,2,5;6,9,2,1,1,1,5;7,11,1,1,1,3,5;8,11,0,1,1,3,5
LAYER_EXCEPTION	state=1626	E=3	Q=50	demand=36	exactcap=27	exactdef=9	layerupper=36	layerexcess=0	gens=3	types=0,1,3,4,0,-1,0;1,2,3,4,0,-1,0;1,4,5,1,0,-1,3;3,7,4,2,0,-1,6;3,8,5,1,0,-1,6;5,8,2,1,1,0,5;5,9,3,2,1,1,5;6,9,2,1,1,1,5;7,11,1,1,1,2,5;8,11,0,1,1,2,5
LAYER_EXCEPTION	state=1626	E=3	Q=50	demand=36	exactcap=27	exactdef=9	layerupper=36	layerexcess=0	gens=4	types=0,1,3,4,0,-1,0;1,2,3,4,0,-1,0;1,4,5,1,0,-1,3;3,7,4,3,0,-1,6;5,8,2,1,1,0,5;5,9,3,1,1,1,5;5,10,4,1,1,2,5;7,10,1,2,1,2,5;7,11,1,1,1,3,5
LAYER_EXCEPTION	state=1626	E=3	Q=50	demand=36	exactcap=27	exactdef=9	layerupper=36	layerexcess=0	gens=3	types=0,1,3,4,0,-1,0;1,2,3,4,0,-1,0;1,4,5,1,0,-1,3;3,7,4,2,0,-1,6;3,8,5,1,0,-1,6;5,8,2,1,1,0,5;5,9,3,2,1,1,5;7,10,1,2,1,2,5;7,11,1,1,1,2,5
LAYER_EXCEPTION	state=1626	E=3	Q=50	demand=44	exactcap=40	exactdef=4	layerupper=47	layerexcess=3	gens=5	types=0,1,3,4,0,-1,0;1,2,3,4,0,-1,4;2,5,3,1,0,-1,7;3,7,4,3,1,0,8;3,8,5,1,1,1,8;5,8,2,1,1,1,8;6,9,2,1,1,2,8;6,10,3,1,1,3,8;7,10,1,1,1,3,8;8,12,0,1,1,4,5
LAYER_EXCEPTION	state=1626	E=3	Q=50	demand=32	exactcap=26	exactdef=6	layerupper=34	layerexcess=2	gens=3	types=0,1,3,4,0,-1,0;1,2,3,4,0,-1,0;2,5,3,1,0,-1,2;3,7,4,3,0,-1,5;3,8,5,1,0,-1,5;5,8,2,1,1,0,4;6,9,2,1,1,1,4;7,10,1,1,1,2,4;7,11,1,2,1,2,4
LAYER_EXCEPTION	state=1626	E=3	Q=50	demand=44	exactcap=39	exactdef=5	layerupper=46	layerexcess=2	gens=5	types=0,1,3,4,0,-1,0;1,2,3,4,0,-1,4;2,5,3,1,0,-1,7;3,7,4,4,1,0,8;5,8,2,1,1,1,8;6,9,2,1,1,2,8;6,11,3,1,1,3,8;7,10,1,1,1,3,8;8,12,0,1,1,4,4
LAYER_EXCEPTION	state=1626	E=3	Q=50	demand=32	exactcap=25	exactdef=7	layerupper=33	layerexcess=1	gens=3	types=0,1,3,4,0,-1,0;1,2,3,4,0,-1,0;2,5,3,1,0,-1,2;3,7,4,4,0,-1,5;5,8,2,1,1,0,4;6,9,2,1,1,1,4;7,10,1,1,1,2,4;7,11,1,1,1,2,4;7,12,1,1,1,2,4
LAYER_EXCEPTION	state=1626	E=3	Q=50	demand=44	exactcap=39	exactdef=5	layerupper=46	layerexcess=2	gens=5	types=0,1,3,4,0,-1,0;1,2,3,4,0,-1,4;2,5,3,1,0,-1,7;3,7,4,4,1,0,8;5,8,2,1,1,1,8;6,9,2,1,1,2,8;6,10,3,1,1,3,8;7,10,1,1,1,3,8;8,13,0,1,1,4,4
LAYER_EXCEPTION	state=1626	E=3	Q=50	demand=44	exactcap=41	exactdef=3	layerupper=47	layerexcess=3	gens=5	types=0,1,3,4,0,-1,0;1,2,3,4,0,-1,4;2,5,3,1,0,-1,8;3,7,4,3,1,0,8;3,8,5,1,1,1,8;6,9,2,3,1,2,8;6,10,3,1,1,3,8;8,12,0,1,1,4,5
LAYER_EXCEPTION	state=1626	E=3	Q=50	demand=44	exactcap=40	exactdef=4	layerupper=46	layerexcess=2	gens=4	types=0,1,3,4,0,-1,0;1,2,3,4,0,-1,4;2,5,3,1,0,-1,7;3,7,4,3,1,0,8;3,8,5,1,1,1,8;6,9,2,3,1,2,8;7,11,1,2,1,3,8
LAYER_EXCEPTION	state=1626	E=3	Q=50	demand=44	exactcap=40	exactdef=4	layerupper=46	layerexcess=2	gens=4	types=0,1,3,4,0,-1,0;1,2,3,4,0,-1,4;2,5,3,1,0,-1,8;3,7,4,4,1,0,8;6,9,2,3,1,1,8;6,11,3,1,1,2,8;8,12,0,1,1,3,4
LAYER_EXCEPTION	state=1626	E=3	Q=50	demand=44	exactcap=39	exactdef=5	layerupper=45	layerexcess=1	gens=3	types=0,1,3,4,0,-1,0;1,2,3,4,0,-1,4;2,5,3,1,0,-1,7;3,7,4,4,1,0,8;6,9,2,3,1,1,8;7,11,1,1,1,2,8;7,12,1,1,1,2,8
LAYER_EXCEPTION	state=1626	E=3	Q=50	demand=44	exactcap=40	exactdef=4	layerupper=46	layerexcess=2	gens=4	types=0,1,3,4,0,-1,0;1,2,3,4,0,-1,4;2,5,3,1,0,-1,8;3,7,4,4,1,0,8;6,9,2,3,1,1,8;6,10,3,1,1,2,8;8,13,0,1,1,3,4
LAYER_EXCEPTION	state=1626	E=3	Q=50	demand=44	exactcap=42	exactdef=2	layerupper=46	layerexcess=2	gens=4	types=0,1,3,4,0,-1,0;1,2,3,4,0,-1,4;2,6,4,1,0,-1,9;3,6,3,2,1,0,8;3,7,4,2,1,1,8;4,9,4,1,1,2,8;7,10,2,2,1,3,6;7,11,2,2,1,3,6
LAYER_EXCEPTION	state=1626	E=3	Q=50	demand=46	exactcap=43	exactdef=3	layerupper=46	layerexcess=0	gens=5	types=0,1,3,4,0,-1,0;1,2,3,4,0,-1,5;3,6,3,2,1,0,9;3,7,4,3,1,1,9;4,9,4,1,1,2,9;6,10,3,1,1,3,9;7,10,2,2,1,3,7;7,11,2,1,1,4,7
LAYER_EXCEPTION	state=1626	E=3	Q=50	demand=33	exactcap=30	exactdef=3	layerupper=34	layerexcess=1	gens=2	types=0,1,3,4,0,-1,0;1,2,3,4,0,-1,0;2,6,4,2,0,-1,5;3,6,3,2,0,-1,5;3,7,4,1,0,-1,5;5,10,4,1,1,0,4;7,10,2,2,1,0,4;7,11,2,2,1,1,4
LAYER_EXCEPTION	state=1626	E=3	Q=50	demand=44	exactcap=43	exactdef=1	layerupper=46	layerexcess=2	gens=4	types=0,1,3,4,0,-1,0;1,2,3,4,0,-1,4;2,6,4,1,0,-1,9;3,6,3,2,1,0,8;3,7,4,2,1,1,8;5,10,4,1,1,2,8;6,10,3,1,1,2,8;7,10,2,2,1,2,6;7,11,2,1,1,3,6
LAYER_EXCEPTION	state=1626	E=3	Q=50	demand=46	exactcap=43	exactdef=3	layerupper=46	layerexcess=0	gens=5	types=0,1,3,4,0,-1,0;1,2,3,4,0,-1,5;3,6,3,2,1,0,9;3,7,4,3,1,1,9;5,9,3,1,1,2,9;5,10,4,1,1,3,9;7,10,2,2,1,3,7;7,11,2,1,1,4,7
LAYER_EXCEPTION	state=1626	E=3	Q=50	demand=46	exactcap=44	exactdef=2	layerupper=46	layerexcess=0	gens=3	types=0,1,3,4,0,-1,0;1,2,3,4,0,-1,5;3,6,3,2,1,0,9;3,7,4,3,1,1,9;5,10,4,1,1,2,9;6,10,3,2,1,2,9;7,10,2,2,1,2,7
LAYER_EXCEPTION	state=1626	E=3	Q=50	demand=33	exactcap=30	exactdef=3	layerupper=34	layerexcess=1	gens=2	types=0,1,3,4,0,-1,0;1,2,3,4,0,-1,0;2,6,4,2,0,-1,5;3,6,3,2,0,-1,5;3,8,5,1,0,-1,5;5,9,3,1,1,0,4;7,10,2,2,1,1,4;7,11,2,2,1,1,4
LAYER_EXCEPTION	state=1626	E=3	Q=50	demand=33	exactcap=31	exactdef=2	layerupper=34	layerexcess=1	gens=2	types=0,1,3,4,0,-1,0;1,2,3,4,0,-1,0;2,6,4,2,0,-1,5;3,6,3,2,0,-1,5;3,8,5,1,0,-1,5;6,10,3,2,1,0,4;7,10,2,2,1,0,4;7,11,2,1,1,1,4
LAYER_EXCEPTION	state=1626	E=3	Q=50	demand=44	exactcap=42	exactdef=2	layerupper=46	layerexcess=2	gens=4	types=0,1,3,4,0,-1,0;1,2,3,4,0,-1,4;2,6,4,1,0,-1,9;3,6,3,2,1,0,8;3,7,4,1,1,1,8;3,8,5,1,1,2,8;4,8,3,1,1,2,8;7,10,2,2,1,3,6;7,11,2,2,1,3,6
LAYER_EXCEPTION	state=1626	E=3	Q=50	demand=44	exactcap=43	exactdef=1	layerupper=46	layerexcess=2	gens=6	types=0,1,3,4,0,-1,0;1,2,3,4,0,-1,4;2,6,4,1,0,-1,9;3,6,3,2,1,0,8;3,7,4,1,1,1,8;3,8,5,1,1,2,8;5,9,3,1,1,3,8;6,10,3,1,1,4,8;7,10,2,2,1,4,6;7,11,2,1,1,5,6
LAYER_EXCEPTION	state=1626	E=3	Q=50	demand=46	exactcap=43	exactdef=3	layerupper=47	layerexcess=1	gens=4	types=0,1,3,4,0,-1,0;1,2,3,4,0,-1,6;3,6,3,2,1,0,9;3,7,4,3,1,1,9;3,8,5,1,1,2,9;7,10,2,2,1,3,7;7,11,2,2,1,3,7
LAYER_EXCEPTION	state=1626	E=3	Q=50	demand=46	exactcap=43	exactdef=3	layerupper=46	layerexcess=0	gens=5	types=0,1,3,4,0,-1,0;1,2,3,4,0,-1,5;3,6,3,2,1,0,9;3,7,4,2,1,1,9;3,8,5,1,1,2,9;4,8,3,1,1,2,9;6,10,3,1,1,3,9;7,10,2,2,1,3,7;7,11,2,1,1,4,7
LAYER_EXCEPTION	state=1626	E=3	Q=50	demand=46	exactcap=43	exactdef=3	layerupper=46	layerexcess=0	gens=5	types=0,1,3,4,0,-1,0;1,2,3,4,0,-1,5;3,6,3,2,1,0,9;3,7,4,2,1,1,9;3,8,5,1,1,2,9;5,9,3,2,1,3,9;7,10,2,2,1,4,7;7,11,2,1,1,4,7
LAYER_EXCEPTION	state=1626	E=3	Q=50	demand=46	exactcap=44	exactdef=2	layerupper=46	layerexcess=0	gens=5	types=0,1,3,4,0,-1,0;1,2,3,4,0,-1,5;3,6,3,2,1,0,9;3,7,4,2,1,1,9;3,8,5,1,1,2,9;5,9,3,1,1,3,9;6,10,3,2,1,4,9;7,10,2,2,1,4,7
LAYER_EXCEPTION	state=1626	E=3	Q=50	demand=33	exactcap=30	exactdef=3	layerupper=33	layerexcess=0	gens=1	types=0,1,3,4,0,-1,0;1,2,3,4,0,-1,0;2,6,4,2,0,-1,5;3,6,3,2,0,-1,5;3,7,4,1,0,-1,5;6,10,3,1,1,0,4;6,11,3,1,1,0,4;7,10,2,2,1,0,4;7,11,2,1,1,0,4
LAYER_EXCEPTION	state=1626	E=3	Q=50	demand=44	exactcap=42	exactdef=2	layerupper=45	layerexcess=1	gens=4	types=0,1,3,4,0,-1,0;1,2,3,4,0,-1,4;2,6,4,1,0,-1,9;3,6,3,2,1,0,8;3,7,4,2,1,1,8;5,9,3,1,1,2,8;6,11,3,1,1,3,8;7,10,2,2,1,3,6;7,11,2,1,1,3,6
LAYER_EXCEPTION	state=1626	E=3	Q=50	demand=44	exactcap=43	exactdef=1	layerupper=45	layerexcess=1	gens=3	types=0,1,3,4,0,-1,0;1,2,3,4,0,-1,4;2,6,4,1,0,-1,9;3,6,3,2,1,0,8;3,7,4,2,1,1,8;6,10,3,2,1,2,8;6,11,3,1,1,2,8;7,10,2,2,1,2,6
LAYER_EXCEPTION	state=1626	E=3	Q=50	demand=34	exactcap=30	exactdef=4	layerupper=34	layerexcess=0	gens=2	types=0,1,3,4,0,-1,0;1,2,3,4,0,-1,0;2,6,4,2,0,-1,5;2,7,5,1,0,-1,5;3,6,3,2,0,-1,5;6,10,3,1,1,0,4;7,10,2,2,1,0,4;7,11,2,2,1,1,4
LAYER_EXCEPTION	state=1626	E=3	Q=50	demand=33	exactcap=30	exactdef=3	layerupper=34	layerexcess=1	gens=2	types=0,1,3,4,0,-1,0;1,2,3,4,0,-1,0;2,6,4,1,0,-1,5;2,7,5,1,0,-1,5;3,6,3,2,0,-1,5;3,7,4,1,0,-1,5;5,9,3,1,1,0,4;7,10,2,2,1,1,4;7,11,2,2,1,1,4
LAYER_EXCEPTION	state=1626	E=3	Q=50	demand=33	exactcap=31	exactdef=2	layerupper=34	layerexcess=1	gens=2	types=0,1,3,4,0,-1,0;1,2,3,4,0,-1,0;2,6,4,1,0,-1,5;2,7,5,1,0,-1,5;3,6,3,2,0,-1,5;3,7,4,1,0,-1,5;6,10,3,2,1,0,4;7,10,2,2,1,0,4;7,11,2,1,1,1,4
LAYER_EXCEPTION	state=1626	E=3	Q=50	demand=44	exactcap=42	exactdef=2	layerupper=46	layerexcess=2	gens=4	types=0,1,3,4,0,-1,0;1,2,3,4,0,-1,4;2,7,5,1,0,-1,9;3,6,3,2,1,0,8;3,7,4,2,1,1,8;4,8,3,1,1,2,8;7,10,2,2,1,3,6;7,11,2,2,1,3,6
LAYER_EXCEPTION	state=1626	E=3	Q=50	demand=44	exactcap=43	exactdef=1	layerupper=46	layerexcess=2	gens=5	types=0,1,3,4,0,-1,0;1,2,3,4,0,-1,4;2,7,5,1,0,-1,9;3,6,3,2,1,0,8;3,7,4,2,1,1,8;5,9,3,1,1,2,8;6,10,3,1,1,3,8;7,10,2,2,1,3,6;7,11,2,1,1,4,6
LAYER_EXCEPTION	state=1626	E=3	Q=50	demand=33	exactcap=29	exactdef=4	layerupper=33	layerexcess=0	gens=2	types=0,1,3,4,0,-1,0;1,2,3,4,0,-1,0;2,6,4,2,0,-1,5;3,6,3,2,0,-1,5;3,7,4,1,0,-1,5;5,9,3,1,1,0,4;7,10,2,2,1,1,4;7,11,2,1,1,1,4;7,12,2,1,1,1,4
LAYER_EXCEPTION	state=1626	E=3	Q=50	demand=33	exactcap=30	exactdef=3	layerupper=33	layerexcess=0	gens=2	types=0,1,3,4,0,-1,0;1,2,3,4,0,-1,0;2,6,4,2,0,-1,5;3,6,3,2,0,-1,5;3,7,4,1,0,-1,5;6,10,3,2,1,0,4;7,10,2,2,1,0,4;7,12,2,1,1,1,4
LAYER_EXCEPTION	state=1626	E=3	Q=50	demand=44	exactcap=41	exactdef=3	layerupper=45	layerexcess=1	gens=4	types=0,1,3,4,0,-1,0;1,2,3,4,0,-1,4;2,6,4,1,0,-1,9;3,6,3,2,1,0,8;3,7,4,2,1,1,8;4,8,3,1,1,2,8;7,10,2,2,1,3,6;7,11,2,1,1,3,6;7,12,2,1,1,3,6
LAYER_EXCEPTION	state=1626	E=3	Q=50	demand=44	exactcap=42	exactdef=2	layerupper=45	layerexcess=1	gens=5	types=0,1,3,4,0,-1,0;1,2,3,4,0,-1,4;2,6,4,1,0,-1,9;3,6,3,2,1,0,8;3,7,4,2,1,1,8;5,9,3,1,1,2,8;6,10,3,1,1,3,8;7,10,2,2,1,3,6;7,12,2,1,1,4,6
LAYER_EXCEPTION	state=1626	E=3	Q=50	demand=46	exactcap=42	exactdef=4	layerupper=46	layerexcess=0	gens=3	types=0,1,3,4,0,-1,0;1,2,3,4,0,-1,6;3,6,3,2,1,0,9;3,7,4,4,1,1,9;7,10,2,2,1,2,7;7,11,2,1,1,2,7;7,12,2,1,1,2,7
LAYER_EXCEPTION	state=1626	E=3	Q=50	demand=34	exactcap=30	exactdef=4	layerupper=34	layerexcess=0	gens=2	types=0,1,3,4,0,-1,0;1,2,3,4,0,-1,0;1,6,7,1,0,-1,5;2,6,4,1,0,-1,5;3,6,3,2,0,-1,5;3,7,4,1,0,-1,5;6,10,3,1,1,0,4;7,10,2,2,1,0,4;7,11,2,2,1,1,4
LAYER_EXCEPTION	state=1626	E=3	Q=50	demand=33	exactcap=30	exactdef=3	layerupper=34	layerexcess=1	gens=2	types=0,1,3,4,0,-1,0;1,2,3,4,0,-1,0;1,6,7,1,0,-1,5;3,6,3,2,0,-1,5;3,7,4,2,0,-1,5;5,9,3,1,1,0,4;7,10,2,2,1,1,4;7,11,2,2,1,1,4
LAYER_EXCEPTION	state=1626	E=3	Q=50	demand=33	exactcap=31	exactdef=2	layerupper=34	layerexcess=1	gens=2	types=0,1,3,4,0,-1,0;1,2,3,4,0,-1,0;1,6,7,1,0,-1,5;3,6,3,2,0,-1,5;3,7,4,2,0,-1,5;6,10,3,2,1,0,4;7,10,2,2,1,0,4;7,11,2,1,1,1,4
LAYER_EXCEPTION	state=1626	E=3	Q=50	demand=46	exactcap=40	exactdef=6	layerupper=46	layerexcess=0	gens=5	types=0,1,3,4,0,-1,0;1,2,3,4,0,-1,4;3,6,3,1,1,0,8;3,7,4,3,1,1,9;4,7,2,1,1,1,9;4,9,4,1,1,2,9;5,8,2,1,1,2,9;6,10,3,1,1,3,9;7,11,2,1,1,4,8;8,11,0,1,1,4,4
LAYER_EXCEPTION	state=1626	E=3	Q=50	demand=46	exactcap=40	exactdef=6	layerupper=46	layerexcess=0	gens=6	types=0,1,3,4,0,-1,0;1,2,3,4,0,-1,4;3,6,3,1,1,0,8;3,7,4,3,1,1,9;4,7,2,1,1,1,9;5,8,2,1,1,2,9;5,9,3,1,1,3,9;5,10,4,1,1,4,9;7,11,2,1,1,5,8;8,11,0,1,1,5,4
LAYER_EXCEPTION	state=1626	E=3	Q=50	demand=46	exactcap=41	exactdef=5	layerupper=46	layerexcess=0	gens=5	types=0,1,3,4,0,-1,0;1,2,3,4,0,-1,4;3,6,3,1,1,0,8;3,7,4,3,1,1,9;4,7,2,1,1,1,9;5,8,2,1,1,2,9;5,10,4,1,1,3,9;6,10,3,2,1,3,9;8,11,0,1,1,4,4
LAYER_EXCEPTION	state=1626	E=3	Q=50	demand=46	exactcap=40	exactdef=6	layerupper=46	layerexcess=0	gens=4	types=0,1,3,4,0,-1,0;1,2,3,4,0,-1,5;3,6,3,1,1,0,8;3,7,4,3,1,1,9;3,8,5,1,1,2,9;4,7,2,1,1,1,9;5,8,2,1,1,2,9;7,11,2,2,1,3,8;8,11,0,1,1,3,4
LAYER_EXCEPTION	state=1626	E=3	Q=50	demand=46	exactcap=40	exactdef=6	layerupper=46	layerexcess=0	gens=5	types=0,1,3,4,0,-1,0;1,2,3,4,0,-1,4;3,6,3,1,1,0,8;3,7,4,2,1,1,9;3,8,5,1,1,2,9;4,7,2,1,1,1,9;4,8,3,1,1,2,9;5,8,2,1,1,2,9;6,10,3,1,1,3,9;7,11,2,1,1,4,8;8,11,0,1,1,4,5
LAYER_EXCEPTION	state=1626	E=3	Q=50	demand=46	exactcap=40	exactdef=6	layerupper=46	layerexcess=0	gens=5	types=0,1,3,4,0,-1,0;1,2,3,4,0,-1,4;3,6,3,1,1,0,8;3,7,4,2,1,1,9;3,8,5,1,1,2,9;4,7,2,1,1,1,9;5,8,2,1,1,2,9;5,9,3,2,1,3,9;7,11,2,1,1,4,8;8,11,0,1,1,4,5
LAYER_EXCEPTION	state=1626	E=3	Q=50	demand=46	exactcap=41	exactdef=5	layerupper=46	layerexcess=0	gens=6	types=0,1,3,4,0,-1,0;1,2,3,4,0,-1,4;3,6,3,1,1,0,8;3,7,4,2,1,1,9;3,8,5,1,1,2,9;4,7,2,1,1,1,9;5,8,2,1,1,2,9;5,9,3,1,1,3,9;6,10,3,2,1,4,9;8,11,0,1,1,5,5
LAYER_EXCEPTION	state=1626	E=3	Q=50	demand=46	exactcap=40	exactdef=6	layerupper=46	layerexcess=0	gens=5	types=0,1,3,4,0,-1,0;1,2,3,4,0,-1,4;3,6,3,1,1,0,8;3,7,4,3,1,1,9;4,7,2,1,1,1,9;4,9,4,1,1,2,9;5,9,3,1,1,2,9;6,9,2,1,1,2,9;7,10,2,1,1,3,8;8,12,0,1,1,4,4
LAYER_EXCEPTION	state=1626	E=3	Q=50	demand=46	exactcap=42	exactdef=4	layerupper=46	layerexcess=0	gens=5	types=0,1,3,4,0,-1,0;1,2,3,4,0,-1,4;3,6,3,1,1,0,9;3,7,4,3,1,1,9;4,7,2,1,1,1,9;4,9,4,1,1,2,9;6,9,2,1,1,2,9;6,10,3,1,1,3,9;7,10,2,1,1,3,8;7,11,2,1,1,4,8
LAYER_EXCEPTION	state=1626	E=3	Q=50	demand=36	exactcap=25	exactdef=11	layerupper=36	layerexcess=0	gens=3	types=0,1,3,4,0,-1,0;1,2,3,4,0,-1,0;1,5,6,1,0,-1,3;3,6,3,1,0,-1,6;3,7,4,2,0,-1,6;4,7,2,1,1,0,5;5,10,4,1,1,1,5;6,9,2,1,1,1,5;7,10,1,1,1,1,5;7,11,1,2,1,2,5
LAYER_EXCEPTION	state=1626	E=3	Q=50	demand=46	exactcap=40	exactdef=6	layerupper=46	layerexcess=0	gens=5	types=0,1,3,4,0,-1,0;1,2,3,4,0,-1,4;3,6,3,1,1,0,8;3,7,4,3,1,1,9;4,7,2,1,1,1,9;4,8,3,1,1,2,9;5,10,4,1,1,3,9;6,9,2,1,1,3,9;7,10,2,1,1,3,8;8,12,0,1,1,4,4
LAYER_EXCEPTION	state=1626	E=3	Q=50	demand=46	exactcap=42	exactdef=4	layerupper=46	layerexcess=0	gens=5	types=0,1,3,4,0,-1,0;1,2,3,4,0,-1,4;3,6,3,1,1,0,9;3,7,4,3,1,1,9;4,7,2,1,1,1,9;5,9,3,1,1,2,9;5,10,4,1,1,3,9;6,9,2,1,1,2,9;7,10,2,1,1,3,8;7,11,2,1,1,4,8
LAYER_EXCEPTION	state=1626	E=3	Q=50	demand=46	exactcap=43	exactdef=3	layerupper=46	layerexcess=0	gens=3	types=0,1,3,4,0,-1,0;1,2,3,4,0,-1,4;3,6,3,1,1,0,9;3,7,4,3,1,1,9;4,7,2,1,1,1,9;5,10,4,1,1,2,9;6,9,2,1,1,2,9;6,10,3,2,1,2,9;7,10,2,1,1,2,8
LAYER_EXCEPTION	state=1626	E=3	Q=50	demand=36	exactcap=25	exactdef=11	layerupper=36	layerexcess=0	gens=3	types=0,1,3,4,0,-1,0;1,2,3,4,0,-1,0;1,5,6,1,0,-1,3;3,6,3,1,0,-1,6;3,7,4,1,0,-1,6;3,8,5,1,0,-1,6;4,7,2,1,1,0,5;5,9,3,1,1,1,5;6,9,2,1,1,1,5;7,10,1,1,1,2,5;7,11,1,2,1,2,5
LAYER_EXCEPTION	state=1626	E=3	Q=50	demand=36	exactcap=28	exactdef=8	layerupper=36	layerexcess=0	gens=4	types=0,1,3,4,0,-1,0;1,2,3,4,0,-1,0;1,5,6,1,0,-1,4;3,6,3,1,0,-1,6;3,7,4,1,0,-1,6;3,8,5,1,0,-1,6;4,7,2,1,1,0,5;6,9,2,1,1,1,5;6,10,3,2,1,2,5;7,10,1,1,1,2,5;7,11,1,1,1,3,5
LAYER_EXCEPTION	state=1626	E=3	Q=50	demand=46	exactcap=41	exactdef=5	layerupper=47	layerexcess=1	gens=6	types=0,1,3,4,0,-1,0;1,2,3,4,0,-1,5;3,6,3,1,1,0,8;3,7,4,3,1,1,9;3,8,5,1,1,2,9;4,7,2,1,1,1,9;6,9,2,1,1,3,9;6,10,3,1,1,4,9;7,10,2,1,1,4,8;8,12,0,1,1,5,4
LAYER_EXCEPTION	state=1626	E=3	Q=50	demand=46	exactcap=42	exactdef=4	layerupper=46	layerexcess=0	gens=5	types=0,1,3,4,0,-1,0;1,2,3,4,0,-1,5;3,6,3,1,1,0,9;3,7,4,3,1,1,9;3,8,5,1,1,2,9;4,7,2,1,1,1,9;6,9,2,1,1,3,9;7,10,2,1,1,4,8;7,11,2,2,1,4,8
LAYER_EXCEPTION	state=1626	E=3	Q=50	demand=46	exactcap=40	exactdef=6	layerupper=46	layerexcess=0	gens=6	types=0,1,3,4,0,-1,0;1,2,3,4,0,-1,4;3,6,3,1,1,0,8;3,7,4,2,1,1,9;3,8,5,1,1,2,9;4,7,2,1,1,1,9;4,8,3,1,1,2,9;5,9,3,1,1,3,9;6,9,2,1,1,3,9;7,10,2,1,1,4,8;8,12,0,1,1,5,5
LAYER_EXCEPTION	state=1626	E=3	Q=50	demand=46	exactcap=42	exactdef=4	layerupper=46	layerexcess=0	gens=6	types=0,1,3,4,0,-1,0;1,2,3,4,0,-1,4;3,6,3,1,1,0,9;3,7,4,2,1,1,9;3,8,5,1,1,2,9;4,7,2,1,1,1,9;4,8,3,1,1,2,9;6,9,2,1,1,3,9;6,10,3,1,1,4,9;7,10,2,1,1,4,8;7,11,2,1,1,5,8
LAYER_EXCEPTION	state=1626	E=3	Q=50	demand=46	exactcap=42	exactdef=4	layerupper=46	layerexcess=0	gens=5	types=0,1,3,4,0,-1,0;1,2,3,4,0,-1,4;3,6,3,1,1,0,9;3,7,4,2,1,1,9;3,8,5,1,1,2,9;4,7,2,1,1,1,9;5,9,3,2,1,3,9;6,9,2,1,1,3,9;7,10,2,1,1,4,8;7,11,2,1,1,4,8
LAYER_EXCEPTION	state=1626	E=3	Q=50	demand=46	exactcap=43	exactdef=3	layerupper=46	layerexcess=0	gens=5	types=0,1,3,4,0,-1,0;1,2,3,4,0,-1,4;3,6,3,1,1,0,9;3,7,4,2,1,1,9;3,8,5,1,1,2,9;4,7,2,1,1,1,9;5,9,3,1,1,3,9;6,9,2,1,1,3,9;6,10,3,2,1,4,9;7,10,2,1,1,4,8
LAYER_EXCEPTION	state=1626	E=3	Q=50	demand=46	exactcap=40	exactdef=6	layerupper=46	layerexcess=0	gens=5	types=0,1,3,4,0,-1,0;1,2,3,4,0,-1,5;3,6,3,1,1,0,8;3,7,4,4,1,1,9;4,7,2,1,1,1,9;6,9,2,1,1,2,9;6,11,3,1,1,3,9;7,10,2,1,1,3,8;8,12,0,1,1,4,3
LAYER_EXCEPTION	state=1626	E=3	Q=50	demand=46	exactcap=40	exactdef=6	layerupper=46	layerexcess=0	gens=5	types=0,1,3,4,0,-1,0;1,2,3,4,0,-1,5;3,6,3,1,1,0,8;3,7,4,4,1,1,9;4,7,2,1,1,1,9;6,9,2,1,1,2,9;6,10,3,1,1,3,9;7,10,2,1,1,3,8;8,13,0,1,1,4,3
LAYER_EXCEPTION	state=1626	E=3	Q=50	demand=46	exactcap=40	exactdef=6	layerupper=46	layerexcess=0	gens=5	types=0,1,3,4,0,-1,0;1,2,3,4,0,-1,4;3,6,3,1,1,0,8;3,7,4,3,1,1,9;4,9,4,1,1,2,9;5,8,2,2,1,2,9;5,9,3,1,1,2,9;7,10,2,1,1,3,8;8,12,0,1,1,4,5
LAYER_EXCEPTION	state=1626	E=3	Q=50	demand=46	exactcap=42	exactdef=4	layerupper=46	layerexcess=0	gens=5	types=0,1,3,4,0,-1,0;1,2,3,4,0,-1,4;3,6,3,1,1,0,9;3,7,4,3,1,1,9;4,9,4,1,1,2,9;5,8,2,2,1,2,9;6,10,3,1,1,3,9;7,10,2,1,1,3,8;7,11,2,1,1,4,8
LAYER_EXCEPTION	state=1626	E=3	Q=50	demand=36	exactcap=25	exactdef=11	layerupper=36	layerexcess=0	gens=3	types=0,1,3,4,0,-1,0;1,2,3,4,0,-1,0;1,5,6,1,0,-1,3;3,6,3,1,0,-1,6;3,7,4,2,0,-1,6;5,8,2,2,1,0,5;5,10,4,1,1,1,5;7,10,1,1,1,1,5;7,11,1,2,1,2,5
LAYER_EXCEPTION	state=1626	E=3	Q=50	demand=46	exactcap=40	exactdef=6	layerupper=46	layerexcess=0	gens=5	types=0,1,3,4,0,-1,0;1,2,3,4,0,-1,4;3,6,3,1,1,0,8;3,7,4,3,1,1,9;4,8,3,1,1,2,9;5,8,2,2,1,2,9;5,10,4,1,1,3,9;7,10,2,1,1,3,8;8,12,0,1,1,4,5
LAYER_EXCEPTION	state=1626	E=3	Q=50	demand=46	exactcap=42	exactdef=4	layerupper=46	layerexcess=0	gens=6	types=0,1,3,4,0,-1,0;1,2,3,4,0,-1,4;3,6,3,1,1,0,9;3,7,4,3,1,1,9;5,8,2,2,1,2,9;5,9,3,1,1,3,9;5,10,4,1,1,4,9;7,10,2,1,1,4,8;7,11,2,1,1,5,8
LAYER_EXCEPTION	state=1626	E=3	Q=50	demand=46	exactcap=43	exactdef=3	layerupper=46	layerexcess=0	gens=4	types=0,1,3,4,0,-1,0;1,2,3,4,0,-1,4;3,6,3,1,1,0,9;3,7,4,3,1,1,9;5,8,2,2,1,2,9;5,10,4,1,1,3,9;6,10,3,2,1,3,9;7,10,2,1,1,3,8
LAYER_EXCEPTION	state=1626	E=3	Q=50	demand=36	exactcap=25	exactdef=11	layerupper=36	layerexcess=0	gens=3	types=0,1,3,4,0,-1,0;1,2,3,4,0,-1,0;1,5,6,1,0,-1,3;3,6,3,1,0,-1,6;3,7,4,1,0,-1,6;3,8,5,1,0,-1,6;5,8,2,2,1,0,5;5,9,3,1,1,1,5;7,10,1,1,1,2,5;7,11,1,2,1,2,5
LAYER_EXCEPTION	state=1626	E=3	Q=50	demand=36	exactcap=28	exactdef=8	layerupper=36	layerexcess=0	gens=3	types=0,1,3,4,0,-1,0;1,2,3,4,0,-1,0;1,5,6,1,0,-1,4;3,6,3,1,0,-1,6;3,7,4,1,0,-1,6;3,8,5,1,0,-1,6;5,8,2,2,1,0,5;6,10,3,2,1,1,5;7,10,1,1,1,1,5;7,11,1,1,1,2,5
LAYER_EXCEPTION	state=1626	E=3	Q=50	demand=46	exactcap=41	exactdef=5	layerupper=47	layerexcess=1	gens=5	types=0,1,3,4,0,-1,0;1,2,3,4,0,-1,5;3,6,3,1,1,0,8;3,7,4,3,1,1,9;3,8,5,1,1,2,9;5,8,2,2,1,2,9;6,10,3,1,1,3,9;7,10,2,1,1,3,8;8,12,0,1,1,4,5
LAYER_EXCEPTION	state=1626	E=3	Q=50	demand=46	exactcap=42	exactdef=4	layerupper=46	layerexcess=0	gens=4	types=0,1,3,4,0,-1,0;1,2,3,4,0,-1,5;3,6,3,1,1,0,9;3,7,4,3,1,1,9;3,8,5,1,1,2,9;5,8,2,2,1,2,9;7,10,2,1,1,3,8;7,11,2,2,1,3,8
LAYER_EXCEPTION	state=1626	E=3	Q=50	demand=46	exactcap=40	exactdef=6	layerupper=46	layerexcess=0	gens=6	types=0,1,3,4,0,-1,0;1,2,3,4,0,-1,4;3,6,3,1,1,0,8;3,7,4,2,1,1,9;3,8,5,1,1,2,9;4,8,3,1,1,2,9;5,8,2,2,1,2,9;5,9,3,1,1,3,9;7,10,2,1,1,4,8;8,12,0,1,1,5,6
LAYER_EXCEPTION	state=1626	E=3	Q=50	demand=46	exactcap=42	exactdef=4	layerupper=46	layerexcess=0	gens=5	types=0,1,3,4,0,-1,0;1,2,3,4,0,-1,4;3,6,3,1,1,0,9;3,7,4,2,1,1,9;3,8,5,1,1,2,9;4,8,3,1,1,2,9;5,8,2,2,1,2,9;6,10,3,1,1,3,9;7,10,2,1,1,3,8;7,11,2,1,1,4,8
LAYER_EXCEPTION	state=1626	E=3	Q=50	demand=46	exactcap=42	exactdef=4	layerupper=46	layerexcess=0	gens=5	types=0,1,3,4,0,-1,0;1,2,3,4,0,-1,4;3,6,3,1,1,0,9;3,7,4,2,1,1,9;3,8,5,1,1,2,9;5,8,2,2,1,2,9;5,9,3,2,1,3,9;7,10,2,1,1,4,8;7,11,2,1,1,4,8
LAYER_EXCEPTION	state=1626	E=3	Q=50	demand=46	exactcap=43	exactdef=3	layerupper=46	layerexcess=0	gens=5	types=0,1,3,4,0,-1,0;1,2,3,4,0,-1,4;3,6,3,1,1,0,9;3,7,4,2,1,1,9;3,8,5,1,1,2,9;5,8,2,2,1,2,9;5,9,3,1,1,3,9;6,10,3,2,1,4,9;7,10,2,1,1,4,8
LAYER_EXCEPTION	state=1626	E=3	Q=50	demand=46	exactcap=40	exactdef=6	layerupper=46	layerexcess=0	gens=5	types=0,1,3,4,0,-1,0;1,2,3,4,0,-1,5;3,6,3,1,1,0,8;3,7,4,4,1,1,9;5,8,2,2,1,2,9;6,11,3,1,1,3,9;7,10,2,1,1,3,8;8,12,0,1,1,4,4
LAYER_EXCEPTION	state=1626	E=3	Q=50	demand=46	exactcap=40	exactdef=6	layerupper=46	layerexcess=0	gens=5	types=0,1,3,4,0,-1,0;1,2,3,4,0,-1,5;3,6,3,1,1,0,8;3,7,4,4,1,1,9;5,8,2,2,1,2,9;6,10,3,1,1,3,9;7,10,2,1,1,3,8;8,13,0,1,1,4,4
LAYER_EXCEPTION	state=1626	E=3	Q=50	demand=46	exactcap=40	exactdef=6	layerupper=46	layerexcess=0	gens=4	types=0,1,3,4,0,-1,0;1,2,3,4,0,-1,4;3,6,3,1,1,0,8;3,7,4,3,1,1,9;4,9,4,1,1,2,9;5,8,2,1,1,2,9;5,9,3,1,1,2,9;6,9,2,2,1,2,9;8,12,0,1,1,3,5
LAYER_EXCEPTION	state=1626	E=3	Q=50	demand=46	exactcap=42	exactdef=4	layerupper=46	layerexcess=0	gens=5	types=0,1,3,4,0,-1,0;1,2,3,4,0,-1,4;3,6,3,1,1,0,9;3,7,4,3,1,1,9;4,9,4,1,1,2,9;5,8,2,1,1,2,9;6,9,2,2,1,2,9;6,10,3,1,1,3,9;7,11,2,1,1,4,8
LAYER_EXCEPTION	state=1626	E=3	Q=50	demand=36	exactcap=27	exactdef=9	layerupper=36	layerexcess=0	gens=3	types=0,1,3,4,0,-1,0;1,2,3,4,0,-1,0;1,5,6,1,0,-1,4;3,6,3,1,0,-1,6;3,7,4,2,0,-1,6;5,8,2,1,1,0,5;5,10,4,1,1,1,5;6,9,2,2,1,1,5;7,11,1,2,1,2,5
LAYER_EXCEPTION	state=1626	E=3	Q=50	demand=46	exactcap=40	exactdef=6	layerupper=46	layerexcess=0	gens=5	types=0,1,3,4,0,-1,0;1,2,3,4,0,-1,4;3,6,3,1,1,0,8;3,7,4,3,1,1,9;4,8,3,1,1,2,9;5,8,2,1,1,2,9;5,10,4,1,1,3,9;6,9,2,2,1,3,9;8,12,0,1,1,4,5
LAYER_EXCEPTION	state=1626	E=3	Q=50	demand=46	exactcap=42	exactdef=4	layerupper=46	layerexcess=0	gens=6	types=0,1,3,4,0,-1,0;1,2,3,4,0,-1,4;3,6,3,1,1,0,9;3,7,4,3,1,1,9;5,8,2,1,1,2,9;5,9,3,1,1,3,9;5,10,4,1,1,4,9;6,9,2,2,1,3,9;7,11,2,1,1,5,8
LAYER_EXCEPTION	state=1626	E=3	Q=50	demand=46	exactcap=43	exactdef=3	layerupper=46	layerexcess=0	gens=4	types=0,1,3,4,0,-1,0;1,2,3,4,0,-1,4;3,6,3,1,1,0,9;3,7,4,3,1,1,9;5,8,2,1,1,2,9;5,10,4,1,1,3,9;6,9,2,2,1,3,9;6,10,3,2,1,3,9
LAYER_EXCEPTION	state=1626	E=3	Q=50	demand=36	exactcap=27	exactdef=9	layerupper=36	layerexcess=0	gens=3	types=0,1,3,4,0,-1,0;1,2,3,4,0,-1,0;1,5,6,1,0,-1,4;3,6,3,1,0,-1,6;3,7,4,1,0,-1,6;3,8,5,1,0,-1,6;5,8,2,1,1,0,5;5,9,3,1,1,1,5;6,9,2,2,1,1,5;7,11,1,2,1,2,5
LAYER_EXCEPTION	state=1626	E=3	Q=50	demand=36	exactcap=30	exactdef=6	layerupper=36	layerexcess=0	gens=4	types=0,1,3,4,0,-1,0;1,2,3,4,0,-1,0;1,5,6,1,0,-1,5;3,6,3,1,0,-1,6;3,7,4,1,0,-1,6;3,8,5,1,0,-1,6;5,8,2,1,1,0,5;6,9,2,2,1,1,5;6,10,3,2,1,2,5;7,11,1,1,1,3,5
LAYER_EXCEPTION	state=1626	E=3	Q=50	demand=46	exactcap=41	exactdef=5	layerupper=47	layerexcess=1	gens=6	types=0,1,3,4,0,-1,0;1,2,3,4,0,-1,5;3,6,3,1,1,0,8;3,7,4,3,1,1,9;3,8,5,1,1,2,9;5,8,2,1,1,2,9;6,9,2,2,1,3,9;6,10,3,1,1,4,9;8,12,0,1,1,5,5
LAYER_EXCEPTION	state=1626	E=3	Q=50	demand=46	exactcap=42	exactdef=4	layerupper=46	layerexcess=0	gens=5	types=0,1,3,4,0,-1,0;1,2,3,4,0,-1,5;3,6,3,1,1,0,9;3,7,4,3,1,1,9;3,8,5,1,1,2,9;5,8,2,1,1,2,9;6,9,2,2,1,3,9;7,11,2,2,1,4,8
LAYER_EXCEPTION	state=1626	E=3	Q=50	demand=46	exactcap=40	exactdef=6	layerupper=46	layerexcess=0	gens=5	types=0,1,3,4,0,-1,0;1,2,3,4,0,-1,4;3,6,3,1,1,0,8;3,7,4,2,1,1,9;3,8,5,1,1,2,9;4,8,3,1,1,2,9;5,8,2,1,1,2,9;5,9,3,1,1,3,9;6,9,2,2,1,3,9;8,12,0,1,1,4,6
LAYER_EXCEPTION	state=1626	E=3	Q=50	demand=46	exactcap=42	exactdef=4	layerupper=46	layerexcess=0	gens=6	types=0,1,3,4,0,-1,0;1,2,3,4,0,-1,4;3,6,3,1,1,0,9;3,7,4,2,1,1,9;3,8,5,1,1,2,9;4,8,3,1,1,2,9;5,8,2,1,1,2,9;6,9,2,2,1,3,9;6,10,3,1,1,4,9;7,11,2,1,1,5,8
LAYER_EXCEPTION	state=1626	E=3	Q=50	demand=46	exactcap=42	exactdef=4	layerupper=46	layerexcess=0	gens=5	types=0,1,3,4,0,-1,0;1,2,3,4,0,-1,4;3,6,3,1,1,0,9;3,7,4,2,1,1,9;3,8,5,1,1,2,9;5,8,2,1,1,2,9;5,9,3,2,1,3,9;6,9,2,2,1,3,9;7,11,2,1,1,4,8
LAYER_EXCEPTION	state=1626	E=3	Q=50	demand=46	exactcap=43	exactdef=3	layerupper=46	layerexcess=0	gens=5	types=0,1,3,4,0,-1,0;1,2,3,4,0,-1,4;3,6,3,1,1,0,9;3,7,4,2,1,1,9;3,8,5,1,1,2,9;5,8,2,1,1,2,9;5,9,3,1,1,3,9;6,9,2,2,1,3,9;6,10,3,2,1,4,9
LAYER_EXCEPTION	state=1626	E=3	Q=50	demand=46	exactcap=40	exactdef=6	layerupper=46	layerexcess=0	gens=6	types=0,1,3,4,0,-1,0;1,2,3,4,0,-1,5;3,6,3,1,1,0,8;3,7,4,4,1,1,9;5,8,2,1,1,2,9;6,9,2,2,1,3,9;6,11,3,1,1,4,9;8,12,0,1,1,5,4
LAYER_EXCEPTION	state=1626	E=3	Q=50	demand=46	exactcap=40	exactdef=6	layerupper=46	layerexcess=0	gens=6	types=0,1,3,4,0,-1,0;1,2,3,4,0,-1,5;3,6,3,1,1,0,8;3,7,4,4,1,1,9;5,8,2,1,1,2,9;6,9,2,2,1,3,9;6,10,3,1,1,4,9;8,13,0,1,1,5,4
LAYER_EXCEPTION	state=1626	E=3	Q=50	demand=46	exactcap=40	exactdef=6	layerupper=46	layerexcess=0	gens=4	types=0,1,3,4,0,-1,0;1,2,3,4,0,-1,4;3,7,4,3,1,0,9;3,8,5,1,1,1,9;4,7,2,3,1,0,9;6,10,3,1,1,2,9;8,11,1,1,1,3,3;8,12,1,1,1,3,3
LAYER_EXCEPTION	state=1626	E=3	Q=50	demand=46	exactcap=41	exactdef=5	layerupper=46	layerexcess=0	gens=4	types=0,1,3,4,0,-1,0;1,2,3,4,0,-1,4;3,7,4,3,1,0,9;3,8,5,1,1,1,9;4,7,2,2,1,0,9;5,8,2,1,1,1,9;6,10,3,1,1,2,9;7,10,2,1,1,2,9;8,12,1,1,1,3,4
LAYER_EXCEPTION	state=1626	E=3	Q=50	demand=46	exactcap=41	exactdef=5	layerupper=46	layerexcess=0	gens=5	types=0,1,3,4,0,-1,0;1,2,3,4,0,-1,4;3,7,4,3,1,0,9;3,8,5,1,1,1,9;4,7,2,2,1,0,9;6,9,2,2,1,2,9;6,10,3,1,1,3,9;8,12,1,1,1,4,4
LAYER_EXCEPTION	state=1626	E=3	Q=50	demand=46	exactcap=41	exactdef=5	layerupper=46	layerexcess=0	gens=5	types=0,1,3,4,0,-1,0;1,2,3,4,0,-1,4;3,7,4,3,1,0,9;3,8,5,1,1,1,9;4,7,2,1,1,0,9;5,8,2,2,1,1,9;6,9,2,1,1,2,9;6,10,3,1,1,3,9;8,12,1,1,1,4,5
LAYER_EXCEPTION	state=1626	E=3	Q=50	demand=46	exactcap=41	exactdef=5	layerupper=46	layerexcess=0	gens=4	types=0,1,3,4,0,-1,0;1,2,3,4,0,-1,4;3,7,4,3,1,0,9;3,8,5,1,1,1,9;5,8,2,4,1,1,9;6,10,3,1,1,2,9;8,12,1,1,1,3,6
LAYER_EXCEPTION	state=1626	E=3	Q=50	demand=36	exactcap=25	exactdef=11	layerupper=36	layerexcess=0	gens=4	types=0,1,3,4,0,-1,0;1,2,3,4,0,-1,0;1,4,5,1,0,-1,3;3,7,4,2,0,-1,6;3,8,5,1,0,-1,6;5,8,2,3,1,0,5;6,10,2,1,1,1,5;7,11,1,1,1,2,5;8,12,0,1,1,3,5
LAYER_EXCEPTION	state=1626	E=3	Q=50	demand=36	exactcap=25	exactdef=11	layerupper=36	layerexcess=0	gens=2	types=0,1,3,4,0,-1,0;1,2,3,4,0,-1,0;1,4,5,1,0,-1,3;3,7,4,2,0,-1,6;3,8,5,1,0,-1,6;5,8,2,3,1,0,5;7,11,1,3,1,1,5
LAYER_EXCEPTION	state=1626	E=3	Q=50	demand=32	exactcap=25	exactdef=7	layerupper=33	layerexcess=1	gens=3	types=0,1,3,4,0,-1,0;1,2,3,4,0,-1,0;2,5,3,1,0,-1,2;3,6,3,1,0,-1,5;3,7,4,2,0,-1,5;3,8,5,1,0,-1,5;5,8,2,1,1,0,4;6,9,2,1,1,1,4;7,11,1,3,1,2,4
LAYER_EXCEPTION	state=1626	E=3	Q=50	demand=33	exactcap=29	exactdef=4	layerupper=33	layerexcess=0	gens=2	types=0,1,3,4,0,-1,0;1,2,3,4,0,-1,0;2,6,4,2,0,-1,5;3,6,3,3,0,-1,5;5,10,4,1,1,0,4;7,10,2,1,1,0,4;7,11,2,3,1,1,4
LAYER_EXCEPTION	state=1626	E=3	Q=50	demand=44	exactcap=42	exactdef=2	layerupper=45	layerexcess=1	gens=4	types=0,1,3,4,0,-1,0;1,2,3,4,0,-1,4;2,6,4,1,0,-1,9;3,6,3,3,1,0,8;3,7,4,1,1,1,8;5,10,4,1,1,2,8;6,10,3,1,1,2,8;7,10,2,1,1,2,5;7,11,2,2,1,3,5
LAYER_EXCEPTION	state=1626	E=3	Q=50	demand=44	exactcap=41	exactdef=3	layerupper=44	layerexcess=0	gens=4	types=0,1,3,4,0,-1,0;1,2,3,4,0,-1,4;2,6,4,1,0,-1,9;3,6,3,3,1,0,8;3,7,4,1,1,1,8;5,9,3,1,1,2,8;6,11,3,1,1,3,8;7,10,2,1,1,3,5;7,11,2,2,1,3,5
LAYER_EXCEPTION	state=1626	E=3	Q=50	demand=44	exactcap=42	exactdef=2	layerupper=44	layerexcess=0	gens=3	types=0,1,3,4,0,-1,0;1,2,3,4,0,-1,4;2,6,4,1,0,-1,9;3,6,3,3,1,0,8;3,7,4,1,1,1,8;6,10,3,2,1,2,8;6,11,3,1,1,2,8;7,10,2,1,1,2,5;7,11,2,1,1,2,5
LAYER_EXCEPTION	state=1626	E=3	Q=50	demand=44	exactcap=41	exactdef=3	layerupper=45	layerexcess=1	gens=4	types=0,1,3,4,0,-1,0;1,2,3,4,0,-1,4;2,6,4,1,0,-1,9;3,6,3,3,1,0,8;3,7,4,1,1,1,8;4,9,4,1,1,2,8;7,10,2,1,1,3,5;7,11,2,3,1,3,5
LAYER_EXCEPTION	state=1626	E=3	Q=50	demand=44	exactcap=40	exactdef=4	layerupper=44	layerexcess=0	gens=4	types=0,1,3,4,0,-1,0;1,2,3,4,0,-1,4;2,6,4,1,0,-1,9;3,6,3,3,1,0,8;3,7,4,1,1,1,8;4,8,3,1,1,2,8;7,10,2,1,1,3,5;7,11,2,2,1,3,5;7,12,2,1,1,3,5
LAYER_EXCEPTION	state=1626	E=3	Q=50	demand=44	exactcap=41	exactdef=3	layerupper=44	layerexcess=0	gens=5	types=0,1,3,4,0,-1,0;1,2,3,4,0,-1,4;2,6,4,1,0,-1,9;3,6,3,3,1,0,8;3,7,4,1,1,1,8;5,9,3,1,1,2,8;6,10,3,1,1,3,8;7,10,2,1,1,3,5;7,11,2,1,1,4,5;7,12,2,1,1,4,5
LAYER_EXCEPTION	state=1626	E=3	Q=50	demand=44	exactcap=42	exactdef=2	layerupper=44	layerexcess=0	gens=4	types=0,1,3,4,0,-1,0;1,2,3,4,0,-1,4;2,6,4,1,0,-1,9;3,6,3,3,1,0,8;3,7,4,1,1,1,8;6,10,3,3,1,2,8;7,10,2,1,1,2,5;7,12,2,1,1,3,5
LAYER_EXCEPTION	state=1626	E=3	Q=50	demand=44	exactcap=41	exactdef=3	layerupper=45	layerexcess=1	gens=3	types=0,1,3,4,0,-1,0;1,2,3,4,0,-1,4;2,6,4,1,0,-1,9;3,6,3,3,1,0,8;3,8,5,1,1,1,8;4,8,3,1,1,1,8;7,10,2,1,1,2,5;7,11,2,3,1,2,5
LAYER_EXCEPTION	state=1626	E=3	Q=50	demand=44	exactcap=42	exactdef=2	layerupper=45	layerexcess=1	gens=5	types=0,1,3,4,0,-1,0;1,2,3,4,0,-1,4;2,6,4,1,0,-1,9;3,6,3,3,1,0,8;3,8,5,1,1,1,8;5,9,3,1,1,2,8;6,10,3,1,1,3,8;7,10,2,1,1,3,5;7,11,2,2,1,4,5
LAYER_EXCEPTION	state=1626	E=3	Q=50	demand=44	exactcap=43	exactdef=1	layerupper=45	layerexcess=1	gens=4	types=0,1,3,4,0,-1,0;1,2,3,4,0,-1,4;2,6,4,1,0,-1,9;3,6,3,3,1,0,8;3,8,5,1,1,1,8;6,10,3,3,1,2,8;7,10,2,1,1,2,5;7,11,2,1,1,3,5
LAYER_EXCEPTION	state=1626	E=3	Q=50	demand=46	exactcap=42	exactdef=4	layerupper=46	layerexcess=0	gens=4	types=0,1,3,4,0,-1,0;1,2,3,4,0,-1,6;3,6,3,3,1,0,9;3,7,4,2,1,1,9;3,8,5,1,1,2,9;7,10,2,1,1,3,6;7,11,2,3,1,3,6
LAYER_EXCEPTION	state=1626	E=3	Q=50	demand=33	exactcap=29	exactdef=4	layerupper=33	layerexcess=0	gens=2	types=0,1,3,4,0,-1,0;1,2,3,4,0,-1,0;2,6,4,1,0,-1,5;2,7,5,1,0,-1,5;3,6,3,3,0,-1,5;5,9,3,1,1,0,4;7,10,2,1,1,1,4;7,11,2,3,1,1,4
LAYER_EXCEPTION	state=1626	E=3	Q=50	demand=33	exactcap=30	exactdef=3	layerupper=33	layerexcess=0	gens=2	types=0,1,3,4,0,-1,0;1,2,3,4,0,-1,0;2,6,4,1,0,-1,5;2,7,5,1,0,-1,5;3,6,3,3,0,-1,5;6,10,3,2,1,0,4;7,10,2,1,1,0,4;7,11,2,2,1,1,4
LAYER_EXCEPTION	state=1626	E=3	Q=50	demand=44	exactcap=41	exactdef=3	layerupper=45	layerexcess=1	gens=4	types=0,1,3,4,0,-1,0;1,2,3,4,0,-1,4;2,7,5,1,0,-1,9;3,6,3,3,1,0,8;3,7,4,1,1,1,8;4,8,3,1,1,2,8;7,10,2,1,1,3,5;7,11,2,3,1,3,5
LAYER_EXCEPTION	state=1626	E=3	Q=50	demand=44	exactcap=42	exactdef=2	layerupper=45	layerexcess=1	gens=5	types=0,1,3,4,0,-1,0;1,2,3,4,0,-1,4;2,7,5,1,0,-1,9;3,6,3,3,1,0,8;3,7,4,1,1,1,8;5,9,3,1,1,2,8;6,10,3,1,1,3,8;7,10,2,1,1,3,5;7,11,2,2,1,4,5
LAYER_EXCEPTION	state=1626	E=3	Q=50	demand=44	exactcap=43	exactdef=1	layerupper=45	layerexcess=1	gens=4	types=0,1,3,4,0,-1,0;1,2,3,4,0,-1,4;2,7,5,1,0,-1,9;3,6,3,3,1,0,8;3,7,4,1,1,1,8;6,10,3,3,1,2,8;7,10,2,1,1,2,5;7,11,2,1,1,3,5
LAYER_EXCEPTION	state=1626	E=3	Q=50	demand=33	exactcap=29	exactdef=4	layerupper=33	layerexcess=0	gens=2	types=0,1,3,4,0,-1,0;1,2,3,4,0,-1,0;1,6,7,1,0,-1,5;3,6,3,3,0,-1,5;3,7,4,1,0,-1,5;5,9,3,1,1,0,4;7,10,2,1,1,1,4;7,11,2,3,1,1,4
LAYER_EXCEPTION	state=1626	E=3	Q=50	demand=33	exactcap=30	exactdef=3	layerupper=33	layerexcess=0	gens=2	types=0,1,3,4,0,-1,0;1,2,3,4,0,-1,0;1,6,7,1,0,-1,5;3,6,3,3,0,-1,5;3,7,4,1,0,-1,5;6,10,3,2,1,0,4;7,10,2,1,1,0,4;7,11,2,2,1,1,4
LAYER_EXCEPTION	state=1626	E=3	Q=50	demand=36	exactcap=27	exactdef=9	layerupper=36	layerexcess=0	gens=4	types=0,1,3,4,0,-1,0;1,2,3,4,0,-1,0;1,4,5,1,0,-1,3;3,7,4,3,0,-1,6;5,8,2,1,1,0,5;5,9,3,1,1,1,5;5,10,4,1,1,2,5;6,10,2,1,1,2,5;7,10,1,1,1,2,5;8,11,0,1,1,3,5
LAYER_EXCEPTION	state=1626	E=3	Q=50	demand=36	exactcap=27	exactdef=9	layerupper=36	layerexcess=0	gens=4	types=0,1,3,4,0,-1,0;1,2,3,4,0,-1,0;1,4,5,1,0,-1,3;3,7,4,2,0,-1,6;3,8,5,1,0,-1,6;5,8,2,1,1,0,5;5,9,3,2,1,1,5;6,10,2,1,1,2,5;7,10,1,1,1,2,5;8,11,0,1,1,3,5
LAYER_EXCEPTION	state=1626	E=3	Q=50	demand=44	exactcap=40	exactdef=4	layerupper=47	layerexcess=3	gens=5	types=0,1,3,4,0,-1,0;1,2,3,4,0,-1,4;2,5,3,1,0,-1,7;3,7,4,3,1,0,8;3,8,5,1,1,1,8;5,8,2,1,1,1,8;6,9,2,1,1,2,8;6,10,3,1,1,3,8;7,11,1,1,1,4,8;8,11,0,1,1,4,5
LAYER_EXCEPTION	state=1626	E=3	Q=50	demand=44	exactcap=39	exactdef=5	layerupper=46	layerexcess=2	gens=4	types=0,1,3,4,0,-1,0;1,2,3,4,0,-1,4;2,5,3,1,0,-1,7;3,7,4,4,1,0,8;5,8,2,1,1,1,8;6,9,2,1,1,2,8;6,11,3,1,1,3,8;7,11,1,1,1,3,8;8,11,0,1,1,3,4
LAYER_EXCEPTION	state=1626	E=3	Q=50	demand=44	exactcap=39	exactdef=5	layerupper=46	layerexcess=2	gens=5	types=0,1,3,4,0,-1,0;1,2,3,4,0,-1,4;2,5,3,1,0,-1,7;3,7,4,4,1,0,8;5,8,2,1,1,1,8;6,9,2,1,1,2,8;6,10,3,1,1,3,8;7,12,1,1,1,4,8;8,11,0,1,1,4,4
LAYER_EXCEPTION	state=1626	E=3	Q=50	demand=32	exactcap=27	exactdef=5	layerupper=34	layerexcess=2	gens=3	types=0,1,3,4,0,-1,0;1,2,3,4,0,-1,0;2,5,3,1,0,-1,2;3,7,4,3,0,-1,5;3,8,5,1,0,-1,5;5,8,2,1,1,0,4;6,10,3,1,1,1,4;7,10,1,2,1,1,4;7,11,1,1,1,2,4
LAYER_EXCEPTION	state=1626	E=3	Q=50	demand=32	exactcap=26	exactdef=6	layerupper=33	layerexcess=1	gens=2	types=0,1,3,4,0,-1,0;1,2,3,4,0,-1,0;2,5,3,1,0,-1,2;3,7,4,4,0,-1,5;5,8,2,1,1,0,4;6,11,3,1,1,1,4;7,10,1,2,1,1,4;7,11,1,1,1,1,4
LAYER_EXCEPTION	state=1626	E=3	Q=50	demand=32	exactcap=26	exactdef=6	layerupper=33	layerexcess=1	gens=3	types=0,1,3,4,0,-1,0;1,2,3,4,0,-1,0;2,5,3,1,0,-1,2;3,7,4,4,0,-1,5;5,8,2,1,1,0,4;6,10,3,1,1,1,4;7,10,1,2,1,1,4;7,12,1,1,1,2,4
LAYER_EXCEPTION	state=1626	E=3	Q=50	demand=44	exactcap=41	exactdef=3	layerupper=47	layerexcess=3	gens=5	types=0,1,3,4,0,-1,0;1,2,3,4,0,-1,4;2,5,3,1,0,-1,7;3,7,4,3,1,0,8;3,8,5,1,1,1,8;6,9,2,2,1,2,8;6,10,3,1,1,3,8;7,10,1,1,1,3,8;7,11,1,1,1,4,8
LAYER_EXCEPTION	state=1626	E=3	Q=50	demand=44	exactcap=40	exactdef=4	layerupper=46	layerexcess=2	gens=3	types=0,1,3,4,0,-1,0;1,2,3,4,0,-1,4;2,5,3,1,0,-1,7;3,7,4,4,1,0,8;6,9,2,2,1,1,8;6,11,3,1,1,2,8;7,10,1,1,1,2,8;7,11,1,1,1,2,8
LAYER_EXCEPTION	state=1626	E=3	Q=50	demand=44	exactcap=40	exactdef=4	layerupper=46	layerexcess=2	gens=4	types=0,1,3,4,0,-1,0;1,2,3,4,0,-1,4;2,5,3,1,0,-1,7;3,7,4,4,1,0,8;6,9,2,2,1,1,8;6,10,3,1,1,2,8;7,10,1,1,1,2,8;7,12,1,1,1,3,8
LAYER_EXCEPTION	state=1626	E=3	Q=50	demand=46	exactcap=40	exactdef=6	layerupper=46	layerexcess=0	gens=4	types=0,1,3,4,0,-1,0;1,2,3,4,0,-1,4;3,6,3,1,1,0,8;3,7,4,3,1,1,9;4,7,2,1,1,1,9;4,9,4,1,1,2,9;5,9,3,1,1,2,9;6,9,2,1,1,2,9;7,11,2,1,1,3,8;8,11,0,1,1,3,4
LAYER_EXCEPTION	state=1626	E=3	Q=50	demand=46	exactcap=41	exactdef=5	layerupper=46	layerexcess=0	gens=5	types=0,1,3,4,0,-1,0;1,2,3,4,0,-1,4;3,6,3,1,1,0,8;3,7,4,3,1,1,9;4,7,2,1,1,1,9;4,9,4,1,1,2,9;6,9,2,1,1,2,9;6,10,3,2,1,3,9;8,11,0,1,1,4,4
LAYER_EXCEPTION	state=1626	E=3	Q=50	demand=46	exactcap=40	exactdef=6	layerupper=46	layerexcess=0	gens=5	types=0,1,3,4,0,-1,0;1,2,3,4,0,-1,4;3,6,3,1,1,0,8;3,7,4,3,1,1,9;4,7,2,1,1,1,9;4,8,3,1,1,2,9;5,10,4,1,1,3,9;6,9,2,1,1,3,9;7,11,2,1,1,4,8;8,11,0,1,1,4,4
LAYER_EXCEPTION	state=1626	E=3	Q=50	demand=46	exactcap=41	exactdef=5	layerupper=46	layerexcess=0	gens=5	types=0,1,3,4,0,-1,0;1,2,3,4,0,-1,4;3,6,3,1,1,0,8;3,7,4,3,1,1,9;4,7,2,1,1,1,9;5,9,3,1,1,2,9;5,10,4,1,1,3,9;6,9,2,1,1,2,9;6,10,3,1,1,3,9;8,11,0,1,1,4,4
LAYER_EXCEPTION	state=1626	E=3	Q=50	demand=46	exactcap=41	exactdef=5	layerupper=47	layerexcess=1	gens=6	types=0,1,3,4,0,-1,0;1,2,3,4,0,-1,5;3,6,3,1,1,0,8;3,7,4,3,1,1,9;3,8,5,1,1,2,9;4,7,2,1,1,1,9;6,9,2,1,1,3,9;6,10,3,1,1,4,9;7,11,2,1,1,5,8;8,11,0,1,1,5,4
LAYER_EXCEPTION	state=1626	E=3	Q=50	demand=46	exactcap=40	exactdef=6	layerupper=46	layerexcess=0	gens=5	types=0,1,3,4,0,-1,0;1,2,3,4,0,-1,4;3,6,3,1,1,0,8;3,7,4,2,1,1,9;3,8,5,1,1,2,9;4,7,2,1,1,1,9;4,8,3,1,1,2,9;5,9,3,1,1,3,9;6,9,2,1,1,3,9;7,11,2,1,1,4,8;8,11,0,1,1,4,5
LAYER_EXCEPTION	state=1626	E=3	Q=50	demand=46	exactcap=41	exactdef=5	layerupper=46	layerexcess=0	gens=6	types=0,1,3,4,0,-1,0;1,2,3,4,0,-1,4;3,6,3,1,1,0,8;3,7,4,2,1,1,9;3,8,5,1,1,2,9;4,7,2,1,1,1,9;4,8,3,1,1,2,9;6,9,2,1,1,3,9;6,10,3,2,1,4,9;8,11,0,1,1,5,5
LAYER_EXCEPTION	state=1626	E=3	Q=50	demand=46	exactcap=41	exactdef=5	layerupper=46	layerexcess=0	gens=6	types=0,1,3,4,0,-1,0;1,2,3,4,0,-1,4;3,6,3,1,1,0,8;3,7,4,2,1,1,9;3,8,5,1,1,2,9;4,7,2,1,1,1,9;5,9,3,2,1,3,9;6,9,2,1,1,3,9;6,10,3,1,1,4,9;8,11,0,1,1,5,5
LAYER_EXCEPTION	state=1626	E=3	Q=50	demand=46	exactcap=40	exactdef=6	layerupper=46	layerexcess=0	gens=4	types=0,1,3,4,0,-1,0;1,2,3,4,0,-1,5;3,6,3,1,1,0,8;3,7,4,4,1,1,9;4,7,2,1,1,1,9;6,9,2,1,1,2,9;6,11,3,1,1,3,9;7,11,2,1,1,3,8;8,11,0,1,1,3,3
LAYER_EXCEPTION	state=1626	E=3	Q=50	demand=46	exactcap=40	exactdef=6	layerupper=46	layerexcess=0	gens=5	types=0,1,3,4,0,-1,0;1,2,3,4,0,-1,5;3,6,3,1,1,0,8;3,7,4,4,1,1,9;4,7,2,1,1,1,9;6,9,2,1,1,2,9;6,10,3,1,1,3,9;7,12,2,1,1,4,8;8,11,0,1,1,4,3
LAYER_EXCEPTION	state=1626	E=3	Q=50	demand=46	exactcap=42	exactdef=4	layerupper=46	layerexcess=0	gens=4	types=0,1,3,4,0,-1,0;1,2,3,4,0,-1,4;3,6,3,1,1,0,9;3,7,4,3,1,1,9;4,7,2,1,1,1,9;4,9,4,1,1,2,9;5,9,3,1,1,2,9;7,10,2,2,1,3,8;7,11,2,1,1,3,8
LAYER_EXCEPTION	state=1626	E=3	Q=50	demand=46	exactcap=43	exactdef=3	layerupper=46	layerexcess=0	gens=4	types=0,1,3,4,0,-1,0;1,2,3,4,0,-1,4;3,6,3,1,1,0,9;3,7,4,3,1,1,9;4,7,2,1,1,1,9;4,9,4,1,1,2,9;6,10,3,2,1,3,9;7,10,2,2,1,3,8
LAYER_EXCEPTION	state=1626	E=3	Q=50	demand=36	exactcap=26	exactdef=10	layerupper=36	layerexcess=0	gens=3	types=0,1,3,4,0,-1,0;1,2,3,4,0,-1,0;1,5,6,1,0,-1,3;3,6,3,1,0,-1,6;3,7,4,2,0,-1,6;4,7,2,1,1,0,5;5,10,4,1,1,1,5;6,10,3,1,1,1,5;7,10,1,2,1,1,5;7,11,1,1,1,2,5
LAYER_EXCEPTION	state=1626	E=3	Q=50	demand=46	exactcap=42	exactdef=4	layerupper=46	layerexcess=0	gens=5	types=0,1,3,4,0,-1,0;1,2,3,4,0,-1,4;3,6,3,1,1,0,9;3,7,4,3,1,1,9;4,7,2,1,1,1,9;4,8,3,1,1,2,9;5,10,4,1,1,3,9;7,10,2,2,1,3,8;7,11,2,1,1,4,8
LAYER_EXCEPTION	state=1626	E=3	Q=50	demand=46	exactcap=43	exactdef=3	layerupper=46	layerexcess=0	gens=4	types=0,1,3,4,0,-1,0;1,2,3,4,0,-1,4;3,6,3,1,1,0,9;3,7,4,3,1,1,9;4,7,2,1,1,1,9;5,9,3,1,1,2,9;5,10,4,1,1,3,9;6,10,3,1,1,3,9;7,10,2,2,1,3,8
LAYER_EXCEPTION	state=1626	E=3	Q=50	demand=36	exactcap=26	exactdef=10	layerupper=36	layerexcess=0	gens=4	types=0,1,3,4,0,-1,0;1,2,3,4,0,-1,0;1,5,6,1,0,-1,3;3,6,3,1,0,-1,6;3,7,4,1,0,-1,6;3,8,5,1,0,-1,6;4,7,2,1,1,0,5;5,9,3,1,1,1,5;6,10,3,1,1,2,5;7,10,1,2,1,2,5;7,11,1,1,1,3,5
LAYER_EXCEPTION	state=1626	E=3	Q=50	demand=36	exactcap=29	exactdef=7	layerupper=36	layerexcess=0	gens=2	types=0,1,3,4,0,-1,0;1,2,3,4,0,-1,0;1,5,6,1,0,-1,4;3,6,3,1,0,-1,6;3,7,4,1,0,-1,6;3,8,5,1,0,-1,6;4,7,2,1,1,0,5;6,10,3,3,1,1,5;7,10,1,2,1,1,5
LAYER_EXCEPTION	state=1626	E=3	Q=50	demand=46	exactcap=43	exactdef=3	layerupper=47	layerexcess=1	gens=5	types=0,1,3,4,0,-1,0;1,2,3,4,0,-1,5;3,6,3,1,1,0,9;3,7,4,3,1,1,9;3,8,5,1,1,2,9;4,7,2,1,1,1,9;6,10,3,1,1,3,9;7,10,2,2,1,3,8;7,11,2,1,1,4,8
LAYER_EXCEPTION	state=1626	E=3	Q=50	demand=46	exactcap=42	exactdef=4	layerupper=46	layerexcess=0	gens=5	types=0,1,3,4,0,-1,0;1,2,3,4,0,-1,4;3,6,3,1,1,0,9;3,7,4,2,1,1,9;3,8,5,1,1,2,9;4,7,2,1,1,1,9;4,8,3,1,1,2,9;5,9,3,1,1,3,9;7,10,2,2,1,4,8;7,11,2,1,1,4,8
LAYER_EXCEPTION	state=1626	E=3	Q=50	demand=46	exactcap=43	exactdef=3	layerupper=46	layerexcess=0	gens=4	types=0,1,3,4,0,-1,0;1,2,3,4,0,-1,4;3,6,3,1,1,0,9;3,7,4,2,1,1,9;3,8,5,1,1,2,9;4,7,2,1,1,1,9;4,8,3,1,1,2,9;6,10,3,2,1,3,9;7,10,2,2,1,3,8
LAYER_EXCEPTION	state=1626	E=3	Q=50	demand=46	exactcap=43	exactdef=3	layerupper=46	layerexcess=0	gens=5	types=0,1,3,4,0,-1,0;1,2,3,4,0,-1,4;3,6,3,1,1,0,9;3,7,4,2,1,1,9;3,8,5,1,1,2,9;4,7,2,1,1,1,9;5,9,3,2,1,3,9;6,10,3,1,1,4,9;7,10,2,2,1,4,8
LAYER_EXCEPTION	state=1626	E=3	Q=50	demand=46	exactcap=42	exactdef=4	layerupper=46	layerexcess=0	gens=3	types=0,1,3,4,0,-1,0;1,2,3,4,0,-1,5;3,6,3,1,1,0,9;3,7,4,4,1,1,9;4,7,2,1,1,1,9;6,11,3,1,1,2,9;7,10,2,2,1,2,8;7,11,2,1,1,2,8
LAYER_EXCEPTION	state=1626	E=3	Q=50	demand=46	exactcap=42	exactdef=4	layerupper=46	layerexcess=0	gens=4	types=0,1,3,4,0,-1,0;1,2,3,4,0,-1,5;3,6,3,1,1,0,9;3,7,4,4,1,1,9;4,7,2,1,1,1,9;6,10,3,1,1,2,9;7,10,2,2,1,2,8;7,12,2,1,1,3,8
LAYER_EXCEPTION	state=1626	E=3	Q=50	demand=46	exactcap=40	exactdef=6	layerupper=46	layerexcess=0	gens=4	types=0,1,3,4,0,-1,0;1,2,3,4,0,-1,4;3,6,3,1,1,0,8;3,7,4,3,1,1,9;4,9,4,1,1,2,9;5,8,2,2,1,2,9;5,9,3,1,1,2,9;7,11,2,1,1,3,8;8,11,0,1,1,3,5
LAYER_EXCEPTION	state=1626	E=3	Q=50	demand=46	exactcap=41	exactdef=5	layerupper=46	layerexcess=0	gens=5	types=0,1,3,4,0,-1,0;1,2,3,4,0,-1,4;3,6,3,1,1,0,8;3,7,4,3,1,1,9;4,9,4,1,1,2,9;5,8,2,2,1,2,9;6,10,3,2,1,3,9;8,11,0,1,1,4,5
LAYER_EXCEPTION	state=1626	E=3	Q=50	demand=46	exactcap=40	exactdef=6	layerupper=46	layerexcess=0	gens=5	types=0,1,3,4,0,-1,0;1,2,3,4,0,-1,4;3,6,3,1,1,0,8;3,7,4,3,1,1,9;4,8,3,1,1,2,9;5,8,2,2,1,2,9;5,10,4,1,1,3,9;7,11,2,1,1,4,8;8,11,0,1,1,4,5
LAYER_EXCEPTION	state=1626	E=3	Q=50	demand=46	exactcap=41	exactdef=5	layerupper=46	layerexcess=0	gens=6	types=0,1,3,4,0,-1,0;1,2,3,4,0,-1,4;3,6,3,1,1,0,8;3,7,4,3,1,1,9;5,8,2,2,1,2,9;5,9,3,1,1,3,9;5,10,4,1,1,4,9;6,10,3,1,1,4,9;8,11,0,1,1,5,5
LAYER_EXCEPTION	state=1626	E=3	Q=50	demand=46	exactcap=41	exactdef=5	layerupper=47	layerexcess=1	gens=5	types=0,1,3,4,0,-1,0;1,2,3,4,0,-1,5;3,6,3,1,1,0,8;3,7,4,3,1,1,9;3,8,5,1,1,2,9;5,8,2,2,1,2,9;6,10,3,1,1,3,9;7,11,2,1,1,4,8;8,11,0,1,1,4,5
LAYER_EXCEPTION	state=1626	E=3	Q=50	demand=46	exactcap=40	exactdef=6	layerupper=46	layerexcess=0	gens=5	types=0,1,3,4,0,-1,0;1,2,3,4,0,-1,4;3,6,3,1,1,0,8;3,7,4,2,1,1,9;3,8,5,1,1,2,9;4,8,3,1,1,2,9;5,8,2,2,1,2,9;5,9,3,1,1,3,9;7,11,2,1,1,4,8;8,11,0,1,1,4,6
LAYER_EXCEPTION	state=1626	E=3	Q=50	demand=46	exactcap=41	exactdef=5	layerupper=46	layerexcess=0	gens=5	types=0,1,3,4,0,-1,0;1,2,3,4,0,-1,4;3,6,3,1,1,0,8;3,7,4,2,1,1,9;3,8,5,1,1,2,9;4,8,3,1,1,2,9;5,8,2,2,1,2,9;6,10,3,2,1,3,9;8,11,0,1,1,4,6
LAYER_EXCEPTION	state=1626	E=3	Q=50	demand=46	exactcap=41	exactdef=5	layerupper=46	layerexcess=0	gens=6	types=0,1,3,4,0,-1,0;1,2,3,4,0,-1,4;3,6,3,1,1,0,8;3,7,4,2,1,1,9;3,8,5,1,1,2,9;5,8,2,2,1,2,9;5,9,3,2,1,3,9;6,10,3,1,1,4,9;8,11,0,1,1,5,6
LAYER_EXCEPTION	state=1626	E=3	Q=50	demand=46	exactcap=40	exactdef=6	layerupper=46	layerexcess=0	gens=4	types=0,1,3,4,0,-1,0;1,2,3,4,0,-1,5;3,6,3,1,1,0,8;3,7,4,4,1,1,9;5,8,2,2,1,2,9;6,11,3,1,1,3,9;7,11,2,1,1,3,8;8,11,0,1,1,3,4
LAYER_EXCEPTION	state=1626	E=3	Q=50	demand=46	exactcap=40	exactdef=6	layerupper=46	layerexcess=0	gens=5	types=0,1,3,4,0,-1,0;1,2,3,4,0,-1,5;3,6,3,1,1,0,8;3,7,4,4,1,1,9;5,8,2,2,1,2,9;6,10,3,1,1,3,9;7,12,2,1,1,4,8;8,11,0,1,1,4,4
LAYER_EXCEPTION	state=1626	E=3	Q=50	demand=46	exactcap=42	exactdef=4	layerupper=46	layerexcess=0	gens=4	types=0,1,3,4,0,-1,0;1,2,3,4,0,-1,4;3,6,3,1,1,0,9;3,7,4,3,1,1,9;4,9,4,1,1,2,9;5,8,2,1,1,2,9;5,9,3,1,1,2,9;6,9,2,1,1,2,9;7,10,2,1,1,3,8;7,11,2,1,1,3,8
LAYER_EXCEPTION	state=1626	E=3	Q=50	demand=46	exactcap=43	exactdef=3	layerupper=46	layerexcess=0	gens=4	types=0,1,3,4,0,-1,0;1,2,3,4,0,-1,4;3,6,3,1,1,0,9;3,7,4,3,1,1,9;4,9,4,1,1,2,9;5,8,2,1,1,2,9;6,9,2,1,1,2,9;6,10,3,2,1,3,9;7,10,2,1,1,3,8
LAYER_EXCEPTION	state=1626	E=3	Q=50	demand=36	exactcap=28	exactdef=8	layerupper=36	layerexcess=0	gens=3	types=0,1,3,4,0,-1,0;1,2,3,4,0,-1,0;1,5,6,1,0,-1,4;3,6,3,1,0,-1,6;3,7,4,2,0,-1,6;5,8,2,1,1,0,5;5,10,4,1,1,1,5;6,9,2,1,1,1,5;6,10,3,1,1,1,5;7,10,1,1,1,1,5;7,11,1,1,1,2,5
LAYER_EXCEPTION	state=1626	E=3	Q=50	demand=46	exactcap=42	exactdef=4	layerupper=46	layerexcess=0	gens=5	types=0,1,3,4,0,-1,0;1,2,3,4,0,-1,4;3,6,3,1,1,0,9;3,7,4,3,1,1,9;4,8,3,1,1,2,9;5,8,2,1,1,2,9;5,10,4,1,1,3,9;6,9,2,1,1,3,9;7,10,2,1,1,3,8;7,11,2,1,1,4,8
LAYER_EXCEPTION	state=1626	E=3	Q=50	demand=46	exactcap=43	exactdef=3	layerupper=46	layerexcess=0	gens=5	types=0,1,3,4,0,-1,0;1,2,3,4,0,-1,4;3,6,3,1,1,0,9;3,7,4,3,1,1,9;5,8,2,1,1,2,9;5,9,3,1,1,3,9;5,10,4,1,1,4,9;6,9,2,1,1,3,9;6,10,3,1,1,4,9;7,10,2,1,1,4,8
LAYER_EXCEPTION	state=1626	E=3	Q=50	demand=36	exactcap=28	exactdef=8	layerupper=36	layerexcess=0	gens=4	types=0,1,3,4,0,-1,0;1,2,3,4,0,-1,0;1,5,6,1,0,-1,4;3,6,3,1,0,-1,6;3,7,4,1,0,-1,6;3,8,5,1,0,-1,6;5,8,2,1,1,0,5;5,9,3,1,1,1,5;6,9,2,1,1,1,5;6,10,3,1,1,2,5;7,10,1,1,1,2,5;7,11,1,1,1,3,5
LAYER_EXCEPTION	state=1626	E=3	Q=50	demand=36	exactcap=31	exactdef=5	layerupper=36	layerexcess=0	gens=3	types=0,1,3,4,0,-1,0;1,2,3,4,0,-1,0;1,5,6,1,0,-1,5;3,6,3,1,0,-1,6;3,7,4,1,0,-1,6;3,8,5,1,0,-1,6;5,8,2,1,1,0,5;6,9,2,1,1,1,5;6,10,3,3,1,2,5;7,10,1,1,1,2,5
LAYER_EXCEPTION	state=1626	E=3	Q=50	demand=46	exactcap=43	exactdef=3	layerupper=47	layerexcess=1	gens=6	types=0,1,3,4,0,-1,0;1,2,3,4,0,-1,5;3,6,3,1,1,0,9;3,7,4,3,1,1,9;3,8,5,1,1,2,9;5,8,2,1,1,2,9;6,9,2,1,1,3,9;6,10,3,1,1,4,9;7,10,2,1,1,4,8;7,11,2,1,1,5,8
LAYER_EXCEPTION	state=1626	E=3	Q=50	demand=46	exactcap=42	exactdef=4	layerupper=46	layerexcess=0	gens=5	types=0,1,3,4,0,-1,0;1,2,3,4,0,-1,4;3,6,3,1,1,0,9;3,7,4,2,1,1,9;3,8,5,1,1,2,9;4,8,3,1,1,2,9;5,8,2,1,1,2,9;5,9,3,1,1,3,9;6,9,2,1,1,3,9;7,10,2,1,1,4,8;7,11,2,1,1,4,8
LAYER_EXCEPTION	state=1626	E=3	Q=50	demand=46	exactcap=43	exactdef=3	layerupper=46	layerexcess=0	gens=5	types=0,1,3,4,0,-1,0;1,2,3,4,0,-1,4;3,6,3,1,1,0,9;3,7,4,2,1,1,9;3,8,5,1,1,2,9;4,8,3,1,1,2,9;5,8,2,1,1,2,9;6,9,2,1,1,3,9;6,10,3,2,1,4,9;7,10,2,1,1,4,8
LAYER_EXCEPTION	state=1626	E=3	Q=50	demand=46	exactcap=43	exactdef=3	layerupper=46	layerexcess=0	gens=5	types=0,1,3,4,0,-1,0;1,2,3,4,0,-1,4;3,6,3,1,1,0,9;3,7,4,2,1,1,9;3,8,5,1,1,2,9;5,8,2,1,1,2,9;5,9,3,2,1,3,9;6,9,2,1,1,3,9;6,10,3,1,1,4,9;7,10,2,1,1,4,8
LAYER_EXCEPTION	state=1626	E=3	Q=50	demand=46	exactcap=42	exactdef=4	layerupper=46	layerexcess=0	gens=5	types=0,1,3,4,0,-1,0;1,2,3,4,0,-1,5;3,6,3,1,1,0,9;3,7,4,4,1,1,9;5,8,2,1,1,2,9;6,9,2,1,1,3,9;6,11,3,1,1,4,9;7,10,2,1,1,4,8;7,11,2,1,1,4,8
LAYER_EXCEPTION	state=1626	E=3	Q=50	demand=46	exactcap=42	exactdef=4	layerupper=46	layerexcess=0	gens=6	types=0,1,3,4,0,-1,0;1,2,3,4,0,-1,5;3,6,3,1,1,0,9;3,7,4,4,1,1,9;5,8,2,1,1,2,9;6,9,2,1,1,3,9;6,10,3,1,1,4,9;7,10,2,1,1,4,8;7,12,2,1,1,5,8
LAYER_EXCEPTION	state=1626	E=3	Q=50	demand=46	exactcap=42	exactdef=4	layerupper=46	layerexcess=0	gens=4	types=0,1,3,4,0,-1,0;1,2,3,4,0,-1,4;3,6,3,1,1,0,9;3,7,4,3,1,1,9;4,9,4,1,1,2,9;5,9,3,1,1,2,9;6,9,2,3,1,2,9;7,11,2,1,1,3,8
LAYER_EXCEPTION	state=1626	E=3	Q=50	demand=46	exactcap=43	exactdef=3	layerupper=46	layerexcess=0	gens=4	types=0,1,3,4,0,-1,0;1,2,3,4,0,-1,4;3,6,3,1,1,0,9;3,7,4,3,1,1,9;4,9,4,1,1,2,9;6,9,2,3,1,2,9;6,10,3,2,1,3,9
LAYER_EXCEPTION	state=1626	E=3	Q=50	demand=36	exactcap=30	exactdef=6	layerupper=36	layerexcess=0	gens=2	types=0,1,3,4,0,-1,0;1,2,3,4,0,-1,0;1,5,6,1,0,-1,5;3,6,3,1,0,-1,6;3,7,4,2,0,-1,6;5,10,4,1,1,0,5;6,9,2,3,1,0,5;6,10,3,1,1,0,5;7,11,1,1,1,1,5
LAYER_EXCEPTION	state=1626	E=3	Q=50	demand=46	exactcap=42	exactdef=4	layerupper=46	layerexcess=0	gens=5	types=0,1,3,4,0,-1,0;1,2,3,4,0,-1,4;3,6,3,1,1,0,9;3,7,4,3,1,1,9;4,8,3,1,1,2,9;5,10,4,1,1,3,9;6,9,2,3,1,3,9;7,11,2,1,1,4,8
LAYER_EXCEPTION	state=1626	E=3	Q=50	demand=46	exactcap=43	exactdef=3	layerupper=46	layerexcess=0	gens=4	types=0,1,3,4,0,-1,0;1,2,3,4,0,-1,4;3,6,3,1,1,0,9;3,7,4,3,1,1,9;5,9,3,1,1,2,9;5,10,4,1,1,3,9;6,9,2,3,1,2,9;6,10,3,1,1,3,9
LAYER_EXCEPTION	state=1626	E=3	Q=50	demand=36	exactcap=30	exactdef=6	layerupper=36	layerexcess=0	gens=3	types=0,1,3,4,0,-1,0;1,2,3,4,0,-1,0;1,5,6,1,0,-1,5;3,6,3,1,0,-1,6;3,7,4,1,0,-1,6;3,8,5,1,0,-1,6;5,9,3,1,1,0,5;6,9,2,3,1,0,5;6,10,3,1,1,1,5;7,11,1,1,1,2,5
LAYER_EXCEPTION	state=1626	E=3	Q=50	demand=36	exactcap=33	exactdef=3	layerupper=36	layerexcess=0	gens=2	types=0,1,3,4,0,-1,0;1,2,3,4,0,-1,0;1,5,6,1,0,-1,6;3,6,3,1,0,-1,6;3,7,4,1,0,-1,6;3,8,5,1,0,-1,6;6,9,2,3,1,0,5;6,10,3,3,1,1,5
LAYER_EXCEPTION	state=1626	E=3	Q=50	demand=46	exactcap=43	exactdef=3	layerupper=47	layerexcess=1	gens=6	types=0,1,3,4,0,-1,0;1,2,3,4,0,-1,5;3,6,3,1,1,0,9;3,7,4,3,1,1,9;3,8,5,1,1,2,9;6,9,2,3,1,3,9;6,10,3,1,1,4,9;7,11,2,1,1,5,8
LAYER_EXCEPTION	state=1626	E=3	Q=50	demand=46	exactcap=42	exactdef=4	layerupper=46	layerexcess=0	gens=5	types=0,1,3,4,0,-1,0;1,2,3,4,0,-1,4;3,6,3,1,1,0,9;3,7,4,2,1,1,9;3,8,5,1,1,2,9;4,8,3,1,1,2,9;5,9,3,1,1,3,9;6,9,2,3,1,3,9;7,11,2,1,1,4,8
LAYER_EXCEPTION	state=1626	E=3	Q=50	demand=46	exactcap=43	exactdef=3	layerupper=46	layerexcess=0	gens=5	types=0,1,3,4,0,-1,0;1,2,3,4,0,-1,4;3,6,3,1,1,0,9;3,7,4,2,1,1,9;3,8,5,1,1,2,9;4,8,3,1,1,2,9;6,9,2,3,1,3,9;6,10,3,2,1,4,9
LAYER_EXCEPTION	state=1626	E=3	Q=50	demand=46	exactcap=43	exactdef=3	layerupper=46	layerexcess=0	gens=5	types=0,1,3,4,0,-1,0;1,2,3,4,0,-1,4;3,6,3,1,1,0,9;3,7,4,2,1,1,9;3,8,5,1,1,2,9;5,9,3,2,1,3,9;6,9,2,3,1,3,9;6,10,3,1,1,4,9
LAYER_EXCEPTION	state=1626	E=3	Q=50	demand=46	exactcap=42	exactdef=4	layerupper=46	layerexcess=0	gens=4	types=0,1,3,4,0,-1,0;1,2,3,4,0,-1,5;3,6,3,1,1,0,9;3,7,4,4,1,1,9;6,9,2,3,1,2,9;6,11,3,1,1,3,9;7,11,2,1,1,3,8
LAYER_EXCEPTION	state=1626	E=3	Q=50	demand=46	exactcap=42	exactdef=4	layerupper=46	layerexcess=0	gens=5	types=0,1,3,4,0,-1,0;1,2,3,4,0,-1,5;3,6,3,1,1,0,9;3,7,4,4,1,1,9;6,9,2,3,1,2,9;6,10,3,1,1,3,9;7,12,2,1,1,4,8
LAYER_EXCEPTION	state=1626	E=3	Q=50	demand=46	exactcap=41	exactdef=5	layerupper=46	layerexcess=0	gens=4	types=0,1,3,4,0,-1,0;1,2,3,4,0,-1,4;3,7,4,3,1,0,9;3,8,5,1,1,1,9;4,7,2,2,1,0,9;5,8,2,1,1,1,9;6,10,3,1,1,2,9;7,11,2,1,1,3,9;8,11,1,1,1,3,4
LAYER_EXCEPTION	state=1626	E=3	Q=50	demand=46	exactcap=42	exactdef=4	layerupper=46	layerexcess=0	gens=5	types=0,1,3,4,0,-1,0;1,2,3,4,0,-1,4;3,7,4,3,1,0,9;3,8,5,1,1,1,9;4,7,2,2,1,0,9;6,9,2,1,1,2,9;6,10,3,1,1,3,9;7,10,2,1,1,3,9;7,11,2,1,1,4,9
LAYER_EXCEPTION	state=1626	E=3	Q=50	demand=46	exactcap=42	exactdef=4	layerupper=46	layerexcess=0	gens=4	types=0,1,3,4,0,-1,0;1,2,3,4,0,-1,4;3,7,4,3,1,0,9;3,8,5,1,1,1,9;4,7,2,1,1,0,9;5,8,2,2,1,1,9;6,10,3,1,1,2,9;7,10,2,1,1,2,9;7,11,2,1,1,3,9
LAYER_EXCEPTION	state=1626	E=3	Q=50	demand=46	exactcap=42	exactdef=4	layerupper=46	layerexcess=0	gens=5	types=0,1,3,4,0,-1,0;1,2,3,4,0,-1,4;3,7,4,3,1,0,9;3,8,5,1,1,1,9;4,7,2,1,1,0,9;5,8,2,1,1,1,9;6,9,2,2,1,2,9;6,10,3,1,1,3,9;7,11,2,1,1,4,9
LAYER_EXCEPTION	state=1626	E=3	Q=50	demand=46	exactcap=42	exactdef=4	layerupper=46	layerexcess=0	gens=5	types=0,1,3,4,0,-1,0;1,2,3,4,0,-1,4;3,7,4,3,1,0,9;3,8,5,1,1,1,9;5,8,2,3,1,1,9;6,9,2,1,1,2,9;6,10,3,1,1,3,9;7,11,2,1,1,4,9
LAYER_EXCEPTION	state=1626	E=3	Q=50	demand=32	exactcap=26	exactdef=6	layerupper=32	layerexcess=0	gens=2	types=0,1,3,4,0,-1,0;1,2,3,4,0,-1,0;2,5,3,1,0,-1,2;3,6,3,2,0,-1,5;3,7,4,2,0,-1,5;5,10,4,1,1,0,4;6,10,3,1,1,0,4;7,10,1,1,1,0,4;7,11,1,2,1,1,4
LAYER_EXCEPTION	state=1626	E=3	Q=50	demand=44	exactcap=40	exactdef=4	layerupper=44	layerexcess=0	gens=3	types=0,1,3,4,0,-1,0;1,2,3,4,0,-1,4;2,5,3,1,0,-1,7;3,6,3,2,1,0,8;3,7,4,2,1,1,8;6,10,3,2,1,2,8;6,11,3,1,1,2,8;7,10,1,1,1,2,6;7,11,1,1,1,2,6
LAYER_EXCEPTION	state=1626	E=3	Q=50	demand=44	exactcap=40	exactdef=4	layerupper=44	layerexcess=0	gens=4	types=0,1,3,4,0,-1,0;1,2,3,4,0,-1,4;2,5,3,1,0,-1,7;3,6,3,2,1,0,8;3,7,4,2,1,1,8;6,10,3,3,1,2,8;7,10,1,1,1,2,6;7,12,1,1,1,3,6
LAYER_EXCEPTION	state=1626	E=3	Q=50	demand=32	exactcap=26	exactdef=6	layerupper=32	layerexcess=0	gens=3	types=0,1,3,4,0,-1,0;1,2,3,4,0,-1,0;2,5,3,1,0,-1,2;3,6,3,2,0,-1,5;3,7,4,1,0,-1,5;3,8,5,1,0,-1,5;5,9,3,1,1,0,4;6,10,3,1,1,1,4;7,10,1,1,1,1,4;7,11,1,2,1,2,4
LAYER_EXCEPTION	state=1626	E=3	Q=50	demand=44	exactcap=41	exactdef=3	layerupper=45	layerexcess=1	gens=5	types=0,1,3,4,0,-1,0;1,2,3,4,0,-1,4;2,5,3,1,0,-1,7;3,6,3,2,1,0,8;3,7,4,1,1,1,8;3,8,5,1,1,2,8;6,10,3,3,1,3,8;7,10,1,1,1,3,6;7,11,1,1,1,4,6
LAYER_EXCEPTION	state=1626	E=3	Q=50	demand=44	exactcap=41	exactdef=3	layerupper=45	layerexcess=1	gens=4	types=0,1,3,4,0,-1,0;1,2,3,4,0,-1,4;2,6,4,1,0,-1,9;3,6,3,3,1,0,8;3,7,4,1,1,1,8;5,10,4,1,1,2,8;6,9,2,1,1,2,8;7,11,2,3,1,3,5
LAYER_EXCEPTION	state=1626	E=3	Q=50	demand=44	exactcap=41	exactdef=3	layerupper=44	layerexcess=0	gens=4	types=0,1,3,4,0,-1,0;1,2,3,4,0,-1,4;2,6,4,1,0,-1,9;3,6,3,3,1,0,8;3,7,4,1,1,1,8;6,9,2,1,1,2,8;6,10,3,1,1,3,8;6,11,3,1,1,3,8;7,11,2,2,1,3,5
LAYER_EXCEPTION	state=1626	E=3	Q=50	demand=44	exactcap=40	exactdef=4	layerupper=44	layerexcess=0	gens=4	types=0,1,3,4,0,-1,0;1,2,3,4,0,-1,4;2,6,4,1,0,-1,9;3,6,3,3,1,0,8;3,7,4,1,1,1,8;5,9,3,1,1,2,8;6,9,2,1,1,2,8;7,11,2,2,1,3,5;7,12,2,1,1,3,5
LAYER_EXCEPTION	state=1626	E=3	Q=50	demand=44	exactcap=41	exactdef=3	layerupper=44	layerexcess=0	gens=5	types=0,1,3,4,0,-1,0;1,2,3,4,0,-1,4;2,6,4,1,0,-1,9;3,6,3,3,1,0,8;3,7,4,1,1,1,8;6,9,2,1,1,2,8;6,10,3,2,1,3,8;7,11,2,1,1,4,5;7,12,2,1,1,4,5
LAYER_EXCEPTION	state=1626	E=3	Q=50	demand=44	exactcap=41	exactdef=3	layerupper=45	layerexcess=1	gens=4	types=0,1,3,4,0,-1,0;1,2,3,4,0,-1,4;2,6,4,1,0,-1,9;3,6,3,3,1,0,8;3,8,5,1,1,1,8;5,9,3,1,1,2,8;6,9,2,1,1,2,8;7,11,2,3,1,3,5
LAYER_EXCEPTION	state=1626	E=3	Q=50	demand=44	exactcap=42	exactdef=2	layerupper=45	layerexcess=1	gens=5	types=0,1,3,4,0,-1,0;1,2,3,4,0,-1,4;2,6,4,1,0,-1,9;3,6,3,3,1,0,8;3,8,5,1,1,1,8;6,9,2,1,1,2,8;6,10,3,2,1,3,8;7,11,2,2,1,4,5
LAYER_EXCEPTION	state=1626	E=3	Q=50	demand=33	exactcap=29	exactdef=4	layerupper=33	layerexcess=0	gens=3	types=0,1,3,4,0,-1,0;1,2,3,4,0,-1,0;2,6,4,1,0,-1,5;2,7,5,1,0,-1,5;3,6,3,3,0,-1,5;6,9,2,1,1,0,4;6,10,3,1,1,1,4;7,11,2,3,1,2,4
LAYER_EXCEPTION	state=1626	E=3	Q=50	demand=44	exactcap=41	exactdef=3	layerupper=45	layerexcess=1	gens=4	types=0,1,3,4,0,-1,0;1,2,3,4,0,-1,4;2,7,5,1,0,-1,9;3,6,3,3,1,0,8;3,7,4,1,1,1,8;5,9,3,1,1,2,8;6,9,2,1,1,2,8;7,11,2,3,1,3,5
LAYER_EXCEPTION	state=1626	E=3	Q=50	demand=44	exactcap=42	exactdef=2	layerupper=45	layerexcess=1	gens=5	types=0,1,3,4,0,-1,0;1,2,3,4,0,-1,4;2,7,5,1,0,-1,9;3,6,3,3,1,0,8;3,7,4,1,1,1,8;6,9,2,1,1,2,8;6,10,3,2,1,3,8;7,11,2,2,1,4,5
LAYER_EXCEPTION	state=1626	E=3	Q=50	demand=33	exactcap=29	exactdef=4	layerupper=33	layerexcess=0	gens=3	types=0,1,3,4,0,-1,0;1,2,3,4,0,-1,0;1,6,7,1,0,-1,5;3,6,3,3,0,-1,5;3,7,4,1,0,-1,5;6,9,2,1,1,0,4;6,10,3,1,1,1,4;7,11,2,3,1,2,4
LAYER_EXCEPTION	state=1626	E=3	Q=50	demand=36	exactcap=28	exactdef=8	layerupper=36	layerexcess=0	gens=3	types=0,1,3,4,0,-1,0;1,2,3,4,0,-1,0;1,4,5,1,0,-1,3;3,7,4,3,0,-1,6;5,9,3,2,1,0,5;5,10,4,1,1,1,5;6,9,2,1,1,0,5;7,10,1,1,1,1,5;8,11,0,1,1,2,5
LAYER_EXCEPTION	state=1626	E=3	Q=50	demand=36	exactcap=28	exactdef=8	layerupper=36	layerexcess=0	gens=3	types=0,1,3,4,0,-1,0;1,2,3,4,0,-1,0;1,4,5,1,0,-1,3;3,7,4,2,0,-1,6;3,8,5,1,0,-1,6;5,9,3,3,1,0,5;6,9,2,1,1,0,5;7,10,1,1,1,1,5;8,11,0,1,1,2,5
LAYER_EXCEPTION	state=1626	E=3	Q=50	demand=36	exactcap=28	exactdef=8	layerupper=36	layerexcess=0	gens=2	types=0,1,3,4,0,-1,0;1,2,3,4,0,-1,0;1,4,5,1,0,-1,3;3,7,4,3,0,-1,6;5,9,3,2,1,0,5;5,10,4,1,1,1,5;7,10,1,3,1,1,5
LAYER_EXCEPTION	state=1626	E=3	Q=50	demand=36	exactcap=28	exactdef=8	layerupper=36	layerexcess=0	gens=2	types=0,1,3,4,0,-1,0;1,2,3,4,0,-1,0;1,4,5,1,0,-1,3;3,7,4,2,0,-1,6;3,8,5,1,0,-1,6;5,9,3,3,1,0,5;7,10,1,3,1,1,5
LAYER_EXCEPTION	state=1626	E=3	Q=50	demand=44	exactcap=41	exactdef=3	layerupper=47	layerexcess=3	gens=4	types=0,1,3,4,0,-1,0;1,2,3,4,0,-1,4;2,5,3,1,0,-1,7;3,7,4,3,1,0,8;3,8,5,1,1,1,8;5,8,2,1,1,1,8;6,10,3,2,1,2,8;7,10,1,1,1,2,8;8,11,0,1,1,3,5
LAYER_EXCEPTION	state=1626	E=3	Q=50	demand=44	exactcap=40	exactdef=4	layerupper=46	layerexcess=2	gens=3	types=0,1,3,4,0,-1,0;1,2,3,4,0,-1,4;2,5,3,1,0,-1,7;3,7,4,4,1,0,8;5,8,2,1,1,1,8;6,10,3,1,1,2,8;6,11,3,1,1,2,8;7,10,1,1,1,2,8;8,11,0,1,1,2,4
LAYER_EXCEPTION	state=1626	E=3	Q=50	demand=44	exactcap=42	exactdef=2	layerupper=47	layerexcess=3	gens=5	types=0,1,3,4,0,-1,0;1,2,3,4,0,-1,4;2,5,3,1,0,-1,8;3,7,4,3,1,0,8;3,8,5,1,1,1,8;6,9,2,2,1,2,8;6,10,3,2,1,3,8;8,11,0,1,1,4,5
LAYER_EXCEPTION	state=1626	E=3	Q=50	demand=44	exactcap=41	exactdef=3	layerupper=46	layerexcess=2	gens=3	types=0,1,3,4,0,-1,0;1,2,3,4,0,-1,4;2,5,3,1,0,-1,8;3,7,4,4,1,0,8;6,9,2,2,1,1,8;6,10,3,1,1,2,8;6,11,3,1,1,2,8;8,11,0,1,1,2,4
LAYER_EXCEPTION	state=1626	E=3	Q=50	demand=44	exactcap=42	exactdef=2	layerupper=47	layerexcess=3	gens=4	types=0,1,3,4,0,-1,0;1,2,3,4,0,-1,4;2,5,3,1,0,-1,7;3,7,4,3,1,0,8;3,8,5,1,1,1,8;6,9,2,1,1,2,8;6,10,3,2,1,3,8;7,10,1,2,1,3,8
LAYER_EXCEPTION	state=1626	E=3	Q=50	demand=44	exactcap=41	exactdef=3	layerupper=46	layerexcess=2	gens=3	types=0,1,3,4,0,-1,0;1,2,3,4,0,-1,4;2,5,3,1,0,-1,7;3,7,4,4,1,0,8;6,9,2,1,1,1,8;6,10,3,1,1,2,8;6,11,3,1,1,2,8;7,10,1,2,1,2,8
LAYER_EXCEPTION	state=1626	E=3	Q=50	demand=46	exactcap=41	exactdef=5	layerupper=46	layerexcess=0	gens=5	types=0,1,3,4,0,-1,0;1,2,3,4,0,-1,4;3,6,3,1,1,0,8;3,7,4,3,1,1,9;4,7,2,1,1,1,9;4,9,4,1,1,2,9;5,9,3,1,1,2,9;6,10,3,1,1,3,9;7,10,2,1,1,3,8;8,11,0,1,1,4,4
LAYER_EXCEPTION	state=1626	E=3	Q=50	demand=46	exactcap=41	exactdef=5	layerupper=46	layerexcess=0	gens=5	types=0,1,3,4,0,-1,0;1,2,3,4,0,-1,4;3,6,3,1,1,0,8;3,7,4,3,1,1,9;4,7,2,1,1,1,9;4,8,3,1,1,2,9;5,10,4,1,1,3,9;6,10,3,1,1,3,9;7,10,2,1,1,3,8;8,11,0,1,1,4,4
LAYER_EXCEPTION	state=1626	E=3	Q=50	demand=46	exactcap=41	exactdef=5	layerupper=46	layerexcess=0	gens=5	types=0,1,3,4,0,-1,0;1,2,3,4,0,-1,4;3,6,3,1,1,0,8;3,7,4,3,1,1,9;4,7,2,1,1,1,9;5,9,3,2,1,2,9;5,10,4,1,1,3,9;7,10,2,1,1,3,8;8,11,0,1,1,4,4
LAYER_EXCEPTION	state=1626	E=3	Q=50	demand=46	exactcap=42	exactdef=4	layerupper=47	layerexcess=1	gens=5	types=0,1,3,4,0,-1,0;1,2,3,4,0,-1,5;3,6,3,1,1,0,8;3,7,4,3,1,1,9;3,8,5,1,1,2,9;4,7,2,1,1,1,9;6,10,3,2,1,3,9;7,10,2,1,1,3,8;8,11,0,1,1,4,4
LAYER_EXCEPTION	state=1626	E=3	Q=50	demand=46	exactcap=41	exactdef=5	layerupper=46	layerexcess=0	gens=6	types=0,1,3,4,0,-1,0;1,2,3,4,0,-1,4;3,6,3,1,1,0,8;3,7,4,2,1,1,9;3,8,5,1,1,2,9;4,7,2,1,1,1,9;4,8,3,1,1,2,9;5,9,3,1,1,3,9;6,10,3,1,1,4,9;7,10,2,1,1,4,8;8,11,0,1,1,5,5
LAYER_EXCEPTION	state=1626	E=3	Q=50	demand=46	exactcap=41	exactdef=5	layerupper=46	layerexcess=0	gens=6	types=0,1,3,4,0,-1,0;1,2,3,4,0,-1,4;3,6,3,1,1,0,8;3,7,4,2,1,1,9;3,8,5,1,1,2,9;4,7,2,1,1,1,9;5,9,3,3,1,3,9;7,10,2,1,1,4,8;8,11,0,1,1,5,5
LAYER_EXCEPTION	state=1626	E=3	Q=50	demand=46	exactcap=41	exactdef=5	layerupper=46	layerexcess=0	gens=3	types=0,1,3,4,0,-1,0;1,2,3,4,0,-1,5;3,6,3,1,1,0,8;3,7,4,4,1,1,9;4,7,2,1,1,1,9;6,10,3,1,1,2,9;6,11,3,1,1,2,9;7,10,2,1,1,2,8;8,11,0,1,1,2,3
LAYER_EXCEPTION	state=1626	E=3	Q=50	demand=46	exactcap=41	exactdef=5	layerupper=46	layerexcess=0	gens=5	types=0,1,3,4,0,-1,0;1,2,3,4,0,-1,4;3,6,3,1,1,0,8;3,7,4,3,1,1,9;4,9,4,1,1,2,9;5,8,2,1,1,2,9;5,9,3,1,1,2,9;6,9,2,1,1,2,9;6,10,3,1,1,3,9;8,11,0,1,1,4,5
LAYER_EXCEPTION	state=1626	E=3	Q=50	demand=46	exactcap=41	exactdef=5	layerupper=46	layerexcess=0	gens=5	types=0,1,3,4,0,-1,0;1,2,3,4,0,-1,4;3,6,3,1,1,0,8;3,7,4,3,1,1,9;4,8,3,1,1,2,9;5,8,2,1,1,2,9;5,10,4,1,1,3,9;6,9,2,1,1,3,9;6,10,3,1,1,3,9;8,11,0,1,1,4,5
LAYER_EXCEPTION	state=1626	E=3	Q=50	demand=46	exactcap=41	exactdef=5	layerupper=46	layerexcess=0	gens=6	types=0,1,3,4,0,-1,0;1,2,3,4,0,-1,4;3,6,3,1,1,0,8;3,7,4,3,1,1,9;5,8,2,1,1,2,9;5,9,3,2,1,3,9;5,10,4,1,1,4,9;6,9,2,1,1,3,9;8,11,0,1,1,5,5
LAYER_EXCEPTION	state=1626	E=3	Q=50	demand=46	exactcap=42	exactdef=4	layerupper=47	layerexcess=1	gens=6	types=0,1,3,4,0,-1,0;1,2,3,4,0,-1,5;3,6,3,1,1,0,8;3,7,4,3,1,1,9;3,8,5,1,1,2,9;5,8,2,1,1,2,9;6,9,2,1,1,3,9;6,10,3,2,1,4,9;8,11,0,1,1,5,5
LAYER_EXCEPTION	state=1626	E=3	Q=50	demand=46	exactcap=41	exactdef=5	layerupper=46	layerexcess=0	gens=6	types=0,1,3,4,0,-1,0;1,2,3,4,0,-1,4;3,6,3,1,1,0,8;3,7,4,2,1,1,9;3,8,5,1,1,2,9;4,8,3,1,1,2,9;5,8,2,1,1,2,9;5,9,3,1,1,3,9;6,9,2,1,1,3,9;6,10,3,1,1,4,9;8,11,0,1,1,5,6
LAYER_EXCEPTION	state=1626	E=3	Q=50	demand=46	exactcap=41	exactdef=5	layerupper=46	layerexcess=0	gens=5	types=0,1,3,4,0,-1,0;1,2,3,4,0,-1,4;3,6,3,1,1,0,8;3,7,4,2,1,1,9;3,8,5,1,1,2,9;5,8,2,1,1,2,9;5,9,3,3,1,3,9;6,9,2,1,1,3,9;8,11,0,1,1,4,6
LAYER_EXCEPTION	state=1626	E=3	Q=50	demand=46	exactcap=41	exactdef=5	layerupper=46	layerexcess=0	gens=5	types=0,1,3,4,0,-1,0;1,2,3,4,0,-1,5;3,6,3,1,1,0,8;3,7,4,4,1,1,9;5,8,2,1,1,2,9;6,9,2,1,1,3,9;6,10,3,1,1,4,9;6,11,3,1,1,4,9;8,11,0,1,1,4,4
LAYER_EXCEPTION	state=1626	E=3	Q=50	demand=46	exactcap=43	exactdef=3	layerupper=46	layerexcess=0	gens=4	types=0,1,3,4,0,-1,0;1,2,3,4,0,-1,4;3,6,3,1,1,0,9;3,7,4,3,1,1,9;4,9,4,1,1,2,9;5,8,2,1,1,2,9;5,9,3,1,1,2,9;6,10,3,1,1,3,9;7,10,2,2,1,3,8
LAYER_EXCEPTION	state=1626	E=3	Q=50	demand=36	exactcap=29	exactdef=7	layerupper=36	layerexcess=0	gens=2	types=0,1,3,4,0,-1,0;1,2,3,4,0,-1,0;1,5,6,1,0,-1,4;3,6,3,1,0,-1,6;3,7,4,2,0,-1,6;5,8,2,1,1,0,5;5,10,4,1,1,1,5;6,10,3,2,1,1,5;7,10,1,2,1,1,5
LAYER_EXCEPTION	state=1626	E=3	Q=50	demand=46	exactcap=43	exactdef=3	layerupper=46	layerexcess=0	gens=4	types=0,1,3,4,0,-1,0;1,2,3,4,0,-1,4;3,6,3,1,1,0,9;3,7,4,3,1,1,9;4,8,3,1,1,2,9;5,8,2,1,1,2,9;5,10,4,1,1,3,9;6,10,3,1,1,3,9;7,10,2,2,1,3,8
LAYER_EXCEPTION	state=1626	E=3	Q=50	demand=46	exactcap=43	exactdef=3	layerupper=46	layerexcess=0	gens=5	types=0,1,3,4,0,-1,0;1,2,3,4,0,-1,4;3,6,3,1,1,0,9;3,7,4,3,1,1,9;5,8,2,1,1,2,9;5,9,3,2,1,3,9;5,10,4,1,1,4,9;7,10,2,2,1,4,8
LAYER_EXCEPTION	state=1626	E=3	Q=50	demand=36	exactcap=29	exactdef=7	layerupper=36	layerexcess=0	gens=3	types=0,1,3,4,0,-1,0;1,2,3,4,0,-1,0;1,5,6,1,0,-1,4;3,6,3,1,0,-1,6;3,7,4,1,0,-1,6;3,8,5,1,0,-1,6;5,8,2,1,1,0,5;5,9,3,1,1,1,5;6,10,3,2,1,2,5;7,10,1,2,1,2,5
LAYER_EXCEPTION	state=1626	E=3	Q=50	demand=46	exactcap=44	exactdef=2	layerupper=47	layerexcess=1	gens=4	types=0,1,3,4,0,-1,0;1,2,3,4,0,-1,5;3,6,3,1,1,0,9;3,7,4,3,1,1,9;3,8,5,1,1,2,9;5,8,2,1,1,2,9;6,10,3,2,1,3,9;7,10,2,2,1,3,8
LAYER_EXCEPTION	state=1626	E=3	Q=50	demand=46	exactcap=43	exactdef=3	layerupper=46	layerexcess=0	gens=5	types=0,1,3,4,0,-1,0;1,2,3,4,0,-1,4;3,6,3,1,1,0,9;3,7,4,2,1,1,9;3,8,5,1,1,2,9;4,8,3,1,1,2,9;5,8,2,1,1,2,9;5,9,3,1,1,3,9;6,10,3,1,1,4,9;7,10,2,2,1,4,8
LAYER_EXCEPTION	state=1626	E=3	Q=50	demand=46	exactcap=43	exactdef=3	layerupper=46	layerexcess=0	gens=5	types=0,1,3,4,0,-1,0;1,2,3,4,0,-1,4;3,6,3,1,1,0,9;3,7,4,2,1,1,9;3,8,5,1,1,2,9;5,8,2,1,1,2,9;5,9,3,3,1,3,9;7,10,2,2,1,4,8
LAYER_EXCEPTION	state=1626	E=3	Q=50	demand=46	exactcap=43	exactdef=3	layerupper=46	layerexcess=0	gens=4	types=0,1,3,4,0,-1,0;1,2,3,4,0,-1,5;3,6,3,1,1,0,9;3,7,4,4,1,1,9;5,8,2,1,1,2,9;6,10,3,1,1,3,9;6,11,3,1,1,3,9;7,10,2,2,1,3,8
LAYER_EXCEPTION	state=1626	E=3	Q=50	demand=46	exactcap=43	exactdef=3	layerupper=46	layerexcess=0	gens=4	types=0,1,3,4,0,-1,0;1,2,3,4,0,-1,4;3,6,3,1,1,0,9;3,7,4,3,1,1,9;4,9,4,1,1,2,9;5,9,3,1,1,2,9;6,9,2,2,1,2,9;6,10,3,1,1,3,9;7,10,2,1,1,3,8
LAYER_EXCEPTION	state=1626	E=3	Q=50	demand=36	exactcap=31	exactdef=5	layerupper=36	layerexcess=0	gens=1	types=0,1,3,4,0,-1,0;1,2,3,4,0,-1,0;1,5,6,1,0,-1,5;3,6,3,1,0,-1,6;3,7,4,2,0,-1,6;5,10,4,1,1,0,5;6,9,2,2,1,0,5;6,10,3,2,1,0,5;7,10,1,1,1,0,5
LAYER_EXCEPTION	state=1626	E=3	Q=50	demand=46	exactcap=43	exactdef=3	layerupper=46	layerexcess=0	gens=4	types=0,1,3,4,0,-1,0;1,2,3,4,0,-1,4;3,6,3,1,1,0,9;3,7,4,3,1,1,9;4,8,3,1,1,2,9;5,10,4,1,1,3,9;6,9,2,2,1,3,9;6,10,3,1,1,3,9;7,10,2,1,1,3,8
LAYER_EXCEPTION	state=1626	E=3	Q=50	demand=46	exactcap=43	exactdef=3	layerupper=46	layerexcess=0	gens=4	types=0,1,3,4,0,-1,0;1,2,3,4,0,-1,4;3,6,3,1,1,0,9;3,7,4,3,1,1,9;5,9,3,2,1,2,9;5,10,4,1,1,3,9;6,9,2,2,1,2,9;7,10,2,1,1,3,8
LAYER_EXCEPTION	state=1626	E=3	Q=50	demand=36	exactcap=31	exactdef=5	layerupper=36	layerexcess=0	gens=2	types=0,1,3,4,0,-1,0;1,2,3,4,0,-1,0;1,5,6,1,0,-1,5;3,6,3,1,0,-1,6;3,7,4,1,0,-1,6;3,8,5,1,0,-1,6;5,9,3,1,1,0,5;6,9,2,2,1,0,5;6,10,3,2,1,1,5;7,10,1,1,1,1,5
LAYER_EXCEPTION	state=1626	E=3	Q=50	demand=46	exactcap=44	exactdef=2	layerupper=47	layerexcess=1	gens=5	types=0,1,3,4,0,-1,0;1,2,3,4,0,-1,5;3,6,3,1,1,0,9;3,7,4,3,1,1,9;3,8,5,1,1,2,9;6,9,2,2,1,3,9;6,10,3,2,1,4,9;7,10,2,1,1,4,8
LAYER_EXCEPTION	state=1626	E=3	Q=50	demand=46	exactcap=43	exactdef=3	layerupper=46	layerexcess=0	gens=5	types=0,1,3,4,0,-1,0;1,2,3,4,0,-1,4;3,6,3,1,1,0,9;3,7,4,2,1,1,9;3,8,5,1,1,2,9;4,8,3,1,1,2,9;5,9,3,1,1,3,9;6,9,2,2,1,3,9;6,10,3,1,1,4,9;7,10,2,1,1,4,8
LAYER_EXCEPTION	state=1626	E=3	Q=50	demand=46	exactcap=43	exactdef=3	layerupper=46	layerexcess=0	gens=5	types=0,1,3,4,0,-1,0;1,2,3,4,0,-1,4;3,6,3,1,1,0,9;3,7,4,2,1,1,9;3,8,5,1,1,2,9;5,9,3,3,1,3,9;6,9,2,2,1,3,9;7,10,2,1,1,4,8
LAYER_EXCEPTION	state=1626	E=3	Q=50	demand=46	exactcap=43	exactdef=3	layerupper=46	layerexcess=0	gens=4	types=0,1,3,4,0,-1,0;1,2,3,4,0,-1,5;3,6,3,1,1,0,9;3,7,4,4,1,1,9;6,9,2,2,1,2,9;6,10,3,1,1,3,9;6,11,3,1,1,3,9;7,10,2,1,1,3,8
LAYER_EXCEPTION	state=1626	E=3	Q=50	demand=46	exactcap=42	exactdef=4	layerupper=47	layerexcess=1	gens=5	types=0,1,3,4,0,-1,0;1,2,3,4,0,-1,4;3,7,4,3,1,0,9;3,8,5,1,1,1,9;4,7,2,2,1,0,9;6,9,2,1,1,2,9;6,10,3,2,1,3,9;8,11,1,1,1,4,4
LAYER_EXCEPTION	state=1626	E=3	Q=50	demand=46	exactcap=41	exactdef=5	layerupper=46	layerexcess=0	gens=3	types=0,1,3,4,0,-1,0;1,2,3,4,0,-1,4;3,7,4,4,1,0,9;4,7,2,2,1,0,9;6,9,2,1,1,1,9;6,10,3,1,1,2,9;6,11,3,1,1,2,9;8,11,1,1,1,2,3
LAYER_EXCEPTION	state=1626	E=3	Q=50	demand=46	exactcap=43	exactdef=3	layerupper=47	layerexcess=1	gens=3	types=0,1,3,4,0,-1,0;1,2,3,4,0,-1,4;3,7,4,3,1,0,9;3,8,5,1,1,1,9;4,7,2,2,1,0,9;6,10,3,2,1,2,9;7,10,2,2,1,2,9
LAYER_EXCEPTION	state=1626	E=3	Q=50	demand=46	exactcap=42	exactdef=4	layerupper=46	layerexcess=0	gens=2	types=0,1,3,4,0,-1,0;1,2,3,4,0,-1,4;3,7,4,4,1,0,9;4,7,2,2,1,0,9;6,10,3,1,1,1,9;6,11,3,1,1,1,9;7,10,2,2,1,1,9
LAYER_EXCEPTION	state=1626	E=3	Q=50	demand=46	exactcap=42	exactdef=4	layerupper=47	layerexcess=1	gens=4	types=0,1,3,4,0,-1,0;1,2,3,4,0,-1,4;3,7,4,3,1,0,9;3,8,5,1,1,1,9;4,7,2,1,1,0,9;5,8,2,2,1,1,9;6,10,3,2,1,2,9;8,11,1,1,1,3,5
LAYER_EXCEPTION	state=1626	E=3	Q=50	demand=46	exactcap=41	exactdef=5	layerupper=46	layerexcess=0	gens=3	types=0,1,3,4,0,-1,0;1,2,3,4,0,-1,4;3,7,4,4,1,0,9;4,7,2,1,1,0,9;5,8,2,2,1,1,9;6,10,3,1,1,2,9;6,11,3,1,1,2,9;8,11,1,1,1,2,4
LAYER_EXCEPTION	state=1626	E=3	Q=50	demand=46	exactcap=43	exactdef=3	layerupper=47	layerexcess=1	gens=4	types=0,1,3,4,0,-1,0;1,2,3,4,0,-1,4;3,7,4,3,1,0,9;3,8,5,1,1,1,9;4,7,2,1,1,0,9;5,8,2,1,1,1,9;6,9,2,1,1,2,9;6,10,3,2,1,3,9;7,10,2,1,1,3,9
LAYER_EXCEPTION	state=1626	E=3	Q=50	demand=46	exactcap=42	exactdef=4	layerupper=46	layerexcess=0	gens=4	types=0,1,3,4,0,-1,0;1,2,3,4,0,-1,4;3,7,4,4,1,0,9;4,7,2,1,1,0,9;5,8,2,1,1,1,9;6,9,2,1,1,2,9;6,10,3,1,1,3,9;6,11,3,1,1,3,9;7,10,2,1,1,3,9
LAYER_EXCEPTION	state=1626	E=3	Q=50	demand=46	exactcap=43	exactdef=3	layerupper=47	layerexcess=1	gens=4	types=0,1,3,4,0,-1,0;1,2,3,4,0,-1,4;3,7,4,3,1,0,9;3,8,5,1,1,1,9;4,7,2,1,1,0,9;6,9,2,3,1,2,9;6,10,3,2,1,3,9
LAYER_EXCEPTION	state=1626	E=3	Q=50	demand=46	exactcap=42	exactdef=4	layerupper=46	layerexcess=0	gens=3	types=0,1,3,4,0,-1,0;1,2,3,4,0,-1,4;3,7,4,4,1,0,9;4,7,2,1,1,0,9;6,9,2,3,1,1,9;6,10,3,1,1,2,9;6,11,3,1,1,2,9
LAYER_EXCEPTION	state=1626	E=3	Q=50	demand=46	exactcap=43	exactdef=3	layerupper=47	layerexcess=1	gens=3	types=0,1,3,4,0,-1,0;1,2,3,4,0,-1,4;3,7,4,3,1,0,9;3,8,5,1,1,1,9;5,8,2,3,1,1,9;6,10,3,2,1,2,9;7,10,2,1,1,2,9
LAYER_EXCEPTION	state=1626	E=3	Q=50	demand=46	exactcap=42	exactdef=4	layerupper=46	layerexcess=0	gens=3	types=0,1,3,4,0,-1,0;1,2,3,4,0,-1,4;3,7,4,4,1,0,9;5,8,2,3,1,1,9;6,10,3,1,1,2,9;6,11,3,1,1,2,9;7,10,2,1,1,2,9
LAYER_EXCEPTION	state=1626	E=3	Q=50	demand=46	exactcap=43	exactdef=3	layerupper=47	layerexcess=1	gens=4	types=0,1,3,4,0,-1,0;1,2,3,4,0,-1,4;3,7,4,3,1,0,9;3,8,5,1,1,1,9;5,8,2,2,1,1,9;6,9,2,2,1,2,9;6,10,3,2,1,3,9
LAYER_EXCEPTION	state=1626	E=3	Q=50	demand=46	exactcap=42	exactdef=4	layerupper=46	layerexcess=0	gens=4	types=0,1,3,4,0,-1,0;1,2,3,4,0,-1,4;3,7,4,4,1,0,9;5,8,2,2,1,1,9;6,9,2,2,1,2,9;6,10,3,1,1,3,9;6,11,3,1,1,3,9
LAYER_EXCEPTION	state=1626	E=3	Q=50	demand=32	exactcap=25	exactdef=7	layerupper=32	layerexcess=0	gens=2	types=0,1,3,4,0,-1,0;1,2,3,4,0,-1,0;2,5,3,1,0,-1,2;3,6,3,2,0,-1,5;3,7,4,2,0,-1,5;5,10,4,1,1,0,4;6,9,2,1,1,0,4;7,11,1,3,1,1,4
LAYER_EXCEPTION	state=1626	E=3	Q=50	demand=44	exactcap=39	exactdef=5	layerupper=44	layerexcess=0	gens=4	types=0,1,3,4,0,-1,0;1,2,3,4,0,-1,4;2,5,3,1,0,-1,7;3,6,3,2,1,0,8;3,7,4,2,1,1,8;6,9,2,1,1,2,8;6,10,3,1,1,3,8;6,11,3,1,1,3,8;7,11,1,2,1,3,6
LAYER_EXCEPTION	state=1626	E=3	Q=50	demand=44	exactcap=39	exactdef=5	layerupper=44	layerexcess=0	gens=5	types=0,1,3,4,0,-1,0;1,2,3,4,0,-1,4;2,5,3,1,0,-1,7;3,6,3,2,1,0,8;3,7,4,2,1,1,8;6,9,2,1,1,2,8;6,10,3,2,1,3,8;7,11,1,1,1,4,6;7,12,1,1,1,4,6
LAYER_EXCEPTION	state=1626	E=3	Q=50	demand=32	exactcap=25	exactdef=7	layerupper=32	layerexcess=0	gens=2	types=0,1,3,4,0,-1,0;1,2,3,4,0,-1,0;2,5,3,1,0,-1,2;3,6,3,2,0,-1,5;3,7,4,1,0,-1,5;3,8,5,1,0,-1,5;5,9,3,1,1,0,4;6,9,2,1,1,0,4;7,11,1,3,1,1,4
LAYER_EXCEPTION	state=1626	E=3	Q=50	demand=44	exactcap=40	exactdef=4	layerupper=45	layerexcess=1	gens=6	types=0,1,3,4,0,-1,0;1,2,3,4,0,-1,4;2,5,3,1,0,-1,7;3,6,3,2,1,0,8;3,7,4,1,1,1,8;3,8,5,1,1,2,8;6,9,2,1,1,3,8;6,10,3,2,1,4,8;7,11,1,2,1,5,6
LAYER_EXCEPTION	state=1626	E=3	Q=50	demand=44	exactcap=40	exactdef=4	layerupper=44	layerexcess=0	gens=4	types=0,1,3,4,0,-1,0;1,2,3,4,0,-1,4;2,6,4,1,0,-1,9;3,6,3,3,1,0,8;3,7,4,1,1,1,8;5,8,2,1,1,2,8;6,11,3,1,1,3,8;7,11,2,3,1,3,5
LAYER_EXCEPTION	state=1626	E=3	Q=50	demand=44	exactcap=40	exactdef=4	layerupper=44	layerexcess=0	gens=5	types=0,1,3,4,0,-1,0;1,2,3,4,0,-1,4;2,6,4,1,0,-1,9;3,6,3,3,1,0,8;3,7,4,1,1,1,8;5,8,2,1,1,2,8;6,10,3,1,1,3,8;7,11,2,2,1,4,5;7,12,2,1,1,4,5
LAYER_EXCEPTION	state=1626	E=3	Q=50	demand=44	exactcap=41	exactdef=3	layerupper=45	layerexcess=1	gens=4	types=0,1,3,4,0,-1,0;1,2,3,4,0,-1,4;2,6,4,1,0,-1,9;3,6,3,3,1,0,8;3,8,5,1,1,1,8;5,8,2,1,1,1,8;6,10,3,1,1,2,8;7,11,2,3,1,3,5
LAYER_EXCEPTION	state=1626	E=3	Q=50	demand=33	exactcap=28	exactdef=5	layerupper=33	layerexcess=0	gens=2	types=0,1,3,4,0,-1,0;1,2,3,4,0,-1,0;2,6,4,1,0,-1,5;2,7,5,1,0,-1,5;3,6,3,3,0,-1,5;5,8,2,1,1,0,4;7,11,2,4,1,1,4
LAYER_EXCEPTION	state=1626	E=3	Q=50	demand=44	exactcap=41	exactdef=3	layerupper=45	layerexcess=1	gens=5	types=0,1,3,4,0,-1,0;1,2,3,4,0,-1,4;2,7,5,1,0,-1,9;3,6,3,3,1,0,8;3,7,4,1,1,1,8;5,8,2,1,1,2,8;6,10,3,1,1,3,8;7,11,2,3,1,4,5
LAYER_EXCEPTION	state=1626	E=3	Q=50	demand=33	exactcap=28	exactdef=5	layerupper=33	layerexcess=0	gens=2	types=0,1,3,4,0,-1,0;1,2,3,4,0,-1,0;1,6,7,1,0,-1,5;3,6,3,3,0,-1,5;3,7,4,1,0,-1,5;5,8,2,1,1,0,4;7,11,2,4,1,1,4
LAYER_EXCEPTION	state=1626	E=3	Q=50	demand=32	exactcap=25	exactdef=7	layerupper=32	layerexcess=0	gens=3	types=0,1,3,4,0,-1,0;1,2,3,4,0,-1,0;2,5,3,1,0,-1,2;3,6,3,2,0,-1,5;3,7,4,1,0,-1,5;3,8,5,1,0,-1,5;5,8,2,1,1,0,4;6,10,3,1,1,1,4;7,11,1,3,1,2,4
LAYER_EXCEPTION	state=1626	E=3	Q=50	demand=44	exactcap=40	exactdef=4	layerupper=44	layerexcess=0	gens=3	types=0,1,3,4,0,-1,0;1,2,3,4,0,-1,4;2,6,4,1,0,-1,9;3,6,3,3,1,0,8;3,8,5,1,1,1,8;4,7,2,1,1,1,8;7,11,2,4,1,2,5
LAYER_EXCEPTION	state=1626	E=3	Q=50	demand=44	exactcap=40	exactdef=4	layerupper=44	layerexcess=0	gens=3	types=0,1,3,4,0,-1,0;1,2,3,4,0,-1,4;2,7,5,1,0,-1,9;3,6,3,3,1,0,8;3,7,4,1,1,1,8;4,7,2,1,1,1,8;7,11,2,4,1,2,5
LAYER_EXCEPTION	state=1626	E=3	Q=50	demand=44	exactcap=41	exactdef=3	layerupper=44	layerexcess=0	gens=3	types=0,1,3,4,0,-1,0;1,2,3,4,0,-1,4;2,6,4,1,0,-1,9;3,6,3,4,1,0,8;5,10,4,1,1,1,8;6,10,3,1,1,1,8;7,11,2,3,1,2,4
LAYER_EXCEPTION	state=1626	E=3	Q=50	demand=44	exactcap=40	exactdef=4	layerupper=44	layerexcess=0	gens=3	types=0,1,3,4,0,-1,0;1,2,3,4,0,-1,4;2,6,4,1,0,-1,9;3,6,3,4,1,0,8;4,9,4,1,1,1,8;7,11,2,4,1,2,4
LAYER_EXCEPTION	state=1626	E=3	Q=50	demand=44	exactcap=40	exactdef=4	layerupper=44	layerexcess=0	gens=3	types=0,1,3,4,0,-1,0;1,2,3,4,0,-1,4;2,7,5,1,0,-1,9;3,6,3,4,1,0,8;4,8,3,1,1,1,8;7,11,2,4,1,2,4
LAYER_EXCEPTION	state=1626	E=3	Q=50	demand=44	exactcap=41	exactdef=3	layerupper=44	layerexcess=0	gens=4	types=0,1,3,4,0,-1,0;1,2,3,4,0,-1,4;2,7,5,1,0,-1,9;3,6,3,4,1,0,8;5,9,3,1,1,1,8;6,10,3,1,1,2,8;7,11,2,3,1,3,4
LAYER_EXCEPTION	state=1626	E=3	Q=50	demand=44	exactcap=42	exactdef=2	layerupper=44	layerexcess=0	gens=3	types=0,1,3,4,0,-1,0;1,2,3,4,0,-1,4;2,7,5,1,0,-1,9;3,6,3,4,1,0,8;6,10,3,3,1,1,8;7,11,2,2,1,2,4
LAYER_EXCEPTION	state=1626	E=3	Q=50	demand=44	exactcap=40	exactdef=4	layerupper=44	layerexcess=0	gens=4	types=0,1,3,4,0,-1,0;1,2,3,4,0,-1,4;2,5,3,1,0,-1,7;3,6,3,3,1,0,8;3,8,5,1,1,1,8;6,10,3,3,1,2,8;7,11,1,2,1,3,5
LAYER_EXCEPTION	state=1626	E=3	Q=50	demand=43	exactcap=38	exactdef=5	layerupper=43	layerexcess=0	gens=4	types=0,1,3,5,0,-1,0;1,2,3,3,0,-1,3;2,6,4,2,0,-1,8;3,6,3,2,1,0,7;3,8,5,1,1,1,7;6,9,2,1,1,2,7;7,10,2,1,1,3,5;7,11,2,3,1,3,5
LAYER_EXCEPTION	state=1626	E=3	Q=50	demand=43	exactcap=38	exactdef=5	layerupper=43	layerexcess=0	gens=4	types=0,1,3,5,0,-1,0;1,2,3,3,0,-1,3;2,6,4,1,0,-1,8;2,7,5,1,0,-1,8;3,6,3,2,1,0,7;3,7,4,1,1,1,7;6,9,2,1,1,2,7;7,10,2,1,1,3,5;7,11,2,3,1,3,5
LAYER_EXCEPTION	state=1626	E=3	Q=50	demand=43	exactcap=39	exactdef=4	layerupper=43	layerexcess=0	gens=4	types=0,1,3,5,0,-1,0;1,2,3,3,0,-1,3;2,6,4,2,0,-1,8;3,6,3,2,1,0,7;3,8,5,1,1,1,7;6,10,3,1,1,2,7;7,10,2,2,1,2,5;7,11,2,2,1,3,5
LAYER_EXCEPTION	state=1626	E=3	Q=50	demand=43	exactcap=39	exactdef=4	layerupper=43	layerexcess=0	gens=4	types=0,1,3,5,0,-1,0;1,2,3,3,0,-1,3;2,6,4,1,0,-1,8;2,7,5,1,0,-1,8;3,6,3,2,1,0,7;3,7,4,1,1,1,7;6,10,3,1,1,2,7;7,10,2,2,1,2,5;7,11,2,2,1,3,5
LAYER_EXCEPTION	state=1626	E=4	Q=51	demand=36	exactcap=26	exactdef=10	layerupper=36	layerexcess=0	gens=3	types=0,1,3,3,0,-1,0;1,2,3,5,0,-1,0;1,4,5,1,0,-1,3;3,7,4,3,0,-1,6;5,8,2,2,1,0,5;5,10,4,1,1,1,5;6,10,2,1,1,1,5;7,10,1,1,1,1,5;8,12,0,1,1,2,5
LAYER_EXCEPTION	state=1626	E=4	Q=51	demand=36	exactcap=26	exactdef=10	layerupper=36	layerexcess=0	gens=3	types=0,1,3,3,0,-1,0;1,2,3,5,0,-1,0;1,4,5,1,0,-1,3;3,7,4,3,0,-1,6;5,8,2,2,1,0,5;5,10,4,1,1,1,5;7,10,1,1,1,1,5;7,11,1,2,1,2,5
LAYER_EXCEPTION	state=1626	E=4	Q=51	demand=36	exactcap=26	exactdef=10	layerupper=36	layerexcess=0	gens=4	types=0,1,3,3,0,-1,0;1,2,3,5,0,-1,0;1,4,5,1,0,-1,3;3,7,4,2,0,-1,6;3,8,5,1,0,-1,6;5,8,2,2,1,0,5;5,9,3,1,1,1,5;6,10,2,1,1,2,5;7,10,1,1,1,2,5;8,12,0,1,1,3,5
LAYER_EXCEPTION	state=1626	E=4	Q=51	demand=36	exactcap=26	exactdef=10	layerupper=36	layerexcess=0	gens=3	types=0,1,3,3,0,-1,0;1,2,3,5,0,-1,0;1,4,5,1,0,-1,3;3,7,4,2,0,-1,6;3,8,5,1,0,-1,6;5,8,2,2,1,0,5;5,9,3,1,1,1,5;7,10,1,1,1,2,5;7,11,1,2,1,2,5
LAYER_EXCEPTION	state=1626	E=4	Q=51	demand=36	exactcap=28	exactdef=8	layerupper=36	layerexcess=0	gens=3	types=0,1,3,3,0,-1,0;1,2,3,5,0,-1,0;2,5,4,1,0,-1,3;2,6,5,1,0,-1,6;3,6,3,1,0,-1,6;3,7,4,1,0,-1,6;4,8,4,1,1,0,5;5,10,4,1,1,1,5;6,9,2,1,1,1,5;7,10,1,1,1,1,5;7,11,1,2,1,2,5
LAYER_EXCEPTION	state=1626	E=4	Q=51	demand=32	exactcap=26	exactdef=6	layerupper=34	layerexcess=2	gens=2	types=0,1,3,3,0,-1,0;1,2,3,5,0,-1,0;2,5,4,1,0,-1,2;3,6,3,1,0,-1,5;3,7,4,3,0,-1,5;5,10,4,1,1,0,4;6,9,2,1,1,0,4;7,10,1,1,1,0,4;7,11,1,2,1,1,4
LAYER_EXCEPTION	state=1626	E=4	Q=51	demand=35	exactcap=30	exactdef=5	layerupper=35	layerexcess=0	gens=3	types=0,1,3,3,0,-1,0;1,2,3,5,0,-1,0;2,5,4,1,0,-1,4;3,6,3,1,0,-1,6;3,7,4,2,0,-1,6;4,8,4,1,1,0,5;5,10,4,1,1,1,5;6,9,2,1,1,1,5;6,10,3,1,1,1,5;7,10,1,1,1,1,5;7,11,1,1,1,2,5
LAYER_EXCEPTION	state=1626	E=4	Q=51	demand=36	exactcap=28	exactdef=8	layerupper=36	layerexcess=0	gens=2	types=0,1,3,3,0,-1,0;1,2,3,5,0,-1,0;2,5,4,1,0,-1,3;2,6,5,1,0,-1,6;3,6,3,1,0,-1,6;3,7,4,1,0,-1,6;4,9,5,1,1,0,5;5,9,3,1,1,0,5;6,9,2,1,1,0,5;7,10,1,1,1,1,5;7,11,1,2,1,1,5
LAYER_EXCEPTION	state=1626	E=4	Q=51	demand=36	exactcap=31	exactdef=5	layerupper=36	layerexcess=0	gens=3	types=0,1,3,3,0,-1,0;1,2,3,5,0,-1,0;2,5,4,1,0,-1,4;2,6,5,1,0,-1,6;3,6,3,1,0,-1,6;3,7,4,1,0,-1,6;4,9,5,1,1,0,5;6,9,2,1,1,0,5;6,10,3,2,1,1,5;7,10,1,1,1,1,5;7,11,1,1,1,2,5
LAYER_EXCEPTION	state=1626	E=4	Q=51	demand=35	exactcap=28	exactdef=7	layerupper=36	layerexcess=1	gens=3	types=0,1,3,3,0,-1,0;1,2,3,5,0,-1,0;2,5,4,1,0,-1,3;3,6,3,1,0,-1,6;3,7,4,2,0,-1,6;4,8,4,1,1,0,5;4,9,5,1,1,1,5;6,9,2,1,1,1,5;7,10,1,1,1,2,5;7,11,1,2,1,2,5
LAYER_EXCEPTION	state=1626	E=4	Q=51	demand=35	exactcap=30	exactdef=5	layerupper=35	layerexcess=0	gens=3	types=0,1,3,3,0,-1,0;1,2,3,5,0,-1,0;2,5,4,1,0,-1,4;3,6,3,1,0,-1,6;3,7,4,2,0,-1,6;4,9,5,1,1,0,5;5,9,3,1,1,0,5;6,9,2,1,1,0,5;6,10,3,1,1,1,5;7,10,1,1,1,1,5;7,11,1,1,1,2,5
LAYER_EXCEPTION	state=1626	E=4	Q=51	demand=35	exactcap=32	exactdef=3	layerupper=35	layerexcess=0	gens=2	types=0,1,3,3,0,-1,0;1,2,3,5,0,-1,0;2,5,4,1,0,-1,5;3,6,3,1,0,-1,6;3,7,4,2,0,-1,6;4,9,5,1,1,0,5;6,9,2,1,1,0,5;6,10,3,3,1,1,5;7,10,1,1,1,1,5
LAYER_EXCEPTION	state=1626	E=4	Q=51	demand=32	exactcap=28	exactdef=4	layerupper=34	layerexcess=2	gens=2	types=0,1,3,3,0,-1,0;1,2,3,5,0,-1,0;2,5,4,1,0,-1,3;3,6,3,1,0,-1,5;3,7,4,3,0,-1,5;6,9,2,1,1,0,4;6,10,3,1,1,1,4;6,11,3,1,1,1,4;7,10,1,1,1,1,4;7,11,1,1,1,1,4
LAYER_EXCEPTION	state=1626	E=4	Q=51	demand=36	exactcap=28	exactdef=8	layerupper=36	layerexcess=0	gens=3	types=0,1,3,3,0,-1,0;1,2,3,5,0,-1,0;2,5,4,1,0,-1,3;2,6,5,1,0,-1,6;3,6,3,1,0,-1,6;3,8,5,1,0,-1,6;4,8,4,1,1,0,5;5,9,3,1,1,1,5;6,9,2,1,1,1,5;7,10,1,1,1,2,5;7,11,1,2,1,2,5
LAYER_EXCEPTION	state=1626	E=4	Q=51	demand=36	exactcap=31	exactdef=5	layerupper=36	layerexcess=0	gens=4	types=0,1,3,3,0,-1,0;1,2,3,5,0,-1,0;2,5,4,1,0,-1,4;2,6,5,1,0,-1,6;3,6,3,1,0,-1,6;3,8,5,1,0,-1,6;4,8,4,1,1,0,5;6,9,2,1,1,1,5;6,10,3,2,1,2,5;7,10,1,1,1,2,5;7,11,1,1,1,3,5
LAYER_EXCEPTION	state=1626	E=4	Q=51	demand=32	exactcap=26	exactdef=6	layerupper=34	layerexcess=2	gens=2	types=0,1,3,3,0,-1,0;1,2,3,5,0,-1,0;2,5,4,1,0,-1,2;3,6,3,1,0,-1,5;3,7,4,2,0,-1,5;3,8,5,1,0,-1,5;5,9,3,1,1,0,4;6,9,2,1,1,0,4;7,10,1,1,1,1,4;7,11,1,2,1,1,4
LAYER_EXCEPTION	state=1626	E=4	Q=51	demand=32	exactcap=29	exactdef=3	layerupper=35	layerexcess=3	gens=3	types=0,1,3,3,0,-1,0;1,2,3,5,0,-1,0;2,5,4,1,0,-1,3;3,6,3,1,0,-1,5;3,7,4,2,0,-1,5;3,8,5,1,0,-1,5;6,9,2,1,1,0,4;6,10,3,2,1,1,4;7,10,1,1,1,1,4;7,11,1,1,1,2,4
LAYER_EXCEPTION	state=1626	E=4	Q=51	demand=35	exactcap=28	exactdef=7	layerupper=36	layerexcess=1	gens=3	types=0,1,3,3,0,-1,0;1,2,3,5,0,-1,0;2,5,4,1,0,-1,3;3,6,3,1,0,-1,6;3,7,4,1,0,-1,6;3,8,5,1,0,-1,6;4,8,4,2,1,0,5;6,9,2,1,1,1,5;7,10,1,1,1,2,5;7,11,1,2,1,2,5
LAYER_EXCEPTION	state=1626	E=4	Q=51	demand=35	exactcap=30	exactdef=5	layerupper=35	layerexcess=0	gens=4	types=0,1,3,3,0,-1,0;1,2,3,5,0,-1,0;2,5,4,1,0,-1,4;3,6,3,1,0,-1,6;3,7,4,1,0,-1,6;3,8,5,1,0,-1,6;4,8,4,1,1,0,5;5,9,3,1,1,1,5;6,9,2,1,1,1,5;6,10,3,1,1,2,5;7,10,1,1,1,2,5;7,11,1,1,1,3,5
LAYER_EXCEPTION	state=1626	E=4	Q=51	demand=35	exactcap=32	exactdef=3	layerupper=35	layerexcess=0	gens=3	types=0,1,3,3,0,-1,0;1,2,3,5,0,-1,0;2,5,4,1,0,-1,5;3,6,3,1,0,-1,6;3,7,4,1,0,-1,6;3,8,5,1,0,-1,6;4,8,4,1,1,0,5;6,9,2,1,1,1,5;6,10,3,3,1,2,5;7,10,1,1,1,2,5
LAYER_EXCEPTION	state=1626	E=4	Q=51	demand=32	exactcap=25	exactdef=7	layerupper=33	layerexcess=1	gens=2	types=0,1,3,3,0,-1,0;1,2,3,5,0,-1,0;2,5,4,1,0,-1,2;3,6,3,1,0,-1,5;3,7,4,3,0,-1,5;5,9,3,1,1,0,4;6,9,2,1,1,0,4;7,10,1,1,1,1,4;7,11,1,1,1,1,4;7,12,1,1,1,1,4
LAYER_EXCEPTION	state=1626	E=4	Q=51	demand=32	exactcap=28	exactdef=4	layerupper=34	layerexcess=2	gens=3	types=0,1,3,3,0,-1,0;1,2,3,5,0,-1,0;2,5,4,1,0,-1,3;3,6,3,1,0,-1,5;3,7,4,3,0,-1,5;6,9,2,1,1,0,4;6,10,3,2,1,1,4;7,10,1,1,1,1,4;7,12,1,1,1,2,4
LAYER_EXCEPTION	state=1626	E=4	Q=51	demand=35	exactcap=27	exactdef=8	layerupper=35	layerexcess=0	gens=3	types=0,1,3,3,0,-1,0;1,2,3,5,0,-1,0;2,5,4,1,0,-1,3;3,6,3,1,0,-1,6;3,7,4,2,0,-1,6;4,8,4,2,1,0,5;6,9,2,1,1,1,5;7,10,1,1,1,2,5;7,11,1,1,1,2,5;7,12,1,1,1,2,5
LAYER_EXCEPTION	state=1626	E=4	Q=51	demand=36	exactcap=28	exactdef=8	layerupper=36	layerexcess=0	gens=3	types=0,1,3,3,0,-1,0;1,2,3,5,0,-1,0;2,5,4,1,0,-1,3;2,7,6,1,0,-1,6;3,6,3,1,0,-1,6;3,7,4,1,0,-1,6;4,8,4,1,1,0,5;5,9,3,1,1,1,5;6,9,2,1,1,1,5;7,10,1,1,1,2,5;7,11,1,2,1,2,5
LAYER_EXCEPTION	state=1626	E=4	Q=51	demand=36	exactcap=31	exactdef=5	layerupper=36	layerexcess=0	gens=4	types=0,1,3,3,0,-1,0;1,2,3,5,0,-1,0;2,5,4,1,0,-1,4;2,7,6,1,0,-1,6;3,6,3,1,0,-1,6;3,7,4,1,0,-1,6;4,8,4,1,1,0,5;6,9,2,1,1,1,5;6,10,3,2,1,2,5;7,10,1,1,1,2,5;7,11,1,1,1,3,5
LAYER_EXCEPTION	state=1626	E=4	Q=51	demand=35	exactcap=30	exactdef=5	layerupper=35	layerexcess=0	gens=3	types=0,1,3,3,0,-1,0;1,2,3,5,0,-1,0;2,5,4,1,0,-1,4;3,7,4,2,0,-1,6;3,8,5,1,0,-1,6;4,7,3,2,1,0,5;6,10,3,2,1,1,5;7,11,1,1,1,2,5;8,11,0,1,1,2,3
LAYER_EXCEPTION	state=1626	E=4	Q=51	demand=35	exactcap=29	exactdef=6	layerupper=35	layerexcess=0	gens=4	types=0,1,3,3,0,-1,0;1,2,3,5,0,-1,0;2,5,4,1,0,-1,4;3,7,4,3,0,-1,6;4,7,3,1,1,0,5;5,8,2,1,1,1,5;5,10,4,1,1,2,5;6,10,3,1,1,2,5;7,10,1,1,1,2,5;8,12,0,1,1,3,4
LAYER_EXCEPTION	state=1626	E=4	Q=51	demand=35	exactcap=27	exactdef=8	layerupper=35	layerexcess=0	gens=4	types=0,1,3,3,0,-1,0;1,2,3,5,0,-1,0;2,5,4,1,0,-1,3;3,7,4,3,0,-1,6;4,7,3,1,1,0,5;5,8,2,1,1,1,5;5,10,4,1,1,2,5;7,10,1,1,1,2,5;7,11,1,2,1,3,5
LAYER_EXCEPTION	state=1626	E=4	Q=51	demand=36	exactcap=28	exactdef=8	layerupper=36	layerexcess=0	gens=4	types=0,1,3,3,0,-1,0;1,2,3,5,0,-1,0;2,5,4,1,0,-1,3;2,6,5,1,0,-1,6;3,7,4,1,0,-1,6;3,8,5,1,0,-1,6;4,7,3,1,1,0,5;5,8,2,1,1,1,5;6,10,3,1,1,2,5;7,10,1,1,1,2,5;7,11,1,2,1,3,5
LAYER_EXCEPTION	state=1626	E=4	Q=51	demand=35	exactcap=29	exactdef=6	layerupper=35	layerexcess=0	gens=5	types=0,1,3,3,0,-1,0;1,2,3,5,0,-1,0;2,5,4,1,0,-1,4;3,7,4,2,0,-1,6;3,8,5,1,0,-1,6;4,7,3,1,1,0,5;5,8,2,1,1,1,5;5,9,3,1,1,2,5;6,10,3,1,1,3,5;7,10,1,1,1,3,5;8,12,0,1,1,4,4
LAYER_EXCEPTION	state=1626	E=4	Q=51	demand=35	exactcap=27	exactdef=8	layerupper=35	layerexcess=0	gens=4	types=0,1,3,3,0,-1,0;1,2,3,5,0,-1,0;2,5,4,1,0,-1,3;3,7,4,2,0,-1,6;3,8,5,1,0,-1,6;4,7,3,1,1,0,5;5,8,2,1,1,1,5;5,9,3,1,1,2,5;7,10,1,1,1,3,5;7,11,1,2,1,3,5
LAYER_EXCEPTION	state=1626	E=4	Q=51	demand=35	exactcap=30	exactdef=5	layerupper=35	layerexcess=0	gens=4	types=0,1,3,3,0,-1,0;1,2,3,5,0,-1,0;2,5,4,1,0,-1,4;3,7,4,2,0,-1,6;3,8,5,1,0,-1,6;4,7,3,1,1,0,5;5,8,2,1,1,1,5;6,10,3,2,1,2,5;7,10,1,1,1,2,5;7,11,1,1,1,3,5
LAYER_EXCEPTION	state=1626	E=4	Q=51	demand=36	exactcap=30	exactdef=6	layerupper=36	layerexcess=0	gens=4	types=0,1,3,3,0,-1,0;1,2,3,5,0,-1,0;2,5,4,1,0,-1,4;2,7,6,1,0,-1,6;3,7,4,2,0,-1,6;4,7,3,1,1,0,5;5,8,2,1,1,1,5;6,10,3,2,1,2,5;7,10,1,1,1,2,5;8,12,0,1,1,3,4
LAYER_EXCEPTION	state=1626	E=4	Q=51	demand=36	exactcap=28	exactdef=8	layerupper=36	layerexcess=0	gens=4	types=0,1,3,3,0,-1,0;1,2,3,5,0,-1,0;2,5,4,1,0,-1,3;2,7,6,1,0,-1,6;3,7,4,2,0,-1,6;4,7,3,1,1,0,5;5,8,2,1,1,1,5;6,10,3,1,1,2,5;7,10,1,1,1,2,5;7,11,1,2,1,3,5
LAYER_EXCEPTION	state=1626	E=4	Q=51	demand=35	exactcap=30	exactdef=5	layerupper=35	layerexcess=0	gens=3	types=0,1,3,3,0,-1,0;1,2,3,5,0,-1,0;2,5,4,1,0,-1,5;3,7,4,3,0,-1,6;4,7,3,1,1,0,5;5,10,4,1,1,1,5;6,9,2,2,1,1,5;6,10,3,1,1,1,5;8,12,0,1,1,2,4
LAYER_EXCEPTION	state=1626	E=4	Q=51	demand=35	exactcap=29	exactdef=6	layerupper=35	layerexcess=0	gens=3	types=0,1,3,3,0,-1,0;1,2,3,5,0,-1,0;2,5,4,1,0,-1,4;3,7,4,3,0,-1,6;4,7,3,1,1,0,5;5,10,4,1,1,1,5;6,9,2,2,1,1,5;7,11,1,2,1,2,5
LAYER_EXCEPTION	state=1626	E=4	Q=51	demand=35	exactcap=29	exactdef=6	layerupper=36	layerexcess=1	gens=4	types=0,1,3,3,0,-1,0;1,2,3,5,0,-1,0;2,5,4,1,0,-1,4;3,7,4,3,0,-1,6;4,7,3,1,1,0,5;4,9,5,1,1,1,5;6,9,2,2,1,1,5;7,11,1,1,1,2,5;8,12,0,1,1,3,4
LAYER_EXCEPTION	state=1626	E=4	Q=51	demand=36	exactcap=30	exactdef=6	layerupper=36	layerexcess=0	gens=4	types=0,1,3,3,0,-1,0;1,2,3,5,0,-1,0;2,5,4,1,0,-1,4;2,6,5,1,0,-1,6;3,7,4,1,0,-1,6;3,8,5,1,0,-1,6;4,7,3,1,1,0,5;6,9,2,2,1,1,5;6,10,3,1,1,2,5;7,11,1,2,1,3,5
LAYER_EXCEPTION	state=1626	E=4	Q=51	demand=35	exactcap=29	exactdef=6	layerupper=36	layerexcess=1	gens=5	types=0,1,3,3,0,-1,0;1,2,3,5,0,-1,0;2,5,4,1,0,-1,4;3,7,4,2,0,-1,6;3,8,5,1,0,-1,6;4,7,3,1,1,0,5;4,8,4,1,1,1,5;6,9,2,2,1,2,5;7,11,1,1,1,3,5;8,12,0,1,1,4,4
LAYER_EXCEPTION	state=1626	E=4	Q=51	demand=35	exactcap=30	exactdef=5	layerupper=35	layerexcess=0	gens=4	types=0,1,3,3,0,-1,0;1,2,3,5,0,-1,0;2,5,4,1,0,-1,5;3,7,4,2,0,-1,6;3,8,5,1,0,-1,6;4,7,3,1,1,0,5;5,9,3,1,1,1,5;6,9,2,2,1,1,5;6,10,3,1,1,2,5;8,12,0,1,1,3,4
LAYER_EXCEPTION	state=1626	E=4	Q=51	demand=35	exactcap=29	exactdef=6	layerupper=35	layerexcess=0	gens=3	types=0,1,3,3,0,-1,0;1,2,3,5,0,-1,0;2,5,4,1,0,-1,4;3,7,4,2,0,-1,6;3,8,5,1,0,-1,6;4,7,3,1,1,0,5;5,9,3,1,1,1,5;6,9,2,2,1,1,5;7,11,1,2,1,2,5
LAYER_EXCEPTION	state=1626	E=4	Q=51	demand=35	exactcap=31	exactdef=4	layerupper=35	layerexcess=0	gens=4	types=0,1,3,3,0,-1,0;1,2,3,5,0,-1,0;2,5,4,1,0,-1,5;3,7,4,2,0,-1,6;3,8,5,1,0,-1,6;4,7,3,1,1,0,5;6,9,2,2,1,1,5;6,10,3,2,1,2,5;7,11,1,1,1,3,5
LAYER_EXCEPTION	state=1626	E=4	Q=51	demand=35	exactcap=28	exactdef=7	layerupper=35	layerexcess=0	gens=4	types=0,1,3,3,0,-1,0;1,2,3,5,0,-1,0;2,5,4,1,0,-1,4;3,7,4,3,0,-1,6;4,7,3,1,1,0,5;4,8,4,1,1,1,5;6,9,2,2,1,2,5;7,12,1,1,1,3,5;8,12,0,1,1,3,4
LAYER_EXCEPTION	state=1626	E=4	Q=51	demand=36	exactcap=29	exactdef=7	layerupper=36	layerexcess=0	gens=4	types=0,1,3,3,0,-1,0;1,2,3,5,0,-1,0;2,5,4,1,0,-1,4;2,7,6,1,0,-1,6;3,7,4,2,0,-1,6;4,7,3,1,1,0,5;5,9,3,1,1,1,5;6,9,2,2,1,1,5;7,11,1,1,1,2,5;8,12,0,1,1,3,4
LAYER_EXCEPTION	state=1626	E=4	Q=51	demand=36	exactcap=31	exactdef=5	layerupper=36	layerexcess=0	gens=4	types=0,1,3,3,0,-1,0;1,2,3,5,0,-1,0;2,5,4,1,0,-1,5;2,7,6,1,0,-1,6;3,7,4,2,0,-1,6;4,7,3,1,1,0,5;6,9,2,2,1,1,5;6,10,3,2,1,2,5;8,12,0,1,1,3,4
LAYER_EXCEPTION	state=1626	E=4	Q=51	demand=36	exactcap=30	exactdef=6	layerupper=36	layerexcess=0	gens=4	types=0,1,3,3,0,-1,0;1,2,3,5,0,-1,0;2,5,4,1,0,-1,4;2,7,6,1,0,-1,6;3,7,4,2,0,-1,6;4,7,3,1,1,0,5;6,9,2,2,1,1,5;6,10,3,1,1,2,5;7,11,1,2,1,3,5
LAYER_EXCEPTION	state=1626	E=4	Q=51	demand=35	exactcap=28	exactdef=7	layerupper=35	layerexcess=0	gens=5	types=0,1,3,3,0,-1,0;1,2,3,5,0,-1,0;2,5,4,1,0,-1,4;3,7,4,3,0,-1,6;4,7,3,1,1,0,5;4,8,4,1,1,1,5;6,9,2,2,1,2,5;7,11,1,1,1,3,5;8,13,0,1,1,4,4
LAYER_EXCEPTION	state=1626	E=4	Q=51	demand=35	exactcap=29	exactdef=6	layerupper=35	layerexcess=0	gens=3	types=0,1,3,3,0,-1,0;1,2,3,5,0,-1,0;2,5,4,1,0,-1,5;3,7,4,3,0,-1,6;5,8,2,2,1,0,5;5,10,4,1,1,1,5;6,9,2,1,1,1,5;6,10,3,1,1,1,5;8,12,0,1,1,2,5
LAYER_EXCEPTION	state=1626	E=4	Q=51	demand=35	exactcap=28	exactdef=7	layerupper=35	layerexcess=0	gens=3	types=0,1,3,3,0,-1,0;1,2,3,5,0,-1,0;2,5,4,1,0,-1,4;3,7,4,3,0,-1,6;5,8,2,2,1,0,5;5,10,4,1,1,1,5;6,9,2,1,1,1,5;7,11,1,2,1,2,5
LAYER_EXCEPTION	state=1626	E=4	Q=51	demand=35	exactcap=28	exactdef=7	layerupper=36	layerexcess=1	gens=3	types=0,1,3,3,0,-1,0;1,2,3,5,0,-1,0;2,5,4,1,0,-1,4;3,7,4,3,0,-1,6;4,9,5,1,1,0,5;5,8,2,2,1,0,5;6,9,2,1,1,0,5;7,11,1,1,1,1,5;8,12,0,1,1,2,5
LAYER_EXCEPTION	state=1626	E=4	Q=51	demand=36	exactcap=29	exactdef=7	layerupper=36	layerexcess=0	gens=4	types=0,1,3,3,0,-1,0;1,2,3,5,0,-1,0;2,5,4,1,0,-1,4;2,6,5,1,0,-1,6;3,7,4,1,0,-1,6;3,8,5,1,0,-1,6;5,8,2,2,1,0,5;6,9,2,1,1,1,5;6,10,3,1,1,2,5;7,11,1,2,1,3,5
LAYER_EXCEPTION	state=1626	E=4	Q=51	demand=35	exactcap=28	exactdef=7	layerupper=36	layerexcess=1	gens=4	types=0,1,3,3,0,-1,0;1,2,3,5,0,-1,0;2,5,4,1,0,-1,4;3,7,4,2,0,-1,6;3,8,5,1,0,-1,6;4,8,4,1,1,0,5;5,8,2,2,1,0,5;6,9,2,1,1,1,5;7,11,1,1,1,2,5;8,12,0,1,1,3,5
LAYER_EXCEPTION	state=1626	E=4	Q=51	demand=35	exactcap=29	exactdef=6	layerupper=35	layerexcess=0	gens=4	types=0,1,3,3,0,-1,0;1,2,3,5,0,-1,0;2,5,4,1,0,-1,5;3,7,4,2,0,-1,6;3,8,5,1,0,-1,6;5,8,2,2,1,0,5;5,9,3,1,1,1,5;6,9,2,1,1,1,5;6,10,3,1,1,2,5;8,12,0,1,1,3,5
LAYER_EXCEPTION	state=1626	E=4	Q=51	demand=35	exactcap=28	exactdef=7	layerupper=35	layerexcess=0	gens=3	types=0,1,3,3,0,-1,0;1,2,3,5,0,-1,0;2,5,4,1,0,-1,4;3,7,4,2,0,-1,6;3,8,5,1,0,-1,6;5,8,2,2,1,0,5;5,9,3,1,1,1,5;6,9,2,1,1,1,5;7,11,1,2,1,2,5
LAYER_EXCEPTION	state=1626	E=4	Q=51	demand=35	exactcap=30	exactdef=5	layerupper=35	layerexcess=0	gens=4	types=0,1,3,3,0,-1,0;1,2,3,5,0,-1,0;2,5,4,1,0,-1,5;3,7,4,2,0,-1,6;3,8,5,1,0,-1,6;5,8,2,2,1,0,5;6,9,2,1,1,1,5;6,10,3,2,1,2,5;7,11,1,1,1,3,5
LAYER_EXCEPTION	state=1626	E=4	Q=51	demand=35	exactcap=27	exactdef=8	layerupper=35	layerexcess=0	gens=3	types=0,1,3,3,0,-1,0;1,2,3,5,0,-1,0;2,5,4,1,0,-1,4;3,7,4,3,0,-1,6;4,8,4,1,1,0,5;5,8,2,2,1,0,5;6,9,2,1,1,1,5;7,12,1,1,1,2,5;8,12,0,1,1,2,5
LAYER_EXCEPTION	state=1626	E=4	Q=51	demand=36	exactcap=28	exactdef=8	layerupper=36	layerexcess=0	gens=4	types=0,1,3,3,0,-1,0;1,2,3,5,0,-1,0;2,5,4,1,0,-1,4;2,7,6,1,0,-1,6;3,7,4,2,0,-1,6;5,8,2,2,1,0,5;5,9,3,1,1,1,5;6,9,2,1,1,1,5;7,11,1,1,1,2,5;8,12,0,1,1,3,5
LAYER_EXCEPTION	state=1626	E=4	Q=51	demand=36	exactcap=30	exactdef=6	layerupper=36	layerexcess=0	gens=4	types=0,1,3,3,0,-1,0;1,2,3,5,0,-1,0;2,5,4,1,0,-1,5;2,7,6,1,0,-1,6;3,7,4,2,0,-1,6;5,8,2,2,1,0,5;6,9,2,1,1,1,5;6,10,3,2,1,2,5;8,12,0,1,1,3,5
LAYER_EXCEPTION	state=1626	E=4	Q=51	demand=36	exactcap=29	exactdef=7	layerupper=36	layerexcess=0	gens=4	types=0,1,3,3,0,-1,0;1,2,3,5,0,-1,0;2,5,4,1,0,-1,4;2,7,6,1,0,-1,6;3,7,4,2,0,-1,6;5,8,2,2,1,0,5;6,9,2,1,1,1,5;6,10,3,1,1,2,5;7,11,1,2,1,3,5
LAYER_EXCEPTION	state=1626	E=4	Q=51	demand=35	exactcap=27	exactdef=8	layerupper=35	layerexcess=0	gens=4	types=0,1,3,3,0,-1,0;1,2,3,5,0,-1,0;2,5,4,1,0,-1,4;3,7,4,3,0,-1,6;4,8,4,1,1,0,5;5,8,2,2,1,0,5;6,9,2,1,1,1,5;7,11,1,1,1,2,5;8,13,0,1,1,3,5
LAYER_EXCEPTION	state=1626	E=4	Q=51	demand=35	exactcap=31	exactdef=4	layerupper=35	layerexcess=0	gens=3	types=0,1,3,3,0,-1,0;1,2,3,5,0,-1,0;2,6,5,1,0,-1,6;3,6,3,2,0,-1,6;3,7,4,1,0,-1,6;4,8,4,1,1,0,5;5,8,2,1,1,0,5;5,10,4,1,1,1,5;7,10,2,1,1,1,5;7,11,2,2,1,2,5
LAYER_EXCEPTION	state=1626	E=4	Q=51	demand=46	exactcap=45	exactdef=1	layerupper=48	layerexcess=2	gens=5	types=0,1,3,3,0,-1,0;1,2,3,5,0,-1,5;3,6,3,2,1,0,9;3,7,4,3,1,1,9;5,8,2,1,1,2,9;5,10,4,1,1,3,9;7,10,2,1,1,3,7;7,11,2,2,1,4,7
LAYER_EXCEPTION	state=1626	E=4	Q=51	demand=34	exactcap=31	exactdef=3	layerupper=34	layerexcess=0	gens=3	types=0,1,3,3,0,-1,0;1,2,3,5,0,-1,0;3,6,3,2,0,-1,6;3,7,4,2,0,-1,6;4,8,4,1,1,0,5;5,8,2,1,1,0,5;5,10,4,1,1,1,5;6,10,3,1,1,1,5;7,10,2,1,1,1,5;7,11,2,1,1,2,5
LAYER_EXCEPTION	state=1626	E=4	Q=51	demand=36	exactcap=26	exactdef=10	layerupper=36	layerexcess=0	gens=3	types=0,1,3,3,0,-1,0;1,2,3,5,0,-1,0;1,5,6,1,0,-1,3;3,6,3,2,0,-1,6;3,7,4,1,0,-1,6;4,9,5,1,1,0,5;5,8,2,1,1,0,5;6,10,3,1,1,1,5;7,10,1,1,1,1,5;7,11,1,2,1,2,5
LAYER_EXCEPTION	state=1626	E=4	Q=51	demand=36	exactcap=32	exactdef=4	layerupper=36	layerexcess=0	gens=3	types=0,1,3,3,0,-1,0;1,2,3,5,0,-1,0;2,6,5,2,0,-1,6;3,6,3,2,0,-1,6;4,9,5,1,1,0,5;5,8,2,1,1,0,5;6,10,3,1,1,1,5;7,10,2,1,1,1,5;7,11,2,2,1,2,5
LAYER_EXCEPTION	state=1626	E=4	Q=51	demand=35	exactcap=31	exactdef=4	layerupper=35	layerexcess=0	gens=2	types=0,1,3,3,0,-1,0;1,2,3,5,0,-1,0;2,6,5,1,0,-1,6;3,6,3,2,0,-1,6;3,7,4,1,0,-1,6;4,9,5,1,1,0,5;5,8,2,1,1,0,5;5,9,3,1,1,0,5;7,10,2,1,1,1,5;7,11,2,2,1,1,5
LAYER_EXCEPTION	state=1626	E=4	Q=51	demand=35	exactcap=32	exactdef=3	layerupper=35	layerexcess=0	gens=3	types=0,1,3,3,0,-1,0;1,2,3,5,0,-1,0;2,6,5,1,0,-1,6;3,6,3,2,0,-1,6;3,7,4,1,0,-1,6;4,9,5,1,1,0,5;5,8,2,1,1,0,5;6,10,3,2,1,1,5;7,10,2,1,1,1,5;7,11,2,1,1,2,5
LAYER_EXCEPTION	state=1626	E=4	Q=51	demand=34	exactcap=31	exactdef=3	layerupper=35	layerexcess=1	gens=3	types=0,1,3,3,0,-1,0;1,2,3,5,0,-1,0;3,6,3,2,0,-1,6;3,7,4,2,0,-1,6;4,8,4,1,1,0,5;4,9,5,1,1,1,5;5,8,2,1,1,0,5;7,10,2,1,1,2,5;7,11,2,2,1,2,5
LAYER_EXCEPTION	state=1626	E=4	Q=51	demand=34	exactcap=31	exactdef=3	layerupper=34	layerexcess=0	gens=3	types=0,1,3,3,0,-1,0;1,2,3,5,0,-1,0;3,6,3,2,0,-1,6;3,7,4,2,0,-1,6;4,9,5,1,1,0,5;5,8,2,1,1,0,5;5,9,3,1,1,0,5;6,10,3,1,1,1,5;7,10,2,1,1,1,5;7,11,2,1,1,2,5
LAYER_EXCEPTION	state=1626	E=4	Q=51	demand=34	exactcap=32	exactdef=2	layerupper=34	layerexcess=0	gens=2	types=0,1,3,3,0,-1,0;1,2,3,5,0,-1,0;3,6,3,2,0,-1,6;3,7,4,2,0,-1,6;4,9,5,1,1,0,5;5,8,2,1,1,0,5;6,10,3,3,1,1,5;7,10,2,1,1,1,5
LAYER_EXCEPTION	state=1626	E=4	Q=51	demand=32	exactcap=30	exactdef=2	layerupper=34	layerexcess=2	gens=2	types=0,1,3,3,0,-1,0;1,2,3,5,0,-1,0;2,6,5,1,0,-1,5;3,6,3,2,0,-1,5;3,7,4,2,0,-1,5;5,8,2,1,1,0,4;6,11,3,1,1,1,4;7,10,2,1,1,1,4;7,11,2,2,1,1,4
LAYER_EXCEPTION	state=1626	E=4	Q=51	demand=46	exactcap=45	exactdef=1	layerupper=48	layerexcess=2	gens=4	types=0,1,3,3,0,-1,0;1,2,3,5,0,-1,5;3,6,3,2,1,0,9;3,7,4,3,1,1,9;5,8,2,1,1,2,9;6,10,3,1,1,3,9;6,11,3,1,1,3,9;7,10,2,1,1,3,7;7,11,2,1,1,3,7
LAYER_EXCEPTION	state=1626	E=4	Q=51	demand=36	exactcap=26	exactdef=10	layerupper=36	layerexcess=0	gens=3	types=0,1,3,3,0,-1,0;1,2,3,5,0,-1,0;1,5,6,1,0,-1,3;3,6,3,2,0,-1,6;3,8,5,1,0,-1,6;4,8,4,1,1,0,5;5,8,2,1,1,0,5;6,10,3,1,1,1,5;7,10,1,1,1,1,5;7,11,1,2,1,2,5
LAYER_EXCEPTION	state=1626	E=4	Q=51	demand=33	exactcap=31	exactdef=2	layerupper=36	layerexcess=3	gens=2	types=0,1,3,3,0,-1,0;1,2,3,5,0,-1,0;2,6,5,2,0,-1,5;3,6,3,2,0,-1,5;3,8,5,1,0,-1,5;5,8,2,1,1,0,4;7,10,2,1,1,1,4;7,11,2,3,1,1,4
LAYER_EXCEPTION	state=1626	E=4	Q=51	demand=32	exactcap=31	exactdef=1	layerupper=35	layerexcess=3	gens=3	types=0,1,3,3,0,-1,0;1,2,3,5,0,-1,0;2,6,5,1,0,-1,5;3,6,3,2,0,-1,5;3,7,4,1,0,-1,5;3,8,5,1,0,-1,5;5,8,2,1,1,0,4;6,10,3,1,1,1,4;7,10,2,1,1,1,4;7,11,2,2,1,2,4
LAYER_EXCEPTION	state=1626	E=4	Q=51	demand=35	exactcap=31	exactdef=4	layerupper=35	layerexcess=0	gens=3	types=0,1,3,3,0,-1,0;1,2,3,5,0,-1,0;2,6,5,1,0,-1,6;3,6,3,2,0,-1,6;3,8,5,1,0,-1,6;4,8,4,1,1,0,5;5,8,2,1,1,0,5;5,9,3,1,1,1,5;7,10,2,1,1,2,5;7,11,2,2,1,2,5
LAYER_EXCEPTION	state=1626	E=4	Q=51	demand=35	exactcap=32	exactdef=3	layerupper=35	layerexcess=0	gens=3	types=0,1,3,3,0,-1,0;1,2,3,5,0,-1,0;2,6,5,1,0,-1,6;3,6,3,2,0,-1,6;3,8,5,1,0,-1,6;4,8,4,1,1,0,5;5,8,2,1,1,0,5;6,10,3,2,1,1,5;7,10,2,1,1,1,5;7,11,2,1,1,2,5
LAYER_EXCEPTION	state=1626	E=4	Q=51	demand=46	exactcap=45	exactdef=1	layerupper=48	layerexcess=2	gens=5	types=0,1,3,3,0,-1,0;1,2,3,5,0,-1,5;3,6,3,2,1,0,9;3,7,4,2,1,1,9;3,8,5,1,1,2,9;5,8,2,1,1,2,9;5,9,3,1,1,3,9;7,10,2,1,1,4,7;7,11,2,2,1,4,7
LAYER_EXCEPTION	state=1626	E=4	Q=51	demand=34	exactcap=31	exactdef=3	layerupper=35	layerexcess=1	gens=2	types=0,1,3,3,0,-1,0;1,2,3,5,0,-1,0;3,6,3,2,0,-1,6;3,7,4,1,0,-1,6;3,8,5,1,0,-1,6;4,8,4,2,1,0,5;5,8,2,1,1,0,5;7,10,2,1,1,1,5;7,11,2,2,1,1,5
LAYER_EXCEPTION	state=1626	E=4	Q=51	demand=34	exactcap=31	exactdef=3	layerupper=34	layerexcess=0	gens=4	types=0,1,3,3,0,-1,0;1,2,3,5,0,-1,0;3,6,3,2,0,-1,6;3,7,4,1,0,-1,6;3,8,5,1,0,-1,6;4,8,4,1,1,0,5;5,8,2,1,1,0,5;5,9,3,1,1,1,5;6,10,3,1,1,2,5;7,10,2,1,1,2,5;7,11,2,1,1,3,5
LAYER_EXCEPTION	state=1626	E=4	Q=51	demand=34	exactcap=32	exactdef=2	layerupper=34	layerexcess=0	gens=2	types=0,1,3,3,0,-1,0;1,2,3,5,0,-1,0;3,6,3,2,0,-1,6;3,7,4,1,0,-1,6;3,8,5,1,0,-1,6;4,8,4,1,1,0,5;5,8,2,1,1,0,5;6,10,3,3,1,1,5;7,10,2,1,1,1,5
LAYER_EXCEPTION	state=1626	E=4	Q=51	demand=33	exactcap=30	exactdef=3	layerupper=35	layerexcess=2	gens=2	types=0,1,3,3,0,-1,0;1,2,3,5,0,-1,0;2,6,5,2,0,-1,5;3,6,3,2,0,-1,5;3,7,4,1,0,-1,5;5,8,2,1,1,0,4;7,10,2,1,1,1,4;7,11,2,2,1,1,4;7,12,2,1,1,1,4
LAYER_EXCEPTION	state=1626	E=4	Q=51	demand=32	exactcap=30	exactdef=2	layerupper=34	layerexcess=2	gens=3	types=0,1,3,3,0,-1,0;1,2,3,5,0,-1,0;2,6,5,1,0,-1,5;3,6,3,2,0,-1,5;3,7,4,2,0,-1,5;5,8,2,1,1,0,4;6,10,3,1,1,1,4;7,10,2,1,1,1,4;7,11,2,1,1,2,4;7,12,2,1,1,2,4
LAYER_EXCEPTION	state=1626	E=4	Q=51	demand=46	exactcap=44	exactdef=2	layerupper=47	layerexcess=1	gens=5	types=0,1,3,3,0,-1,0;1,2,3,5,0,-1,5;3,6,3,2,1,0,9;3,7,4,3,1,1,9;5,8,2,1,1,2,9;5,9,3,1,1,3,9;7,10,2,1,1,4,7;7,11,2,1,1,4,7;7,12,2,1,1,4,7
LAYER_EXCEPTION	state=1626	E=4	Q=51	demand=46	exactcap=45	exactdef=1	layerupper=48	layerexcess=2	gens=5	types=0,1,3,3,0,-1,0;1,2,3,5,0,-1,5;3,6,3,2,1,0,9;3,7,4,3,1,1,9;5,8,2,1,1,2,9;6,10,3,2,1,3,9;7,10,2,1,1,3,7;7,12,2,1,1,4,7
LAYER_EXCEPTION	state=1626	E=4	Q=51	demand=34	exactcap=30	exactdef=4	layerupper=34	layerexcess=0	gens=2	types=0,1,3,3,0,-1,0;1,2,3,5,0,-1,0;3,6,3,2,0,-1,6;3,7,4,2,0,-1,6;4,8,4,2,1,0,5;5,8,2,1,1,0,5;7,10,2,1,1,1,5;7,11,2,1,1,1,5;7,12,2,1,1,1,5
LAYER_EXCEPTION	state=1626	E=4	Q=51	demand=33	exactcap=30	exactdef=3	layerupper=35	layerexcess=2	gens=2	types=0,1,3,3,0,-1,0;1,2,3,5,0,-1,0;2,6,5,1,0,-1,5;2,7,6,1,0,-1,5;3,6,3,2,0,-1,5;3,7,4,1,0,-1,5;5,8,2,1,1,0,4;7,10,2,1,1,1,4;7,11,2,3,1,1,4
LAYER_EXCEPTION	state=1626	E=4	Q=51	demand=36	exactcap=32	exactdef=4	layerupper=36	layerexcess=0	gens=3	types=0,1,3,3,0,-1,0;1,2,3,5,0,-1,0;2,6,5,1,0,-1,6;2,7,6,1,0,-1,6;3,6,3,2,0,-1,6;4,8,4,1,1,0,5;5,8,2,1,1,0,5;6,10,3,1,1,1,5;7,10,2,1,1,1,5;7,11,2,2,1,2,5
LAYER_EXCEPTION	state=1626	E=4	Q=51	demand=32	exactcap=30	exactdef=2	layerupper=34	layerexcess=2	gens=3	types=0,1,3,3,0,-1,0;1,2,3,5,0,-1,0;2,7,6,1,0,-1,5;3,6,3,2,0,-1,5;3,7,4,2,0,-1,5;5,8,2,1,1,0,4;6,10,3,1,1,1,4;7,10,2,1,1,1,4;7,11,2,2,1,2,4
LAYER_EXCEPTION	state=1626	E=4	Q=51	demand=35	exactcap=31	exactdef=4	layerupper=35	layerexcess=0	gens=3	types=0,1,3,3,0,-1,0;1,2,3,5,0,-1,0;2,7,6,1,0,-1,6;3,6,3,2,0,-1,6;3,7,4,1,0,-1,6;4,8,4,1,1,0,5;5,8,2,1,1,0,5;5,9,3,1,1,1,5;7,10,2,1,1,2,5;7,11,2,2,1,2,5
LAYER_EXCEPTION	state=1626	E=4	Q=51	demand=35	exactcap=32	exactdef=3	layerupper=35	layerexcess=0	gens=3	types=0,1,3,3,0,-1,0;1,2,3,5,0,-1,0;2,7,6,1,0,-1,6;3,6,3,2,0,-1,6;3,7,4,1,0,-1,6;4,8,4,1,1,0,5;5,8,2,1,1,0,5;6,10,3,2,1,1,5;7,10,2,1,1,1,5;7,11,2,1,1,2,5
LAYER_EXCEPTION	state=1626	E=4	Q=51	demand=33	exactcap=29	exactdef=4	layerupper=34	layerexcess=1	gens=2	types=0,1,3,3,0,-1,0;1,2,3,5,0,-1,0;1,6,7,1,0,-1,5;3,6,3,2,0,-1,5;3,7,4,2,0,-1,5;5,8,2,1,1,0,4;7,10,2,1,1,1,4;7,11,2,3,1,1,4
LAYER_EXCEPTION	state=1626	E=4	Q=51	demand=35	exactcap=31	exactdef=4	layerupper=35	layerexcess=0	gens=3	types=0,1,3,3,0,-1,0;1,2,3,5,0,-1,0;2,6,5,1,0,-1,6;3,6,3,2,0,-1,6;3,7,4,1,0,-1,6;4,8,4,1,1,0,5;5,10,4,1,1,1,5;6,9,2,2,1,1,5;7,11,2,2,1,2,5
LAYER_EXCEPTION	state=1626	E=4	Q=51	demand=46	exactcap=45	exactdef=1	layerupper=48	layerexcess=2	gens=4	types=0,1,3,3,0,-1,0;1,2,3,5,0,-1,5;3,6,3,2,1,0,9;3,7,4,3,1,1,9;5,10,4,1,1,2,9;6,9,2,2,1,2,9;7,11,2,2,1,3,7
LAYER_EXCEPTION	state=1626	E=4	Q=51	demand=34	exactcap=31	exactdef=3	layerupper=34	layerexcess=0	gens=3	types=0,1,3,3,0,-1,0;1,2,3,5,0,-1,0;3,6,3,2,0,-1,6;3,7,4,2,0,-1,6;4,8,4,1,1,0,5;5,10,4,1,1,1,5;6,9,2,2,1,1,5;6,10,3,1,1,1,5;7,11,2,1,1,2,5
LAYER_EXCEPTION	state=1626	E=4	Q=51	demand=36	exactcap=28	exactdef=8	layerupper=36	layerexcess=0	gens=3	types=0,1,3,3,0,-1,0;1,2,3,5,0,-1,0;1,5,6,1,0,-1,4;3,6,3,2,0,-1,6;3,7,4,1,0,-1,6;4,9,5,1,1,0,5;6,9,2,2,1,0,5;6,10,3,1,1,1,5;7,11,1,2,1,2,5
LAYER_EXCEPTION	state=1626	E=4	Q=51	demand=36	exactcap=32	exactdef=4	layerupper=36	layerexcess=0	gens=3	types=0,1,3,3,0,-1,0;1,2,3,5,0,-1,0;2,6,5,2,0,-1,6;3,6,3,2,0,-1,6;4,9,5,1,1,0,5;6,9,2,2,1,0,5;6,10,3,1,1,1,5;7,11,2,2,1,2,5
LAYER_EXCEPTION	state=1626	E=4	Q=51	demand=35	exactcap=31	exactdef=4	layerupper=35	layerexcess=0	gens=2	types=0,1,3,3,0,-1,0;1,2,3,5,0,-1,0;2,6,5,1,0,-1,6;3,6,3,2,0,-1,6;3,7,4,1,0,-1,6;4,9,5,1,1,0,5;5,9,3,1,1,0,5;6,9,2,2,1,0,5;7,11,2,2,1,1,5
LAYER_EXCEPTION	state=1626	E=4	Q=51	demand=35	exactcap=32	exactdef=3	layerupper=35	layerexcess=0	gens=3	types=0,1,3,3,0,-1,0;1,2,3,5,0,-1,0;2,6,5,1,0,-1,6;3,6,3,2,0,-1,6;3,7,4,1,0,-1,6;4,9,5,1,1,0,5;6,9,2,2,1,0,5;6,10,3,2,1,1,5;7,11,2,1,1,2,5
LAYER_EXCEPTION	state=1626	E=4	Q=51	demand=34	exactcap=31	exactdef=3	layerupper=35	layerexcess=1	gens=3	types=0,1,3,3,0,-1,0;1,2,3,5,0,-1,0;3,6,3,2,0,-1,6;3,7,4,2,0,-1,6;4,8,4,1,1,0,5;4,9,5,1,1,1,5;6,9,2,2,1,1,5;7,11,2,2,1,2,5
LAYER_EXCEPTION	state=1626	E=4	Q=51	demand=34	exactcap=31	exactdef=3	layerupper=34	layerexcess=0	gens=3	types=0,1,3,3,0,-1,0;1,2,3,5,0,-1,0;3,6,3,2,0,-1,6;3,7,4,2,0,-1,6;4,9,5,1,1,0,5;5,9,3,1,1,0,5;6,9,2,2,1,0,5;6,10,3,1,1,1,5;7,11,2,1,1,2,5
LAYER_EXCEPTION	state=1626	E=4	Q=51	demand=34	exactcap=32	exactdef=2	layerupper=34	layerexcess=0	gens=2	types=0,1,3,3,0,-1,0;1,2,3,5,0,-1,0;3,6,3,2,0,-1,6;3,7,4,2,0,-1,6;4,9,5,1,1,0,5;6,9,2,2,1,0,5;6,10,3,3,1,1,5
LAYER_EXCEPTION	state=1626	E=4	Q=51	demand=32	exactcap=30	exactdef=2	layerupper=34	layerexcess=2	gens=2	types=0,1,3,3,0,-1,0;1,2,3,5,0,-1,0;2,6,5,1,0,-1,5;3,6,3,2,0,-1,5;3,7,4,2,0,-1,5;6,9,2,2,1,0,4;6,11,3,1,1,1,4;7,11,2,2,1,1,4
LAYER_EXCEPTION	state=1626	E=4	Q=51	demand=46	exactcap=45	exactdef=1	layerupper=48	layerexcess=2	gens=4	types=0,1,3,3,0,-1,0;1,2,3,5,0,-1,5;3,6,3,2,1,0,9;3,7,4,3,1,1,9;6,9,2,2,1,2,9;6,10,3,1,1,3,9;6,11,3,1,1,3,9;7,11,2,1,1,3,7
LAYER_EXCEPTION	state=1626	E=4	Q=51	demand=36	exactcap=28	exactdef=8	layerupper=36	layerexcess=0	gens=4	types=0,1,3,3,0,-1,0;1,2,3,5,0,-1,0;1,5,6,1,0,-1,4;3,6,3,2,0,-1,6;3,8,5,1,0,-1,6;4,8,4,1,1,0,5;6,9,2,2,1,1,5;6,10,3,1,1,2,5;7,11,1,2,1,3,5
LAYER_EXCEPTION	state=1626	E=4	Q=51	demand=33	exactcap=31	exactdef=2	layerupper=36	layerexcess=3	gens=2	types=0,1,3,3,0,-1,0;1,2,3,5,0,-1,0;2,6,5,2,0,-1,5;3,6,3,2,0,-1,5;3,8,5,1,0,-1,5;6,9,2,2,1,0,4;7,11,2,3,1,1,4
LAYER_EXCEPTION	state=1626	E=4	Q=51	demand=32	exactcap=31	exactdef=1	layerupper=35	layerexcess=3	gens=3	types=0,1,3,3,0,-1,0;1,2,3,5,0,-1,0;2,6,5,1,0,-1,5;3,6,3,2,0,-1,5;3,7,4,1,0,-1,5;3,8,5,1,0,-1,5;6,9,2,2,1,0,4;6,10,3,1,1,1,4;7,11,2,2,1,2,4
LAYER_EXCEPTION	state=1626	E=4	Q=51	demand=35	exactcap=31	exactdef=4	layerupper=35	layerexcess=0	gens=3	types=0,1,3,3,0,-1,0;1,2,3,5,0,-1,0;2,6,5,1,0,-1,6;3,6,3,2,0,-1,6;3,8,5,1,0,-1,6;4,8,4,1,1,0,5;5,9,3,1,1,1,5;6,9,2,2,1,1,5;7,11,2,2,1,2,5
LAYER_EXCEPTION	state=1626	E=4	Q=51	demand=35	exactcap=32	exactdef=3	layerupper=35	layerexcess=0	gens=4	types=0,1,3,3,0,-1,0;1,2,3,5,0,-1,0;2,6,5,1,0,-1,6;3,6,3,2,0,-1,6;3,8,5,1,0,-1,6;4,8,4,1,1,0,5;6,9,2,2,1,1,5;6,10,3,2,1,2,5;7,11,2,1,1,3,5
LAYER_EXCEPTION	state=1626	E=4	Q=51	demand=46	exactcap=45	exactdef=1	layerupper=48	layerexcess=2	gens=5	types=0,1,3,3,0,-1,0;1,2,3,5,0,-1,5;3,6,3,2,1,0,9;3,7,4,2,1,1,9;3,8,5,1,1,2,9;5,9,3,1,1,3,9;6,9,2,2,1,3,9;7,11,2,2,1,4,7
LAYER_EXCEPTION	state=1626	E=4	Q=51	demand=34	exactcap=31	exactdef=3	layerupper=35	layerexcess=1	gens=3	types=0,1,3,3,0,-1,0;1,2,3,5,0,-1,0;3,6,3,2,0,-1,6;3,7,4,1,0,-1,6;3,8,5,1,0,-1,6;4,8,4,2,1,0,5;6,9,2,2,1,1,5;7,11,2,2,1,2,5
LAYER_EXCEPTION	state=1626	E=4	Q=51	demand=34	exactcap=31	exactdef=3	layerupper=34	layerexcess=0	gens=4	types=0,1,3,3,0,-1,0;1,2,3,5,0,-1,0;3,6,3,2,0,-1,6;3,7,4,1,0,-1,6;3,8,5,1,0,-1,6;4,8,4,1,1,0,5;5,9,3,1,1,1,5;6,9,2,2,1,1,5;6,10,3,1,1,2,5;7,11,2,1,1,3,5
LAYER_EXCEPTION	state=1626	E=4	Q=51	demand=34	exactcap=32	exactdef=2	layerupper=34	layerexcess=0	gens=3	types=0,1,3,3,0,-1,0;1,2,3,5,0,-1,0;3,6,3,2,0,-1,6;3,7,4,1,0,-1,6;3,8,5,1,0,-1,6;4,8,4,1,1,0,5;6,9,2,2,1,1,5;6,10,3,3,1,2,5
LAYER_EXCEPTION	state=1626	E=4	Q=51	demand=33	exactcap=30	exactdef=3	layerupper=35	layerexcess=2	gens=2	types=0,1,3,3,0,-1,0;1,2,3,5,0,-1,0;2,6,5,2,0,-1,5;3,6,3,2,0,-1,5;3,7,4,1,0,-1,5;6,9,2,2,1,0,4;7,11,2,2,1,1,4;7,12,2,1,1,1,4
LAYER_EXCEPTION	state=1626	E=4	Q=51	demand=32	exactcap=30	exactdef=2	layerupper=34	layerexcess=2	gens=3	types=0,1,3,3,0,-1,0;1,2,3,5,0,-1,0;2,6,5,1,0,-1,5;3,6,3,2,0,-1,5;3,7,4,2,0,-1,5;6,9,2,2,1,0,4;6,10,3,1,1,1,4;7,11,2,1,1,2,4;7,12,2,1,1,2,4
LAYER_EXCEPTION	state=1626	E=4	Q=51	demand=46	exactcap=44	exactdef=2	layerupper=47	layerexcess=1	gens=4	types=0,1,3,3,0,-1,0;1,2,3,5,0,-1,5;3,6,3,2,1,0,9;3,7,4,3,1,1,9;5,9,3,1,1,2,9;6,9,2,2,1,2,9;7,11,2,1,1,3,7;7,12,2,1,1,3,7
LAYER_EXCEPTION	state=1626	E=4	Q=51	demand=46	exactcap=45	exactdef=1	layerupper=48	layerexcess=2	gens=5	types=0,1,3,3,0,-1,0;1,2,3,5,0,-1,5;3,6,3,2,1,0,9;3,7,4,3,1,1,9;6,9,2,2,1,2,9;6,10,3,2,1,3,9;7,12,2,1,1,4,7
LAYER_EXCEPTION	state=1626	E=4	Q=51	demand=34	exactcap=30	exactdef=4	layerupper=34	layerexcess=0	gens=3	types=0,1,3,3,0,-1,0;1,2,3,5,0,-1,0;3,6,3,2,0,-1,6;3,7,4,2,0,-1,6;4,8,4,2,1,0,5;6,9,2,2,1,1,5;7,11,2,1,1,2,5;7,12,2,1,1,2,5
LAYER_EXCEPTION	state=1626	E=4	Q=51	demand=33	exactcap=30	exactdef=3	layerupper=35	layerexcess=2	gens=2	types=0,1,3,3,0,-1,0;1,2,3,5,0,-1,0;2,6,5,1,0,-1,5;2,7,6,1,0,-1,5;3,6,3,2,0,-1,5;3,7,4,1,0,-1,5;6,9,2,2,1,0,4;7,11,2,3,1,1,4
LAYER_EXCEPTION	state=1626	E=4	Q=51	demand=36	exactcap=32	exactdef=4	layerupper=36	layerexcess=0	gens=4	types=0,1,3,3,0,-1,0;1,2,3,5,0,-1,0;2,6,5,1,0,-1,6;2,7,6,1,0,-1,6;3,6,3,2,0,-1,6;4,8,4,1,1,0,5;6,9,2,2,1,1,5;6,10,3,1,1,2,5;7,11,2,2,1,3,5
LAYER_EXCEPTION	state=1626	E=4	Q=51	demand=32	exactcap=30	exactdef=2	layerupper=34	layerexcess=2	gens=3	types=0,1,3,3,0,-1,0;1,2,3,5,0,-1,0;2,7,6,1,0,-1,5;3,6,3,2,0,-1,5;3,7,4,2,0,-1,5;6,9,2,2,1,0,4;6,10,3,1,1,1,4;7,11,2,2,1,2,4
LAYER_EXCEPTION	state=1626	E=4	Q=51	demand=35	exactcap=31	exactdef=4	layerupper=35	layerexcess=0	gens=3	types=0,1,3,3,0,-1,0;1,2,3,5,0,-1,0;2,7,6,1,0,-1,6;3,6,3,2,0,-1,6;3,7,4,1,0,-1,6;4,8,4,1,1,0,5;5,9,3,1,1,1,5;6,9,2,2,1,1,5;7,11,2,2,1,2,5
LAYER_EXCEPTION	state=1626	E=4	Q=51	demand=35	exactcap=32	exactdef=3	layerupper=35	layerexcess=0	gens=4	types=0,1,3,3,0,-1,0;1,2,3,5,0,-1,0;2,7,6,1,0,-1,6;3,6,3,2,0,-1,6;3,7,4,1,0,-1,6;4,8,4,1,1,0,5;6,9,2,2,1,1,5;6,10,3,2,1,2,5;7,11,2,1,1,3,5
LAYER_EXCEPTION	state=1626	E=4	Q=51	demand=33	exactcap=29	exactdef=4	layerupper=34	layerexcess=1	gens=2	types=0,1,3,3,0,-1,0;1,2,3,5,0,-1,0;1,6,7,1,0,-1,5;3,6,3,2,0,-1,5;3,7,4,2,0,-1,5;6,9,2,2,1,0,4;7,11,2,3,1,1,4
LAYER_EXCEPTION	state=1626	E=4	Q=51	demand=34	exactcap=30	exactdef=4	layerupper=34	layerexcess=0	gens=3	types=0,1,3,3,0,-1,0;1,2,3,5,0,-1,0;3,6,3,1,0,-1,5;3,7,4,3,0,-1,6;4,7,3,2,1,0,5;5,10,4,1,1,1,5;6,10,3,1,1,1,5;7,10,2,1,1,1,5;8,12,0,1,1,2,3
LAYER_EXCEPTION	state=1626	E=4	Q=51	demand=34	exactcap=31	exactdef=3	layerupper=34	layerexcess=0	gens=3	types=0,1,3,3,0,-1,0;1,2,3,5,0,-1,0;3,6,3,1,0,-1,6;3,7,4,3,0,-1,6;4,7,3,2,1,0,5;5,10,4,1,1,1,5;7,10,2,1,1,1,5;7,11,2,2,1,2,5
LAYER_EXCEPTION	state=1626	E=4	Q=51	demand=34	exactcap=30	exactdef=4	layerupper=35	layerexcess=1	gens=4	types=0,1,3,3,0,-1,0;1,2,3,5,0,-1,0;3,6,3,1,0,-1,5;3,7,4,3,0,-1,6;4,7,3,2,1,0,5;4,9,5,1,1,1,5;7,10,2,1,1,2,5;7,11,2,1,1,2,5;8,12,0,1,1,3,3
LAYER_EXCEPTION	state=1626	E=4	Q=51	demand=36	exactcap=32	exactdef=4	layerupper=36	layerexcess=0	gens=2	types=0,1,3,3,0,-1,0;1,2,3,5,0,-1,0;2,6,5,2,0,-1,6;3,6,3,1,0,-1,6;3,8,5,1,0,-1,6;4,7,3,2,1,0,5;7,10,2,1,1,1,5;7,11,2,3,1,1,5
LAYER_EXCEPTION	state=1626	E=4	Q=51	demand=35	exactcap=32	exactdef=3	layerupper=35	layerexcess=0	gens=3	types=0,1,3,3,0,-1,0;1,2,3,5,0,-1,0;2,6,5,1,0,-1,6;3,6,3,1,0,-1,6;3,7,4,1,0,-1,6;3,8,5,1,0,-1,6;4,7,3,2,1,0,5;6,10,3,1,1,1,5;7,10,2,1,1,1,5;7,11,2,2,1,2,5
LAYER_EXCEPTION	state=1626	E=4	Q=51	demand=34	exactcap=30	exactdef=4	layerupper=35	layerexcess=1	gens=4	types=0,1,3,3,0,-1,0;1,2,3,5,0,-1,0;3,6,3,1,0,-1,5;3,7,4,2,0,-1,6;3,8,5,1,0,-1,6;4,7,3,2,1,0,5;4,8,4,1,1,1,5;7,10,2,1,1,2,5;7,11,2,1,1,2,5;8,12,0,1,1,3,3
LAYER_EXCEPTION	state=1626	E=4	Q=51	demand=34	exactcap=30	exactdef=4	layerupper=34	layerexcess=0	gens=4	types=0,1,3,3,0,-1,0;1,2,3,5,0,-1,0;3,6,3,1,0,-1,5;3,7,4,2,0,-1,6;3,8,5,1,0,-1,6;4,7,3,2,1,0,5;5,9,3,1,1,1,5;6,10,3,1,1,2,5;7,10,2,1,1,2,5;8,12,0,1,1,3,3
LAYER_EXCEPTION	state=1626	E=4	Q=51	demand=34	exactcap=31	exactdef=3	layerupper=34	layerexcess=0	gens=3	types=0,1,3,3,0,-1,0;1,2,3,5,0,-1,0;3,6,3,1,0,-1,6;3,7,4,2,0,-1,6;3,8,5,1,0,-1,6;4,7,3,2,1,0,5;5,9,3,1,1,1,5;7,10,2,1,1,2,5;7,11,2,2,1,2,5
LAYER_EXCEPTION	state=1626	E=4	Q=51	demand=34	exactcap=32	exactdef=2	layerupper=34	layerexcess=0	gens=3	types=0,1,3,3,0,-1,0;1,2,3,5,0,-1,0;3,6,3,1,0,-1,6;3,7,4,2,0,-1,6;3,8,5,1,0,-1,6;4,7,3,2,1,0,5;6,10,3,2,1,1,5;7,10,2,1,1,1,5;7,11,2,1,1,2,5
LAYER_EXCEPTION	state=1626	E=4	Q=51	demand=34	exactcap=29	exactdef=5	layerupper=34	layerexcess=0	gens=3	types=0,1,3,3,0,-1,0;1,2,3,5,0,-1,0;3,6,3,1,0,-1,5;3,7,4,3,0,-1,6;4,7,3,2,1,0,5;4,8,4,1,1,1,5;7,10,2,1,1,2,5;7,12,2,1,1,2,5;8,12,0,1,1,2,3
LAYER_EXCEPTION	state=1626	E=4	Q=51	demand=36	exactcap=32	exactdef=4	layerupper=36	layerexcess=0	gens=2	types=0,1,3,3,0,-1,0;1,2,3,5,0,-1,0;2,6,5,1,0,-1,6;2,7,6,1,0,-1,6;3,6,3,1,0,-1,6;3,7,4,1,0,-1,6;4,7,3,2,1,0,5;7,10,2,1,1,1,5;7,11,2,3,1,1,5
LAYER_EXCEPTION	state=1626	E=4	Q=51	demand=35	exactcap=30	exactdef=5	layerupper=35	layerexcess=0	gens=4	types=0,1,3,3,0,-1,0;1,2,3,5,0,-1,0;2,7,6,1,0,-1,6;3,6,3,1,0,-1,5;3,7,4,2,0,-1,6;4,7,3,2,1,0,5;5,9,3,1,1,1,5;7,10,2,1,1,2,5;7,11,2,1,1,2,5;8,12,0,1,1,3,3
LAYER_EXCEPTION	state=1626	E=4	Q=51	demand=35	exactcap=31	exactdef=4	layerupper=35	layerexcess=0	gens=3	types=0,1,3,3,0,-1,0;1,2,3,5,0,-1,0;2,7,6,1,0,-1,6;3,6,3,1,0,-1,5;3,7,4,2,0,-1,6;4,7,3,2,1,0,5;6,10,3,2,1,1,5;7,10,2,1,1,1,5;8,12,0,1,1,2,3
LAYER_EXCEPTION	state=1626	E=4	Q=51	demand=35	exactcap=32	exactdef=3	layerupper=35	layerexcess=0	gens=3	types=0,1,3,3,0,-1,0;1,2,3,5,0,-1,0;2,7,6,1,0,-1,6;3,6,3,1,0,-1,6;3,7,4,2,0,-1,6;4,7,3,2,1,0,5;6,10,3,1,1,1,5;7,10,2,1,1,1,5;7,11,2,2,1,2,5
LAYER_EXCEPTION	state=1626	E=4	Q=51	demand=34	exactcap=29	exactdef=5	layerupper=34	layerexcess=0	gens=4	types=0,1,3,3,0,-1,0;1,2,3,5,0,-1,0;3,6,3,1,0,-1,5;3,7,4,3,0,-1,6;4,7,3,2,1,0,5;4,8,4,1,1,1,5;7,10,2,1,1,2,5;7,11,2,1,1,2,5;8,13,0,1,1,3,3
LAYER_EXCEPTION	state=1626	E=4	Q=51	demand=34	exactcap=29	exactdef=5	layerupper=34	layerexcess=0	gens=4	types=0,1,3,3,0,-1,0;1,2,3,5,0,-1,0;3,6,3,1,0,-1,5;3,7,4,3,0,-1,6;4,7,3,1,1,0,5;5,8,2,1,1,1,5;5,10,4,1,1,2,5;6,9,2,1,1,2,5;6,10,3,1,1,2,5;8,12,0,1,1,3,4
LAYER_EXCEPTION	state=1626	E=4	Q=51	demand=34	exactcap=30	exactdef=4	layerupper=34	layerexcess=0	gens=4	types=0,1,3,3,0,-1,0;1,2,3,5,0,-1,0;3,6,3,1,0,-1,6;3,7,4,3,0,-1,6;4,7,3,1,1,0,5;5,8,2,1,1,1,5;5,10,4,1,1,2,5;6,9,2,1,1,2,5;7,11,2,2,1,3,5
LAYER_EXCEPTION	state=1626	E=4	Q=51	demand=34	exactcap=29	exactdef=5	layerupper=35	layerexcess=1	gens=4	types=0,1,3,3,0,-1,0;1,2,3,5,0,-1,0;3,6,3,1,0,-1,5;3,7,4,3,0,-1,6;4,7,3,1,1,0,5;4,9,5,1,1,1,5;5,8,2,1,1,1,5;6,9,2,1,1,1,5;7,11,2,1,1,2,5;8,12,0,1,1,3,4
LAYER_EXCEPTION	state=1626	E=4	Q=51	demand=36	exactcap=25	exactdef=11	layerupper=36	layerexcess=0	gens=4	types=0,1,3,3,0,-1,0;1,2,3,5,0,-1,0;1,5,6,1,0,-1,3;3,6,3,1,0,-1,6;3,7,4,1,0,-1,6;3,8,5,1,0,-1,6;4,7,3,1,1,0,5;5,8,2,1,1,1,5;6,9,2,1,1,2,5;7,11,1,3,1,3,5
LAYER_EXCEPTION	state=1626	E=4	Q=51	demand=36	exactcap=31	exactdef=5	layerupper=36	layerexcess=0	gens=4	types=0,1,3,3,0,-1,0;1,2,3,5,0,-1,0;2,6,5,2,0,-1,6;3,6,3,1,0,-1,6;3,8,5,1,0,-1,6;4,7,3,1,1,0,5;5,8,2,1,1,1,5;6,9,2,1,1,2,5;7,11,2,3,1,3,5
LAYER_EXCEPTION	state=1626	E=4	Q=51	demand=35	exactcap=31	exactdef=4	layerupper=35	layerexcess=0	gens=5	types=0,1,3,3,0,-1,0;1,2,3,5,0,-1,0;2,6,5,1,0,-1,6;3,6,3,1,0,-1,6;3,7,4,1,0,-1,6;3,8,5,1,0,-1,6;4,7,3,1,1,0,5;5,8,2,1,1,1,5;6,9,2,1,1,2,5;6,10,3,1,1,3,5;7,11,2,2,1,4,5
LAYER_EXCEPTION	state=1626	E=4	Q=51	demand=34	exactcap=29	exactdef=5	layerupper=35	layerexcess=1	gens=5	types=0,1,3,3,0,-1,0;1,2,3,5,0,-1,0;3,6,3,1,0,-1,5;3,7,4,2,0,-1,6;3,8,5,1,0,-1,6;4,7,3,1,1,0,5;4,8,4,1,1,1,5;5,8,2,1,1,1,5;6,9,2,1,1,2,5;7,11,2,1,1,3,5;8,12,0,1,1,4,4
LAYER_EXCEPTION	state=1626	E=4	Q=51	demand=34	exactcap=29	exactdef=5	layerupper=34	layerexcess=0	gens=5	types=0,1,3,3,0,-1,0;1,2,3,5,0,-1,0;3,6,3,1,0,-1,5;3,7,4,2,0,-1,6;3,8,5,1,0,-1,6;4,7,3,1,1,0,5;5,8,2,1,1,1,5;5,9,3,1,1,2,5;6,9,2,1,1,2,5;6,10,3,1,1,3,5;8,12,0,1,1,4,4
LAYER_EXCEPTION	state=1626	E=4	Q=51	demand=34	exactcap=30	exactdef=4	layerupper=34	layerexcess=0	gens=4	types=0,1,3,3,0,-1,0;1,2,3,5,0,-1,0;3,6,3,1,0,-1,6;3,7,4,2,0,-1,6;3,8,5,1,0,-1,6;4,7,3,1,1,0,5;5,8,2,1,1,1,5;5,9,3,1,1,2,5;6,9,2,1,1,2,5;7,11,2,2,1,3,5
LAYER_EXCEPTION	state=1626	E=4	Q=51	demand=34	exactcap=31	exactdef=3	layerupper=34	layerexcess=0	gens=5	types=0,1,3,3,0,-1,0;1,2,3,5,0,-1,0;3,6,3,1,0,-1,6;3,7,4,2,0,-1,6;3,8,5,1,0,-1,6;4,7,3,1,1,0,5;5,8,2,1,1,1,5;6,9,2,1,1,2,5;6,10,3,2,1,3,5;7,11,2,1,1,4,5
LAYER_EXCEPTION	state=1626	E=4	Q=51	demand=34	exactcap=28	exactdef=6	layerupper=34	layerexcess=0	gens=4	types=0,1,3,3,0,-1,0;1,2,3,5,0,-1,0;3,6,3,1,0,-1,5;3,7,4,3,0,-1,6;4,7,3,1,1,0,5;4,8,4,1,1,1,5;5,8,2,1,1,1,5;6,9,2,1,1,2,5;7,12,2,1,1,3,5;8,12,0,1,1,3,4
LAYER_EXCEPTION	state=1626	E=4	Q=51	demand=36	exactcap=31	exactdef=5	layerupper=36	layerexcess=0	gens=4	types=0,1,3,3,0,-1,0;1,2,3,5,0,-1,0;2,6,5,1,0,-1,6;2,7,6,1,0,-1,6;3,6,3,1,0,-1,6;3,7,4,1,0,-1,6;4,7,3,1,1,0,5;5,8,2,1,1,1,5;6,9,2,1,1,2,5;7,11,2,3,1,3,5
LAYER_EXCEPTION	state=1626	E=4	Q=51	demand=35	exactcap=29	exactdef=6	layerupper=35	layerexcess=0	gens=5	types=0,1,3,3,0,-1,0;1,2,3,5,0,-1,0;2,7,6,1,0,-1,6;3,6,3,1,0,-1,5;3,7,4,2,0,-1,6;4,7,3,1,1,0,5;5,8,2,1,1,1,5;5,9,3,1,1,2,5;6,9,2,1,1,2,5;7,11,2,1,1,3,5;8,12,0,1,1,4,4
LAYER_EXCEPTION	state=1626	E=4	Q=51	demand=35	exactcap=30	exactdef=5	layerupper=35	layerexcess=0	gens=5	types=0,1,3,3,0,-1,0;1,2,3,5,0,-1,0;2,7,6,1,0,-1,6;3,6,3,1,0,-1,5;3,7,4,2,0,-1,6;4,7,3,1,1,0,5;5,8,2,1,1,1,5;6,9,2,1,1,2,5;6,10,3,2,1,3,5;8,12,0,1,1,4,4
LAYER_EXCEPTION	state=1626	E=4	Q=51	demand=35	exactcap=31	exactdef=4	layerupper=35	layerexcess=0	gens=5	types=0,1,3,3,0,-1,0;1,2,3,5,0,-1,0;2,7,6,1,0,-1,6;3,6,3,1,0,-1,6;3,7,4,2,0,-1,6;4,7,3,1,1,0,5;5,8,2,1,1,1,5;6,9,2,1,1,2,5;6,10,3,1,1,3,5;7,11,2,2,1,4,5
LAYER_EXCEPTION	state=1626	E=4	Q=51	demand=34	exactcap=28	exactdef=6	layerupper=34	layerexcess=0	gens=5	types=0,1,3,3,0,-1,0;1,2,3,5,0,-1,0;3,6,3,1,0,-1,5;3,7,4,3,0,-1,6;4,7,3,1,1,0,5;4,8,4,1,1,1,5;5,8,2,1,1,1,5;6,9,2,1,1,2,5;7,11,2,1,1,3,5;8,13,0,1,1,4,4
LAYER_EXCEPTION	state=1626	E=4	Q=51	demand=34	exactcap=28	exactdef=6	layerupper=34	layerexcess=0	gens=3	types=0,1,3,3,0,-1,0;1,2,3,5,0,-1,0;3,6,3,1,0,-1,5;3,7,4,3,0,-1,6;5,8,2,3,1,0,5;5,10,4,1,1,1,5;6,10,3,1,1,1,5;8,12,0,1,1,2,5
LAYER_EXCEPTION	state=1626	E=4	Q=51	demand=34	exactcap=29	exactdef=5	layerupper=34	layerexcess=0	gens=3	types=0,1,3,3,0,-1,0;1,2,3,5,0,-1,0;3,6,3,1,0,-1,6;3,7,4,3,0,-1,6;5,8,2,3,1,0,5;5,10,4,1,1,1,5;7,11,2,2,1,2,5
LAYER_EXCEPTION	state=1626	E=4	Q=51	demand=34	exactcap=28	exactdef=6	layerupper=35	layerexcess=1	gens=3	types=0,1,3,3,0,-1,0;1,2,3,5,0,-1,0;3,6,3,1,0,-1,5;3,7,4,3,0,-1,6;4,9,5,1,1,0,5;5,8,2,3,1,0,5;7,11,2,1,1,1,5;8,12,0,1,1,2,5
LAYER_EXCEPTION	state=1626	E=4	Q=51	demand=36	exactcap=24	exactdef=12	layerupper=36	layerexcess=0	gens=2	types=0,1,3,3,0,-1,0;1,2,3,5,0,-1,0;1,5,6,1,0,-1,3;3,6,3,1,0,-1,6;3,7,4,1,0,-1,6;3,8,5,1,0,-1,6;5,8,2,3,1,0,5;7,11,1,3,1,1,5
LAYER_EXCEPTION	state=1626	E=4	Q=51	demand=36	exactcap=30	exactdef=6	layerupper=36	layerexcess=0	gens=2	types=0,1,3,3,0,-1,0;1,2,3,5,0,-1,0;2,6,5,2,0,-1,6;3,6,3,1,0,-1,6;3,8,5,1,0,-1,6;5,8,2,3,1,0,5;7,11,2,3,1,1,5
LAYER_EXCEPTION	state=1626	E=4	Q=51	demand=35	exactcap=30	exactdef=5	layerupper=35	layerexcess=0	gens=3	types=0,1,3,3,0,-1,0;1,2,3,5,0,-1,0;2,6,5,1,0,-1,6;3,6,3,1,0,-1,6;3,7,4,1,0,-1,6;3,8,5,1,0,-1,6;5,8,2,3,1,0,5;6,10,3,1,1,1,5;7,11,2,2,1,2,5
LAYER_EXCEPTION	state=1626	E=4	Q=51	demand=34	exactcap=28	exactdef=6	layerupper=35	layerexcess=1	gens=3	types=0,1,3,3,0,-1,0;1,2,3,5,0,-1,0;3,6,3,1,0,-1,5;3,7,4,2,0,-1,6;3,8,5,1,0,-1,6;4,8,4,1,1,0,5;5,8,2,3,1,0,5;7,11,2,1,1,1,5;8,12,0,1,1,2,5
LAYER_EXCEPTION	state=1626	E=4	Q=51	demand=34	exactcap=28	exactdef=6	layerupper=34	layerexcess=0	gens=4	types=0,1,3,3,0,-1,0;1,2,3,5,0,-1,0;3,6,3,1,0,-1,5;3,7,4,2,0,-1,6;3,8,5,1,0,-1,6;5,8,2,3,1,0,5;5,9,3,1,1,1,5;6,10,3,1,1,2,5;8,12,0,1,1,3,5
LAYER_EXCEPTION	state=1626	E=4	Q=51	demand=34	exactcap=29	exactdef=5	layerupper=34	layerexcess=0	gens=3	types=0,1,3,3,0,-1,0;1,2,3,5,0,-1,0;3,6,3,1,0,-1,6;3,7,4,2,0,-1,6;3,8,5,1,0,-1,6;5,8,2,3,1,0,5;5,9,3,1,1,1,5;7,11,2,2,1,2,5
LAYER_EXCEPTION	state=1626	E=4	Q=51	demand=34	exactcap=30	exactdef=4	layerupper=34	layerexcess=0	gens=3	types=0,1,3,3,0,-1,0;1,2,3,5,0,-1,0;3,6,3,1,0,-1,6;3,7,4,2,0,-1,6;3,8,5,1,0,-1,6;5,8,2,3,1,0,5;6,10,3,2,1,1,5;7,11,2,1,1,2,5
LAYER_EXCEPTION	state=1626	E=4	Q=51	demand=34	exactcap=27	exactdef=7	layerupper=34	layerexcess=0	gens=2	types=0,1,3,3,0,-1,0;1,2,3,5,0,-1,0;3,6,3,1,0,-1,5;3,7,4,3,0,-1,6;4,8,4,1,1,0,5;5,8,2,3,1,0,5;7,12,2,1,1,1,5;8,12,0,1,1,1,5
LAYER_EXCEPTION	state=1626	E=4	Q=51	demand=36	exactcap=30	exactdef=6	layerupper=36	layerexcess=0	gens=2	types=0,1,3,3,0,-1,0;1,2,3,5,0,-1,0;2,6,5,1,0,-1,6;2,7,6,1,0,-1,6;3,6,3,1,0,-1,6;3,7,4,1,0,-1,6;5,8,2,3,1,0,5;7,11,2,3,1,1,5
LAYER_EXCEPTION	state=1626	E=4	Q=51	demand=35	exactcap=28	exactdef=7	layerupper=35	layerexcess=0	gens=4	types=0,1,3,3,0,-1,0;1,2,3,5,0,-1,0;2,7,6,1,0,-1,6;3,6,3,1,0,-1,5;3,7,4,2,0,-1,6;5,8,2,3,1,0,5;5,9,3,1,1,1,5;7,11,2,1,1,2,5;8,12,0,1,1,3,5
LAYER_EXCEPTION	state=1626	E=4	Q=51	demand=35	exactcap=29	exactdef=6	layerupper=35	layerexcess=0	gens=3	types=0,1,3,3,0,-1,0;1,2,3,5,0,-1,0;2,7,6,1,0,-1,6;3,6,3,1,0,-1,5;3,7,4,2,0,-1,6;5,8,2,3,1,0,5;6,10,3,2,1,1,5;8,12,0,1,1,2,5
LAYER_EXCEPTION	state=1626	E=4	Q=51	demand=35	exactcap=30	exactdef=5	layerupper=35	layerexcess=0	gens=3	types=0,1,3,3,0,-1,0;1,2,3,5,0,-1,0;2,7,6,1,0,-1,6;3,6,3,1,0,-1,6;3,7,4,2,0,-1,6;5,8,2,3,1,0,5;6,10,3,1,1,1,5;7,11,2,2,1,2,5
LAYER_EXCEPTION	state=1626	E=4	Q=51	demand=34	exactcap=27	exactdef=7	layerupper=34	layerexcess=0	gens=3	types=0,1,3,3,0,-1,0;1,2,3,5,0,-1,0;3,6,3,1,0,-1,5;3,7,4,3,0,-1,6;4,8,4,1,1,0,5;5,8,2,3,1,0,5;7,11,2,1,1,1,5;8,13,0,1,1,2,5
LAYER_EXCEPTION	state=1626	E=4	Q=51	demand=34	exactcap=29	exactdef=5	layerupper=35	layerexcess=1	gens=3	types=0,1,3,3,0,-1,0;1,2,3,5,0,-1,0;3,7,4,3,0,-1,6;3,8,5,1,0,-1,6;4,7,3,2,1,0,5;5,8,2,2,1,1,5;8,12,1,2,1,2,3
LAYER_EXCEPTION	state=1626	E=4	Q=51	demand=34	exactcap=28	exactdef=6	layerupper=34	layerexcess=0	gens=3	types=0,1,3,3,0,-1,0;1,2,3,5,0,-1,0;3,7,4,4,0,-1,6;4,7,3,2,1,0,5;5,8,2,2,1,1,5;8,12,1,1,1,2,3;8,13,1,1,1,2,3
LAYER_EXCEPTION	state=1626	E=4	Q=51	demand=36	exactcap=26	exactdef=10	layerupper=36	layerexcess=0	gens=3	types=0,1,3,3,0,-1,0;1,2,3,5,0,-1,0;1,4,5,1,0,-1,3;3,7,4,3,0,-1,6;5,8,2,2,1,0,5;5,10,4,1,1,1,5;6,10,2,1,1,1,5;7,11,1,1,1,2,5;8,11,0,1,1,2,5
LAYER_EXCEPTION	state=1626	E=4	Q=51	demand=36	exactcap=26	exactdef=10	layerupper=36	layerexcess=0	gens=4	types=0,1,3,3,0,-1,0;1,2,3,5,0,-1,0;1,4,5,1,0,-1,3;3,7,4,2,0,-1,6;3,8,5,1,0,-1,6;5,8,2,2,1,0,5;5,9,3,1,1,1,5;6,10,2,1,1,2,5;7,11,1,1,1,3,5;8,11,0,1,1,3,5
LAYER_EXCEPTION	state=1626	E=4	Q=51	demand=36	exactcap=27	exactdef=9	layerupper=36	layerexcess=0	gens=4	types=0,1,3,3,0,-1,0;1,2,3,5,0,-1,0;1,4,5,1,0,-1,3;3,7,4,3,0,-1,6;5,8,2,1,1,0,5;5,9,3,1,1,1,5;5,10,4,1,1,2,5;6,9,2,1,1,1,5;7,10,1,1,1,2,5;8,12,0,1,1,3,5
LAYER_EXCEPTION	state=1626	E=4	Q=51	demand=36	exactcap=27	exactdef=9	layerupper=36	layerexcess=0	gens=4	types=0,1,3,3,0,-1,0;1,2,3,5,0,-1,0;1,4,5,1,0,-1,3;3,7,4,2,0,-1,6;3,8,5,1,0,-1,6;5,8,2,1,1,0,5;5,9,3,2,1,1,5;6,9,2,1,1,1,5;7,10,1,1,1,2,5;8,12,0,1,1,3,5
LAYER_EXCEPTION	state=1626	E=4	Q=51	demand=36	exactcap=29	exactdef=7	layerupper=36	layerexcess=0	gens=3	types=0,1,3,3,0,-1,0;1,2,3,5,0,-1,0;2,5,4,1,0,-1,3;2,6,5,1,0,-1,6;3,6,3,1,0,-1,6;3,7,4,1,0,-1,6;4,8,4,1,1,0,5;5,10,4,1,1,1,5;6,10,3,1,1,1,5;7,10,1,2,1,1,5;7,11,1,1,1,2,5
LAYER_EXCEPTION	state=1626	E=4	Q=51	demand=32	exactcap=27	exactdef=5	layerupper=34	layerexcess=2	gens=2	types=0,1,3,3,0,-1,0;1,2,3,5,0,-1,0;2,5,4,1,0,-1,2;3,6,3,1,0,-1,5;3,7,4,3,0,-1,5;5,10,4,1,1,0,4;6,10,3,1,1,0,4;7,10,1,2,1,0,4;7,11,1,1,1,1,4
LAYER_EXCEPTION	state=1626	E=4	Q=51	demand=35	exactcap=28	exactdef=7	layerupper=35	layerexcess=0	gens=4	types=0,1,3,3,0,-1,0;1,2,3,5,0,-1,0;2,5,4,1,0,-1,3;3,6,3,1,0,-1,6;3,7,4,2,0,-1,6;4,8,4,1,1,0,5;5,9,3,1,1,1,5;5,10,4,1,1,2,5;7,10,1,2,1,2,5;7,11,1,1,1,3,5
LAYER_EXCEPTION	state=1626	E=4	Q=51	demand=35	exactcap=31	exactdef=4	layerupper=35	layerexcess=0	gens=2	types=0,1,3,3,0,-1,0;1,2,3,5,0,-1,0;2,5,4,1,0,-1,4;3,6,3,1,0,-1,6;3,7,4,2,0,-1,6;4,8,4,1,1,0,5;5,10,4,1,1,1,5;6,10,3,2,1,1,5;7,10,1,2,1,1,5
LAYER_EXCEPTION	state=1626	E=4	Q=51	demand=36	exactcap=29	exactdef=7	layerupper=36	layerexcess=0	gens=3	types=0,1,3,3,0,-1,0;1,2,3,5,0,-1,0;2,5,4,1,0,-1,3;2,6,5,1,0,-1,6;3,6,3,1,0,-1,6;3,7,4,1,0,-1,6;4,9,5,1,1,0,5;5,9,3,1,1,0,5;6,10,3,1,1,1,5;7,10,1,2,1,1,5;7,11,1,1,1,2,5
LAYER_EXCEPTION	state=1626	E=4	Q=51	demand=36	exactcap=32	exactdef=4	layerupper=36	layerexcess=0	gens=2	types=0,1,3,3,0,-1,0;1,2,3,5,0,-1,0;2,5,4,1,0,-1,4;2,6,5,1,0,-1,6;3,6,3,1,0,-1,6;3,7,4,1,0,-1,6;4,9,5,1,1,0,5;6,10,3,3,1,1,5;7,10,1,2,1,1,5
LAYER_EXCEPTION	state=1626	E=4	Q=51	demand=35	exactcap=29	exactdef=6	layerupper=36	layerexcess=1	gens=4	types=0,1,3,3,0,-1,0;1,2,3,5,0,-1,0;2,5,4,1,0,-1,3;3,6,3,1,0,-1,6;3,7,4,2,0,-1,6;4,8,4,1,1,0,5;4,9,5,1,1,1,5;6,10,3,1,1,2,5;7,10,1,2,1,2,5;7,11,1,1,1,3,5
LAYER_EXCEPTION	state=1626	E=4	Q=51	demand=35	exactcap=28	exactdef=7	layerupper=35	layerexcess=0	gens=2	types=0,1,3,3,0,-1,0;1,2,3,5,0,-1,0;2,5,4,1,0,-1,3;3,6,3,1,0,-1,6;3,7,4,2,0,-1,6;4,9,5,1,1,0,5;5,9,3,2,1,0,5;7,10,1,2,1,1,5;7,11,1,1,1,1,5
LAYER_EXCEPTION	state=1626	E=4	Q=51	demand=35	exactcap=31	exactdef=4	layerupper=35	layerexcess=0	gens=2	types=0,1,3,3,0,-1,0;1,2,3,5,0,-1,0;2,5,4,1,0,-1,4;3,6,3,1,0,-1,6;3,7,4,2,0,-1,6;4,9,5,1,1,0,5;5,9,3,1,1,0,5;6,10,3,2,1,1,5;7,10,1,2,1,1,5
LAYER_EXCEPTION	state=1626	E=4	Q=51	demand=32	exactcap=26	exactdef=6	layerupper=33	layerexcess=1	gens=2	types=0,1,3,3,0,-1,0;1,2,3,5,0,-1,0;2,5,4,1,0,-1,2;3,6,3,1,0,-1,5;3,7,4,3,0,-1,5;5,9,3,1,1,0,4;6,11,3,1,1,1,4;7,10,1,2,1,1,4;7,11,1,1,1,1,4
LAYER_EXCEPTION	state=1626	E=4	Q=51	demand=32	exactcap=29	exactdef=3	layerupper=34	layerexcess=2	gens=1	types=0,1,3,3,0,-1,0;1,2,3,5,0,-1,0;2,5,4,1,0,-1,3;3,6,3,1,0,-1,5;3,7,4,3,0,-1,5;6,10,3,2,1,0,4;6,11,3,1,1,0,4;7,10,1,2,1,0,4
LAYER_EXCEPTION	state=1626	E=4	Q=51	demand=35	exactcap=28	exactdef=7	layerupper=35	layerexcess=0	gens=2	types=0,1,3,3,0,-1,0;1,2,3,5,0,-1,0;2,5,4,1,0,-1,3;3,6,3,1,0,-1,6;3,7,4,2,0,-1,6;4,8,4,2,1,0,5;6,11,3,1,1,1,5;7,10,1,2,1,1,5;7,11,1,1,1,1,5
LAYER_EXCEPTION	state=1626	E=4	Q=51	demand=36	exactcap=29	exactdef=7	layerupper=36	layerexcess=0	gens=4	types=0,1,3,3,0,-1,0;1,2,3,5,0,-1,0;2,5,4,1,0,-1,3;2,6,5,1,0,-1,6;3,6,3,1,0,-1,6;3,8,5,1,0,-1,6;4,8,4,1,1,0,5;5,9,3,1,1,1,5;6,10,3,1,1,2,5;7,10,1,2,1,2,5;7,11,1,1,1,3,5
LAYER_EXCEPTION	state=1626	E=4	Q=51	demand=36	exactcap=32	exactdef=4	layerupper=36	layerexcess=0	gens=2	types=0,1,3,3,0,-1,0;1,2,3,5,0,-1,0;2,5,4,1,0,-1,4;2,6,5,1,0,-1,6;3,6,3,1,0,-1,6;3,8,5,1,0,-1,6;4,8,4,1,1,0,5;6,10,3,3,1,1,5;7,10,1,2,1,1,5
LAYER_EXCEPTION	state=1626	E=4	Q=51	demand=32	exactcap=27	exactdef=5	layerupper=34	layerexcess=2	gens=3	types=0,1,3,3,0,-1,0;1,2,3,5,0,-1,0;2,5,4,1,0,-1,2;3,6,3,1,0,-1,5;3,7,4,2,0,-1,5;3,8,5,1,0,-1,5;5,9,3,1,1,0,4;6,10,3,1,1,1,4;7,10,1,2,1,1,4;7,11,1,1,1,2,4
LAYER_EXCEPTION	state=1626	E=4	Q=51	demand=32	exactcap=30	exactdef=2	layerupper=35	layerexcess=3	gens=1	types=0,1,3,3,0,-1,0;1,2,3,5,0,-1,0;2,5,4,1,0,-1,3;3,6,3,1,0,-1,5;3,7,4,2,0,-1,5;3,8,5,1,0,-1,5;6,10,3,3,1,0,4;7,10,1,2,1,0,4
LAYER_EXCEPTION	state=1626	E=4	Q=51	demand=35	exactcap=29	exactdef=6	layerupper=36	layerexcess=1	gens=3	types=0,1,3,3,0,-1,0;1,2,3,5,0,-1,0;2,5,4,1,0,-1,3;3,6,3,1,0,-1,6;3,7,4,1,0,-1,6;3,8,5,1,0,-1,6;4,8,4,2,1,0,5;6,10,3,1,1,1,5;7,10,1,2,1,1,5;7,11,1,1,1,2,5
LAYER_EXCEPTION	state=1626	E=4	Q=51	demand=35	exactcap=28	exactdef=7	layerupper=35	layerexcess=0	gens=3	types=0,1,3,3,0,-1,0;1,2,3,5,0,-1,0;2,5,4,1,0,-1,3;3,6,3,1,0,-1,6;3,7,4,1,0,-1,6;3,8,5,1,0,-1,6;4,8,4,1,1,0,5;5,9,3,2,1,1,5;7,10,1,2,1,2,5;7,11,1,1,1,2,5
LAYER_EXCEPTION	state=1626	E=4	Q=51	demand=35	exactcap=31	exactdef=4	layerupper=35	layerexcess=0	gens=3	types=0,1,3,3,0,-1,0;1,2,3,5,0,-1,0;2,5,4,1,0,-1,4;3,6,3,1,0,-1,6;3,7,4,1,0,-1,6;3,8,5,1,0,-1,6;4,8,4,1,1,0,5;5,9,3,1,1,1,5;6,10,3,2,1,2,5;7,10,1,2,1,2,5
LAYER_EXCEPTION	state=1626	E=4	Q=51	demand=32	exactcap=26	exactdef=6	layerupper=33	layerexcess=1	gens=3	types=0,1,3,3,0,-1,0;1,2,3,5,0,-1,0;2,5,4,1,0,-1,2;3,6,3,1,0,-1,5;3,7,4,3,0,-1,5;5,9,3,1,1,0,4;6,10,3,1,1,1,4;7,10,1,2,1,1,4;7,12,1,1,1,2,4
LAYER_EXCEPTION	state=1626	E=4	Q=51	demand=35	exactcap=28	exactdef=7	layerupper=35	layerexcess=0	gens=3	types=0,1,3,3,0,-1,0;1,2,3,5,0,-1,0;2,5,4,1,0,-1,3;3,6,3,1,0,-1,6;3,7,4,2,0,-1,6;4,8,4,2,1,0,5;6,10,3,1,1,1,5;7,10,1,2,1,1,5;7,12,1,1,1,2,5
LAYER_EXCEPTION	state=1626	E=4	Q=51	demand=36	exactcap=29	exactdef=7	layerupper=36	layerexcess=0	gens=4	types=0,1,3,3,0,-1,0;1,2,3,5,0,-1,0;2,5,4,1,0,-1,3;2,7,6,1,0,-1,6;3,6,3,1,0,-1,6;3,7,4,1,0,-1,6;4,8,4,1,1,0,5;5,9,3,1,1,1,5;6,10,3,1,1,2,5;7,10,1,2,1,2,5;7,11,1,1,1,3,5
LAYER_EXCEPTION	state=1626	E=4	Q=51	demand=36	exactcap=32	exactdef=4	layerupper=36	layerexcess=0	gens=2	types=0,1,3,3,0,-1,0;1,2,3,5,0,-1,0;2,5,4,1,0,-1,4;2,7,6,1,0,-1,6;3,6,3,1,0,-1,6;3,7,4,1,0,-1,6;4,8,4,1,1,0,5;6,10,3,3,1,1,5;7,10,1,2,1,1,5
LAYER_EXCEPTION	state=1626	E=4	Q=51	demand=35	exactcap=29	exactdef=6	layerupper=35	layerexcess=0	gens=4	types=0,1,3,3,0,-1,0;1,2,3,5,0,-1,0;2,5,4,1,0,-1,4;3,7,4,3,0,-1,6;4,7,3,1,1,0,5;5,8,2,1,1,1,5;5,10,4,1,1,2,5;6,10,3,1,1,2,5;7,11,1,1,1,3,5;8,11,0,1,1,3,4
LAYER_EXCEPTION	state=1626	E=4	Q=51	demand=35	exactcap=29	exactdef=6	layerupper=35	layerexcess=0	gens=5	types=0,1,3,3,0,-1,0;1,2,3,5,0,-1,0;2,5,4,1,0,-1,4;3,7,4,2,0,-1,6;3,8,5,1,0,-1,6;4,7,3,1,1,0,5;5,8,2,1,1,1,5;5,9,3,1,1,2,5;6,10,3,1,1,3,5;7,11,1,1,1,4,5;8,11,0,1,1,4,4
LAYER_EXCEPTION	state=1626	E=4	Q=51	demand=35	exactcap=31	exactdef=4	layerupper=35	layerexcess=0	gens=4	types=0,1,3,3,0,-1,0;1,2,3,5,0,-1,0;2,5,4,1,0,-1,5;3,7,4,2,0,-1,6;3,8,5,1,0,-1,6;4,7,3,1,1,0,5;5,8,2,1,1,1,5;6,10,3,3,1,2,5;8,11,0,1,1,3,4
LAYER_EXCEPTION	state=1626	E=4	Q=51	demand=36	exactcap=30	exactdef=6	layerupper=36	layerexcess=0	gens=4	types=0,1,3,3,0,-1,0;1,2,3,5,0,-1,0;2,5,4,1,0,-1,4;2,7,6,1,0,-1,6;3,7,4,2,0,-1,6;4,7,3,1,1,0,5;5,8,2,1,1,1,5;6,10,3,2,1,2,5;7,11,1,1,1,3,5;8,11,0,1,1,3,4
LAYER_EXCEPTION	state=1626	E=4	Q=51	demand=36	exactcap=28	exactdef=8	layerupper=36	layerexcess=0	gens=3	types=0,1,3,3,0,-1,0;1,2,3,5,0,-1,0;2,5,4,1,0,-1,3;2,6,5,1,0,-1,6;3,7,4,2,0,-1,6;4,7,3,1,1,0,5;5,10,4,1,1,1,5;6,9,2,1,1,1,5;7,10,1,1,1,1,5;7,11,1,2,1,2,5
LAYER_EXCEPTION	state=1626	E=4	Q=51	demand=35	exactcap=29	exactdef=6	layerupper=35	layerexcess=0	gens=4	types=0,1,3,3,0,-1,0;1,2,3,5,0,-1,0;2,5,4,1,0,-1,4;3,7,4,3,0,-1,6;4,7,3,1,1,0,5;5,9,3,1,1,1,5;5,10,4,1,1,2,5;6,9,2,1,1,1,5;7,10,1,1,1,2,5;8,12,0,1,1,3,4
LAYER_EXCEPTION	state=1626	E=4	Q=51	demand=35	exactcap=30	exactdef=5	layerupper=35	layerexcess=0	gens=3	types=0,1,3,3,0,-1,0;1,2,3,5,0,-1,0;2,5,4,1,0,-1,4;3,7,4,3,0,-1,6;4,7,3,1,1,0,5;5,10,4,1,1,1,5;6,9,2,1,1,1,5;6,10,3,1,1,1,5;7,10,1,1,1,1,5;7,11,1,1,1,2,5
LAYER_EXCEPTION	state=1626	E=4	Q=51	demand=35	exactcap=30	exactdef=5	layerupper=36	layerexcess=1	gens=4	types=0,1,3,3,0,-1,0;1,2,3,5,0,-1,0;2,5,4,1,0,-1,4;3,7,4,3,0,-1,6;4,7,3,1,1,0,5;4,9,5,1,1,1,5;6,9,2,1,1,1,5;6,10,3,1,1,2,5;7,10,1,1,1,2,5;8,12,0,1,1,3,4
LAYER_EXCEPTION	state=1626	E=4	Q=51	demand=35	exactcap=28	exactdef=7	layerupper=36	layerexcess=1	gens=3	types=0,1,3,3,0,-1,0;1,2,3,5,0,-1,0;2,5,4,1,0,-1,3;3,7,4,3,0,-1,6;4,7,3,1,1,0,5;4,9,5,1,1,1,5;6,9,2,1,1,1,5;7,10,1,1,1,2,5;7,11,1,2,1,2,5
LAYER_EXCEPTION	state=1626	E=4	Q=51	demand=35	exactcap=29	exactdef=6	layerupper=35	layerexcess=0	gens=5	types=0,1,3,3,0,-1,0;1,2,3,5,0,-1,0;2,5,4,1,0,-1,4;3,7,4,3,0,-1,6;4,7,3,1,1,0,5;4,8,4,1,1,1,5;6,9,2,1,1,2,5;6,11,3,1,1,3,5;7,10,1,1,1,3,5;8,12,0,1,1,4,4
LAYER_EXCEPTION	state=1626	E=4	Q=51	demand=36	exactcap=28	exactdef=8	layerupper=36	layerexcess=0	gens=3	types=0,1,3,3,0,-1,0;1,2,3,5,0,-1,0;2,5,4,1,0,-1,3;2,6,5,1,0,-1,6;3,7,4,1,0,-1,6;3,8,5,1,0,-1,6;4,7,3,1,1,0,5;5,9,3,1,1,1,5;6,9,2,1,1,1,5;7,10,1,1,1,2,5;7,11,1,2,1,2,5
LAYER_EXCEPTION	state=1626	E=4	Q=51	demand=36	exactcap=31	exactdef=5	layerupper=36	layerexcess=0	gens=4	types=0,1,3,3,0,-1,0;1,2,3,5,0,-1,0;2,5,4,1,0,-1,4;2,6,5,1,0,-1,6;3,7,4,1,0,-1,6;3,8,5,1,0,-1,6;4,7,3,1,1,0,5;6,9,2,1,1,1,5;6,10,3,2,1,2,5;7,10,1,1,1,2,5;7,11,1,1,1,3,5
LAYER_EXCEPTION	state=1626	E=4	Q=51	demand=35	exactcap=30	exactdef=5	layerupper=36	layerexcess=1	gens=5	types=0,1,3,3,0,-1,0;1,2,3,5,0,-1,0;2,5,4,1,0,-1,4;3,7,4,2,0,-1,6;3,8,5,1,0,-1,6;4,7,3,1,1,0,5;4,8,4,1,1,1,5;6,9,2,1,1,2,5;6,10,3,1,1,3,5;7,10,1,1,1,3,5;8,12,0,1,1,4,4
LAYER_EXCEPTION	state=1626	E=4	Q=51	demand=35	exactcap=28	exactdef=7	layerupper=36	layerexcess=1	gens=4	types=0,1,3,3,0,-1,0;1,2,3,5,0,-1,0;2,5,4,1,0,-1,3;3,7,4,2,0,-1,6;3,8,5,1,0,-1,6;4,7,3,1,1,0,5;4,8,4,1,1,1,5;6,9,2,1,1,2,5;7,10,1,1,1,3,5;7,11,1,2,1,3,5
LAYER_EXCEPTION	state=1626	E=4	Q=51	demand=35	exactcap=29	exactdef=6	layerupper=35	layerexcess=0	gens=4	types=0,1,3,3,0,-1,0;1,2,3,5,0,-1,0;2,5,4,1,0,-1,4;3,7,4,2,0,-1,6;3,8,5,1,0,-1,6;4,7,3,1,1,0,5;5,9,3,2,1,1,5;6,9,2,1,1,1,5;7,10,1,1,1,2,5;8,12,0,1,1,3,4
LAYER_EXCEPTION	state=1626	E=4	Q=51	demand=35	exactcap=30	exactdef=5	layerupper=35	layerexcess=0	gens=4	types=0,1,3,3,0,-1,0;1,2,3,5,0,-1,0;2,5,4,1,0,-1,4;3,7,4,2,0,-1,6;3,8,5,1,0,-1,6;4,7,3,1,1,0,5;5,9,3,1,1,1,5;6,9,2,1,1,1,5;6,10,3,1,1,2,5;7,10,1,1,1,2,5;7,11,1,1,1,3,5
LAYER_EXCEPTION	state=1626	E=4	Q=51	demand=35	exactcap=32	exactdef=3	layerupper=35	layerexcess=0	gens=3	types=0,1,3,3,0,-1,0;1,2,3,5,0,-1,0;2,5,4,1,0,-1,5;3,7,4,2,0,-1,6;3,8,5,1,0,-1,6;4,7,3,1,1,0,5;6,9,2,1,1,1,5;6,10,3,3,1,2,5;7,10,1,1,1,2,5
LAYER_EXCEPTION	state=1626	E=4	Q=51	demand=35	exactcap=27	exactdef=8	layerupper=35	layerexcess=0	gens=4	types=0,1,3,3,0,-1,0;1,2,3,5,0,-1,0;2,5,4,1,0,-1,3;3,7,4,3,0,-1,6;4,7,3,1,1,0,5;4,8,4,1,1,1,5;6,9,2,1,1,2,5;7,10,1,1,1,3,5;7,11,1,1,1,3,5;7,12,1,1,1,3,5
LAYER_EXCEPTION	state=1626	E=4	Q=51	demand=36	exactcap=30	exactdef=6	layerupper=36	layerexcess=0	gens=4	types=0,1,3,3,0,-1,0;1,2,3,5,0,-1,0;2,5,4,1,0,-1,4;2,7,6,1,0,-1,6;3,7,4,2,0,-1,6;4,7,3,1,1,0,5;5,9,3,1,1,1,5;6,9,2,1,1,1,5;6,10,3,1,1,2,5;7,10,1,1,1,2,5;8,12,0,1,1,3,4
LAYER_EXCEPTION	state=1626	E=4	Q=51	demand=36	exactcap=28	exactdef=8	layerupper=36	layerexcess=0	gens=3	types=0,1,3,3,0,-1,0;1,2,3,5,0,-1,0;2,5,4,1,0,-1,3;2,7,6,1,0,-1,6;3,7,4,2,0,-1,6;4,7,3,1,1,0,5;5,9,3,1,1,1,5;6,9,2,1,1,1,5;7,10,1,1,1,2,5;7,11,1,2,1,2,5
LAYER_EXCEPTION	state=1626	E=4	Q=51	demand=36	exactcap=31	exactdef=5	layerupper=36	layerexcess=0	gens=4	types=0,1,3,3,0,-1,0;1,2,3,5,0,-1,0;2,5,4,1,0,-1,4;2,7,6,1,0,-1,6;3,7,4,2,0,-1,6;4,7,3,1,1,0,5;6,9,2,1,1,1,5;6,10,3,2,1,2,5;7,10,1,1,1,2,5;7,11,1,1,1,3,5
LAYER_EXCEPTION	state=1626	E=4	Q=51	demand=35	exactcap=29	exactdef=6	layerupper=35	layerexcess=0	gens=5	types=0,1,3,3,0,-1,0;1,2,3,5,0,-1,0;2,5,4,1,0,-1,4;3,7,4,3,0,-1,6;4,7,3,1,1,0,5;4,8,4,1,1,1,5;6,9,2,1,1,2,5;6,10,3,1,1,3,5;7,10,1,1,1,3,5;8,13,0,1,1,4,4
LAYER_EXCEPTION	state=1626	E=4	Q=51	demand=36	exactcap=27	exactdef=9	layerupper=36	layerexcess=0	gens=3	types=0,1,3,3,0,-1,0;1,2,3,5,0,-1,0;2,5,4,1,0,-1,3;2,6,5,1,0,-1,6;3,7,4,2,0,-1,6;5,8,2,2,1,0,5;5,10,4,1,1,1,5;7,10,1,1,1,1,5;7,11,1,2,1,2,5
LAYER_EXCEPTION	state=1626	E=4	Q=51	demand=35	exactcap=28	exactdef=7	layerupper=35	layerexcess=0	gens=4	types=0,1,3,3,0,-1,0;1,2,3,5,0,-1,0;2,5,4,1,0,-1,4;3,7,4,3,0,-1,6;5,8,2,2,1,0,5;5,9,3,1,1,1,5;5,10,4,1,1,2,5;7,10,1,1,1,2,5;8,12,0,1,1,3,5
LAYER_EXCEPTION	state=1626	E=4	Q=51	demand=35	exactcap=29	exactdef=6	layerupper=35	layerexcess=0	gens=3	types=0,1,3,3,0,-1,0;1,2,3,5,0,-1,0;2,5,4,1,0,-1,4;3,7,4,3,0,-1,6;5,8,2,2,1,0,5;5,10,4,1,1,1,5;6,10,3,1,1,1,5;7,10,1,1,1,1,5;7,11,1,1,1,2,5
LAYER_EXCEPTION	state=1626	E=4	Q=51	demand=35	exactcap=29	exactdef=6	layerupper=36	layerexcess=1	gens=3	types=0,1,3,3,0,-1,0;1,2,3,5,0,-1,0;2,5,4,1,0,-1,4;3,7,4,3,0,-1,6;4,9,5,1,1,0,5;5,8,2,2,1,0,5;6,10,3,1,1,1,5;7,10,1,1,1,1,5;8,12,0,1,1,2,5
LAYER_EXCEPTION	state=1626	E=4	Q=51	demand=35	exactcap=27	exactdef=8	layerupper=36	layerexcess=1	gens=2	types=0,1,3,3,0,-1,0;1,2,3,5,0,-1,0;2,5,4,1,0,-1,3;3,7,4,3,0,-1,6;4,9,5,1,1,0,5;5,8,2,2,1,0,5;7,10,1,1,1,1,5;7,11,1,2,1,1,5
LAYER_EXCEPTION	state=1626	E=4	Q=51	demand=35	exactcap=28	exactdef=7	layerupper=35	layerexcess=0	gens=3	types=0,1,3,3,0,-1,0;1,2,3,5,0,-1,0;2,5,4,1,0,-1,4;3,7,4,3,0,-1,6;4,8,4,1,1,0,5;5,8,2,2,1,0,5;6,11,3,1,1,1,5;7,10,1,1,1,1,5;8,12,0,1,1,2,5
LAYER_EXCEPTION	state=1626	E=4	Q=51	demand=36	exactcap=27	exactdef=9	layerupper=36	layerexcess=0	gens=3	types=0,1,3,3,0,-1,0;1,2,3,5,0,-1,0;2,5,4,1,0,-1,3;2,6,5,1,0,-1,6;3,7,4,1,0,-1,6;3,8,5,1,0,-1,6;5,8,2,2,1,0,5;5,9,3,1,1,1,5;7,10,1,1,1,2,5;7,11,1,2,1,2,5
LAYER_EXCEPTION	state=1626	E=4	Q=51	demand=36	exactcap=30	exactdef=6	layerupper=36	layerexcess=0	gens=3	types=0,1,3,3,0,-1,0;1,2,3,5,0,-1,0;2,5,4,1,0,-1,4;2,6,5,1,0,-1,6;3,7,4,1,0,-1,6;3,8,5,1,0,-1,6;5,8,2,2,1,0,5;6,10,3,2,1,1,5;7,10,1,1,1,1,5;7,11,1,1,1,2,5
LAYER_EXCEPTION	state=1626	E=4	Q=51	demand=35	exactcap=29	exactdef=6	layerupper=36	layerexcess=1	gens=3	types=0,1,3,3,0,-1,0;1,2,3,5,0,-1,0;2,5,4,1,0,-1,4;3,7,4,2,0,-1,6;3,8,5,1,0,-1,6;4,8,4,1,1,0,5;5,8,2,2,1,0,5;6,10,3,1,1,1,5;7,10,1,1,1,1,5;8,12,0,1,1,2,5
LAYER_EXCEPTION	state=1626	E=4	Q=51	demand=35	exactcap=27	exactdef=8	layerupper=36	layerexcess=1	gens=2	types=0,1,3,3,0,-1,0;1,2,3,5,0,-1,0;2,5,4,1,0,-1,3;3,7,4,2,0,-1,6;3,8,5,1,0,-1,6;4,8,4,1,1,0,5;5,8,2,2,1,0,5;7,10,1,1,1,1,5;7,11,1,2,1,1,5
LAYER_EXCEPTION	state=1626	E=4	Q=51	demand=35	exactcap=28	exactdef=7	layerupper=35	layerexcess=0	gens=4	types=0,1,3,3,0,-1,0;1,2,3,5,0,-1,0;2,5,4,1,0,-1,4;3,7,4,2,0,-1,6;3,8,5,1,0,-1,6;5,8,2,2,1,0,5;5,9,3,2,1,1,5;7,10,1,1,1,2,5;8,12,0,1,1,3,5
LAYER_EXCEPTION	state=1626	E=4	Q=51	demand=35	exactcap=29	exactdef=6	layerupper=35	layerexcess=0	gens=4	types=0,1,3,3,0,-1,0;1,2,3,5,0,-1,0;2,5,4,1,0,-1,4;3,7,4,2,0,-1,6;3,8,5,1,0,-1,6;5,8,2,2,1,0,5;5,9,3,1,1,1,5;6,10,3,1,1,2,5;7,10,1,1,1,2,5;7,11,1,1,1,3,5
LAYER_EXCEPTION	state=1626	E=4	Q=51	demand=35	exactcap=31	exactdef=4	layerupper=35	layerexcess=0	gens=2	types=0,1,3,3,0,-1,0;1,2,3,5,0,-1,0;2,5,4,1,0,-1,5;3,7,4,2,0,-1,6;3,8,5,1,0,-1,6;5,8,2,2,1,0,5;6,10,3,3,1,1,5;7,10,1,1,1,1,5
LAYER_EXCEPTION	state=1626	E=4	Q=51	demand=35	exactcap=26	exactdef=9	layerupper=35	layerexcess=0	gens=2	types=0,1,3,3,0,-1,0;1,2,3,5,0,-1,0;2,5,4,1,0,-1,3;3,7,4,3,0,-1,6;4,8,4,1,1,0,5;5,8,2,2,1,0,5;7,10,1,1,1,1,5;7,11,1,1,1,1,5;7,12,1,1,1,1,5
LAYER_EXCEPTION	state=1626	E=4	Q=51	demand=36	exactcap=29	exactdef=7	layerupper=36	layerexcess=0	gens=4	types=0,1,3,3,0,-1,0;1,2,3,5,0,-1,0;2,5,4,1,0,-1,4;2,7,6,1,0,-1,6;3,7,4,2,0,-1,6;5,8,2,2,1,0,5;5,9,3,1,1,1,5;6,10,3,1,1,2,5;7,10,1,1,1,2,5;8,12,0,1,1,3,5
LAYER_EXCEPTION	state=1626	E=4	Q=51	demand=36	exactcap=27	exactdef=9	layerupper=36	layerexcess=0	gens=3	types=0,1,3,3,0,-1,0;1,2,3,5,0,-1,0;2,5,4,1,0,-1,3;2,7,6,1,0,-1,6;3,7,4,2,0,-1,6;5,8,2,2,1,0,5;5,9,3,1,1,1,5;7,10,1,1,1,2,5;7,11,1,2,1,2,5
LAYER_EXCEPTION	state=1626	E=4	Q=51	demand=36	exactcap=30	exactdef=6	layerupper=36	layerexcess=0	gens=3	types=0,1,3,3,0,-1,0;1,2,3,5,0,-1,0;2,5,4,1,0,-1,4;2,7,6,1,0,-1,6;3,7,4,2,0,-1,6;5,8,2,2,1,0,5;6,10,3,2,1,1,5;7,10,1,1,1,1,5;7,11,1,1,1,2,5
LAYER_EXCEPTION	state=1626	E=4	Q=51	demand=35	exactcap=28	exactdef=7	layerupper=35	layerexcess=0	gens=3	types=0,1,3,3,0,-1,0;1,2,3,5,0,-1,0;2,5,4,1,0,-1,4;3,7,4,3,0,-1,6;4,8,4,1,1,0,5;5,8,2,2,1,0,5;6,10,3,1,1,1,5;7,10,1,1,1,1,5;8,13,0,1,1,2,5
LAYER_EXCEPTION	state=1626	E=4	Q=51	demand=36	exactcap=29	exactdef=7	layerupper=36	layerexcess=0	gens=3	types=0,1,3,3,0,-1,0;1,2,3,5,0,-1,0;2,5,4,1,0,-1,4;2,6,5,1,0,-1,6;3,7,4,2,0,-1,6;5,8,2,1,1,0,5;5,10,4,1,1,1,5;6,9,2,2,1,1,5;7,11,1,2,1,2,5
LAYER_EXCEPTION	state=1626	E=4	Q=51	demand=35	exactcap=29	exactdef=6	layerupper=35	layerexcess=0	gens=4	types=0,1,3,3,0,-1,0;1,2,3,5,0,-1,0;2,5,4,1,0,-1,5;3,7,4,3,0,-1,6;5,8,2,1,1,0,5;5,9,3,1,1,1,5;5,10,4,1,1,2,5;6,9,2,2,1,1,5;8,12,0,1,1,3,5
LAYER_EXCEPTION	state=1626	E=4	Q=51	demand=35	exactcap=30	exactdef=5	layerupper=35	layerexcess=0	gens=3	types=0,1,3,3,0,-1,0;1,2,3,5,0,-1,0;2,5,4,1,0,-1,5;3,7,4,3,0,-1,6;5,8,2,1,1,0,5;5,10,4,1,1,1,5;6,9,2,2,1,1,5;6,10,3,1,1,1,5;7,11,1,1,1,2,5
LAYER_EXCEPTION	state=1626	E=4	Q=51	demand=35	exactcap=30	exactdef=5	layerupper=36	layerexcess=1	gens=3	types=0,1,3,3,0,-1,0;1,2,3,5,0,-1,0;2,5,4,1,0,-1,5;3,7,4,3,0,-1,6;4,9,5,1,1,0,5;5,8,2,1,1,0,5;6,9,2,2,1,0,5;6,10,3,1,1,1,5;8,12,0,1,1,2,5
LAYER_EXCEPTION	state=1626	E=4	Q=51	demand=35	exactcap=29	exactdef=6	layerupper=36	layerexcess=1	gens=2	types=0,1,3,3,0,-1,0;1,2,3,5,0,-1,0;2,5,4,1,0,-1,4;3,7,4,3,0,-1,6;4,9,5,1,1,0,5;5,8,2,1,1,0,5;6,9,2,2,1,0,5;7,11,1,2,1,1,5
LAYER_EXCEPTION	state=1626	E=4	Q=51	demand=35	exactcap=29	exactdef=6	layerupper=35	layerexcess=0	gens=4	types=0,1,3,3,0,-1,0;1,2,3,5,0,-1,0;2,5,4,1,0,-1,5;3,7,4,3,0,-1,6;4,8,4,1,1,0,5;5,8,2,1,1,0,5;6,9,2,2,1,1,5;6,11,3,1,1,2,5;8,12,0,1,1,3,5
LAYER_EXCEPTION	state=1626	E=4	Q=51	demand=37	exactcap=30	exactdef=7	layerupper=37	layerexcess=0	gens=4	types=0,1,3,3,0,-1,0;1,2,3,5,0,-1,0;2,5,4,1,0,-1,4;2,6,5,2,0,-1,6;3,8,5,1,0,-1,6;5,8,2,1,1,0,5;6,9,2,2,1,1,5;6,10,3,1,1,2,5;7,11,1,2,1,3,5
LAYER_EXCEPTION	state=1626	E=4	Q=51	demand=36	exactcap=29	exactdef=7	layerupper=36	layerexcess=0	gens=3	types=0,1,3,3,0,-1,0;1,2,3,5,0,-1,0;2,5,4,1,0,-1,4;2,6,5,1,0,-1,6;3,7,4,1,0,-1,6;3,8,5,1,0,-1,6;5,8,2,1,1,0,5;5,9,3,1,1,1,5;6,9,2,2,1,1,5;7,11,1,2,1,2,5
LAYER_EXCEPTION	state=1626	E=4	Q=51	demand=36	exactcap=31	exactdef=5	layerupper=36	layerexcess=0	gens=4	types=0,1,3,3,0,-1,0;1,2,3,5,0,-1,0;2,5,4,1,0,-1,5;2,6,5,1,0,-1,6;3,7,4,1,0,-1,6;3,8,5,1,0,-1,6;5,8,2,1,1,0,5;6,9,2,2,1,1,5;6,10,3,2,1,2,5;7,11,1,1,1,3,5
LAYER_EXCEPTION	state=1626	E=4	Q=51	demand=32	exactcap=27	exactdef=5	layerupper=36	layerexcess=4	gens=4	types=0,1,3,3,0,-1,0;1,2,3,5,0,-1,0;2,5,4,1,0,-1,3;3,7,4,3,0,-1,5;3,8,5,1,0,-1,5;5,8,2,1,1,0,4;6,9,2,2,1,1,4;7,11,1,1,1,2,4;8,12,0,1,1,3,4
LAYER_EXCEPTION	state=1626	E=4	Q=51	demand=35	exactcap=30	exactdef=5	layerupper=36	layerexcess=1	gens=4	types=0,1,3,3,0,-1,0;1,2,3,5,0,-1,0;2,5,4,1,0,-1,5;3,7,4,2,0,-1,6;3,8,5,1,0,-1,6;4,8,4,1,1,0,5;5,8,2,1,1,0,5;6,9,2,2,1,1,5;6,10,3,1,1,2,5;8,12,0,1,1,3,5
LAYER_EXCEPTION	state=1626	E=4	Q=51	demand=35	exactcap=29	exactdef=6	layerupper=36	layerexcess=1	gens=3	types=0,1,3,3,0,-1,0;1,2,3,5,0,-1,0;2,5,4,1,0,-1,4;3,7,4,2,0,-1,6;3,8,5,1,0,-1,6;4,8,4,1,1,0,5;5,8,2,1,1,0,5;6,9,2,2,1,1,5;7,11,1,2,1,2,5
LAYER_EXCEPTION	state=1626	E=4	Q=51	demand=35	exactcap=29	exactdef=6	layerupper=35	layerexcess=0	gens=3	types=0,1,3,3,0,-1,0;1,2,3,5,0,-1,0;2,5,4,1,0,-1,5;3,7,4,2,0,-1,6;3,8,5,1,0,-1,6;5,8,2,1,1,0,5;5,9,3,2,1,1,5;6,9,2,2,1,1,5;8,12,0,1,1,2,5
LAYER_EXCEPTION	state=1626	E=4	Q=51	demand=35	exactcap=30	exactdef=5	layerupper=35	layerexcess=0	gens=4	types=0,1,3,3,0,-1,0;1,2,3,5,0,-1,0;2,5,4,1,0,-1,5;3,7,4,2,0,-1,6;3,8,5,1,0,-1,6;5,8,2,1,1,0,5;5,9,3,1,1,1,5;6,9,2,2,1,1,5;6,10,3,1,1,2,5;7,11,1,1,1,3,5
LAYER_EXCEPTION	state=1626	E=4	Q=51	demand=35	exactcap=32	exactdef=3	layerupper=35	layerexcess=0	gens=3	types=0,1,3,3,0,-1,0;1,2,3,5,0,-1,0;2,5,4,1,0,-1,6;3,7,4,2,0,-1,6;3,8,5,1,0,-1,6;5,8,2,1,1,0,5;6,9,2,2,1,1,5;6,10,3,3,1,2,5
LAYER_EXCEPTION	state=1626	E=4	Q=51	demand=32	exactcap=26	exactdef=6	layerupper=35	layerexcess=3	gens=3	types=0,1,3,3,0,-1,0;1,2,3,5,0,-1,0;2,5,4,1,0,-1,3;3,7,4,4,0,-1,5;5,8,2,1,1,0,4;6,9,2,2,1,1,4;7,12,1,1,1,2,4;8,12,0,1,1,2,4
LAYER_EXCEPTION	state=1626	E=4	Q=51	demand=35	exactcap=28	exactdef=7	layerupper=35	layerexcess=0	gens=3	types=0,1,3,3,0,-1,0;1,2,3,5,0,-1,0;2,5,4,1,0,-1,4;3,7,4,3,0,-1,6;4,8,4,1,1,0,5;5,8,2,1,1,0,5;6,9,2,2,1,1,5;7,11,1,1,1,2,5;7,12,1,1,1,2,5
LAYER_EXCEPTION	state=1626	E=4	Q=51	demand=37	exactcap=30	exactdef=7	layerupper=37	layerexcess=0	gens=4	types=0,1,3,3,0,-1,0;1,2,3,5,0,-1,0;2,5,4,1,0,-1,4;2,6,5,1,0,-1,6;2,7,6,1,0,-1,6;3,7,4,1,0,-1,6;5,8,2,1,1,0,5;6,9,2,2,1,1,5;6,10,3,1,1,2,5;7,11,1,2,1,3,5
LAYER_EXCEPTION	state=1626	E=4	Q=51	demand=36	exactcap=29	exactdef=7	layerupper=37	layerexcess=1	gens=4	types=0,1,3,3,0,-1,0;1,2,3,5,0,-1,0;2,5,4,1,0,-1,4;2,7,6,1,0,-1,6;3,7,4,2,0,-1,6;4,8,4,1,1,0,5;5,8,2,1,1,0,5;6,9,2,2,1,1,5;7,11,1,1,1,2,5;8,12,0,1,1,3,5
LAYER_EXCEPTION	state=1626	E=4	Q=51	demand=36	exactcap=30	exactdef=6	layerupper=36	layerexcess=0	gens=4	types=0,1,3,3,0,-1,0;1,2,3,5,0,-1,0;2,5,4,1,0,-1,5;2,7,6,1,0,-1,6;3,7,4,2,0,-1,6;5,8,2,1,1,0,5;5,9,3,1,1,1,5;6,9,2,2,1,1,5;6,10,3,1,1,2,5;8,12,0,1,1,3,5
LAYER_EXCEPTION	state=1626	E=4	Q=51	demand=36	exactcap=29	exactdef=7	layerupper=36	layerexcess=0	gens=3	types=0,1,3,3,0,-1,0;1,2,3,5,0,-1,0;2,5,4,1,0,-1,4;2,7,6,1,0,-1,6;3,7,4,2,0,-1,6;5,8,2,1,1,0,5;5,9,3,1,1,1,5;6,9,2,2,1,1,5;7,11,1,2,1,2,5
LAYER_EXCEPTION	state=1626	E=4	Q=51	demand=36	exactcap=31	exactdef=5	layerupper=36	layerexcess=0	gens=4	types=0,1,3,3,0,-1,0;1,2,3,5,0,-1,0;2,5,4,1,0,-1,5;2,7,6,1,0,-1,6;3,7,4,2,0,-1,6;5,8,2,1,1,0,5;6,9,2,2,1,1,5;6,10,3,2,1,2,5;7,11,1,1,1,3,5
LAYER_EXCEPTION	state=1626	E=4	Q=51	demand=32	exactcap=26	exactdef=6	layerupper=35	layerexcess=3	gens=4	types=0,1,3,3,0,-1,0;1,2,3,5,0,-1,0;2,5,4,1,0,-1,3;3,7,4,4,0,-1,5;5,8,2,1,1,0,4;6,9,2,2,1,1,4;7,11,1,1,1,2,4;8,13,0,1,1,3,4
LAYER_EXCEPTION	state=1626	E=4	Q=51	demand=35	exactcap=29	exactdef=6	layerupper=35	layerexcess=0	gens=4	types=0,1,3,3,0,-1,0;1,2,3,5,0,-1,0;2,5,4,1,0,-1,5;3,7,4,3,0,-1,6;4,8,4,1,1,0,5;5,8,2,1,1,0,5;6,9,2,2,1,1,5;6,10,3,1,1,2,5;8,13,0,1,1,3,5
LAYER_EXCEPTION	state=1626	E=4	Q=51	demand=36	exactcap=26	exactdef=10	layerupper=36	layerexcess=0	gens=3	types=0,1,3,3,0,-1,0;1,2,3,5,0,-1,0;1,5,6,1,0,-1,3;3,6,3,2,0,-1,6;3,7,4,1,0,-1,6;4,8,4,1,1,0,5;5,10,4,1,1,1,5;6,9,2,1,1,1,5;7,10,1,1,1,1,5;7,11,1,2,1,2,5
LAYER_EXCEPTION	state=1626	E=4	Q=51	demand=36	exactcap=32	exactdef=4	layerupper=36	layerexcess=0	gens=3	types=0,1,3,3,0,-1,0;1,2,3,5,0,-1,0;2,6,5,2,0,-1,6;3,6,3,2,0,-1,6;4,8,4,1,1,0,5;5,10,4,1,1,1,5;6,9,2,1,1,1,5;7,10,2,1,1,1,5;7,11,2,2,1,2,5
LAYER_EXCEPTION	state=1626	E=4	Q=51	demand=32	exactcap=31	exactdef=1	layerupper=35	layerexcess=3	gens=2	types=0,1,3,3,0,-1,0;1,2,3,5,0,-1,0;2,6,5,1,0,-1,5;3,6,3,2,0,-1,5;3,7,4,2,0,-1,5;5,10,4,1,1,0,4;6,9,2,1,1,0,4;7,10,2,1,1,0,4;7,11,2,2,1,1,4
LAYER_EXCEPTION	state=1626	E=4	Q=51	demand=35	exactcap=32	exactdef=3	layerupper=35	layerexcess=0	gens=3	types=0,1,3,3,0,-1,0;1,2,3,5,0,-1,0;2,6,5,1,0,-1,6;3,6,3,2,0,-1,6;3,7,4,1,0,-1,6;4,8,4,1,1,0,5;5,10,4,1,1,1,5;6,9,2,1,1,1,5;6,10,3,1,1,1,5;7,10,2,1,1,1,5;7,11,2,1,1,2,5
LAYER_EXCEPTION	state=1626	E=4	Q=51	demand=34	exactcap=31	exactdef=3	layerupper=34	layerexcess=0	gens=4	types=0,1,3,3,0,-1,0;1,2,3,5,0,-1,0;3,6,3,2,0,-1,6;3,7,4,2,0,-1,6;4,8,4,1,1,0,5;5,9,3,1,1,1,5;5,10,4,1,1,2,5;6,9,2,1,1,1,5;7,10,2,1,1,2,5;7,11,2,1,1,3,5
LAYER_EXCEPTION	state=1626	E=4	Q=51	demand=34	exactcap=32	exactdef=2	layerupper=34	layerexcess=0	gens=2	types=0,1,3,3,0,-1,0;1,2,3,5,0,-1,0;3,6,3,2,0,-1,6;3,7,4,2,0,-1,6;4,8,4,1,1,0,5;5,10,4,1,1,1,5;6,9,2,1,1,1,5;6,10,3,2,1,1,5;7,10,2,1,1,1,5
LAYER_EXCEPTION	state=1626	E=4	Q=51	demand=36	exactcap=26	exactdef=10	layerupper=36	layerexcess=0	gens=2	types=0,1,3,3,0,-1,0;1,2,3,5,0,-1,0;1,5,6,1,0,-1,3;3,6,3,2,0,-1,6;3,7,4,1,0,-1,6;4,9,5,1,1,0,5;5,9,3,1,1,0,5;6,9,2,1,1,0,5;7,10,1,1,1,1,5;7,11,1,2,1,1,5
LAYER_EXCEPTION	state=1626	E=4	Q=51	demand=36	exactcap=29	exactdef=7	layerupper=36	layerexcess=0	gens=3	types=0,1,3,3,0,-1,0;1,2,3,5,0,-1,0;1,5,6,1,0,-1,4;3,6,3,2,0,-1,6;3,7,4,1,0,-1,6;4,9,5,1,1,0,5;6,9,2,1,1,0,5;6,10,3,2,1,1,5;7,10,1,1,1,1,5;7,11,1,1,1,2,5
LAYER_EXCEPTION	state=1626	E=4	Q=51	demand=36	exactcap=32	exactdef=4	layerupper=36	layerexcess=0	gens=2	types=0,1,3,3,0,-1,0;1,2,3,5,0,-1,0;2,6,5,2,0,-1,6;3,6,3,2,0,-1,6;4,9,5,1,1,0,5;5,9,3,1,1,0,5;6,9,2,1,1,0,5;7,10,2,1,1,1,5;7,11,2,2,1,1,5
LAYER_EXCEPTION	state=1626	E=4	Q=51	demand=36	exactcap=33	exactdef=3	layerupper=36	layerexcess=0	gens=3	types=0,1,3,3,0,-1,0;1,2,3,5,0,-1,0;2,6,5,2,0,-1,6;3,6,3,2,0,-1,6;4,9,5,1,1,0,5;6,9,2,1,1,0,5;6,10,3,2,1,1,5;7,10,2,1,1,1,5;7,11,2,1,1,2,5
LAYER_EXCEPTION	state=1626	E=4	Q=51	demand=35	exactcap=32	exactdef=3	layerupper=36	layerexcess=1	gens=3	types=0,1,3,3,0,-1,0;1,2,3,5,0,-1,0;2,6,5,1,0,-1,6;3,6,3,2,0,-1,6;3,7,4,1,0,-1,6;4,8,4,1,1,0,5;4,9,5,1,1,1,5;6,9,2,1,1,1,5;7,10,2,1,1,2,5;7,11,2,2,1,2,5
LAYER_EXCEPTION	state=1626	E=4	Q=51	demand=35	exactcap=32	exactdef=3	layerupper=35	layerexcess=0	gens=3	types=0,1,3,3,0,-1,0;1,2,3,5,0,-1,0;2,6,5,1,0,-1,6;3,6,3,2,0,-1,6;3,7,4,1,0,-1,6;4,9,5,1,1,0,5;5,9,3,1,1,0,5;6,9,2,1,1,0,5;6,10,3,1,1,1,5;7,10,2,1,1,1,5;7,11,2,1,1,2,5
LAYER_EXCEPTION	state=1626	E=4	Q=51	demand=35	exactcap=33	exactdef=2	layerupper=35	layerexcess=0	gens=2	types=0,1,3,3,0,-1,0;1,2,3,5,0,-1,0;2,6,5,1,0,-1,6;3,6,3,2,0,-1,6;3,7,4,1,0,-1,6;4,9,5,1,1,0,5;6,9,2,1,1,0,5;6,10,3,3,1,1,5;7,10,2,1,1,1,5
LAYER_EXCEPTION	state=1626	E=4	Q=51	demand=31	exactcap=30	exactdef=1	layerupper=35	layerexcess=4	gens=2	types=0,1,3,3,0,-1,0;1,2,3,5,0,-1,0;3,6,3,2,0,-1,5;3,7,4,3,0,-1,5;4,9,5,1,1,0,4;6,9,2,1,1,0,4;7,10,2,1,1,1,4;7,11,2,2,1,1,4
LAYER_EXCEPTION	state=1626	E=4	Q=51	demand=34	exactcap=32	exactdef=2	layerupper=35	layerexcess=1	gens=4	types=0,1,3,3,0,-1,0;1,2,3,5,0,-1,0;3,6,3,2,0,-1,6;3,7,4,2,0,-1,6;4,8,4,1,1,0,5;4,9,5,1,1,1,5;6,9,2,1,1,1,5;6,10,3,1,1,2,5;7,10,2,1,1,2,5;7,11,2,1,1,3,5
LAYER_EXCEPTION	state=1626	E=4	Q=51	demand=34	exactcap=31	exactdef=3	layerupper=34	layerexcess=0	gens=2	types=0,1,3,3,0,-1,0;1,2,3,5,0,-1,0;3,6,3,2,0,-1,6;3,7,4,2,0,-1,6;4,9,5,1,1,0,5;5,9,3,2,1,0,5;6,9,2,1,1,0,5;7,10,2,1,1,1,5;7,11,2,1,1,1,5
LAYER_EXCEPTION	state=1626	E=4	Q=51	demand=34	exactcap=32	exactdef=2	layerupper=34	layerexcess=0	gens=2	types=0,1,3,3,0,-1,0;1,2,3,5,0,-1,0;3,6,3,2,0,-1,6;3,7,4,2,0,-1,6;4,9,5,1,1,0,5;5,9,3,1,1,0,5;6,9,2,1,1,0,5;6,10,3,2,1,1,5;7,10,2,1,1,1,5
LAYER_EXCEPTION	state=1626	E=4	Q=51	demand=33	exactcap=31	exactdef=2	layerupper=35	layerexcess=2	gens=2	types=0,1,3,3,0,-1,0;1,2,3,5,0,-1,0;2,6,5,2,0,-1,5;3,6,3,2,0,-1,5;3,7,4,1,0,-1,5;6,9,2,1,1,0,4;6,11,3,1,1,1,4;7,10,2,1,1,1,4;7,11,2,2,1,1,4
LAYER_EXCEPTION	state=1626	E=4	Q=51	demand=32	exactcap=31	exactdef=1	layerupper=34	layerexcess=2	gens=2	types=0,1,3,3,0,-1,0;1,2,3,5,0,-1,0;2,6,5,1,0,-1,5;3,6,3,2,0,-1,5;3,7,4,2,0,-1,5;6,9,2,1,1,0,4;6,10,3,1,1,1,4;6,11,3,1,1,1,4;7,10,2,1,1,1,4;7,11,2,1,1,1,4
LAYER_EXCEPTION	state=1626	E=4	Q=51	demand=46	exactcap=45	exactdef=1	layerupper=48	layerexcess=2	gens=4	types=0,1,3,3,0,-1,0;1,2,3,5,0,-1,5;3,6,3,2,1,0,9;3,7,4,3,1,1,9;5,9,3,1,1,2,9;6,9,2,1,1,2,9;6,11,3,1,1,3,9;7,10,2,1,1,3,7;7,11,2,1,1,3,7
LAYER_EXCEPTION	state=1626	E=4	Q=51	demand=34	exactcap=31	exactdef=3	layerupper=34	layerexcess=0	gens=3	types=0,1,3,3,0,-1,0;1,2,3,5,0,-1,0;3,6,3,2,0,-1,6;3,7,4,2,0,-1,6;4,8,4,2,1,0,5;6,9,2,1,1,1,5;6,11,3,1,1,2,5;7,10,2,1,1,2,5;7,11,2,1,1,2,5
LAYER_EXCEPTION	state=1626	E=4	Q=51	demand=36	exactcap=26	exactdef=10	layerupper=36	layerexcess=0	gens=3	types=0,1,3,3,0,-1,0;1,2,3,5,0,-1,0;1,5,6,1,0,-1,3;3,6,3,2,0,-1,6;3,8,5,1,0,-1,6;4,8,4,1,1,0,5;5,9,3,1,1,1,5;6,9,2,1,1,1,5;7,10,1,1,1,2,5;7,11,1,2,1,2,5
LAYER_EXCEPTION	state=1626	E=4	Q=51	demand=36	exactcap=29	exactdef=7	layerupper=36	layerexcess=0	gens=4	types=0,1,3,3,0,-1,0;1,2,3,5,0,-1,0;1,5,6,1,0,-1,4;3,6,3,2,0,-1,6;3,8,5,1,0,-1,6;4,8,4,1,1,0,5;6,9,2,1,1,1,5;6,10,3,2,1,2,5;7,10,1,1,1,2,5;7,11,1,1,1,3,5
LAYER_EXCEPTION	state=1626	E=4	Q=51	demand=33	exactcap=32	exactdef=1	layerupper=36	layerexcess=3	gens=3	types=0,1,3,3,0,-1,0;1,2,3,5,0,-1,0;2,6,5,2,0,-1,5;3,6,3,2,0,-1,5;3,8,5,1,0,-1,5;6,9,2,1,1,0,4;6,10,3,1,1,1,4;7,10,2,1,1,1,4;7,11,2,2,1,2,4
LAYER_EXCEPTION	state=1626	E=4	Q=51	demand=32	exactcap=31	exactdef=1	layerupper=35	layerexcess=3	gens=2	types=0,1,3,3,0,-1,0;1,2,3,5,0,-1,0;2,6,5,1,0,-1,5;3,6,3,2,0,-1,5;3,7,4,1,0,-1,5;3,8,5,1,0,-1,5;5,9,3,1,1,0,4;6,9,2,1,1,0,4;7,10,2,1,1,1,4;7,11,2,2,1,1,4
LAYER_EXCEPTION	state=2984	E=3	Q=57	demand=40	exactcap=29	exactdef=11	layerupper=40	layerexcess=0	gens=2	types=0,1,3,2,0,-1,0;0,4,6,1,0,-1,1;1,2,3,4,0,-1,0;1,5,6,1,0,-1,1;3,6,3,2,0,-1,6;3,7,4,2,0,-1,6;5,9,3,1,1,0,5;7,11,2,5,1,1,5
LAYER_EXCEPTION	state=2984	E=3	Q=57	demand=40	exactcap=30	exactdef=10	layerupper=40	layerexcess=0	gens=2	types=0,1,3,2,0,-1,0;0,4,6,1,0,-1,0;1,2,3,4,0,-1,0;1,5,6,1,0,-1,2;3,6,3,2,0,-1,6;3,7,4,2,0,-1,6;6,10,3,2,1,0,5;7,11,2,4,1,1,5
LAYER_EXCEPTION	state=2984	E=3	Q=57	demand=43	exactcap=33	exactdef=10	layerupper=43	layerexcess=0	gens=2	types=0,1,3,2,0,-1,0;0,4,6,1,0,-1,3;1,2,3,4,0,-1,0;1,5,6,1,0,-1,3;3,6,3,2,0,-1,7;3,7,4,1,0,-1,7;5,9,3,3,1,0,6;7,11,2,4,1,1,6
LAYER_EXCEPTION	state=2984	E=3	Q=57	demand=40	exactcap=37	exactdef=3	layerupper=40	layerexcess=0	gens=2	types=0,1,3,2,0,-1,0;0,4,6,1,0,-1,1;1,2,3,4,0,-1,0;2,6,4,2,0,-1,6;3,6,3,2,0,-1,6;3,7,4,1,0,-1,6;5,9,3,1,1,0,5;7,11,3,5,1,1,5
LAYER_EXCEPTION	state=2984	E=3	Q=57	demand=39	exactcap=37	exactdef=2	layerupper=40	layerexcess=1	gens=2	types=0,1,3,2,0,-1,0;0,4,6,1,0,-1,1;1,2,3,4,0,-1,0;2,6,4,1,0,-1,6;3,6,3,2,0,-1,6;3,7,4,2,0,-1,6;4,8,3,1,1,0,5;7,11,3,5,1,1,5
LAYER_EXCEPTION	state=2984	E=3	Q=57	demand=39	exactcap=37	exactdef=2	layerupper=40	layerexcess=1	gens=3	types=0,1,3,2,0,-1,0;0,4,6,1,0,-1,1;1,2,3,4,0,-1,0;2,6,4,1,0,-1,6;3,6,3,2,0,-1,6;3,7,4,2,0,-1,6;5,9,3,1,1,0,5;6,10,3,1,1,1,5;7,11,3,4,1,2,5
LAYER_EXCEPTION	state=2984	E=3	Q=57	demand=39	exactcap=36	exactdef=3	layerupper=39	layerexcess=0	gens=2	types=0,1,3,2,0,-1,0;0,4,6,1,0,-1,0;1,2,3,4,0,-1,0;2,6,4,1,0,-1,6;3,6,3,2,0,-1,6;3,7,4,2,0,-1,6;6,10,3,3,1,0,5;7,11,3,3,1,1,5
LAYER_EXCEPTION	state=2984	E=3	Q=57	demand=53	exactcap=52	exactdef=1	layerupper=55	layerexcess=2	gens=5	types=0,1,3,2,0,-1,0;0,4,6,1,0,-1,6;1,2,3,4,0,-1,6;3,6,3,2,1,0,9;3,7,4,4,1,1,10;6,10,3,1,1,2,10;7,11,3,3,1,3,8;8,12,0,1,1,4,4
LAYER_EXCEPTION	state=2984	E=3	Q=57	demand=38	exactcap=35	exactdef=3	layerupper=41	layerexcess=3	gens=4	types=0,1,3,2,0,-1,0;0,4,6,1,0,-1,2;1,2,3,4,0,-1,0;3,6,3,2,0,-1,5;3,7,4,3,0,-1,6;4,8,3,1,1,0,5;5,9,3,1,1,1,5;7,11,3,3,1,2,5;8,12,0,1,1,3,5
LAYER_EXCEPTION	state=2984	E=3	Q=57	demand=38	exactcap=34	exactdef=4	layerupper=40	layerexcess=2	gens=4	types=0,1,3,2,0,-1,0;0,4,6,1,0,-1,1;1,2,3,4,0,-1,0;3,6,3,2,0,-1,5;3,7,4,3,0,-1,6;4,8,3,1,1,0,5;6,10,3,2,1,1,5;7,11,3,2,1,2,5;8,12,0,1,1,3,5
LAYER_EXCEPTION	state=2984	E=3	Q=57	demand=38	exactcap=37	exactdef=1	layerupper=40	layerexcess=2	gens=3	types=0,1,3,2,0,-1,0;0,4,6,1,0,-1,1;1,2,3,4,0,-1,0;3,6,3,2,0,-1,6;3,7,4,3,0,-1,6;4,8,3,1,1,0,5;6,10,3,1,1,1,5;7,11,3,4,1,2,5
LAYER_EXCEPTION	state=2984	E=3	Q=57	demand=38	exactcap=35	exactdef=3	layerupper=41	layerexcess=3	gens=4	types=0,1,3,2,0,-1,0;0,4,6,1,0,-1,2;1,2,3,4,0,-1,0;3,6,3,2,0,-1,5;3,7,4,3,0,-1,6;5,9,3,2,1,0,5;6,10,3,1,1,1,5;7,11,3,2,1,2,5;8,12,0,1,1,3,5
LAYER_EXCEPTION	state=2984	E=3	Q=57	demand=38	exactcap=34	exactdef=4	layerupper=40	layerexcess=2	gens=4	types=0,1,3,2,0,-1,0;0,4,6,1,0,-1,1;1,2,3,4,0,-1,0;3,6,3,2,0,-1,5;3,7,4,3,0,-1,6;5,9,3,1,1,0,5;6,10,3,3,1,1,5;7,11,3,1,1,2,5;8,12,0,1,1,3,5
LAYER_EXCEPTION	state=2984	E=3	Q=57	demand=38	exactcap=37	exactdef=1	layerupper=40	layerexcess=2	gens=3	types=0,1,3,2,0,-1,0;0,4,6,1,0,-1,1;1,2,3,4,0,-1,0;3,6,3,2,0,-1,6;3,7,4,3,0,-1,6;5,9,3,1,1,0,5;6,10,3,2,1,1,5;7,11,3,3,1,2,5
LAYER_EXCEPTION	state=2984	E=3	Q=57	demand=38	exactcap=33	exactdef=5	layerupper=39	layerexcess=1	gens=2	types=0,1,3,2,0,-1,0;0,4,6,1,0,-1,0;1,2,3,4,0,-1,0;3,6,3,2,0,-1,5;3,7,4,3,0,-1,6;6,10,3,5,1,0,5;8,12,0,1,1,1,5
LAYER_EXCEPTION	state=2984	E=3	Q=57	demand=38	exactcap=36	exactdef=2	layerupper=39	layerexcess=1	gens=2	types=0,1,3,2,0,-1,0;0,4,6,1,0,-1,0;1,2,3,4,0,-1,0;3,6,3,2,0,-1,6;3,7,4,3,0,-1,6;6,10,3,4,1,0,5;7,11,3,2,1,1,5
LAYER_EXCEPTION	state=2984	E=3	Q=57	demand=41	exactcap=38	exactdef=3	layerupper=41	layerexcess=0	gens=3	types=0,1,3,2,0,-1,0;0,4,6,1,0,-1,3;1,2,3,4,0,-1,0;3,6,3,2,0,-1,7;3,7,4,2,0,-1,7;4,8,3,2,1,0,6;5,9,3,1,1,1,6;7,11,3,4,1,2,6
LAYER_EXCEPTION	state=2984	E=3	Q=57	demand=41	exactcap=38	exactdef=3	layerupper=41	layerexcess=0	gens=4	types=0,1,3,2,0,-1,0;0,4,6,1,0,-1,3;1,2,3,4,0,-1,0;3,6,3,2,0,-1,7;3,7,4,2,0,-1,7;4,8,3,1,1,0,6;5,9,3,2,1,1,6;6,10,3,1,1,2,6;7,11,3,3,1,3,6
LAYER_EXCEPTION	state=2984	E=3	Q=57	demand=41	exactcap=39	exactdef=2	layerupper=41	layerexcess=0	gens=2	types=0,1,3,2,0,-1,0;0,4,6,1,0,-1,4;1,2,3,4,0,-1,0;3,6,3,2,0,-1,7;3,7,4,2,0,-1,7;5,9,3,4,1,0,6;7,11,3,3,1,1,6
LAYER_EXCEPTION	state=2984	E=3	Q=57	demand=41	exactcap=38	exactdef=3	layerupper=41	layerexcess=0	gens=3	types=0,1,3,2,0,-1,0;0,4,6,1,0,-1,3;1,2,3,4,0,-1,0;3,6,3,2,0,-1,7;3,7,4,2,0,-1,7;5,9,3,3,1,0,6;6,10,3,2,1,1,6;7,11,3,2,1,2,6
LAYER_EXCEPTION	state=2984	E=3	Q=57	demand=44	exactcap=33	exactdef=11	layerupper=45	layerexcess=1	gens=3	types=0,1,3,2,0,-1,0;1,2,3,4,0,-1,0;1,5,6,3,0,-1,4;3,6,3,2,0,-1,7;5,9,3,1,1,0,6;6,10,3,3,1,1,6;7,11,1,3,1,2,6
LAYER_EXCEPTION	state=2984	E=3	Q=57	demand=44	exactcap=38	exactdef=6	layerupper=45	layerexcess=1	gens=2	types=0,1,3,2,0,-1,0;1,2,3,4,0,-1,0;1,5,6,3,0,-1,5;3,6,3,2,0,-1,7;6,10,3,5,1,0,6;7,11,1,2,1,1,6
LAYER_EXCEPTION	state=2984	E=3	Q=57	demand=40	exactcap=29	exactdef=11	layerupper=40	layerexcess=0	gens=2	types=0,1,3,2,0,-1,0;1,2,3,4,0,-1,0;1,5,6,2,0,-1,1;2,6,4,1,0,-1,6;3,6,3,2,0,-1,6;3,7,4,1,0,-1,6;5,9,3,1,1,0,5;7,11,2,5,1,1,5
LAYER_EXCEPTION	state=2984	E=3	Q=57	demand=40	exactcap=32	exactdef=8	layerupper=42	layerexcess=2	gens=2	types=0,1,3,2,0,-1,0;1,2,3,4,0,-1,0;1,5,6,2,0,-1,2;2,6,4,1,0,-1,6;3,6,3,2,0,-1,6;3,7,4,1,0,-1,6;6,10,3,2,1,0,5;7,11,2,4,1,1,5
LAYER_EXCEPTION	state=2984	E=3	Q=57	demand=43	exactcap=33	exactdef=10	layerupper=43	layerexcess=0	gens=4	types=0,1,3,2,0,-1,0;1,2,3,4,0,-1,0;1,5,6,2,0,-1,3;2,6,4,1,0,-1,7;3,6,3,2,0,-1,7;4,8,3,1,1,0,6;5,9,3,1,1,1,6;6,10,3,1,1,2,6;7,11,2,4,1,3,6
LAYER_EXCEPTION	state=2984	E=3	Q=57	demand=43	exactcap=36	exactdef=7	layerupper=43	layerexcess=0	gens=3	types=0,1,3,2,0,-1,0;1,2,3,4,0,-1,0;1,5,6,2,0,-1,4;2,6,4,1,0,-1,7;3,6,3,2,0,-1,7;4,8,3,1,1,0,6;6,10,3,3,1,1,6;7,11,2,3,1,2,6
LAYER_EXCEPTION	state=2984	E=3	Q=57	demand=43	exactcap=33	exactdef=10	layerupper=43	layerexcess=0	gens=2	types=0,1,3,2,0,-1,0;1,2,3,4,0,-1,0;1,5,6,2,0,-1,3;2,6,4,1,0,-1,7;3,6,3,2,0,-1,7;5,9,3,3,1,0,6;7,11,2,4,1,1,6
LAYER_EXCEPTION	state=2984	E=3	Q=57	demand=43	exactcap=36	exactdef=7	layerupper=43	layerexcess=0	gens=3	types=0,1,3,2,0,-1,0;1,2,3,4,0,-1,0;1,5,6,2,0,-1,4;2,6,4,1,0,-1,7;3,6,3,2,0,-1,7;5,9,3,2,1,0,6;6,10,3,2,1,1,6;7,11,2,3,1,2,6
LAYER_EXCEPTION	state=2984	E=3	Q=57	demand=43	exactcap=39	exactdef=4	layerupper=43	layerexcess=0	gens=3	types=0,1,3,2,0,-1,0;1,2,3,4,0,-1,0;1,5,6,2,0,-1,5;2,6,4,1,0,-1,7;3,6,3,2,0,-1,7;5,9,3,1,1,0,6;6,10,3,4,1,1,6;7,11,2,2,1,2,6
LAYER_EXCEPTION	state=2984	E=3	Q=57	demand=43	exactcap=42	exactdef=1	layerupper=43	layerexcess=0	gens=2	types=0,1,3,2,0,-1,0;1,2,3,4,0,-1,0;1,5,6,2,0,-1,6;2,6,4,1,0,-1,7;3,6,3,2,0,-1,7;6,10,3,6,1,0,6;7,11,2,1,1,1,6
LAYER_EXCEPTION	state=2984	E=3	Q=57	demand=39	exactcap=29	exactdef=10	layerupper=40	layerexcess=1	gens=2	types=0,1,3,2,0,-1,0;1,2,3,4,0,-1,0;1,5,6,2,0,-1,1;3,6,3,2,0,-1,6;3,7,4,2,0,-1,6;4,8,3,1,1,0,5;7,11,2,5,1,1,5
LAYER_EXCEPTION	state=2984	E=3	Q=57	demand=39	exactcap=32	exactdef=7	layerupper=42	layerexcess=3	gens=3	types=0,1,3,2,0,-1,0;1,2,3,4,0,-1,0;1,5,6,2,0,-1,2;3,6,3,2,0,-1,6;3,7,4,2,0,-1,6;5,9,3,1,1,0,5;6,10,3,1,1,1,5;7,11,2,4,1,2,5
LAYER_EXCEPTION	state=2984	E=3	Q=57	demand=39	exactcap=35	exactdef=4	layerupper=44	layerexcess=5	gens=2	types=0,1,3,2,0,-1,0;1,2,3,4,0,-1,0;1,5,6,2,0,-1,3;3,6,3,2,0,-1,6;3,7,4,2,0,-1,6;6,10,3,3,1,0,5;7,11,2,3,1,1,5
LAYER_EXCEPTION	state=2984	E=3	Q=57	demand=42	exactcap=33	exactdef=9	layerupper=43	layerexcess=1	gens=3	types=0,1,3,2,0,-1,0;1,2,3,4,0,-1,0;1,5,6,2,0,-1,3;3,6,3,2,0,-1,7;3,7,4,1,0,-1,7;4,8,3,2,1,0,6;6,10,3,1,1,1,6;7,11,2,4,1,2,6
LAYER_EXCEPTION	state=2984	E=3	Q=57	demand=42	exactcap=33	exactdef=9	layerupper=43	layerexcess=1	gens=3	types=0,1,3,2,0,-1,0;1,2,3,4,0,-1,0;1,5,6,2,0,-1,3;3,6,3,2,0,-1,7;3,7,4,1,0,-1,7;4,8,3,1,1,0,6;5,9,3,2,1,1,6;7,11,2,4,1,2,6
LAYER_EXCEPTION	state=2984	E=3	Q=57	demand=42	exactcap=36	exactdef=6	layerupper=43	layerexcess=1	gens=4	types=0,1,3,2,0,-1,0;1,2,3,4,0,-1,0;1,5,6,2,0,-1,4;3,6,3,2,0,-1,7;3,7,4,1,0,-1,7;4,8,3,1,1,0,6;5,9,3,1,1,1,6;6,10,3,2,1,2,6;7,11,2,3,1,3,6
LAYER_EXCEPTION	state=2984	E=3	Q=57	demand=42	exactcap=39	exactdef=3	layerupper=43	layerexcess=1	gens=3	types=0,1,3,2,0,-1,0;1,2,3,4,0,-1,0;1,5,6,2,0,-1,5;3,6,3,2,0,-1,7;3,7,4,1,0,-1,7;4,8,3,1,1,0,6;6,10,3,4,1,1,6;7,11,2,2,1,2,6
LAYER_EXCEPTION	state=2984	E=3	Q=57	demand=42	exactcap=36	exactdef=6	layerupper=43	layerexcess=1	gens=3	types=0,1,3,2,0,-1,0;1,2,3,4,0,-1,0;1,5,6,2,0,-1,4;3,6,3,2,0,-1,7;3,7,4,1,0,-1,7;5,9,3,3,1,0,6;6,10,3,1,1,1,6;7,11,2,3,1,2,6
LAYER_EXCEPTION	state=2984	E=3	Q=57	demand=42	exactcap=39	exactdef=3	layerupper=43	layerexcess=1	gens=3	types=0,1,3,2,0,-1,0;1,2,3,4,0,-1,0;1,5,6,2,0,-1,5;3,6,3,2,0,-1,7;3,7,4,1,0,-1,7;5,9,3,2,1,0,6;6,10,3,3,1,1,6;7,11,2,2,1,2,6
LAYER_EXCEPTION	state=4073	E=7	Q=65	demand=58	exactcap=53	exactdef=5	layerupper=58	layerexcess=0	gens=4	types=0,1,3,5,0,-1,0;1,4,5,1,0,-1,2;2,6,6,3,0,-1,8;3,7,5,1,1,0,8;5,9,4,1,1,1,8;7,11,4,6,1,2,8;8,12,0,1,1,3,7
LAYER_EXCEPTION	state=4073	E=7	Q=65	demand=58	exactcap=53	exactdef=5	layerupper=58	layerexcess=0	gens=3	types=0,1,3,5,0,-1,0;1,4,5,1,0,-1,3;2,6,6,3,0,-1,8;5,9,4,3,1,0,8;7,11,4,5,1,1,8;8,12,0,1,1,2,8
LAYER_EXCEPTION	state=6085	E=6	Q=68	demand=60	exactcap=54	exactdef=6	layerupper=60	layerexcess=0	gens=3	types=0,1,3,5,0,-1,0;2,5,5,3,0,-1,6;2,7,7,1,0,-1,9;6,10,4,1,1,0,8;6,11,5,5,1,1,8;8,12,1,3,1,2,8
