0 220625968 1 1 1 1 1 1 1 1 5 2 3 3 3 3 3 3 6
0 220626032 2 1 1 1 1 1 1 1 5 3 3 3 3 3 3 3 7
0 220641840 1 1 1 1 1 1 1 1 5 2 3 3 3 3 3 3 6
0 220641904 2 1 1 1 1 1 1 1 5 3 3 3 3 3 3 3 7
0 220699660 1 1 1 1 1 1 1 1 5 2 3 3 3 3 3 3 6
0 221173856 1 1 1 1 1 1 1 1 5 2 2 3 3 3 3 3 7
0 221205600 1 1 1 1 1 1 1 1 5 2 2 3 3 3 3 3 7
0 221207616 1 1 1 1 1 1 1 1 5 1 3 3 3 3 3 3 7
0 225382624 1 1 1 1 1 1 1 1 5 2 2 3 3 3 3 3 7
0 225384640 1 1 1 1 1 1 1 1 5 1 3 3 3 3 3 3 7
0 225939521 1 1 1 1 1 1 1 1 5 2 2 3 3 3 3 3 7
1 2022000 1 1 1 1 2 1 1 1 4 3 3 3 3 3 3 3 3
1 5691760 1 1 1 2 1 1 1 4 1 3 3 3 3 3 3 3 3
1 6215776 1 1 4 1 1 1 2 1 1 2 2 3 3 3 3 3 3
1 6215777 1 1 1 1 2 1 1 1 4 3 3 3 3 3 3 3 3
1 6215777 1 1 2 1 1 1 4 1 1 3 3 3 3 3 3 3 3
1 6247520 1 4 1 1 1 2 1 1 1 2 2 3 3 3 3 3 3
1 14332512 1 1 4 1 2 1 1 1 1 2 2 3 3 3 3 3 3
1 14586080 1 1 4 1 1 2 1 1 1 2 2 3 3 3 3 3 3
1 14586080 1 4 1 1 1 1 2 1 1 2 2 3 3 3 3 3 3
1 14587968 1 4 1 1 1 2 1 1 1 1 2 2 3 3 3 3 3
1 15121504 1 1 1 1 1 4 1 1 2 2 3 3 3 3 3 3 4
1 15178820 1 1 1 1 1 4 1 1 2 2 3 3 3 3 3 3 4
1 15383136 1 1 1 1 1 4 1 1 2 2 3 3 3 3 3 3 4
1 15391072 1 1 1 1 1 4 1 1 2 2 3 3 3 3 3 3 4
1 15410784 1 1 4 2 1 1 1 1 1 2 2 3 3 3 3 3 3
1 15416392 1 1 1 1 1 4 1 1 2 2 3 3 3 3 3 3 4
1 15424580 1 1 1 1 1 4 1 1 2 2 3 3 3 3 3 3 4
1 15434592 1 1 4 2 1 1 1 1 1 2 2 3 3 3 3 3 3
1 15571008 1 4 1 1 1 2 1 1 1 1 2 2 3 3 3 3 3
1 16422920 1 4 1 1 2 1 1 1 1 1 2 2 3 3 3 3 3
1 19881008 1 1 4 1 1 1 1 1 2 2 3 3 3 3 3 3 4
1 19881008 2 4 1 1 1 1 1 1 2 2 3 3 3 3 3 3 4
1 19881072 1 1 2 1 1 1 1 1 4 3 3 3 3 3 3 3 5
1 19897384 1 1 1 4 1 1 1 1 2 2 3 3 3 3 3 3 4
1 23804464 2 4 1 1 1 1 1 1 2 2 3 3 3 3 3 3 4
1 23804528 1 2 1 1 1 1 1 1 4 3 3 3 3 3 3 3 5
1 23804968 1 1 4 1 1 1 1 1 2 2 3 3 3 3 3 3 4
1 23959648 1 1 1 4 1 1 1 1 2 2 2 2 3 3 3 3 4
1 24058032 2 4 1 1 1 1 1 1 2 2 3 3 3 3 3 3 4
1 24058096 1 2 1 1 1 1 1 1 4 3 3 3 3 3 3 3 5
1 24058914 1 1 4 1 1 1 1 1 2 2 3 3 3 3 3 3 4
1 24353804 1 1 1 4 1 1 1 1 2 2 3 3 3 3 3 3 4
1 24482912 1 1 1 4 1 1 1 1 2 2 2 2 3 3 3 3 4
1 24611904 1 1 4 1 1 1 1 1 2 1 2 3 3 3 3 3 4
1 24744544 1 1 1 4 1 1 1 1 2 2 2 2 3 3 3 3 4
1 31102976 1 4 1 1 1 2 1 1 1 0 2 2 2 3 3 3 3
1 33132609 1 1 1 4 1 1 1 1 2 2 2 2 3 3 3 3 4
1 44465264 1 1 1 1 1 1 1 2 4 3 3 3 3 3 3 4 4
1 44465264 1 1 1 1 1 1 1 4 2 3 3 3 3 3 3 4 4
1 44481136 1 1 1 1 1 1 1 2 4 3 3 3 3 3 3 4 4
1 44481136 1 1 1 1 1 1 1 4 2 3 3 3 3 3 3 4 4
1 44489072 1 1 1 1 1 1 1 2 4 3 3 3 3 3 3 4 4
1 45013089 1 1 1 1 1 1 1 2 4 3 3 3 3 3 3 4 4
1 48107712 1 4 1 1 1 1 1 2 1 1 2 2 3 3 3 3 3
1 48107714 1 1 4 1 1 1 1 2 1 2 2 3 3 3 3 3 3
1 48107715 1 1 1 1 1 1 1 2 4 3 3 3 3 3 3 3 3
1 48393284 1 1 4 2 1 1 1 1 1 2 2 3 3 3 3 3 3
1 48395616 1 1 1 1 1 1 1 4 2 2 3 3 3 3 3 3 4
1 48395616 1 1 1 1 1 1 4 1 2 2 3 3 3 3 3 3 4
1 48396656 1 1 1 1 1 1 1 2 4 3 3 3 3 3 3 4 4
1 48397380 1 1 1 1 1 1 1 4 2 2 3 3 3 3 3 3 4
1 48397380 1 1 1 1 1 4 1 1 2 2 3 3 3 3 3 3 4
1 48543808 1 4 1 1 1 2 1 1 1 1 2 2 3 3 3 3 3
1 48599360 1 4 1 1 1 2 1 1 1 1 2 2 3 3 3 3 3
1 48666820 1 1 1 1 1 1 1 4 2 2 3 3 3 3 3 3 4
1 48666820 1 1 1 1 1 4 1 1 2 2 3 3 3 3 3 3 4
1 48674913 1 1 1 1 1 1 1 2 4 3 3 3 3 3 3 4 4
1 49090752 1 4 1 1 1 1 2 1 1 1 2 2 3 3 3 3 3
1 49156256 1 4 1 1 2 1 1 1 1 1 2 2 3 3 3 3 3
1 52853808 1 1 1 1 1 1 1 4 2 2 3 3 3 3 3 3 4
1 52853808 1 1 4 1 1 1 1 1 2 2 3 3 3 3 3 3 4
1 52853808 2 4 1 1 1 1 1 1 2 2 3 3 3 3 3 3 4
1 52853872 1 1 1 1 1 1 1 2 4 3 3 3 3 3 3 3 5
1 52853872 1 1 2 1 1 1 1 1 4 3 3 3 3 3 3 3 5
1 52869680 1 1 1 1 1 1 1 4 2 2 3 3 3 3 3 3 4
1 52869680 2 4 1 1 1 1 1 1 2 2 3 3 3 3 3 3 4
1 52869744 1 1 1 1 1 1 1 2 4 3 3 3 3 3 3 3 5
1 52869744 1 2 1 1 1 1 1 1 4 3 3 3 3 3 3 3 5
1 52870184 1 1 1 1 1 1 1 4 2 2 3 3 3 3 3 3 4
1 52870184 1 1 1 1 1 1 4 1 2 2 3 3 3 3 3 3 4
1 52870184 1 1 4 1 1 1 1 1 2 2 3 3 3 3 3 3 4
1 52927500 1 1 1 1 1 1 1 4 2 2 3 3 3 3 3 3 4
1 52927500 1 1 1 4 1 1 1 1 2 2 3 3 3 3 3 3 4
1 53131816 1 1 1 1 1 1 1 4 2 2 3 3 3 3 3 3 4
1 53131816 1 1 1 1 1 1 4 1 2 2 3 3 3 3 3 3 4
1 53131880 1 1 1 1 1 1 1 2 4 3 3 3 3 3 3 3 5
1 53131880 1 1 1 1 1 1 2 1 4 3 3 3 3 3 3 3 5
1 53139752 1 1 1 1 1 1 1 4 2 2 3 3 3 3 3 3 4
1 53139752 1 1 1 1 1 1 4 1 2 2 3 3 3 3 3 3 4
1 53139816 1 1 1 1 1 1 1 2 4 3 3 3 3 3 3 3 5
1 53140004 1 1 1 1 1 1 1 4 2 2 3 3 3 3 3 3 4
1 53140004 1 1 1 1 1 1 4 1 2 2 3 3 3 3 3 3 4
1 53172756 1 1 1 1 1 1 1 4 2 2 3 3 3 3 3 3 4
1 53172756 1 1 1 1 1 1 4 1 2 2 3 3 3 3 3 3 4
1 53173260 1 1 1 1 1 1 1 4 2 2 3 3 3 3 3 3 4
1 53173260 1 1 1 1 1 1 4 1 2 2 3 3 3 3 3 3 4
1 53173260 1 1 4 1 1 1 1 1 2 2 3 3 3 3 3 3 4
1 53318240 1 1 1 4 1 1 1 1 2 2 2 2 3 3 3 3 4
1 53431360 1 1 4 1 1 1 1 1 2 1 2 3 3 3 3 3 4
1 53435488 1 1 1 1 1 1 1 2 4 2 3 3 3 3 3 4 5
1 53959760 1 1 1 1 1 1 1 2 4 2 3 3 3 3 3 4 5
1 53976136 1 1 1 1 1 1 1 2 4 2 3 3 3 3 3 4 5
1 54104648 1 1 1 4 1 1 1 1 2 2 2 2 3 3 3 3 4
1 57350284 1 1 1 1 1 1 1 4 2 2 3 3 3 3 3 3 4
1 57350284 1 1 1 1 1 1 4 1 2 2 3 3 3 3 3 3 4
1 57350410 1 1 1 1 1 1 1 4 2 2 3 3 3 3 3 3 4
1 57358944 1 1 1 1 1 1 1 2 4 2 3 3 3 3 3 4 5
1 57612512 1 1 1 1 1 1 1 2 4 2 3 3 3 3 3 4 5
1 57774408 1 1 1 4 1 1 1 1 2 2 2 2 3 3 3 3 4
1 57883216 1 1 1 1 1 1 1 2 4 2 3 3 3 3 3 4 5
1 57883720 1 1 1 1 1 1 1 2 4 2 3 3 3 3 3 4 5
1 57891908 1 1 1 1 1 1 1 2 4 2 3 3 3 3 3 4 5
1 57970848 1 4 1 1 1 2 1 1 1 1 2 2 3 3 3 3 3
1 58036289 1 1 1 4 1 1 1 1 2 2 2 2 3 3 3 3 4
1 63584256 1 4 1 1 1 2 1 1 1 0 2 2 2 3 3 3 3
1 64622720 1 4 1 1 1 2 1 1 1 0 2 2 2 3 3 3 3
1 86854752 1 1 1 4 1 1 1 1 2 2 2 2 3 3 3 3 4
1 86854752 1 4 1 1 1 1 1 1 2 2 2 2 3 3 3 3 4
1 86985760 1 1 4 1 1 1 1 1 2 1 2 3 3 3 3 3 4
1 86985760 2 4 1 1 1 1 1 1 2 1 2 3 3 3 3 3 4
1 86989856 1 2 1 1 1 1 1 1 4 1 3 3 3 3 3 3 5
1 86989920 1 1 1 1 1 1 1 2 4 2 3 3 3 3 3 3 6
1 86989920 1 1 1 2 1 1 1 1 4 2 3 3 3 3 3 3 6
1 86989920 1 2 1 1 1 1 1 1 4 2 3 3 3 3 3 3 6
1 87346272 1 1 4 1 1 1 1 1 2 2 2 2 3 3 3 3 4
1 87346272 1 4 1 1 1 1 1 1 2 2 2 2 3 3 3 3 4
1 87379024 1 1 1 4 1 1 1 1 2 2 2 2 3 3 3 3 4
1 87379024 1 1 4 1 1 1 1 1 2 2 2 2 3 3 3 3 4
1 87395400 1 1 1 4 1 1 1 1 2 2 2 2 3 3 3 3 4
1 87510032 1 1 4 1 1 1 1 1 2 1 2 3 3 3 3 3 4
1 87514160 1 1 1 1 1 1 1 2 4 2 3 3 3 3 3 4 5
1 87514192 1 1 1 1 1 1 1 2 4 2 3 3 3 3 3 3 6
1 87514192 1 1 1 1 2 1 1 1 4 2 3 3 3 3 3 3 6
1 87514192 1 1 2 1 1 1 1 1 4 2 3 3 3 3 3 3 6
1 87514224 2 1 1 1 1 1 1 2 4 3 3 3 3 3 3 4 6
1 87524896 2 4 1 1 1 1 1 1 2 1 2 3 3 3 3 3 4
1 87525904 1 1 4 1 1 1 1 1 2 1 2 3 3 3 3 3 4
1 89069600 1 4 1 1 1 1 1 1 2 1 2 2 2 3 3 3 4
1 89561120 1 4 1 1 1 1 1 1 2 1 2 2 2 3 3 3 4
1 91031776 1 1 1 4 1 1 1 1 2 2 2 2 3 3 3 3 4
1 91031776 1 4 1 1 1 1 1 1 2 2 2 2 3 3 3 3 4
1 91162656 1 1 4 1 1 1 1 1 2 1 1 2 3 3 3 3 4
1 91162784 1 1 4 1 1 1 1 1 2 1 2 3 3 3 3 3 4
1 91162784 2 4 1 1 1 1 1 1 2 1 2 3 3 3 3 3 4
1 91166880 1 2 1 1 1 1 1 1 4 1 3 3 3 3 3 3 5
1 91166944 1 1 1 1 1 1 1 2 4 2 3 3 3 3 3 3 6
1 91166944 1 1 1 2 1 1 1 1 4 2 3 3 3 3 3 3 6
1 91166944 1 2 1 1 1 1 1 1 4 2 3 3 3 3 3 3 6
1 91253856 1 1 4 1 1 1 1 1 2 2 2 2 3 3 3 3 4
1 91253856 1 4 1 1 1 1 1 1 2 2 2 2 3 3 3 3 4
1 91277664 1 1 4 1 1 1 1 1 2 2 2 2 3 3 3 3 4
1 91277664 1 4 1 1 1 1 1 1 2 2 2 2 3 3 3 3 4
1 91302480 1 1 1 4 1 1 1 1 2 2 2 2 3 3 3 3 4
1 91302480 1 1 4 1 1 1 1 1 2 2 2 2 3 3 3 3 4
1 91311172 1 1 1 4 1 1 1 1 2 2 2 2 3 3 3 3 4
1 91432480 2 4 1 1 1 1 1 1 2 1 2 3 3 3 3 3 4
1 91433488 1 1 4 1 1 1 1 1 2 1 2 3 3 3 3 3 4
1 91437616 1 1 1 1 1 1 1 2 4 2 3 3 3 3 3 4 5
1 91437648 1 1 1 1 1 1 1 2 4 2 3 3 3 3 3 3 6
1 91437648 1 1 1 1 2 1 1 1 4 2 3 3 3 3 3 3 6
1 91437648 1 1 2 1 1 1 1 1 4 2 3 3 3 3 3 3 6
1 91437680 2 1 1 1 1 1 1 2 4 3 3 3 3 3 3 4 6
1 91440416 2 4 1 1 1 1 1 1 2 1 2 3 3 3 3 3 4
1 91441424 1 1 4 1 1 1 1 1 2 1 2 3 3 3 3 3 4
1 91442180 1 1 4 1 1 1 1 1 2 1 2 3 3 3 3 3 4
1 91446308 1 1 1 1 1 1 1 2 4 2 3 3 3 3 3 4 5
1 91446340 1 1 1 1 1 1 1 2 4 2 3 3 3 3 3 3 6
1 91446340 1 1 1 1 2 1 1 1 4 2 3 3 3 3 3 3 6
1 91446340 1 1 1 2 1 1 1 1 4 2 3 3 3 3 3 3 6
1 91523296 1 1 4 1 1 1 1 1 2 2 2 2 3 3 3 3 4
1 91523296 1 4 1 1 1 1 1 1 2 2 2 2 3 3 3 3 4
1 91556048 1 1 1 4 1 1 1 1 2 2 2 2 3 3 3 3 4
1 91556930 1 1 1 4 1 1 1 1 2 2 2 2 3 3 3 3 4
1 91556930 1 1 4 1 1 1 1 1 2 2 2 2 3 3 3 3 4
1 91588672 1 1 4 1 1 1 1 1 2 1 1 2 3 3 3 3 4
1 91654176 1 1 4 1 1 1 1 1 2 1 1 2 3 3 3 3 4
1 91685920 1 4 1 1 1 1 1 1 2 1 1 2 3 3 3 3 4
1 91719680 1 1 4 1 1 1 1 1 2 0 1 3 3 3 3 3 4
1 91719681 1 1 4 1 1 1 1 1 2 1 2 3 3 3 3 3 4
1 91723872 1 1 1 1 1 1 1 2 4 2 2 3 3 3 3 4 6
1 93231136 1 4 1 1 1 1 1 1 2 1 2 2 2 3 3 3 4
1 93754400 1 4 1 1 1 1 1 1 2 1 2 2 2 3 3 3 4
1 94000160 1 4 1 1 1 1 1 1 2 1 2 2 2 3 3 3 4
1 95448144 1 1 4 1 1 1 1 1 2 2 2 2 3 3 3 3 4
1 95463008 1 4 1 1 1 1 1 1 2 2 2 2 3 3 3 3 4
1 95464016 1 1 4 1 1 1 1 1 2 2 2 2 3 3 3 3 4
1 95464520 1 1 4 1 1 1 1 1 2 2 2 2 3 3 3 3 4
1 95632408 1 1 1 1 1 1 1 2 4 2 3 3 3 3 3 4 5
1 95656972 1 1 1 1 1 1 1 2 4 2 3 3 3 3 3 4 5
1 95716576 1 4 1 1 1 1 1 1 2 2 2 2 3 3 3 3 4
1 95717584 1 1 4 1 1 1 1 1 2 2 2 2 3 3 3 3 4
1 95718466 1 1 4 1 1 1 1 1 2 2 2 2 3 3 3 3 4
1 95847456 1 4 1 1 1 1 1 1 2 1 1 2 3 3 3 3 4
1 95917152 1 1 1 1 1 1 1 2 4 2 2 3 3 3 3 4 6
1 95919168 1 1 1 1 1 1 1 2 4 1 3 3 3 3 3 4 6
1 95962336 1 4 1 1 1 1 1 1 2 2 2 2 3 3 3 3 4
1 95963344 1 1 4 1 1 1 1 1 2 2 2 2 3 3 3 3 4
1 95964226 1 1 4 1 1 1 1 1 2 2 2 2 3 3 3 3 4
1 95979720 1 1 4 1 1 1 1 1 2 2 2 2 3 3 3 3 4
1 95980098 1 1 4 1 1 1 1 1 2 2 2 2 3 3 3 3 4
1 95995968 1 1 4 1 1 1 1 1 2 1 1 2 3 3 3 3 4
1 95995969 1 1 4 1 1 1 1 1 2 2 2 2 3 3 3 3 4
1 96093216 1 4 1 1 1 1 1 1 2 1 1 2 3 3 3 3 4
1 96109088 1 4 1 1 1 1 1 1 2 1 1 2 3 3 3 3 4
1 96178784 1 1 1 1 1 1 1 2 4 2 2 3 3 3 3 4 6
1 97138720 1 4 1 1 1 1 1 1 2 1 2 2 2 3 3 3 4
1 97661984 1 4 1 1 1 1 1 1 2 1 2 2 2 3 3 3 4
1 98177184 1 4 1 1 1 1 1 1 2 1 2 2 2 3 3 3 4
1 100141250 1 1 4 1 1 1 1 1 2 2 2 2 3 3 3 3 4
1 100270240 1 4 1 1 1 1 1 1 2 1 1 2 3 3 3 3 4
1 126235680 1 4 1 1 1 1 1 1 2 1 2 2 2 3 3 3 4
1 126750880 1 4 1 1 1 1 1 1 2 1 2 2 2 3 3 3 4
1 129184336 1 1 1 1 1 1 1 2 4 2 2 3 3 3 3 4 6
1 129470529 1 1 1 1 1 1 1 2 4 2 2 3 3 3 3 4 6
1 130101504 1 4 1 1 1 1 2 1 1 0 2 2 2 3 3 3 3
1 130167072 1 4 1 1 1 1 1 1 2 1 2 2 2 3 3 3 4
1 177370456 1 1 1 1 1 1 1 2 4 3 3 3 3 3 3 4 4
1 177616088 1 1 1 1 1 1 1 2 4 3 3 3 3 3 3 4 4
1 177632337 1 1 1 1 1 1 1 2 4 3 3 3 3 3 3 4 4
1 178131666 1 1 1 1 1 1 1 2 4 3 3 3 3 3 3 4 4
1 178682960 1 1 1 1 1 1 1 2 4 2 3 3 3 3 3 4 5
1 178697824 1 1 1 1 1 1 1 2 4 2 3 3 3 3 3 4 5
1 178698832 1 1 1 1 1 1 1 2 4 2 3 3 3 3 3 4 5
1 178706768 1 1 1 1 1 1 1 2 4 2 3 3 3 3 3 4 5
1 178707524 1 1 1 1 1 1 1 2 4 2 3 3 3 3 3 4 5
1 179230785 1 1 1 1 1 1 1 2 4 2 3 3 3 3 3 4 5
1 182325443 1 1 1 1 1 1 1 2 4 3 3 3 3 3 3 4 4
1 182613344 1 1 1 1 1 1 1 2 4 2 3 3 3 3 3 4 5
1 182614352 1 1 1 1 1 1 1 2 4 2 3 3 3 3 3 4 5
1 182615108 1 1 1 1 1 1 1 2 4 2 3 3 3 3 3 4 5
1 182638916 1 1 1 1 1 1 1 2 4 2 3 3 3 3 3 4 5
1 182884548 1 1 1 1 1 1 1 2 4 2 3 3 3 3 3 4 5
1 182892609 1 1 1 1 1 1 1 2 4 2 3 3 3 3 3 4 5
1 187071536 1 1 1 1 1 1 1 2 4 2 3 3 3 3 3 4 5
1 187071600 2 1 1 1 1 1 1 2 4 3 3 3 3 3 3 4 6
1 187087408 1 1 1 1 1 1 1 2 4 2 3 3 3 3 3 4 5
1 187087472 2 1 1 1 1 1 1 2 4 3 3 3 3 3 3 4 6
1 187087912 1 1 1 1 1 1 1 2 4 2 3 3 3 3 3 4 5
1 187120664 1 1 1 1 1 1 1 2 4 2 3 3 3 3 3 4 5
1 187145228 1 1 1 1 1 1 1 2 4 2 3 3 3 3 3 4 5
1 187349544 1 1 1 1 1 1 1 2 4 2 3 3 3 3 3 4 5
1 187349608 2 1 1 1 1 1 1 2 4 3 3 3 3 3 3 4 6
1 187357480 1 1 1 1 1 1 1 2 4 2 3 3 3 3 3 4 5
1 187357544 2 1 1 1 1 1 1 2 4 3 3 3 3 3 3 4 6
1 187357732 1 1 1 1 1 1 1 2 4 2 3 3 3 3 3 4 5
1 187382296 1 1 1 1 1 1 1 2 4 2 3 3 3 3 3 4 5
1 187390484 1 1 1 1 1 1 1 2 4 2 3 3 3 3 3 4 5
1 187390988 1 1 1 1 1 1 1 2 4 2 3 3 3 3 3 4 5
1 187619361 1 1 1 1 1 1 1 2 4 2 3 3 3 3 3 4 5
1 187619424 1 1 1 1 1 1 1 2 4 2 2 3 3 3 3 4 6
1 187619425 2 1 1 1 1 1 1 2 4 3 3 3 3 3 3 4 6
1 187635864 1 1 1 1 1 1 1 2 4 2 3 3 3 3 3 4 5
1 187636242 1 1 1 1 1 1 1 2 4 2 3 3 3 3 3 4 5
1 187636746 1 1 1 1 1 1 1 2 4 2 3 3 3 3 3 4 5
1 187651168 1 1 1 1 1 1 1 2 4 2 2 3 3 3 3 4 6
1 187653184 1 1 1 1 1 1 1 2 4 1 3 3 3 3 3 4 6
1 187667040 1 1 1 1 1 1 1 2 4 2 2 3 3 3 3 4 6
1 188175440 1 1 1 1 1 1 1 2 4 2 2 3 3 3 3 4 6
1 188191312 1 1 1 1 1 1 1 2 4 2 2 3 3 3 3 4 6
1 188453448 1 1 1 1 1 1 1 2 4 2 2 3 3 3 3 4 6
1 191568012 1 1 1 1 1 1 1 2 4 2 3 3 3 3 3 4 5
1 191568138 1 1 1 1 1 1 1 2 4 2 3 3 3 3 3 4 5
1 191574624 1 1 1 1 1 1 1 2 4 2 2 3 3 3 3 4 6
1 191576640 1 1 1 1 1 1 1 2 4 1 3 3 3 3 3 4 6
1 191828192 1 1 1 1 1 1 1 2 4 2 2 3 3 3 3 4 6
1 191830019 1 1 1 1 1 1 1 2 4 2 3 3 3 3 3 4 5
1 191830208 1 1 1 1 1 1 1 2 4 1 3 3 3 3 3 4 6
1 192098896 1 1 1 1 1 1 1 2 4 2 2 3 3 3 3 4 6
1 192106832 1 1 1 1 1 1 1 2 4 2 2 3 3 3 3 4 6
1 192123208 1 1 1 1 1 1 1 2 4 2 2 3 3 3 3 4 6
1 192385089 1 1 1 1 1 1 1 2 4 2 2 3 3 3 3 4 6
1 206510080 1 4 1 1 1 1 1 1 2 0 2 2 2 2 3 3 4
1 207001600 1 4 1 1 1 1 1 1 2 0 2 2 2 2 3 3 4
1 207247360 1 4 1 1 1 1 1 1 2 0 2 2 2 2 3 3 4
1 215617664 1 4 1 1 1 1 1 1 2 0 2 2 2 2 3 3 4
1 218945568 1 4 1 1 1 1 1 1 2 1 2 2 2 3 3 3 4
1 218975296 1 4 1 1 1 1 1 1 2 1 2 2 2 3 3 3 4
1 218977312 1 4 1 1 1 1 1 1 2 1 2 2 2 3 3 3 4
1 220490800 1 1 1 4 1 1 1 1 2 2 2 2 3 3 3 3 4
1 220490800 1 1 4 1 1 1 1 1 2 2 2 2 3 3 3 3 4
1 220506672 1 1 1 4 1 1 1 1 2 2 2 2 3 3 3 3 4
1 220506672 1 4 1 1 1 1 1 1 2 2 2 2 3 3 3 3 4
1 220625968 1 1 1 1 1 1 1 2 4 2 3 3 3 3 3 3 6
1 220625968 1 1 1 1 1 2 1 1 4 2 3 3 3 3 3 3 6
1 220625968 1 1 2 1 1 1 1 1 4 2 3 3 3 3 3 3 6
1 220625968 1 2 1 1 1 1 1 1 4 2 3 3 3 3 3 3 6
1 220641840 1 1 1 1 1 1 1 2 4 2 3 3 3 3 3 3 6
1 220641840 1 1 1 1 1 2 1 1 4 2 3 3 3 3 3 3 6
1 220641840 1 1 1 2 1 1 1 1 4 2 3 3 3 3 3 3 6
1 220641840 1 2 1 1 1 1 1 1 4 2 3 3 3 3 3 3 6
1 220699660 1 1 1 1 1 1 1 2 4 2 3 3 3 3 3 3 6
1 220699660 1 1 1 1 1 2 1 1 4 2 3 3 3 3 3 3 6
1 220699660 1 2 1 1 1 1 1 1 4 2 3 3 3 3 3 3 6
1 221006000 1 1 1 4 1 1 1 1 2 2 2 2 3 3 3 3 4
1 221006000 1 1 4 1 1 1 1 1 2 2 2 2 3 3 3 3 4
1 221006000 1 4 1 1 1 1 1 1 2 2 2 2 3 3 3 3 4
1 221038624 1 1 4 1 1 1 1 1 2 1 1 2 3 3 3 3 4
1 221038625 1 1 1 4 1 1 1 1 2 2 2 2 3 3 3 3 4
1 221038625 1 1 4 1 1 1 1 1 2 2 2 2 3 3 3 3 4
1 221070368 1 1 4 1 1 1 1 1 2 1 1 2 3 3 3 3 4
1 221070368 1 4 1 1 1 1 1 1 2 1 1 2 3 3 3 3 4
1 221072384 2 4 1 1 1 1 1 1 2 0 2 2 3 3 3 3 4
1 221173792 1 2 1 1 1 1 1 1 4 1 2 3 3 3 3 3 6
1 221203456 1 2 1 1 1 1 1 1 4 0 2 3 3 3 3 3 5
1 221203520 1 2 1 1 1 1 1 1 4 1 2 3 3 3 3 3 6
1 221203552 1 1 1 1 1 1 1 2 4 2 2 3 3 3 3 4 6
1 221205536 1 2 1 1 1 1 1 1 4 1 2 3 3 3 3 3 6
1 221207552 2 2 1 1 1 1 1 1 4 0 3 3 3 3 3 3 6
1 221207584 1 1 1 1 1 1 1 2 4 1 3 3 3 3 3 4 6
1 221727824 1 1 1 1 1 1 1 2 4 2 2 3 3 3 3 4 6
1 221731856 1 1 1 1 1 1 1 2 4 1 3 3 3 3 3 4 6
1 221742688 1 1 1 1 1 1 1 2 4 2 2 3 3 3 3 4 6
1 221743696 1 1 1 1 1 1 1 2 4 2 2 3 3 3 3 4 6
1 222607392 1 4 1 1 1 1 1 1 2 1 2 2 2 3 3 3 4
1 222637120 1 4 1 1 1 1 1 1 2 1 2 2 2 3 3 3 4
1 222639136 1 4 1 1 1 1 1 1 2 1 2 2 2 3 3 3 4
1 222640144 1 4 1 1 1 1 1 1 2 1 2 2 2 3 3 3 4
1 222662944 1 4 1 1 1 1 1 1 2 1 2 2 2 3 3 3 4
1 222664708 1 4 1 1 1 1 1 1 2 1 2 2 2 3 3 3 4
1 223152320 1 4 1 1 1 1 1 1 2 1 2 2 2 3 3 3 4
1 223154336 1 4 1 1 1 1 1 1 2 1 2 2 2 3 3 3 4
1 223156226 1 4 1 1 1 1 1 1 2 1 2 2 2 3 3 3 4
1 223283200 1 4 1 1 1 1 1 1 2 0 1 2 2 3 3 3 4
1 223425040 1 4 1 1 1 1 1 1 2 1 2 2 2 3 3 3 4
1 223432976 1 4 1 1 1 1 1 1 2 1 2 2 2 3 3 3 4
1 223433732 1 4 1 1 1 1 1 1 2 1 2 2 2 3 3 3 4
1 223711232 1 4 1 1 1 1 1 1 2 0 1 2 2 3 3 3 4
1 223711233 1 4 1 1 1 1 1 1 2 1 2 2 2 3 3 3 4
1 223774720 1 4 1 1 1 1 1 1 2 0 1 2 2 3 3 3 4
1 223806464 1 4 1 1 1 1 1 1 2 0 1 2 2 3 3 3 4
1 225183906 1 1 1 4 1 1 1 1 2 2 2 2 3 3 3 3 4
1 225183906 1 1 4 1 1 1 1 1 2 2 2 2 3 3 3 3 4
1 225247392 1 1 4 1 1 1 1 1 2 1 1 2 3 3 3 3 4
1 225247392 1 4 1 1 1 1 1 1 2 1 1 2 3 3 3 3 4
1 225249280 1 4 1 1 1 1 1 1 2 0 1 1 3 3 3 3 4
1 225249408 2 4 1 1 1 1 1 1 2 0 2 2 3 3 3 3 4
1 225380480 1 2 1 1 1 1 1 1 4 0 2 3 3 3 3 3 5
1 225380544 1 2 1 1 1 1 1 1 4 1 2 3 3 3 3 3 6
1 225380576 1 1 1 1 1 1 1 2 4 2 2 3 3 3 3 4 6
1 225382560 1 2 1 1 1 1 1 1 4 1 2 3 3 3 3 3 6
1 225384448 1 2 1 1 1 1 1 1 4 0 2 2 3 3 3 3 6
1 225384576 2 2 1 1 1 1 1 1 4 0 3 3 3 3 3 3 6
1 225384608 1 1 1 1 1 1 1 2 4 1 3 3 3 3 3 4 6
1 225452720 1 1 1 4 1 1 1 1 2 2 2 2 3 3 3 3 4
1 225452720 1 4 1 1 1 1 1 1 2 2 2 2 3 3 3 3 4
1 225453602 1 1 1 4 1 1 1 1 2 2 2 2 3 3 3 3 4
1 225453602 1 1 4 1 1 1 1 1 2 2 2 2 3 3 3 3 4
1 225469472 1 1 4 1 1 1 1 1 2 1 1 2 3 3 3 3 4
1 225471488 2 4 1 1 1 1 1 1 2 0 2 2 3 3 3 3 4
1 225493280 1 1 4 1 1 1 1 1 2 1 1 2 3 3 3 3 4
1 225495296 2 4 1 1 1 1 1 1 2 0 2 2 3 3 3 3 4
1 225650272 1 1 1 1 1 1 1 2 4 2 2 3 3 3 3 4 6
1 225651280 1 1 1 1 1 1 1 2 4 2 2 3 3 3 3 4 6
1 225655312 1 1 1 1 1 1 1 2 4 1 3 3 3 3 3 4 6
1 225658208 1 1 1 1 1 1 1 2 4 2 2 3 3 3 3 4 6
1 225659216 1 1 1 1 1 1 1 2 4 2 2 3 3 3 3 4 6
1 225659972 1 1 1 1 1 1 1 2 4 2 2 3 3 3 3 4 6
1 225664004 1 1 1 1 1 1 1 2 4 1 3 3 3 3 3 4 6
1 225707170 1 1 1 4 1 1 1 1 2 2 2 2 3 3 3 3 4
1 225707170 1 1 4 1 1 1 1 1 2 2 2 2 3 3 3 3 4
1 225738912 1 1 4 1 1 1 1 1 2 1 1 2 3 3 3 3 4
1 225738912 1 4 1 1 1 1 1 1 2 1 1 2 3 3 3 3 4
1 225740800 1 4 1 1 1 1 1 1 2 0 1 1 3 3 3 3 4
1 225740928 2 4 1 1 1 1 1 1 2 0 2 2 3 3 3 3 4
1 225804288 1 1 4 1 1 1 1 1 2 0 0 2 3 3 3 3 4
1 225804289 1 1 4 1 1 1 1 1 2 1 1 2 3 3 3 3 4
1 225875968 1 2 1 1 1 1 1 1 4 0 2 2 3 3 3 3 6
1 225937473 1 1 1 1 1 1 1 2 4 2 2 3 3 3 3 4 6
1 225939456 1 2 1 1 1 1 1 1 4 0 1 3 3 3 3 3 6
1 225939457 1 2 1 1 1 1 1 1 4 1 2 3 3 3 3 3 6
1 229844560 1 1 1 1 1 1 1 2 4 2 2 3 3 3 3 4 6
1 229868368 1 1 1 1 1 1 1 2 4 2 2 3 3 3 3 4 6
1 229868872 1 1 1 1 1 1 1 2 4 2 2 3 3 3 3 4 6
1 230130753 1 1 1 1 1 1 1 2 4 2 2 3 3 3 3 4 6
1 230392385 1 1 1 1 1 1 1 2 4 2 2 3 3 3 3 4 6
1 230730048 1 4 1 1 1 1 1 1 2 1 2 2 2 3 3 3 4
1 230732064 1 4 1 1 1 1 1 1 2 1 2 2 2 3 3 3 4
1 230733828 1 4 1 1 1 1 1 1 2 1 2 2 2 3 3 3 4
1 230789380 1 4 1 1 1 1 1 1 2 1 2 2 2 3 3 3 4
1 231280772 1 4 1 1 1 1 1 1 2 1 2 2 2 3 3 3 4
1 231288832 1 4 1 1 1 1 1 1 2 0 1 2 2 3 3 3 4
1 231288833 1 4 1 1 1 1 1 1 2 1 2 2 2 3 3 3 4
1 231352320 1 4 1 1 1 1 1 1 2 0 1 2 2 3 3 3 4
1 231407872 1 4 1 1 1 1 1 1 2 0 1 2 2 3 3 3 4
1 232390784 1 4 1 1 1 1 1 1 2 0 1 2 2 3 3 3 4
1 234356864 1 4 1 1 1 1 1 1 2 0 1 1 3 3 3 3 4
1 234356866 1 1 4 1 1 1 1 1 2 1 1 2 3 3 3 3 4
1 234356867 1 1 1 4 1 1 1 1 2 2 2 2 3 3 3 3 4
1 234492032 1 2 1 1 1 1 1 1 4 0 2 2 3 3 3 3 6
1 235821056 1 4 1 1 1 1 1 1 2 0 2 2 2 2 3 3 4
1 236605952 1 4 1 1 1 1 1 1 2 0 2 2 2 2 3 3 4
1 240267776 1 4 1 1 1 1 1 1 2 0 2 2 2 2 3 3 4
1 240521344 1 4 1 1 1 1 1 1 2 0 2 2 2 2 3 3 4
1 264249728 1 4 1 1 1 1 1 1 2 0 2 2 2 3 3 3 3
1 264249792 1 4 1 1 1 1 1 1 2 1 2 2 2 3 3 3 4
1 264253572 1 4 1 1 1 1 1 1 2 1 2 2 2 3 3 3 4
1 264380672 1 4 1 1 1 1 1 1 2 0 1 2 2 3 3 3 4
2 19881008 1 3 1 1 1 1 1 1 3 2 3 3 3 3 3 3 4
2 19881072 1 1 3 1 1 1 1 1 3 3 3 3 3 3 3 3 5
2 23804464 1 3 1 1 1 1 1 1 3 2 3 3 3 3 3 3 4
2 23804528 1 3 1 1 1 1 1 1 3 3 3 3 3 3 3 3 5
2 24058032 1 3 1 1 1 1 1 1 3 2 3 3 3 3 3 3 4
2 24058096 1 3 1 1 1 1 1 1 3 3 3 3 3 3 3 3 5
2 44465264 1 1 1 1 1 1 1 3 3 3 3 3 3 3 3 4 4
2 44481136 1 1 1 1 1 1 1 3 3 3 3 3 3 3 3 4 4
2 44489072 1 1 1 1 1 1 1 3 3 3 3 3 3 3 3 4 4
2 45013089 1 1 1 1 1 1 1 3 3 3 3 3 3 3 3 4 4
2 48396656 1 1 1 1 1 1 1 3 3 3 3 3 3 3 3 4 4
2 48674913 1 1 1 1 1 1 1 3 3 3 3 3 3 3 3 4 4
2 52853808 1 3 1 1 1 1 1 1 3 2 3 3 3 3 3 3 4
2 52853872 1 1 1 1 1 1 1 3 3 3 3 3 3 3 3 3 5
2 52853872 1 1 3 1 1 1 1 1 3 3 3 3 3 3 3 3 5
2 52869680 1 3 1 1 1 1 1 1 3 2 3 3 3 3 3 3 4
2 52869744 1 1 1 1 1 1 1 3 3 3 3 3 3 3 3 3 5
2 52869744 1 3 1 1 1 1 1 1 3 3 3 3 3 3 3 3 5
2 53131880 1 1 1 1 1 1 1 3 3 3 3 3 3 3 3 3 5
2 53131880 1 1 1 1 1 1 3 1 3 3 3 3 3 3 3 3 5
2 53139816 1 1 1 1 1 1 1 3 3 3 3 3 3 3 3 3 5
2 53435488 1 1 1 1 1 1 1 3 3 2 3 3 3 3 3 4 5
2 53959760 1 1 1 1 1 1 1 3 3 2 3 3 3 3 3 4 5
2 53959792 2 1 1 1 1 1 1 3 3 3 3 3 3 3 3 5 5
2 53976136 1 1 1 1 1 1 1 3 3 2 3 3 3 3 3 4 5
2 57358944 1 1 1 1 1 1 1 3 3 2 3 3 3 3 3 4 5
2 57612512 1 1 1 1 1 1 1 3 3 2 3 3 3 3 3 4 5
2 57883216 1 1 1 1 1 1 1 3 3 2 3 3 3 3 3 4 5
2 57883248 2 1 1 1 1 1 1 3 3 3 3 3 3 3 3 5 5
2 57883720 1 1 1 1 1 1 1 3 3 2 3 3 3 3 3 4 5
2 57891908 1 1 1 1 1 1 1 3 3 2 3 3 3 3 3 4 5
2 58169440 1 1 1 1 1 1 1 3 3 2 2 3 3 3 3 5 5
2 62362720 1 1 1 1 1 1 1 3 3 2 2 3 3 3 3 5 5
2 62364736 1 1 1 1 1 1 1 3 3 1 3 3 3 3 3 5 5
2 62624352 1 1 1 1 1 1 1 3 3 2 2 3 3 3 3 5 5
2 86985760 1 3 1 1 1 1 1 1 3 1 2 3 3 3 3 3 4
2 86985824 1 1 3 1 1 1 1 1 3 2 2 3 3 3 3 3 5
2 86985824 1 3 1 1 1 1 1 1 3 2 2 3 3 3 3 3 5
2 86989856 2 3 1 1 1 1 1 1 3 1 3 3 3 3 3 3 5
2 87510096 1 1 3 1 1 1 1 1 3 2 2 3 3 3 3 3 5
2 87514160 1 1 1 1 1 1 1 3 3 2 3 3 3 3 3 4 5
2 87524896 1 3 1 1 1 1 1 1 3 1 2 3 3 3 3 3 4
2 87524960 1 3 1 1 1 1 1 1 3 2 2 3 3 3 3 3 5
2 87525968 1 1 3 1 1 1 1 1 3 2 2 3 3 3 3 3 5
2 91162784 1 3 1 1 1 1 1 1 3 1 2 3 3 3 3 3 4
2 91162848 1 1 3 1 1 1 1 1 3 2 2 3 3 3 3 3 5
2 91162848 1 3 1 1 1 1 1 1 3 2 2 3 3 3 3 3 5
2 91166752 1 3 1 1 1 1 1 1 3 1 2 2 3 3 3 3 5
2 91166880 2 3 1 1 1 1 1 1 3 1 3 3 3 3 3 3 5
2 91432480 1 3 1 1 1 1 1 1 3 1 2 3 3 3 3 3 4
2 91432544 1 3 1 1 1 1 1 1 3 2 2 3 3 3 3 3 5
2 91433552 1 1 3 1 1 1 1 1 3 2 2 3 3 3 3 3 5
2 91437616 1 1 1 1 1 1 1 3 3 2 3 3 3 3 3 4 5
2 91440416 1 3 1 1 1 1 1 1 3 1 2 3 3 3 3 3 4
2 91440480 1 3 1 1 1 1 1 1 3 2 2 3 3 3 3 3 5
2 91441488 1 1 3 1 1 1 1 1 3 2 2 3 3 3 3 3 5
2 91442244 1 1 3 1 1 1 1 1 3 2 2 3 3 3 3 3 5
2 91446308 1 1 1 1 1 1 1 3 3 2 3 3 3 3 3 4 5
2 91658272 1 3 1 1 1 1 1 1 3 1 2 2 3 3 3 3 5
2 91719744 1 1 3 1 1 1 1 1 3 1 1 3 3 3 3 3 5
2 91719745 1 1 3 1 1 1 1 1 3 2 2 3 3 3 3 3 5
2 95632408 1 1 1 1 1 1 1 3 3 2 3 3 3 3 3 4 5
2 95656972 1 1 1 1 1 1 1 3 3 2 3 3 3 3 3 4 5
2 95851552 1 3 1 1 1 1 1 1 3 1 2 2 3 3 3 3 5
2 96097312 1 3 1 1 1 1 1 1 3 1 2 2 3 3 3 3 5
2 100274336 1 3 1 1 1 1 1 1 3 1 2 2 3 3 3 3 5
2 129181280 1 1 1 1 1 1 1 3 3 2 2 3 3 3 3 5 5
2 129182288 1 1 1 1 1 1 1 3 3 2 2 3 3 3 3 5 5
2 129186320 1 1 1 1 1 1 1 3 3 1 3 3 3 3 3 5 5
2 129468481 1 1 1 1 1 1 1 3 3 2 2 3 3 3 3 5 5
2 177370456 1 1 1 1 1 1 1 3 3 3 3 3 3 3 3 4 4
2 177616088 1 1 1 1 1 1 1 3 3 3 3 3 3 3 3 4 4
2 177632337 1 1 1 1 1 1 1 3 3 3 3 3 3 3 3 4 4
2 178131666 1 1 1 1 1 1 1 3 3 3 3 3 3 3 3 4 4
2 178682960 1 1 1 1 1 1 1 3 3 2 3 3 3 3 3 4 5
2 178682992 2 1 1 1 1 1 1 3 3 3 3 3 3 3 3 5 5
2 178697824 1 1 1 1 1 1 1 3 3 2 3 3 3 3 3 4 5
2 178698832 1 1 1 1 1 1 1 3 3 2 3 3 3 3 3 4 5
2 178698864 2 1 1 1 1 1 1 3 3 3 3 3 3 3 3 5 5
2 178706768 1 1 1 1 1 1 1 3 3 2 3 3 3 3 3 4 5
2 178706800 2 1 1 1 1 1 1 3 3 3 3 3 3 3 3 5 5
2 178707524 1 1 1 1 1 1 1 3 3 2 3 3 3 3 3 4 5
2 179230785 1 1 1 1 1 1 1 3 3 2 3 3 3 3 3 4 5
2 179230816 1 1 1 1 1 1 1 3 3 2 2 3 3 3 3 5 5
2 179230817 2 1 1 1 1 1 1 3 3 3 3 3 3 3 3 5 5
2 179262560 1 1 1 1 1 1 1 3 3 2 2 3 3 3 3 5 5
2 179264576 1 1 1 1 1 1 1 3 3 1 3 3 3 3 3 5 5
2 179786832 1 1 1 1 1 1 1 3 3 2 2 3 3 3 3 5 5
2 179802704 1 1 1 1 1 1 1 3 3 2 2 3 3 3 3 5 5
2 182325443 1 1 1 1 1 1 1 3 3 3 3 3 3 3 3 4 4
2 182613344 1 1 1 1 1 1 1 3 3 2 3 3 3 3 3 4 5
2 182614352 1 1 1 1 1 1 1 3 3 2 3 3 3 3 3 4 5
2 182614384 2 1 1 1 1 1 1 3 3 3 3 3 3 3 3 5 5
2 182615108 1 1 1 1 1 1 1 3 3 2 3 3 3 3 3 4 5
2 182638916 1 1 1 1 1 1 1 3 3 2 3 3 3 3 3 4 5
2 182884548 1 1 1 1 1 1 1 3 3 2 3 3 3 3 3 4 5
2 182892609 1 1 1 1 1 1 1 3 3 2 3 3 3 3 3 4 5
2 182892640 1 1 1 1 1 1 1 3 3 2 2 3 3 3 3 5 5
2 182892641 2 1 1 1 1 1 1 3 3 3 3 3 3 3 3 5 5
2 182924384 1 1 1 1 1 1 1 3 3 2 2 3 3 3 3 5 5
2 182926400 1 1 1 1 1 1 1 3 3 1 3 3 3 3 3 5 5
2 182948192 1 1 1 1 1 1 1 3 3 2 2 3 3 3 3 5 5
2 183439584 1 1 1 1 1 1 1 3 3 2 2 3 3 3 3 5 5
2 183441600 1 1 1 1 1 1 1 3 3 1 3 3 3 3 3 5 5
2 183710288 1 1 1 1 1 1 1 3 3 2 2 3 3 3 3 5 5
2 183718224 1 1 1 1 1 1 1 3 3 2 2 3 3 3 3 5 5
2 183996481 1 1 1 1 1 1 1 3 3 2 2 3 3 3 3 5 5
2 187071536 1 1 1 1 1 1 1 3 3 2 3 3 3 3 3 4 5
2 187087408 1 1 1 1 1 1 1 3 3 2 3 3 3 3 3 4 5
2 187087912 1 1 1 1 1 1 1 3 3 2 3 3 3 3 3 4 5
2 187120664 1 1 1 1 1 1 1 3 3 2 3 3 3 3 3 4 5
2 187145228 1 1 1 1 1 1 1 3 3 2 3 3 3 3 3 4 5
2 187349544 1 1 1 1 1 1 1 3 3 2 3 3 3 3 3 4 5
2 187357480 1 1 1 1 1 1 1 3 3 2 3 3 3 3 3 4 5
2 187357732 1 1 1 1 1 1 1 3 3 2 3 3 3 3 3 4 5
2 187382296 1 1 1 1 1 1 1 3 3 2 3 3 3 3 3 4 5
2 187390484 1 1 1 1 1 1 1 3 3 2 3 3 3 3 3 4 5
2 187390988 1 1 1 1 1 1 1 3 3 2 3 3 3 3 3 4 5
2 187619361 1 1 1 1 1 1 1 3 3 2 3 3 3 3 3 4 5
2 187635864 1 1 1 1 1 1 1 3 3 2 3 3 3 3 3 4 5
2 187636242 1 1 1 1 1 1 1 3 3 2 3 3 3 3 3 4 5
2 187636746 1 1 1 1 1 1 1 3 3 2 3 3 3 3 3 4 5
2 188173392 1 1 1 1 1 1 1 3 3 2 2 3 3 3 3 5 5
2 188177424 1 1 1 1 1 1 1 3 3 1 3 3 3 3 3 5 5
2 188188256 1 1 1 1 1 1 1 3 3 2 2 3 3 3 3 5 5
2 188189264 1 1 1 1 1 1 1 3 3 2 2 3 3 3 3 5 5
2 188189768 1 1 1 1 1 1 1 3 3 2 2 3 3 3 3 5 5
2 191568012 1 1 1 1 1 1 1 3 3 2 3 3 3 3 3 4 5
2 191568138 1 1 1 1 1 1 1 3 3 2 3 3 3 3 3 4 5
2 191830019 1 1 1 1 1 1 1 3 3 2 3 3 3 3 3 4 5
2 192095840 1 1 1 1 1 1 1 3 3 2 2 3 3 3 3 5 5
2 192096848 1 1 1 1 1 1 1 3 3 2 2 3 3 3 3 5 5
2 192097352 1 1 1 1 1 1 1 3 3 2 2 3 3 3 3 5 5
2 192100880 1 1 1 1 1 1 1 3 3 1 3 3 3 3 3 5 5
2 192103776 1 1 1 1 1 1 1 3 3 2 2 3 3 3 3 5 5
2 192104784 1 1 1 1 1 1 1 3 3 2 2 3 3 3 3 5 5
2 192105540 1 1 1 1 1 1 1 3 3 2 2 3 3 3 3 5 5
2 192109572 1 1 1 1 1 1 1 3 3 1 3 3 3 3 3 5 5
2 192383041 1 1 1 1 1 1 1 3 3 2 2 3 3 3 3 5 5
2 196290128 1 1 1 1 1 1 1 3 3 2 2 3 3 3 3 5 5
2 196313936 1 1 1 1 1 1 1 3 3 2 2 3 3 3 3 5 5
2 196314440 1 1 1 1 1 1 1 3 3 2 2 3 3 3 3 5 5
2 196576321 1 1 1 1 1 1 1 3 3 2 2 3 3 3 3 5 5
2 196837953 1 1 1 1 1 1 1 3 3 2 2 3 3 3 3 5 5
2 220621872 1 1 3 1 1 1 1 1 3 2 2 3 3 3 3 3 5
2 220637744 1 1 3 1 1 1 1 1 3 2 2 3 3 3 3 3 5
2 220693296 1 1 3 1 1 1 1 1 3 2 2 3 3 3 3 3 5
2 220693296 1 3 1 1 1 1 1 1 3 2 2 3 3 3 3 3 5
2 220693800 1 1 3 1 1 1 1 1 3 2 2 3 3 3 3 3 5
2 221042720 1 3 1 1 1 1 1 1 3 1 2 2 3 3 3 3 5
2 221072384 1 3 1 1 1 1 1 1 3 0 2 2 3 3 3 3 4
2 221072448 1 3 1 1 1 1 1 1 3 1 2 2 3 3 3 3 5
2 221074464 1 3 1 1 1 1 1 1 3 1 2 2 3 3 3 3 5
2 221075472 1 3 1 1 1 1 1 1 3 1 2 2 3 3 3 3 5
2 221169696 1 1 3 1 1 1 1 1 3 1 1 3 3 3 3 3 5
2 221169697 1 1 3 1 1 1 1 1 3 2 2 3 3 3 3 3 5
2 221201440 1 1 3 1 1 1 1 1 3 1 1 3 3 3 3 3 5
2 221201441 1 1 3 1 1 1 1 1 3 2 2 3 3 3 3 3 5
2 221203456 2 3 1 1 1 1 1 1 3 0 2 3 3 3 3 3 5
2 223287296 1 3 1 1 1 1 1 1 3 0 2 2 2 3 3 3 5
2 223778816 1 3 1 1 1 1 1 1 3 0 2 2 2 3 3 3 5
2 225249408 1 3 1 1 1 1 1 1 3 0 2 2 3 3 3 3 4
2 225249472 1 3 1 1 1 1 1 1 3 1 2 2 3 3 3 3 5
2 225251488 1 3 1 1 1 1 1 1 3 1 2 2 3 3 3 3 5
2 225253378 1 3 1 1 1 1 1 1 3 1 2 2 3 3 3 3 5
2 225378464 1 1 3 1 1 1 1 1 3 1 1 3 3 3 3 3 5
2 225378465 1 1 3 1 1 1 1 1 3 2 2 3 3 3 3 3 5
2 225380352 1 3 1 1 1 1 1 1 3 0 1 2 3 3 3 3 5
2 225380480 2 3 1 1 1 1 1 1 3 0 2 3 3 3 3 3 5
2 225471488 1 3 1 1 1 1 1 1 3 0 2 2 3 3 3 3 4
2 225471552 1 3 1 1 1 1 1 1 3 1 2 2 3 3 3 3 5
2 225473568 1 3 1 1 1 1 1 1 3 1 2 2 3 3 3 3 5
2 225495296 1 3 1 1 1 1 1 1 3 0 2 2 3 3 3 3 4
2 225495360 1 3 1 1 1 1 1 1 3 1 2 2 3 3 3 3 5
2 225497376 1 3 1 1 1 1 1 1 3 1 2 2 3 3 3 3 5
2 225740928 1 3 1 1 1 1 1 1 3 0 2 2 3 3 3 3 4
2 225740992 1 3 1 1 1 1 1 1 3 1 2 2 3 3 3 3 5
2 225743008 1 3 1 1 1 1 1 1 3 1 2 2 3 3 3 3 5
2 225744898 1 3 1 1 1 1 1 1 3 1 2 2 3 3 3 3 5
2 225808384 1 3 1 1 1 1 1 1 3 0 1 2 3 3 3 3 5
2 225808385 1 3 1 1 1 1 1 1 3 1 2 2 3 3 3 3 5
2 225871872 1 3 1 1 1 1 1 1 3 0 1 2 3 3 3 3 5
2 225935360 1 1 3 1 1 1 1 1 3 0 0 3 3 3 3 3 5
2 225935361 1 1 3 1 1 1 1 1 3 1 1 3 3 3 3 3 5
2 231356416 1 3 1 1 1 1 1 1 3 0 2 2 2 3 3 3 5
2 232394880 1 3 1 1 1 1 1 1 3 0 2 2 2 3 3 3 5
2 234360962 1 3 1 1 1 1 1 1 3 1 2 2 3 3 3 3 5
2 234487936 1 3 1 1 1 1 1 1 3 0 1 2 3 3 3 3 5
2 263389592 1 1 1 1 1 1 1 3 3 2 2 3 3 3 3 5 5
2 263397905 1 1 1 1 1 1 1 3 3 2 2 3 3 3 3 5 5
2 264384768 1 3 1 1 1 1 1 1 3 0 2 2 2 3 3 3 5
3 6249536 1 3 1 1 1 1 2 2 1 1 3 3 3 3 3 3 3
3 6249536 1 3 1 1 2 1 1 1 2 1 3 3 3 3 3 3 3
3 6249536 1 3 1 1 2 1 1 2 1 1 3 3 3 3 3 3 3
3 6249536 1 3 1 2 1 1 2 1 1 1 3 3 3 3 3 3 3
3 7298144 1 3 1 1 1 1 2 1 2 2 3 3 3 3 3 3 4
3 7298144 1 3 1 1 2 1 1 1 2 2 3 3 3 3 3 3 4
3 7822352 1 3 1 1 2 1 1 1 2 1 3 3 3 3 3 3 3
3 7822352 1 3 2 1 1 2 1 1 1 1 3 3 3 3 3 3 3
3 7822416 1 3 1 1 2 1 1 1 2 2 3 3 3 3 3 3 4
3 7822448 1 1 1 1 1 1 2 2 3 3 3 3 3 3 3 4 4
3 7822448 1 1 1 1 1 1 3 2 2 3 3 3 3 3 3 4 4
3 11492464 1 1 1 1 1 1 2 2 3 3 3 3 3 3 3 4 4
3 11492464 1 1 1 1 1 1 2 3 2 3 3 3 3 3 3 4 4
3 11492464 1 1 1 1 1 1 3 2 2 3 3 3 3 3 3 4 4
3 11492464 1 1 1 1 2 1 1 2 3 3 3 3 3 3 3 4 4
3 11492464 1 1 1 1 2 1 1 3 2 3 3 3 3 3 3 4 4
3 11492464 1 1 1 1 3 1 1 2 2 3 3 3 3 3 3 4 4
3 11492464 1 1 2 1 1 1 1 2 3 3 3 3 3 3 3 4 4
3 11492464 1 1 2 1 1 1 1 3 2 3 3 3 3 3 3 4 4
3 11492464 1 1 3 1 1 1 1 2 2 3 3 3 3 3 3 4 4
3 14334528 1 3 1 1 1 1 2 2 1 1 3 3 3 3 3 3 3
3 14334528 1 3 1 1 1 2 2 1 1 1 3 3 3 3 3 3 3
3 14334528 1 3 1 2 1 1 1 2 1 1 3 3 3 3 3 3 3
3 14334528 1 3 2 2 1 1 1 1 1 1 3 3 3 3 3 3 3
3 14588096 1 3 1 1 1 1 2 2 1 1 3 3 3 3 3 3 3
3 14588096 1 3 1 1 1 2 1 1 2 1 3 3 3 3 3 3 3
3 14588096 1 3 1 2 1 1 1 2 1 1 3 3 3 3 3 3 3
3 14588096 1 3 1 2 1 2 1 1 1 1 3 3 3 3 3 3 3
3 15121504 1 3 1 1 1 1 2 1 2 2 3 3 3 3 3 3 4
3 15121504 1 3 1 1 1 2 1 1 2 2 3 3 3 3 3 3 4
3 15178820 1 3 1 1 1 2 1 1 2 2 3 3 3 3 3 3 4
3 15383136 1 3 1 1 1 1 2 1 2 2 3 3 3 3 3 3 4
3 15383136 1 3 1 1 1 2 1 1 2 2 3 3 3 3 3 3 4
3 15391072 1 3 1 1 1 1 2 1 2 2 3 3 3 3 3 3 4
3 15391072 1 3 1 1 1 2 1 1 2 2 3 3 3 3 3 3 4
3 15391072 1 3 1 2 1 1 1 1 2 2 3 3 3 3 3 3 4
3 15415920 1 1 1 1 1 1 2 2 3 3 3 3 3 3 3 4 4
3 15415920 1 1 1 1 1 1 3 2 2 3 3 3 3 3 3 4 4
3 15415920 1 1 1 1 1 2 1 2 3 3 3 3 3 3 3 4 4
3 15415920 1 1 1 1 1 2 1 3 2 3 3 3 3 3 3 4 4
3 15415920 1 1 1 1 1 3 1 2 2 3 3 3 3 3 3 4 4
3 15415920 1 2 1 1 1 1 1 2 3 3 3 3 3 3 3 4 4
3 15415920 1 3 1 1 1 1 1 2 2 3 3 3 3 3 3 4 4
3 15416392 1 3 1 1 1 2 1 1 2 2 3 3 3 3 3 3 4
3 15416392 1 3 2 1 1 1 1 1 2 2 3 3 3 3 3 3 4
3 15424580 1 3 1 1 1 2 1 1 2 2 3 3 3 3 3 3 4
3 15669488 1 1 1 1 1 1 2 2 3 3 3 3 3 3 3 4 4
3 15669488 1 1 1 1 1 1 3 2 2 3 3 3 3 3 3 4 4
3 15669488 1 1 1 1 1 2 1 2 3 3 3 3 3 3 3 4 4
3 15669488 1 1 1 1 1 2 1 3 2 3 3 3 3 3 3 4 4
3 15669488 1 1 1 1 1 3 1 2 2 3 3 3 3 3 3 4 4
3 15669488 1 2 1 1 1 1 1 2 3 3 3 3 3 3 3 4 4
3 15669488 1 3 1 1 1 1 1 2 2 3 3 3 3 3 3 4 4
3 15697984 1 2 3 1 1 1 2 1 1 1 1 3 3 3 3 3 3
3 15702016 1 2 3 1 1 1 2 1 1 0 2 3 3 3 3 3 3
3 15702016 1 3 1 1 1 2 1 1 2 0 2 3 3 3 3 3 3
3 15702016 1 3 1 2 1 1 2 1 1 0 2 3 3 3 3 3 3
3 15702016 1 3 1 2 1 2 1 1 1 0 2 3 3 3 3 3 3
3 15702016 1 3 2 1 1 1 2 1 1 0 2 3 3 3 3 3 3
3 15702080 1 3 1 1 1 2 1 1 2 1 2 3 3 3 3 3 4
3 15703136 1 1 1 1 1 1 2 2 3 2 3 3 3 3 4 4 4
3 15703136 1 1 1 1 1 1 3 2 2 2 3 3 3 3 4 4 4
3 16225376 1 1 3 1 1 1 1 2 2 2 2 3 3 3 3 4 4
3 16486912 1 3 1 1 1 2 1 1 2 0 2 3 3 3 3 3 3
3 16486912 1 3 1 1 2 1 1 2 1 0 2 3 3 3 3 3 3
3 16486976 1 3 1 1 1 2 1 1 2 1 2 3 3 3 3 3 4
3 16489544 1 1 1 1 1 1 2 2 3 2 3 3 3 3 4 4 4
3 16489544 1 1 1 1 1 1 2 3 2 2 3 3 3 3 4 4 4
3 19881008 1 3 1 1 1 1 1 2 2 2 3 3 3 3 3 3 4
3 19881008 1 3 1 1 1 2 1 1 2 2 3 3 3 3 3 3 4
3 19881008 1 3 1 1 2 1 1 1 2 2 3 3 3 3 3 3 4
3 19881008 1 3 2 1 1 1 1 1 2 2 3 3 3 3 3 3 4
3 19881072 1 1 1 1 1 1 2 2 3 3 3 3 3 3 3 3 5
3 19881072 1 1 1 1 2 1 1 2 3 3 3 3 3 3 3 3 5
3 19881072 1 1 1 2 2 1 1 1 3 3 3 3 3 3 3 3 5
3 19881072 1 1 2 1 1 1 1 2 3 3 3 3 3 3 3 3 5
3 19881072 1 1 2 1 1 2 1 1 3 3 3 3 3 3 3 3 5
3 19881072 1 1 2 1 2 1 1 1 3 3 3 3 3 3 3 3 5
3 19881072 1 2 2 1 1 1 1 1 3 3 3 3 3 3 3 3 5
3 19897384 1 3 1 1 1 1 2 1 2 2 3 3 3 3 3 3 4
3 19897384 1 3 1 1 2 1 1 1 2 2 3 3 3 3 3 3 4
3 19897384 1 3 1 2 1 1 1 1 2 2 3 3 3 3 3 3 4
3 23804464 1 3 1 1 1 1 1 2 2 2 3 3 3 3 3 3 4
3 23804464 1 3 1 1 1 2 1 1 2 2 3 3 3 3 3 3 4
3 23804528 1 1 1 1 1 1 2 2 3 3 3 3 3 3 3 3 5
3 23804528 1 1 1 1 1 2 1 2 3 3 3 3 3 3 3 3 5
3 23804528 1 1 1 2 1 2 1 1 3 3 3 3 3 3 3 3 5
3 23804528 1 1 1 2 2 1 1 1 3 3 3 3 3 3 3 3 5
3 23804528 1 2 1 1 1 1 1 2 3 3 3 3 3 3 3 3 5
3 23804528 1 2 1 1 1 2 1 1 3 3 3 3 3 3 3 3 5
3 23804968 1 3 1 1 1 1 2 1 2 2 3 3 3 3 3 3 4
3 23804968 1 3 1 1 1 2 1 1 2 2 3 3 3 3 3 3 4
3 23804968 1 3 1 1 2 1 1 1 2 2 3 3 3 3 3 3 4
3 23804968 1 3 2 1 1 1 1 1 2 2 3 3 3 3 3 3 4
3 24058032 1 3 1 1 1 1 1 2 2 2 3 3 3 3 3 3 4
3 24058032 1 3 1 1 1 2 1 1 2 2 3 3 3 3 3 3 4
3 24058096 1 1 1 1 1 1 2 2 3 3 3 3 3 3 3 3 5
3 24058096 1 1 1 1 1 2 1 2 3 3 3 3 3 3 3 3 5
3 24058096 1 1 1 2 1 2 1 1 3 3 3 3 3 3 3 3 5
3 24058096 1 2 1 1 1 1 1 2 3 3 3 3 3 3 3 3 5
3 24058096 1 2 1 1 1 2 1 1 3 3 3 3 3 3 3 3 5
3 24058914 1 3 1 1 1 1 2 1 2 2 3 3 3 3 3 3 4
3 24058914 1 3 1 1 1 2 1 1 2 2 3 3 3 3 3 3 4
3 24058914 1 3 2 1 1 1 1 1 2 2 3 3 3 3 3 3 4
3 24090656 1 3 1 1 1 1 2 1 2 1 2 3 3 3 3 3 4
3 24090656 1 3 1 1 1 2 1 1 2 1 2 3 3 3 3 3 4
3 24090656 1 3 1 2 1 1 1 1 2 1 2 3 3 3 3 3 4
3 24353804 1 3 1 2 1 1 1 1 2 2 3 3 3 3 3 3 4
3 24611904 1 2 3 1 1 1 1 1 2 1 2 3 3 3 3 3 4
3 24611904 1 3 1 2 1 1 1 1 2 1 2 3 3 3 3 3 4
3 24611904 1 3 2 1 1 1 1 1 2 1 2 3 3 3 3 3 4
3 24613920 1 2 3 1 1 1 1 1 2 1 2 3 3 3 3 3 4
3 24613920 1 3 1 1 1 1 2 1 2 1 2 3 3 3 3 3 4
3 24613920 1 3 1 1 1 2 1 1 2 1 2 3 3 3 3 3 4
3 24613920 1 3 1 2 1 1 1 1 2 1 2 3 3 3 3 3 4
3 24613920 1 3 2 1 1 1 1 1 2 1 2 3 3 3 3 3 4
3 24615936 1 2 1 2 1 1 1 1 3 0 3 3 3 3 3 3 4
3 24615936 1 2 1 3 1 1 1 1 2 0 3 3 3 3 3 3 4
3 24615936 2 3 1 2 1 1 1 1 2 0 3 3 3 3 3 3 4
3 24616000 1 2 1 2 1 1 1 1 3 1 3 3 3 3 3 3 5
3 24616032 1 1 1 1 1 1 2 2 3 2 3 3 3 3 3 4 5
3 24616032 1 1 1 1 1 2 1 2 3 2 3 3 3 3 3 4 5
3 24616032 1 1 1 2 1 1 1 2 3 2 3 3 3 3 3 4 5
3 24616048 2 1 1 1 1 1 2 2 3 3 3 3 3 3 4 4 5
3 24873536 1 3 1 1 2 1 1 1 2 1 2 3 3 3 3 3 4
3 24875552 1 3 1 1 1 1 2 1 2 1 2 3 3 3 3 3 4
3 24875552 1 3 1 1 1 2 1 1 2 1 2 3 3 3 3 3 4
3 24875552 1 3 1 1 2 1 1 1 2 1 2 3 3 3 3 3 4
3 24877064 1 3 1 1 2 1 1 1 2 1 2 3 3 3 3 3 4
3 28806224 1 1 3 1 1 1 1 2 2 2 2 3 3 3 3 4 4
3 28810256 1 2 1 1 1 1 1 2 3 1 3 3 3 3 3 4 4
3 28810256 2 3 1 1 1 1 1 2 2 1 3 3 3 3 3 4 4
3 28810320 1 1 1 1 1 1 2 2 3 2 3 3 3 3 3 4 5
3 28810320 1 1 1 2 1 1 1 2 3 2 3 3 3 3 3 4 5
3 28810320 1 2 1 1 1 1 1 2 3 2 3 3 3 3 3 4 5
3 29066848 1 1 3 1 1 1 1 2 2 2 2 3 3 3 3 4 4
3 29067856 1 3 1 1 1 1 1 2 2 2 2 3 3 3 3 4 4
3 29072456 1 1 1 1 1 1 2 2 3 2 3 3 3 3 3 4 5
3 29072456 1 1 1 1 2 1 1 2 3 2 3 3 3 3 3 4 5
3 33200128 1 3 1 1 1 2 1 1 2 0 2 2 3 3 3 3 4
3 33232912 1 3 1 1 1 1 1 2 2 1 2 2 3 3 3 4 4
3 33263616 1 3 1 1 1 2 1 1 2 0 1 3 3 3 3 3 4
3 33263617 1 3 1 1 1 2 1 1 2 1 2 3 3 3 3 3 4
3 33264736 1 1 1 1 1 1 2 2 3 2 2 3 3 3 4 4 5
3 33266752 1 1 1 1 1 1 2 2 3 1 3 3 3 3 4 4 5
3 40852576 1 1 1 1 1 1 2 2 3 2 3 3 3 3 4 4 4
3 40852576 1 1 1 1 1 1 2 3 2 2 3 3 3 3 4 4 4
3 40852576 1 1 1 1 1 1 3 2 2 2 3 3 3 3 4 4 4
3 41376848 1 1 1 1 1 1 2 2 3 2 3 3 3 3 4 4 4
3 41376848 1 1 1 1 1 1 2 3 2 2 3 3 3 3 4 4 4
3 41376848 1 1 1 1 1 1 3 2 2 2 3 3 3 3 4 4 4
3 41393224 1 1 1 1 1 1 2 2 3 2 3 3 3 3 4 4 4
3 41393224 1 1 1 1 1 1 2 3 2 2 3 3 3 3 4 4 4
3 41393224 1 1 1 1 1 1 3 2 2 2 3 3 3 3 4 4 4
3 44465264 1 1 1 1 1 1 2 2 3 3 3 3 3 3 3 4 4
3 44465264 1 1 1 1 1 1 2 3 2 3 3 3 3 3 3 4 4
3 44465264 1 1 1 1 1 1 3 2 2 3 3 3 3 3 3 4 4
3 44465264 1 1 1 1 1 2 1 2 3 3 3 3 3 3 3 4 4
3 44465264 1 1 1 1 1 2 1 3 2 3 3 3 3 3 3 4 4
3 44465264 1 1 1 1 1 3 1 2 2 3 3 3 3 3 3 4 4
3 44465264 1 1 1 1 2 1 1 2 3 3 3 3 3 3 3 4 4
3 44465264 1 1 1 1 2 1 1 3 2 3 3 3 3 3 3 4 4
3 44465264 1 1 1 1 3 1 1 2 2 3 3 3 3 3 3 4 4
3 44465264 1 1 2 1 1 1 1 2 3 3 3 3 3 3 3 4 4
3 44465264 1 1 2 1 1 1 1 3 2 3 3 3 3 3 3 4 4
3 44465264 1 1 3 1 1 1 1 2 2 3 3 3 3 3 3 4 4
3 44481136 1 1 1 1 1 1 2 2 3 3 3 3 3 3 3 4 4
3 44481136 1 1 1 1 1 1 2 3 2 3 3 3 3 3 3 4 4
3 44481136 1 1 1 1 1 1 3 2 2 3 3 3 3 3 3 4 4
3 44481136 1 1 1 1 2 1 1 2 3 3 3 3 3 3 3 4 4
3 44481136 1 1 1 1 2 1 1 3 2 3 3 3 3 3 3 4 4
3 44481136 1 1 1 1 3 1 1 2 2 3 3 3 3 3 3 4 4
3 44481136 1 1 2 1 1 1 1 2 3 3 3 3 3 3 3 4 4
3 44481136 1 1 2 1 1 1 1 3 2 3 3 3 3 3 3 4 4
3 44481136 1 1 3 1 1 1 1 2 2 3 3 3 3 3 3 4 4
3 44489072 1 1 1 1 1 1 2 2 3 3 3 3 3 3 3 4 4
3 44489072 1 1 1 1 1 1 2 3 2 3 3 3 3 3 3 4 4
3 44489072 1 1 1 1 1 1 3 2 2 3 3 3 3 3 3 4 4
3 44489072 1 1 1 1 1 2 1 2 3 3 3 3 3 3 3 4 4
3 44489072 1 1 1 1 1 2 1 3 2 3 3 3 3 3 3 4 4
3 44489072 1 1 1 1 1 3 1 2 2 3 3 3 3 3 3 4 4
3 44489072 1 1 2 1 1 1 1 2 3 3 3 3 3 3 3 4 4
3 44489072 1 1 2 1 1 1 1 3 2 3 3 3 3 3 3 4 4
3 44489072 1 1 3 1 1 1 1 2 2 3 3 3 3 3 3 4 4
3 45013088 1 1 3 1 1 1 1 2 2 2 2 3 3 3 3 4 4
3 45013089 1 1 1 1 1 1 2 2 3 3 3 3 3 3 3 4 4
3 45013089 1 1 1 1 1 1 2 3 2 3 3 3 3 3 3 4 4
3 45013089 1 1 1 1 1 1 3 2 2 3 3 3 3 3 3 4 4
3 45013089 1 1 2 1 1 1 1 2 3 3 3 3 3 3 3 4 4
3 45013089 1 1 3 1 1 1 1 2 2 3 3 3 3 3 3 4 4
3 45044832 1 1 3 1 1 1 1 2 2 2 2 3 3 3 3 4 4
3 45044832 1 3 1 1 1 1 1 2 2 2 2 3 3 3 3 4 4
3 45046848 1 2 1 1 1 1 1 2 3 1 3 3 3 3 3 4 4
3 45046848 1 2 1 1 1 1 1 3 2 1 3 3 3 3 3 4 4
3 45046848 2 3 1 1 1 1 1 2 2 1 3 3 3 3 3 4 4
3 45569104 1 1 3 1 1 1 1 2 2 2 2 3 3 3 3 4 4
3 45584976 1 1 3 1 1 1 1 2 2 2 2 3 3 3 3 4 4
3 48395616 1 3 1 1 1 1 1 2 2 2 3 3 3 3 3 3 4
3 48395616 1 3 1 1 1 1 2 1 2 2 3 3 3 3 3 3 4
3 48396656 1 1 1 1 1 1 2 2 3 3 3 3 3 3 3 4 4
3 48396656 1 1 1 1 1 1 2 3 2 3 3 3 3 3 3 4 4
3 48396656 1 1 1 1 1 1 3 2 2 3 3 3 3 3 3 4 4
3 48396656 1 1 1 1 1 2 1 2 3 3 3 3 3 3 3 4 4
3 48396656 1 1 1 1 1 2 1 3 2 3 3 3 3 3 3 4 4
3 48396656 1 1 1 1 1 3 1 2 2 3 3 3 3 3 3 4 4
3 48396656 1 1 2 1 1 1 1 2 3 3 3 3 3 3 3 4 4
3 48396656 1 1 2 1 1 1 1 3 2 3 3 3 3 3 3 4 4
3 48396656 1 1 3 1 1 1 1 2 2 3 3 3 3 3 3 4 4
3 48397380 1 3 1 1 1 1 1 2 2 2 3 3 3 3 3 3 4
3 48397380 1 3 1 1 1 2 1 1 2 2 3 3 3 3 3 3 4
3 48666820 1 3 1 1 1 1 1 2 2 2 3 3 3 3 3 3 4
3 48666820 1 3 1 1 1 2 1 1 2 2 3 3 3 3 3 3 4
3 48674816 1 3 1 1 1 1 1 2 2 0 2 3 3 3 3 3 3
3 48674816 1 3 1 1 1 1 2 1 2 0 2 3 3 3 3 3 3
3 48674816 1 3 1 1 2 1 2 1 1 0 2 3 3 3 3 3 3
3 48674816 1 3 1 1 2 2 1 1 1 0 2 3 3 3 3 3 3
3 48674880 1 3 1 1 1 1 1 2 2 1 2 3 3 3 3 3 4
3 48674880 1 3 1 1 1 1 2 1 2 1 2 3 3 3 3 3 4
3 48674912 1 1 3 1 1 1 1 2 2 2 2 3 3 3 3 4 4
3 48674913 1 1 1 1 1 1 2 2 3 3 3 3 3 3 3 4 4
3 48674913 1 1 1 1 1 1 2 3 2 3 3 3 3 3 3 4 4
3 48674913 1 1 1 1 1 1 3 2 2 3 3 3 3 3 3 4 4
3 48674913 1 1 2 1 1 1 1 2 3 3 3 3 3 3 3 4 4
3 48674913 1 1 3 1 1 1 1 2 2 3 3 3 3 3 3 4 4
3 48675936 1 1 1 1 1 1 2 2 3 2 3 3 3 3 4 4 4
3 48675936 1 1 1 1 1 1 2 3 2 2 3 3 3 3 4 4 4
3 48675936 1 1 1 1 1 1 3 2 2 2 3 3 3 3 4 4 4
3 48706656 1 1 3 1 1 1 1 2 2 2 2 3 3 3 3 4 4
3 48706656 1 3 1 1 1 1 1 2 2 2 2 3 3 3 3 4 4
3 48708672 1 2 1 1 1 1 1 2 3 1 3 3 3 3 3 4 4
3 48708672 1 2 1 1 1 1 1 3 2 1 3 3 3 3 3 4 4
3 48708672 2 3 1 1 1 1 1 2 2 1 3 3 3 3 3 4 4
3 48726336 1 2 3 1 1 1 1 2 1 1 1 3 3 3 3 3 3
3 48730368 1 2 3 1 1 1 1 2 1 0 2 3 3 3 3 3 3
3 48730368 1 3 1 1 1 1 1 2 2 0 2 3 3 3 3 3 3
3 48730368 1 3 1 1 1 2 1 1 2 0 2 3 3 3 3 3 3
3 48730368 1 3 1 2 1 2 1 1 1 0 2 3 3 3 3 3 3
3 48730368 1 3 2 1 1 1 1 2 1 0 2 3 3 3 3 3 3
3 48730432 1 3 1 1 1 1 1 2 2 1 2 3 3 3 3 3 4
3 48730432 1 3 1 1 1 2 1 1 2 1 2 3 3 3 3 3 4
3 48730464 1 1 3 1 1 1 1 2 2 2 2 3 3 3 3 4 4
3 48730464 1 3 1 1 1 1 1 2 2 2 2 3 3 3 3 4 4
3 48733252 1 1 1 1 1 1 2 2 3 2 3 3 3 3 4 4 4
3 48733252 1 1 1 1 1 1 2 3 2 2 3 3 3 3 4 4 4
3 48937568 1 1 1 1 1 1 2 2 3 2 3 3 3 3 4 4 4
3 48937568 1 1 1 1 1 1 2 3 2 2 3 3 3 3 4 4 4
3 48937568 1 1 1 1 1 1 3 2 2 2 3 3 3 3 4 4 4
3 48945504 1 1 1 1 1 1 2 2 3 2 3 3 3 3 4 4 4
3 48945504 1 1 1 1 1 1 2 3 2 2 3 3 3 3 4 4 4
3 48945504 1 1 1 1 1 1 3 2 2 2 3 3 3 3 4 4 4
3 48970824 1 1 1 1 1 1 2 2 3 2 3 3 3 3 4 4 4
3 48970824 1 1 1 1 1 1 2 3 2 2 3 3 3 3 4 4 4
3 48979012 1 1 1 1 1 1 2 2 3 2 3 3 3 3 4 4 4
3 48979012 1 1 1 1 1 1 2 3 2 2 3 3 3 3 4 4 4
3 48979012 1 1 1 1 1 1 3 2 2 2 3 3 3 3 4 4 4
3 49221632 1 2 3 1 1 1 2 1 1 0 1 2 3 3 3 3 3
3 49221632 1 3 2 1 1 1 2 1 1 0 1 2 3 3 3 3 3
3 49221856 1 1 3 1 1 1 1 2 2 2 2 3 3 3 3 4 4
3 49221856 1 3 1 1 1 1 1 2 2 2 2 3 3 3 3 4 4
3 49223744 1 3 1 1 1 1 1 2 2 1 2 2 3 3 3 4 4
3 49223872 1 2 1 1 1 1 1 2 3 1 3 3 3 3 3 4 4
3 49223872 1 2 1 1 1 1 1 3 2 1 3 3 3 3 3 4 4
3 49223872 2 3 1 1 1 1 1 2 2 1 3 3 3 3 3 4 4
3 49492560 1 1 3 1 1 1 1 2 2 2 2 3 3 3 3 4 4
3 49500496 1 1 3 1 1 1 1 2 2 2 2 3 3 3 3 4 4
3 49500496 1 3 1 1 1 1 1 2 2 2 2 3 3 3 3 4 4
3 49715264 1 3 1 1 1 1 1 2 2 1 2 2 3 3 3 4 4
3 49778752 1 1 3 1 1 1 1 2 2 1 1 3 3 3 3 4 4
3 49778753 1 1 3 1 1 1 1 2 2 2 2 3 3 3 3 4 4
3 52853808 1 3 1 1 1 1 1 2 2 2 3 3 3 3 3 3 4
3 52853808 1 3 1 1 1 2 1 1 2 2 3 3 3 3 3 3 4
3 52853808 1 3 2 1 1 1 1 1 2 2 3 3 3 3 3 3 4
3 52853872 1 1 1 1 1 1 2 2 3 3 3 3 3 3 3 3 5
3 52853872 1 1 1 1 1 2 1 2 3 3 3 3 3 3 3 3 5
3 52853872 1 1 2 1 1 1 1 2 3 3 3 3 3 3 3 3 5
3 52853872 1 1 2 1 1 2 1 1 3 3 3 3 3 3 3 3 5
3 52853872 1 2 2 1 1 1 1 1 3 3 3 3 3 3 3 3 5
3 52869680 1 3 1 1 1 1 1 2 2 2 3 3 3 3 3 3 4
3 52869680 1 3 1 1 1 2 1 1 2 2 3 3 3 3 3 3 4
3 52869680 1 3 1 2 1 1 1 1 2 2 3 3 3 3 3 3 4
3 52869744 1 1 1 1 1 1 2 2 3 3 3 3 3 3 3 3 5
3 52869744 1 1 1 1 1 2 1 2 3 3 3 3 3 3 3 3 5
3 52869744 1 1 1 1 1 2 2 1 3 3 3 3 3 3 3 3 5
3 52869744 1 1 1 2 1 1 1 2 3 3 3 3 3 3 3 3 5
3 52869744 1 1 1 2 1 1 2 1 3 3 3 3 3 3 3 3 5
3 52869744 1 1 2 2 1 1 1 1 3 3 3 3 3 3 3 3 5
3 52869744 1 2 1 1 1 1 1 2 3 3 3 3 3 3 3 3 5
3 52869744 1 2 1 1 1 2 1 1 3 3 3 3 3 3 3 3 5
3 52869744 1 2 1 2 1 1 1 1 3 3 3 3 3 3 3 3 5
3 52870184 1 3 1 1 1 1 1 2 2 2 3 3 3 3 3 3 4
3 52870184 1 3 1 1 1 1 2 1 2 2 3 3 3 3 3 3 4
3 52870184 1 3 1 2 1 1 1 1 2 2 3 3 3 3 3 3 4
3 52870184 1 3 2 1 1 1 1 1 2 2 3 3 3 3 3 3 4
3 52927500 1 3 1 1 1 1 1 2 2 2 3 3 3 3 3 3 4
3 52927500 1 3 1 2 1 1 1 1 2 2 3 3 3 3 3 3 4
3 53131816 1 3 1 1 1 1 1 2 2 2 3 3 3 3 3 3 4
3 53131816 1 3 1 1 1 1 2 1 2 2 3 3 3 3 3 3 4
3 53131816 1 3 1 1 2 1 1 1 2 2 3 3 3 3 3 3 4
3 53131880 1 1 1 1 1 1 2 2 3 3 3 3 3 3 3 3 5
3 53131880 1 1 1 1 1 2 1 2 3 3 3 3 3 3 3 3 5
3 53131880 1 1 1 1 1 2 2 1 3 3 3 3 3 3 3 3 5
3 53131880 1 1 1 1 2 1 1 2 3 3 3 3 3 3 3 3 5
3 53131880 1 1 1 1 2 1 2 1 3 3 3 3 3 3 3 3 5
3 53131880 1 1 2 1 1 1 1 2 3 3 3 3 3 3 3 3 5
3 53131880 1 1 2 1 1 1 2 1 3 3 3 3 3 3 3 3 5
3 53131880 1 1 2 1 2 1 1 1 3 3 3 3 3 3 3 3 5
3 53139752 1 3 1 1 1 1 1 2 2 2 3 3 3 3 3 3 4
3 53139752 1 3 1 1 1 1 2 1 2 2 3 3 3 3 3 3 4
3 53139752 1 3 1 1 2 1 1 1 2 2 3 3 3 3 3 3 4
3 53139752 1 3 1 2 1 1 1 1 2 2 3 3 3 3 3 3 4
3 53139816 1 1 1 1 1 1 2 2 3 3 3 3 3 3 3 3 5
3 53139816 1 1 1 1 1 2 1 2 3 3 3 3 3 3 3 3 5
3 53139816 1 1 1 1 2 1 1 2 3 3 3 3 3 3 3 3 5
3 53139816 1 1 1 1 2 1 2 1 3 3 3 3 3 3 3 3 5
3 53139816 1 1 1 2 1 1 1 2 3 3 3 3 3 3 3 3 5
3 53139816 1 1 1 2 1 1 2 1 3 3 3 3 3 3 3 3 5
3 53139816 1 1 2 1 2 1 1 1 3 3 3 3 3 3 3 3 5
3 53139816 1 1 2 2 1 1 1 1 3 3 3 3 3 3 3 3 5
3 53139816 1 2 1 2 1 1 1 1 3 3 3 3 3 3 3 3 5
3 53140004 1 3 1 1 1 1 1 2 2 2 3 3 3 3 3 3 4
3 53140004 1 3 1 1 1 1 2 1 2 2 3 3 3 3 3 3 4
3 53140004 1 3 1 1 2 1 1 1 2 2 3 3 3 3 3 3 4
3 53140004 1 3 1 2 1 1 1 1 2 2 3 3 3 3 3 3 4
3 53172756 1 3 1 1 1 1 1 2 2 2 3 3 3 3 3 3 4
3 53172756 1 3 1 1 1 1 2 1 2 2 3 3 3 3 3 3 4
3 53172756 1 3 1 2 1 1 1 1 2 2 3 3 3 3 3 3 4
3 53173260 1 3 1 1 1 1 1 2 2 2 3 3 3 3 3 3 4
3 53173260 1 3 1 1 1 1 2 1 2 2 3 3 3 3 3 3 4
3 53173260 1 3 2 1 1 1 1 1 2 2 3 3 3 3 3 3 4
3 53401632 1 3 1 1 1 1 1 2 2 1 2 3 3 3 3 3 4
3 53401632 1 3 1 1 1 1 2 1 2 1 2 3 3 3 3 3 4
3 53401632 1 3 1 1 2 1 1 1 2 1 2 3 3 3 3 3 4
3 53431360 1 2 3 1 1 1 1 1 2 1 2 3 3 3 3 3 4
3 53431360 1 3 1 1 1 1 1 2 2 1 2 3 3 3 3 3 4
3 53431360 1 3 2 1 1 1 1 1 2 1 2 3 3 3 3 3 4
3 53433376 1 2 3 1 1 1 1 1 2 1 2 3 3 3 3 3 4
3 53433376 1 3 1 1 1 1 1 2 2 1 2 3 3 3 3 3 4
3 53433376 1 3 1 1 1 1 2 1 2 1 2 3 3 3 3 3 4
3 53433376 1 3 1 1 2 1 1 1 2 1 2 3 3 3 3 3 4
3 53433376 1 3 2 1 1 1 1 1 2 1 2 3 3 3 3 3 4
3 53435392 1 2 1 1 1 1 1 2 3 0 3 3 3 3 3 3 4
3 53435392 1 2 1 1 1 1 1 3 2 0 3 3 3 3 3 3 4
3 53435392 1 2 2 1 1 1 1 1 3 0 3 3 3 3 3 3 4
3 53435392 1 2 3 1 1 1 1 1 2 0 3 3 3 3 3 3 4
3 53435392 2 3 1 1 1 1 1 2 2 0 3 3 3 3 3 3 4
3 53435392 2 3 2 1 1 1 1 1 2 0 3 3 3 3 3 3 4
3 53435440 1 1 1 1 1 1 2 2 3 2 3 3 3 3 4 4 4
3 53435440 1 1 1 1 1 1 2 3 2 2 3 3 3 3 4 4 4
3 53435456 1 2 1 1 1 1 1 2 3 1 3 3 3 3 3 3 5
3 53435456 1 2 2 1 1 1 1 1 3 1 3 3 3 3 3 3 5
3 53435488 1 1 1 1 1 1 2 2 3 2 3 3 3 3 3 4 5
3 53435488 1 1 1 1 1 2 1 2 3 2 3 3 3 3 3 4 5
3 53435488 1 1 1 1 2 1 1 2 3 2 3 3 3 3 3 4 5
3 53435488 1 1 1 2 1 1 1 2 3 2 3 3 3 3 3 4 5
3 53435488 1 1 2 1 1 1 1 2 3 2 3 3 3 3 3 4 5
3 53435488 1 2 1 1 1 1 1 2 3 2 3 3 3 3 3 4 5
3 53435504 2 1 1 1 1 1 2 2 3 3 3 3 3 3 4 4 5
3 53447232 1 3 1 1 1 1 1 2 2 1 2 3 3 3 3 3 4
3 53447232 1 3 1 1 1 1 2 1 2 1 2 3 3 3 3 3 4
3 53447232 1 3 1 2 1 1 1 1 2 1 2 3 3 3 3 3 4
3 53449248 1 3 1 1 1 1 1 2 2 1 2 3 3 3 3 3 4
3 53449248 1 3 1 1 1 1 2 1 2 1 2 3 3 3 3 3 4
3 53449248 1 3 1 1 2 1 1 1 2 1 2 3 3 3 3 3 4
3 53449248 1 3 1 2 1 1 1 1 2 1 2 3 3 3 3 3 4
3 53450760 1 3 1 1 1 1 1 2 2 1 2 3 3 3 3 3 4
3 53450760 1 3 1 1 1 1 2 1 2 1 2 3 3 3 3 3 4
3 53450760 1 3 1 2 1 1 1 1 2 1 2 3 3 3 3 3 4
3 53451816 1 1 1 1 1 1 2 2 3 2 3 3 3 3 4 4 4
3 53451816 1 1 1 1 1 1 2 3 2 2 3 3 3 3 4 4 4
3 53451816 1 1 1 1 1 1 3 2 2 2 3 3 3 3 4 4 4
3 53955664 1 1 3 1 1 1 1 2 2 2 2 3 3 3 3 4 4
3 53955664 1 3 1 1 1 1 1 2 2 2 2 3 3 3 3 4 4
3 53959696 1 2 1 1 1 1 1 2 3 1 3 3 3 3 3 4 4
3 53959696 1 2 1 1 1 1 1 3 2 1 3 3 3 3 3 4 4
3 53959696 2 3 1 1 1 1 1 2 2 1 3 3 3 3 3 4 4
3 53959760 1 1 1 1 1 1 2 2 3 2 3 3 3 3 3 4 5
3 53959760 1 1 1 1 1 2 1 2 3 2 3 3 3 3 3 4 5
3 53959760 1 1 1 1 2 1 1 2 3 2 3 3 3 3 3 4 5
3 53959760 1 1 2 1 1 1 1 2 3 2 3 3 3 3 3 4 5
3 53959760 1 2 1 1 1 1 1 2 3 2 3 3 3 3 3 4 5
3 53970528 1 1 3 1 1 1 1 2 2 2 2 3 3 3 3 4 4
3 53970528 1 3 1 1 1 1 1 2 2 2 2 3 3 3 3 4 4
3 53971536 1 1 3 1 1 1 1 2 2 2 2 3 3 3 3 4 4
3 53972040 1 1 3 1 1 1 1 2 2 2 2 3 3 3 3 4 4
3 53976136 1 1 1 1 1 1 2 2 3 2 3 3 3 3 3 4 5
3 53976136 1 1 1 1 1 2 1 2 3 2 3 3 3 3 3 4 5
3 53976136 1 1 1 1 2 1 1 2 3 2 3 3 3 3 3 4 5
3 53976136 1 1 1 2 1 1 1 2 3 2 3 3 3 3 3 4 5
3 53976136 1 2 1 1 1 1 1 2 3 2 3 3 3 3 3 4 5
3 54235656 1 3 1 1 1 1 1 2 2 1 2 3 3 3 3 3 4
3 54235656 1 3 1 1 2 1 1 1 2 1 2 3 3 3 3 3 4
3 57350284 1 3 1 1 1 1 1 2 2 2 3 3 3 3 3 3 4
3 57350284 1 3 1 1 1 1 2 1 2 2 3 3 3 3 3 3 4
3 57350410 1 3 1 1 1 1 1 2 2 2 3 3 3 3 3 3 4
3 57354816 1 3 1 1 1 1 1 2 2 1 2 3 3 3 3 3 4
3 57354816 1 3 1 1 1 1 2 1 2 1 2 3 3 3 3 3 4
3 57356832 1 3 1 1 1 1 1 2 2 1 2 3 3 3 3 3 4
3 57356832 1 3 1 1 1 1 2 1 2 1 2 3 3 3 3 3 4
3 57356832 1 3 1 1 1 2 1 1 2 1 2 3 3 3 3 3 4
3 57356832 1 3 1 1 2 1 1 1 2 1 2 3 3 3 3 3 4
3 57358344 1 3 1 1 1 1 1 2 2 1 2 3 3 3 3 3 4
3 57358344 1 3 1 1 1 1 2 1 2 1 2 3 3 3 3 3 4
3 57358848 1 2 1 1 1 1 1 2 3 0 3 3 3 3 3 3 4
3 57358848 1 2 1 1 1 1 1 3 2 0 3 3 3 3 3 3 4
3 57358848 2 3 1 1 1 1 1 2 2 0 3 3 3 3 3 3 4
3 57358896 1 1 1 1 1 1 2 2 3 2 3 3 3 3 4 4 4
3 57358896 1 1 1 1 1 1 2 3 2 2 3 3 3 3 4 4 4
3 57358912 1 2 1 1 1 1 1 2 3 1 3 3 3 3 3 3 5
3 57358944 1 1 1 1 1 1 2 2 3 2 3 3 3 3 3 4 5
3 57358944 1 1 1 1 1 2 1 2 3 2 3 3 3 3 3 4 5
3 57358944 1 1 1 2 1 1 1 2 3 2 3 3 3 3 3 4 5
3 57358944 1 2 1 1 1 1 1 2 3 2 3 3 3 3 3 4 5
3 57358960 2 1 1 1 1 1 2 2 3 3 3 3 3 3 4 4 5
3 57359400 1 1 1 1 1 1 2 2 3 2 3 3 3 3 4 4 4
3 57359400 1 1 1 1 1 1 2 3 2 2 3 3 3 3 4 4 4
3 57359400 1 1 1 1 1 1 3 2 2 2 3 3 3 3 4 4 4
3 57608384 1 3 1 1 1 1 1 2 2 1 2 3 3 3 3 3 4
3 57608384 1 3 1 1 1 1 2 1 2 1 2 3 3 3 3 3 4
3 57610400 1 3 1 1 1 1 1 2 2 1 2 3 3 3 3 3 4
3 57610400 1 3 1 1 1 1 2 1 2 1 2 3 3 3 3 3 4
3 57610400 1 3 1 1 1 2 1 1 2 1 2 3 3 3 3 3 4
3 57612288 1 3 1 1 1 1 1 2 2 0 2 2 3 3 3 3 4
3 57612288 1 3 1 1 1 1 2 1 2 0 2 2 3 3 3 3 4
3 57612290 1 3 1 1 1 1 1 2 2 1 2 3 3 3 3 3 4
3 57612290 1 3 1 1 1 1 2 1 2 1 2 3 3 3 3 3 4
3 57612416 1 2 1 1 1 1 1 2 3 0 3 3 3 3 3 3 4
3 57612416 1 2 1 1 1 1 1 3 2 0 3 3 3 3 3 3 4
3 57612416 2 3 1 1 1 1 1 2 2 0 3 3 3 3 3 3 4
3 57612464 1 1 1 1 1 1 2 2 3 2 3 3 3 3 4 4 4
3 57612464 1 1 1 1 1 1 2 3 2 2 3 3 3 3 4 4 4
3 57612480 1 2 1 1 1 1 1 2 3 1 3 3 3 3 3 3 5
3 57612512 1 1 1 1 1 1 2 2 3 2 3 3 3 3 3 4 5
3 57612512 1 1 1 1 1 2 1 2 3 2 3 3 3 3 3 4 5
3 57612512 1 1 1 2 1 1 1 2 3 2 3 3 3 3 3 4 5
3 57612512 1 2 1 1 1 1 1 2 3 2 3 3 3 3 3 4 5
3 57612528 2 1 1 1 1 1 2 2 3 3 3 3 3 3 4 4 5
3 57613346 1 1 1 1 1 1 2 2 3 2 3 3 3 3 4 4 4
3 57613346 1 1 1 1 1 1 2 3 2 2 3 3 3 3 4 4 4
3 57613346 1 1 1 1 1 1 3 2 2 2 3 3 3 3 4 4 4
3 57645152 1 1 1 1 1 1 2 2 3 2 2 3 3 3 4 4 5
3 57878112 1 1 3 1 1 1 1 2 2 2 2 3 3 3 3 4 4
3 57878112 1 3 1 1 1 1 1 2 2 2 2 3 3 3 3 4 4
3 57879120 1 1 3 1 1 1 1 2 2 2 2 3 3 3 3 4 4
3 57879624 1 1 3 1 1 1 1 2 2 2 2 3 3 3 3 4 4
3 57883152 1 2 1 1 1 1 1 2 3 1 3 3 3 3 3 4 4
3 57883152 1 2 1 1 1 1 1 3 2 1 3 3 3 3 3 4 4
3 57883152 2 3 1 1 1 1 1 2 2 1 3 3 3 3 3 4 4
3 57883216 1 1 1 1 1 1 2 2 3 2 3 3 3 3 3 4 5
3 57883216 1 1 1 1 1 2 1 2 3 2 3 3 3 3 3 4 5
3 57883216 1 1 1 1 2 1 1 2 3 2 3 3 3 3 3 4 5
3 57883216 1 1 2 1 1 1 1 2 3 2 3 3 3 3 3 4 5
3 57883216 1 2 1 1 1 1 1 2 3 2 3 3 3 3 3 4 5
3 57883720 1 1 1 1 1 1 2 2 3 2 3 3 3 3 3 4 5
3 57883720 1 1 1 1 1 2 1 2 3 2 3 3 3 3 3 4 5
3 57883720 1 1 1 1 2 1 1 2 3 2 3 3 3 3 3 4 5
3 57883720 1 1 2 1 1 1 1 2 3 2 3 3 3 3 3 4 5
3 57883720 1 2 1 1 1 1 1 2 3 2 3 3 3 3 3 4 5
3 57886048 1 1 3 1 1 1 1 2 2 2 2 3 3 3 3 4 4
3 57886048 1 3 1 1 1 1 1 2 2 2 2 3 3 3 3 4 4
3 57887056 1 1 3 1 1 1 1 2 2 2 2 3 3 3 3 4 4
3 57887056 1 3 1 1 1 1 1 2 2 2 2 3 3 3 3 4 4
3 57887812 1 1 3 1 1 1 1 2 2 2 2 3 3 3 3 4 4
3 57887812 1 3 1 1 1 1 1 2 2 2 2 3 3 3 3 4 4
3 57891844 1 2 1 1 1 1 1 2 3 1 3 3 3 3 3 4 4
3 57891844 2 3 1 1 1 1 1 2 2 1 3 3 3 3 3 4 4
3 57891908 1 1 1 1 1 1 2 2 3 2 3 3 3 3 3 4 5
3 57891908 1 1 1 1 1 2 1 2 3 2 3 3 3 3 3 4 5
3 57891908 1 1 1 1 2 1 1 2 3 2 3 3 3 3 3 4 5
3 57891908 1 1 1 2 1 1 1 2 3 2 3 3 3 3 3 4 5
3 57891908 1 1 2 1 1 1 1 2 3 2 3 3 3 3 3 4 5
3 57891908 1 2 1 1 1 1 1 2 3 2 3 3 3 3 3 4 5
3 57901888 1 3 1 1 1 1 1 2 2 1 2 3 3 3 3 3 4
3 57901888 1 3 1 2 1 1 1 1 2 1 2 3 3 3 3 3 4
3 57905416 1 3 1 1 1 1 1 2 2 1 2 3 3 3 3 3 4
3 57905416 1 3 1 1 1 1 2 1 2 1 2 3 3 3 3 3 4
3 57905416 1 3 1 2 1 1 1 1 2 1 2 3 3 3 3 3 4
3 57908236 1 1 1 1 1 1 2 2 3 2 3 3 3 3 4 4 4
3 57908236 1 1 1 1 1 1 2 3 2 2 3 3 3 3 4 4 4
3 58038336 1 3 1 1 1 1 1 2 2 1 2 2 3 3 3 4 4
3 58099712 1 2 3 1 1 2 1 1 1 0 1 2 3 3 3 3 3
3 58099712 1 3 2 1 1 2 1 1 1 0 1 2 3 3 3 3 3
3 58103808 1 3 1 1 1 1 1 2 2 0 2 2 3 3 3 3 4
3 58103840 1 3 1 1 1 1 1 2 2 1 2 2 3 3 3 4 4
3 58136592 1 3 1 1 1 1 1 2 2 1 2 2 3 3 3 4 4
3 58165312 1 1 3 1 1 1 1 2 2 1 1 3 3 3 3 4 4
3 58165313 1 1 3 1 1 1 1 2 2 2 2 3 3 3 3 4 4
3 58167296 1 3 1 1 1 1 1 2 2 0 1 3 3 3 3 3 4
3 58167296 1 3 1 2 1 1 1 1 2 0 1 3 3 3 3 3 4
3 58167297 1 3 1 1 1 1 1 2 2 1 2 3 3 3 3 3 4
3 58167297 1 3 1 2 1 1 1 1 2 1 2 3 3 3 3 3 4
3 58168416 1 1 1 1 1 1 2 2 3 2 2 3 3 3 4 4 5
3 58169344 1 2 1 1 1 1 1 2 3 0 2 3 3 3 3 4 4
3 58169344 2 3 1 1 1 1 1 2 2 0 2 3 3 3 3 4 4
3 58169408 1 2 1 1 1 1 1 2 3 1 2 3 3 3 3 4 5
3 58170432 1 1 1 1 1 1 2 2 3 1 3 3 3 3 4 4 5
3 58349568 1 3 1 1 1 1 1 2 2 0 2 2 3 3 3 3 4
3 58349568 1 3 1 1 1 1 2 1 2 0 2 2 3 3 3 3 4
3 58349568 1 3 1 1 2 1 1 1 2 0 2 2 3 3 3 3 4
3 58430048 1 1 1 1 1 1 2 2 3 2 2 3 3 3 4 4 5
3 62072400 1 1 3 1 1 1 1 2 2 2 2 3 3 3 3 4 4
3 62072400 1 3 1 1 1 1 1 2 2 2 2 3 3 3 3 4 4
3 62096208 1 1 3 1 1 1 1 2 2 2 2 3 3 3 3 4 4
3 62096208 1 3 1 1 1 1 1 2 2 2 2 3 3 3 3 4 4
3 62096712 1 1 3 1 1 1 1 2 2 2 2 3 3 3 3 4 4
3 62096712 1 3 1 1 1 1 1 2 2 2 2 3 3 3 3 4 4
3 62231616 1 3 1 1 1 1 1 2 2 1 2 2 3 3 3 4 4
3 62297120 1 3 1 1 1 1 1 2 2 1 2 2 3 3 3 4 4
3 62298128 1 3 1 1 1 1 1 2 2 1 2 2 3 3 3 4 4
3 62358592 1 1 3 1 1 1 1 2 2 1 1 3 3 3 3 4 4
3 62358592 1 3 1 1 1 1 1 2 2 1 1 3 3 3 3 4 4
3 62358593 1 1 3 1 1 1 1 2 2 2 2 3 3 3 3 4 4
3 62358593 1 3 1 1 1 1 1 2 2 2 2 3 3 3 3 4 4
3 62362624 1 2 1 1 1 1 1 2 3 0 2 3 3 3 3 4 4
3 62362624 1 2 1 1 1 1 1 3 2 0 2 3 3 3 3 4 4
3 62362624 2 3 1 1 1 1 1 2 2 0 2 3 3 3 3 4 4
3 62362688 1 2 1 1 1 1 1 2 3 1 2 3 3 3 3 4 5
3 62445632 1 3 1 1 1 1 1 2 2 1 2 2 3 3 3 4 4
3 62477376 1 3 1 1 1 1 1 2 2 1 2 2 3 3 3 4 4
3 62493248 1 3 1 1 1 1 1 2 2 1 2 2 3 3 3 4 4
3 62542880 1 3 1 1 1 1 1 2 2 1 2 2 3 3 3 4 4
3 62543888 1 3 1 1 1 1 1 2 2 1 2 2 3 3 3 4 4
3 62560264 1 3 1 1 1 1 1 2 2 1 2 2 3 3 3 4 4
3 62620224 1 1 3 1 1 1 1 2 2 1 1 3 3 3 3 4 4
3 62620224 1 3 1 1 1 1 1 2 2 1 1 3 3 3 3 4 4
3 62620225 1 1 3 1 1 1 1 2 2 2 2 3 3 3 3 4 4
3 62620225 1 3 1 1 1 1 1 2 2 2 2 3 3 3 3 4 4
3 62624256 1 2 1 1 1 1 1 2 3 0 2 3 3 3 3 4 4
3 62624256 1 2 1 1 1 1 1 3 2 0 2 3 3 3 3 4 4
3 62624256 2 3 1 1 1 1 1 2 2 0 2 3 3 3 3 4 4
3 62624320 1 2 1 1 1 1 1 2 3 1 2 3 3 3 3 4 5
3 65732608 1 2 3 1 1 2 1 1 1 0 0 2 2 3 3 3 3
3 65738752 1 3 1 1 1 1 1 2 2 0 2 2 2 3 3 4 4
3 66654400 1 3 1 1 1 1 1 2 2 1 2 2 3 3 3 4 4
3 66719872 1 3 1 1 1 1 1 2 2 0 2 2 3 3 3 3 4
3 66719872 1 3 1 1 1 2 1 1 2 0 2 2 3 3 3 3 4
3 66719904 1 3 1 1 1 1 1 2 2 1 2 2 3 3 3 4 4
3 66721794 1 3 1 1 1 1 1 2 2 1 2 2 3 3 3 4 4
3 66785280 1 3 1 1 1 1 1 2 2 0 1 2 3 3 3 4 4
3 66818113 1 1 1 1 1 1 2 2 3 2 2 3 3 3 4 4 5
3 74931312 2 1 1 1 1 1 2 2 3 3 3 3 3 3 4 4 5
3 78601328 2 1 1 1 1 1 2 2 3 3 3 3 3 3 4 4 5
3 82263152 2 1 1 1 1 1 2 2 3 3 3 3 3 3 4 4 5
3 82524784 2 1 1 1 1 1 2 2 3 3 3 3 3 3 4 4 5
3 82778352 2 1 1 1 1 1 2 2 3 3 3 3 3 3 4 4 5
3 82810976 1 1 1 1 1 1 2 2 3 2 2 3 3 3 4 4 5
3 83334240 1 1 1 1 1 1 2 2 3 2 2 3 3 3 4 4 5
3 83336256 1 1 1 1 1 1 2 2 3 1 3 3 3 3 4 4 5
3 83595872 1 1 1 1 1 1 2 2 3 2 2 3 3 3 4 4 5
3 86985760 1 2 3 1 1 1 1 1 2 1 2 3 3 3 3 3 4
3 86985760 1 3 1 1 1 1 1 2 2 1 2 3 3 3 3 3 4
3 86985760 1 3 1 1 1 1 2 1 2 1 2 3 3 3 3 3 4
3 86985760 1 3 1 1 1 2 1 1 2 1 2 3 3 3 3 3 4
3 86985760 1 3 1 1 2 1 1 1 2 1 2 3 3 3 3 3 4
3 86985760 1 3 1 2 1 1 1 1 2 1 2 3 3 3 3 3 4
3 86985760 1 3 2 1 1 1 1 1 2 1 2 3 3 3 3 3 4
3 86989856 1 2 1 1 1 1 1 2 3 1 3 3 3 3 3 3 5
3 86989856 1 2 1 1 1 1 2 1 3 1 3 3 3 3 3 3 5
3 86989856 1 2 1 1 2 1 1 1 3 1 3 3 3 3 3 3 5
3 86989856 1 2 1 2 1 1 1 1 3 1 3 3 3 3 3 3 5
3 87510032 1 2 3 1 1 1 1 1 2 1 2 3 3 3 3 3 4
3 87510032 1 3 1 1 1 1 1 2 2 1 2 3 3 3 3 3 4
3 87510032 1 3 1 1 2 1 1 1 2 1 2 3 3 3 3 3 4
3 87510032 1 3 2 1 1 1 1 1 2 1 2 3 3 3 3 3 4
3 87514128 1 2 1 1 1 1 1 2 3 1 3 3 3 3 3 3 5
3 87514128 1 2 1 1 2 1 1 1 3 1 3 3 3 3 3 3 5
3 87514128 1 2 2 1 1 1 1 1 3 1 3 3 3 3 3 3 5
3 87514160 1 1 1 1 1 1 2 2 3 2 3 3 3 3 3 4 5
3 87514160 1 1 1 1 1 2 1 2 3 2 3 3 3 3 3 4 5
3 87514160 1 1 1 1 2 1 1 2 3 2 3 3 3 3 3 4 5
3 87514160 1 1 2 1 1 1 1 2 3 2 3 3 3 3 3 4 5
3 87514160 1 2 1 1 1 1 1 2 3 2 3 3 3 3 3 4 5
3 87524896 1 2 3 1 1 1 1 1 2 1 2 3 3 3 3 3 4
3 87524896 1 3 1 1 1 1 1 2 2 1 2 3 3 3 3 3 4
3 87524896 1 3 1 1 1 1 2 1 2 1 2 3 3 3 3 3 4
3 87524896 1 3 1 1 2 1 1 1 2 1 2 3 3 3 3 3 4
3 87524896 1 3 2 1 1 1 1 1 2 1 2 3 3 3 3 3 4
3 87525904 1 2 3 1 1 1 1 1 2 1 2 3 3 3 3 3 4
3 87525904 1 3 1 1 1 1 1 2 2 1 2 3 3 3 3 3 4
3 87525904 1 3 1 1 2 1 1 1 2 1 2 3 3 3 3 3 4
3 87525904 1 3 1 2 1 1 1 1 2 1 2 3 3 3 3 3 4
3 87525904 1 3 2 1 1 1 1 1 2 1 2 3 3 3 3 3 4
3 91162656 1 2 3 1 1 1 1 1 2 1 1 2 3 3 3 3 4
3 91162784 1 2 3 1 1 1 1 1 2 1 2 3 3 3 3 3 4
3 91162784 1 3 1 1 1 1 1 2 2 1 2 3 3 3 3 3 4
3 91162784 1 3 1 1 1 1 2 1 2 1 2 3 3 3 3 3 4
3 91162784 1 3 1 2 1 1 1 1 2 1 2 3 3 3 3 3 4
3 91162784 1 3 2 1 1 1 1 1 2 1 2 3 3 3 3 3 4
3 91166880 1 2 1 1 1 1 1 2 3 1 3 3 3 3 3 3 5
3 91166880 1 2 1 1 1 1 2 1 3 1 3 3 3 3 3 3 5
3 91166880 1 2 1 2 1 1 1 1 3 1 3 3 3 3 3 3 5
3 91432480 1 2 3 1 1 1 1 1 2 1 2 3 3 3 3 3 4
3 91432480 1 3 1 1 1 1 1 2 2 1 2 3 3 3 3 3 4
3 91432480 1 3 1 1 1 1 2 1 2 1 2 3 3 3 3 3 4
3 91432480 1 3 1 1 2 1 1 1 2 1 2 3 3 3 3 3 4
3 91432480 1 3 2 1 1 1 1 1 2 1 2 3 3 3 3 3 4
3 91433488 1 2 3 1 1 1 1 1 2 1 2 3 3 3 3 3 4
3 91433488 1 3 1 1 1 1 1 2 2 1 2 3 3 3 3 3 4
3 91433488 1 3 1 1 2 1 1 1 2 1 2 3 3 3 3 3 4
3 91433488 1 3 2 1 1 1 1 1 2 1 2 3 3 3 3 3 4
3 91437584 1 2 1 1 1 1 1 2 3 1 3 3 3 3 3 3 5
3 91437584 1 2 1 1 2 1 1 1 3 1 3 3 3 3 3 3 5
3 91437584 1 2 2 1 1 1 1 1 3 1 3 3 3 3 3 3 5
3 91437616 1 1 1 1 1 1 2 2 3 2 3 3 3 3 3 4 5
3 91437616 1 1 1 1 1 2 1 2 3 2 3 3 3 3 3 4 5
3 91437616 1 1 1 1 2 1 1 2 3 2 3 3 3 3 3 4 5
3 91437616 1 1 2 1 1 1 1 2 3 2 3 3 3 3 3 4 5
3 91437616 1 2 1 1 1 1 1 2 3 2 3 3 3 3 3 4 5
3 91440416 1 2 3 1 1 1 1 1 2 1 2 3 3 3 3 3 4
3 91440416 1 3 1 1 1 1 1 2 2 1 2 3 3 3 3 3 4
3 91440416 1 3 1 1 1 1 2 1 2 1 2 3 3 3 3 3 4
3 91440416 1 3 1 1 1 2 1 1 2 1 2 3 3 3 3 3 4
3 91440416 1 3 1 1 2 1 1 1 2 1 2 3 3 3 3 3 4
3 91440416 1 3 1 2 1 1 1 1 2 1 2 3 3 3 3 3 4
3 91440416 1 3 2 1 1 1 1 1 2 1 2 3 3 3 3 3 4
3 91441424 1 2 3 1 1 1 1 1 2 1 2 3 3 3 3 3 4
3 91441424 1 3 1 1 1 1 1 2 2 1 2 3 3 3 3 3 4
3 91441424 1 3 1 1 2 1 1 1 2 1 2 3 3 3 3 3 4
3 91441424 1 3 1 2 1 1 1 1 2 1 2 3 3 3 3 3 4
3 91441424 1 3 2 1 1 1 1 1 2 1 2 3 3 3 3 3 4
3 91442180 1 2 3 1 1 1 1 1 2 1 2 3 3 3 3 3 4
3 91442180 1 3 1 1 1 1 1 2 2 1 2 3 3 3 3 3 4
3 91442180 1 3 1 1 2 1 1 1 2 1 2 3 3 3 3 3 4
3 91442180 1 3 1 2 1 1 1 1 2 1 2 3 3 3 3 3 4
3 91442180 1 3 2 1 1 1 1 1 2 1 2 3 3 3 3 3 4
3 91446276 1 2 1 1 1 1 1 2 3 1 3 3 3 3 3 3 5
3 91446276 1 2 1 1 2 1 1 1 3 1 3 3 3 3 3 3 5
3 91446276 1 2 1 2 1 1 1 1 3 1 3 3 3 3 3 3 5
3 91446308 1 1 1 1 1 1 2 2 3 2 3 3 3 3 3 4 5
3 91446308 1 1 1 1 2 1 1 2 3 2 3 3 3 3 3 4 5
3 91446308 1 1 1 2 1 1 1 2 3 2 3 3 3 3 3 4 5
3 91446308 1 2 1 1 1 1 1 2 3 2 3 3 3 3 3 4 5
3 91588672 1 2 3 1 1 1 1 1 2 1 1 2 3 3 3 3 4
3 91588672 1 3 2 1 1 1 1 1 2 1 1 2 3 3 3 3 4
3 91592704 1 2 1 3 1 1 1 1 2 0 2 2 3 3 3 3 4
3 91592704 1 2 3 1 1 1 1 1 2 0 2 2 3 3 3 3 4
3 91592704 1 3 1 1 1 1 1 2 2 0 2 2 3 3 3 3 4
3 91592704 1 3 1 1 2 1 1 1 2 0 2 2 3 3 3 3 4
3 91592704 1 3 1 2 1 1 1 1 2 0 2 2 3 3 3 3 4
3 91592704 1 3 2 1 1 1 1 1 2 0 2 2 3 3 3 3 4
3 91654176 1 2 3 1 1 1 1 1 2 1 1 2 3 3 3 3 4
3 91685920 1 2 3 1 1 1 1 1 2 1 1 2 3 3 3 3 4
3 91685920 1 3 2 1 1 1 1 1 2 1 1 2 3 3 3 3 4
3 91719680 1 2 2 1 1 1 1 1 3 0 1 3 3 3 3 3 4
3 91719680 2 2 3 1 1 1 1 1 2 0 1 3 3 3 3 3 4
3 91719680 1 3 1 1 1 1 1 2 2 0 1 3 3 3 3 3 4
3 91719680 1 3 1 1 2 1 1 1 2 0 1 3 3 3 3 3 4
3 91719680 2 3 2 1 1 1 1 1 2 0 1 3 3 3 3 3 4
3 91719681 1 2 3 1 1 1 1 1 2 1 2 3 3 3 3 3 4
3 91719681 1 3 1 1 1 1 1 2 2 1 2 3 3 3 3 3 4
3 91719681 1 3 1 1 2 1 1 1 2 1 2 3 3 3 3 3 4
3 91719681 1 3 2 1 1 1 1 1 2 1 2 3 3 3 3 3 4
3 91719744 1 2 2 1 1 1 1 1 3 1 1 3 3 3 3 3 5
3 91720800 1 1 1 1 1 1 2 2 3 2 2 3 3 3 4 4 5
3 91723776 1 2 1 1 1 1 1 2 3 0 2 3 3 3 3 3 5
3 91723776 1 2 1 1 2 1 1 1 3 0 2 3 3 3 3 3 5
3 91723776 1 2 2 1 1 1 1 1 3 0 2 3 3 3 3 3 5
3 91723808 1 2 1 1 1 1 1 2 3 1 2 3 3 3 3 4 5
3 91724832 1 1 1 1 1 1 2 2 3 1 3 3 3 3 4 4 5
3 91982432 1 1 1 1 1 1 2 2 3 2 2 3 3 3 4 4 5
3 95626768 1 3 1 1 1 1 1 2 2 1 2 3 3 3 3 3 4
3 95626768 1 3 1 1 1 2 1 1 2 1 2 3 3 3 3 3 4
3 95626768 1 3 1 1 2 1 1 1 2 1 2 3 3 3 3 3 4
3 95632408 1 1 1 1 1 1 2 2 3 2 3 3 3 3 3 4 5
3 95632408 1 1 1 1 1 2 1 2 3 2 3 3 3 3 3 4 5
3 95632408 1 1 1 1 2 1 1 2 3 2 3 3 3 3 3 4 5
3 95632408 1 1 2 1 1 1 1 2 3 2 3 3 3 3 3 4 5
3 95632408 1 2 1 1 1 1 1 2 3 2 3 3 3 3 3 4 5
3 95650576 1 3 1 1 1 1 1 2 2 1 2 3 3 3 3 3 4
3 95650576 1 3 1 1 1 2 1 1 2 1 2 3 3 3 3 3 4
3 95650576 1 3 1 2 1 1 1 1 2 1 2 3 3 3 3 3 4
3 95651080 1 3 1 1 1 1 1 2 2 1 2 3 3 3 3 3 4
3 95651080 1 3 1 1 1 2 1 1 2 1 2 3 3 3 3 3 4
3 95651080 1 3 1 1 2 1 1 1 2 1 2 3 3 3 3 3 4
3 95651080 1 3 1 2 1 1 1 1 2 1 2 3 3 3 3 3 4
3 95656972 1 1 1 1 1 1 2 2 3 2 3 3 3 3 3 4 5
3 95656972 1 1 1 1 1 2 1 2 3 2 3 3 3 3 3 4 5
3 95656972 1 1 1 2 1 1 1 2 3 2 3 3 3 3 3 4 5
3 95656972 1 2 1 1 1 1 1 2 3 2 3 3 3 3 3 4 5
3 95785984 1 2 1 3 1 1 1 1 2 0 2 2 3 3 3 3 4
3 95785984 1 3 1 1 1 1 1 2 2 0 2 2 3 3 3 3 4
3 95785984 1 3 1 1 1 2 1 1 2 0 2 2 3 3 3 3 4
3 95785984 1 3 1 2 1 1 1 1 2 0 2 2 3 3 3 3 4
3 95847456 1 2 3 1 1 1 1 1 2 1 1 2 3 3 3 3 4
3 95847456 1 3 2 1 1 1 1 1 2 1 1 2 3 3 3 3 4
3 95912960 1 3 1 1 1 1 1 2 2 0 1 3 3 3 3 3 4
3 95912960 1 3 1 1 1 2 1 1 2 0 1 3 3 3 3 3 4
3 95912960 1 3 1 2 1 1 1 1 2 0 1 3 3 3 3 3 4
3 95912961 1 3 1 1 1 1 1 2 2 1 2 3 3 3 3 3 4
3 95912961 1 3 1 1 1 2 1 1 2 1 2 3 3 3 3 3 4
3 95912961 1 3 1 2 1 1 1 1 2 1 2 3 3 3 3 3 4
3 95915072 1 2 1 1 1 1 1 2 3 1 2 3 3 3 3 4 5
3 95915088 1 1 1 1 1 1 2 2 3 2 2 3 3 3 4 4 5
3 95917056 1 2 1 1 1 1 1 2 3 0 2 3 3 3 3 3 5
3 95917056 1 2 1 1 1 2 1 1 3 0 2 3 3 3 3 3 5
3 95917056 1 2 1 2 1 1 1 1 3 0 2 3 3 3 3 3 5
3 95917088 1 2 1 1 1 1 1 2 3 1 2 3 3 3 3 4 5
3 95918096 1 2 1 1 1 1 1 2 3 1 2 3 3 3 3 4 5
3 95919104 2 2 1 1 1 1 1 2 3 0 3 3 3 3 3 4 5
3 95919120 1 1 1 1 1 1 2 2 3 1 3 3 3 3 4 4 5
3 95995968 1 2 3 1 1 1 1 1 2 1 1 2 3 3 3 3 4
3 95995968 1 3 2 1 1 1 1 1 2 1 1 2 3 3 3 3 4
3 96000000 1 2 3 1 1 1 1 1 2 0 2 2 3 3 3 3 4
3 96000000 1 3 1 1 1 1 1 2 2 0 2 2 3 3 3 3 4
3 96000000 1 3 1 1 1 2 1 1 2 0 2 2 3 3 3 3 4
3 96000000 1 3 1 1 2 1 1 1 2 0 2 2 3 3 3 3 4
3 96000000 1 3 2 1 1 1 1 1 2 0 2 2 3 3 3 3 4
3 96031744 1 2 1 3 1 1 1 1 2 0 2 2 3 3 3 3 4
3 96031744 1 3 1 1 1 1 1 2 2 0 2 2 3 3 3 3 4
3 96031744 1 3 1 1 1 2 1 1 2 0 2 2 3 3 3 3 4
3 96031744 1 3 1 1 2 1 1 1 2 0 2 2 3 3 3 3 4
3 96031744 1 3 1 2 1 1 1 1 2 0 2 2 3 3 3 3 4
3 96047616 1 2 1 3 1 1 1 1 2 0 2 2 3 3 3 3 4
3 96047616 1 3 1 1 1 1 1 2 2 0 2 2 3 3 3 3 4
3 96047616 1 3 1 1 1 2 1 1 2 0 2 2 3 3 3 3 4
3 96047616 1 3 1 1 2 1 1 1 2 0 2 2 3 3 3 3 4
3 96047616 1 3 1 2 1 1 1 1 2 0 2 2 3 3 3 3 4
3 96093216 1 2 3 1 1 1 1 1 2 1 1 2 3 3 3 3 4
3 96093216 1 3 2 1 1 1 1 1 2 1 1 2 3 3 3 3 4
3 96109088 1 2 3 1 1 1 1 1 2 1 1 2 3 3 3 3 4
3 96109088 1 3 2 1 1 1 1 1 2 1 1 2 3 3 3 3 4
3 96174592 1 3 1 1 1 1 1 2 2 0 1 3 3 3 3 3 4
3 96174592 1 3 1 1 1 2 1 1 2 0 1 3 3 3 3 3 4
3 96174592 1 3 1 1 2 1 1 1 2 0 1 3 3 3 3 3 4
3 96174593 1 3 1 1 1 1 1 2 2 1 2 3 3 3 3 3 4
3 96174593 1 3 1 1 1 2 1 1 2 1 2 3 3 3 3 3 4
3 96174593 1 3 1 1 2 1 1 1 2 1 2 3 3 3 3 3 4
3 96175712 1 1 1 1 1 1 2 2 3 2 2 3 3 3 4 4 5
3 96176704 1 2 1 1 1 1 1 2 3 1 2 3 3 3 3 4 5
3 96176720 1 1 1 1 1 1 2 2 3 2 2 3 3 3 4 4 5
3 96177224 1 1 1 1 1 1 2 2 3 2 2 3 3 3 4 4 5
3 96178688 1 2 1 1 1 1 1 2 3 0 2 3 3 3 3 3 5
3 96178688 1 2 1 1 1 2 1 1 3 0 2 3 3 3 3 3 5
3 96178688 1 2 1 1 2 1 1 1 3 0 2 3 3 3 3 3 5
3 96178720 1 2 1 1 1 1 1 2 3 1 2 3 3 3 3 4 5
3 96180232 1 2 1 1 1 1 1 2 3 1 2 3 3 3 3 4 5
3 96181256 1 1 1 1 1 1 2 2 3 1 3 3 3 3 4 4 5
3 99289088 1 2 3 1 1 1 1 1 2 0 1 2 2 3 3 3 4
3 99289088 1 3 2 1 1 1 1 1 2 0 1 2 2 3 3 3 4
3 100208640 1 2 1 3 1 1 1 1 2 0 1 1 3 3 3 3 4
3 100208640 1 3 1 2 1 1 1 1 2 0 1 1 3 3 3 3 4
3 100208768 1 2 1 3 1 1 1 1 2 0 2 2 3 3 3 3 4
3 100208768 1 3 1 1 1 1 1 2 2 0 2 2 3 3 3 3 4
3 100208768 1 3 1 1 1 2 1 1 2 0 2 2 3 3 3 3 4
3 100208768 1 3 1 2 1 1 1 1 2 0 2 2 3 3 3 3 4
3 100270240 1 2 3 1 1 1 1 1 2 1 1 2 3 3 3 3 4
3 100270240 1 3 2 1 1 1 1 1 2 1 1 2 3 3 3 3 4
3 100341760 1 2 1 1 1 1 1 2 3 0 2 2 3 3 3 4 5
3 100370497 1 1 1 1 1 1 2 2 3 2 2 3 3 3 4 4 5
3 105855584 1 1 1 1 1 1 2 2 3 2 3 3 3 3 4 4 4
3 105855584 1 1 1 1 1 1 3 2 2 2 3 3 3 3 4 4 4
3 106331232 1 1 1 1 1 1 2 2 3 2 3 3 3 3 4 4 4
3 106331232 1 1 1 1 1 1 3 2 2 2 3 3 3 3 4 4 4
3 106347104 1 1 1 1 1 1 2 2 3 2 3 3 3 3 4 4 4
3 106347104 1 1 1 1 1 1 2 3 2 2 3 3 3 3 4 4 4
3 106347104 1 1 1 1 1 1 3 2 2 2 3 3 3 3 4 4 4
3 106355040 1 1 1 1 1 1 2 2 3 2 3 3 3 3 4 4 4
3 106355040 1 1 1 1 1 1 2 3 2 2 3 3 3 3 4 4 4
3 106355040 1 1 1 1 1 1 3 2 2 2 3 3 3 3 4 4 4
3 106379856 1 1 1 1 1 1 2 2 3 2 3 3 3 3 4 4 4
3 106379856 1 1 1 1 1 1 2 3 2 2 3 3 3 3 4 4 4
3 106379856 1 1 1 1 1 1 3 2 2 2 3 3 3 3 4 4 4
3 106380360 1 1 1 1 1 1 2 2 3 2 3 3 3 3 4 4 4
3 106380360 1 1 1 1 1 1 2 3 2 2 3 3 3 3 4 4 4
3 106380360 1 1 1 1 1 1 3 2 2 2 3 3 3 3 4 4 4
3 106388548 1 1 1 1 1 1 2 2 3 2 3 3 3 3 4 4 4
3 106388548 1 1 1 1 1 1 2 3 2 2 3 3 3 3 4 4 4
3 106388548 1 1 1 1 1 1 3 2 2 2 3 3 3 3 4 4 4
3 106641992 1 1 1 1 1 1 2 2 3 2 3 3 3 3 4 4 4
3 106641992 1 1 1 1 1 1 2 3 2 2 3 3 3 3 4 4 4
3 106641992 1 1 1 1 1 1 3 2 2 2 3 3 3 3 4 4 4
3 106650180 1 1 1 1 1 1 2 2 3 2 3 3 3 3 4 4 4
3 106650180 1 1 1 1 1 1 2 3 2 2 3 3 3 3 4 4 4
3 106650180 1 1 1 1 1 1 3 2 2 2 3 3 3 3 4 4 4
3 106895560 1 1 1 1 1 1 2 2 3 2 3 3 3 3 4 4 4
3 106895560 1 1 1 1 1 1 2 3 2 2 3 3 3 3 4 4 4
3 106895560 1 1 1 1 1 1 3 2 2 2 3 3 3 3 4 4 4
3 106895938 1 1 1 1 1 1 2 2 3 2 3 3 3 3 4 4 4
3 106895938 1 1 1 1 1 1 2 3 2 2 3 3 3 3 4 4 4
3 106895938 1 1 1 1 1 1 3 2 2 2 3 3 3 3 4 4 4
3 107428464 2 1 1 1 1 1 2 2 3 3 3 3 3 3 4 4 5
3 107690600 2 1 1 1 1 1 2 2 3 3 3 3 3 3 4 4 5
3 107944168 2 1 1 1 1 1 2 2 3 3 3 3 3 3 4 4 5
3 107960416 1 1 1 1 1 1 2 2 3 2 2 3 3 3 4 4 5
3 108214808 1 1 1 1 1 1 2 2 3 2 3 3 3 3 4 4 4
3 108214808 1 1 1 1 1 1 3 2 2 2 3 3 3 3 4 4 4
3 108222996 1 1 1 1 1 1 2 2 3 2 3 3 3 3 4 4 4
3 108222996 1 1 1 1 1 1 3 2 2 2 3 3 3 3 4 4 4
3 108223500 1 1 1 1 1 1 2 2 3 2 3 3 3 3 4 4 4
3 108223500 1 1 1 1 1 1 3 2 2 2 3 3 3 3 4 4 4
3 108483680 1 1 1 1 1 1 2 2 3 2 2 3 3 3 4 4 5
3 108485696 1 1 1 1 1 1 2 2 3 1 3 3 3 3 4 4 5
3 108499552 1 1 1 1 1 1 2 2 3 2 2 3 3 3 4 4 5
3 110525520 1 1 1 1 1 1 2 2 3 2 3 3 3 3 4 4 4
3 110525520 1 1 1 1 1 1 2 3 2 2 3 3 3 3 4 4 4
3 110525520 1 1 1 1 1 1 3 2 2 2 3 3 3 3 4 4 4
3 110540384 1 1 1 1 1 1 2 2 3 2 3 3 3 3 4 4 4
3 110540384 1 1 1 1 1 1 2 3 2 2 3 3 3 3 4 4 4
3 110540384 1 1 1 1 1 1 3 2 2 2 3 3 3 3 4 4 4
3 110541392 1 1 1 1 1 1 2 2 3 2 3 3 3 3 4 4 4
3 110541392 1 1 1 1 1 1 2 3 2 2 3 3 3 3 4 4 4
3 110541392 1 1 1 1 1 1 3 2 2 2 3 3 3 3 4 4 4
3 110541896 1 1 1 1 1 1 2 2 3 2 3 3 3 3 4 4 4
3 110541896 1 1 1 1 1 1 2 3 2 2 3 3 3 3 4 4 4
3 110541896 1 1 1 1 1 1 3 2 2 2 3 3 3 3 4 4 4
3 110786144 1 1 1 1 1 1 2 2 3 2 3 3 3 3 4 4 4
3 110786144 1 1 1 1 1 1 3 2 2 2 3 3 3 3 4 4 4
3 110787152 1 1 1 1 1 1 2 2 3 2 3 3 3 3 4 4 4
3 110787152 1 1 1 1 1 1 2 3 2 2 3 3 3 3 4 4 4
3 110787152 1 1 1 1 1 1 3 2 2 2 3 3 3 3 4 4 4
3 110787656 1 1 1 1 1 1 2 2 3 2 3 3 3 3 4 4 4
3 110787656 1 1 1 1 1 1 2 3 2 2 3 3 3 3 4 4 4
3 110787656 1 1 1 1 1 1 3 2 2 2 3 3 3 3 4 4 4
3 110803528 1 1 1 1 1 1 2 2 3 2 3 3 3 3 4 4 4
3 110803528 1 1 1 1 1 1 2 3 2 2 3 3 3 3 4 4 4
3 110803528 1 1 1 1 1 1 3 2 2 2 3 3 3 3 4 4 4
3 110811464 1 1 1 1 1 1 2 2 3 2 3 3 3 3 4 4 4
3 110811464 1 1 1 1 1 1 2 3 2 2 3 3 3 3 4 4 4
3 110811464 1 1 1 1 1 1 3 2 2 2 3 3 3 3 4 4 4
3 110811716 1 1 1 1 1 1 2 2 3 2 3 3 3 3 4 4 4
3 110811716 1 1 1 1 1 1 2 3 2 2 3 3 3 3 4 4 4
3 110811716 1 1 1 1 1 1 3 2 2 2 3 3 3 3 4 4 4
3 111039712 1 1 1 1 1 1 2 2 3 2 3 3 3 3 4 4 4
3 111039712 1 1 1 1 1 1 3 2 2 2 3 3 3 3 4 4 4
3 111040720 1 1 1 1 1 1 2 2 3 2 3 3 3 3 4 4 4
3 111040720 1 1 1 1 1 1 2 3 2 2 3 3 3 3 4 4 4
3 111040720 1 1 1 1 1 1 3 2 2 2 3 3 3 3 4 4 4
3 111041602 1 1 1 1 1 1 2 2 3 2 3 3 3 3 4 4 4
3 111041602 1 1 1 1 1 1 2 3 2 2 3 3 3 3 4 4 4
3 111041602 1 1 1 1 1 1 3 2 2 2 3 3 3 3 4 4 4
3 111057096 1 1 1 1 1 1 2 2 3 2 3 3 3 3 4 4 4
3 111057096 1 1 1 1 1 1 2 3 2 2 3 3 3 3 4 4 4
3 111057096 1 1 1 1 1 1 3 2 2 2 3 3 3 3 4 4 4
3 111057474 1 1 1 1 1 1 2 2 3 2 3 3 3 3 4 4 4
3 111057474 1 1 1 1 1 1 2 3 2 2 3 3 3 3 4 4 4
3 111057474 1 1 1 1 1 1 3 2 2 2 3 3 3 3 4 4 4
3 111073345 1 1 1 1 1 1 2 2 3 2 3 3 3 3 4 4 4
3 111073345 1 1 1 1 1 1 2 3 2 2 3 3 3 3 4 4 4
3 111073345 1 1 1 1 1 1 3 2 2 2 3 3 3 3 4 4 4
3 111574128 2 1 1 1 1 1 2 2 3 3 3 3 3 3 4 4 5
3 111590000 2 1 1 1 1 1 2 2 3 3 3 3 3 3 4 4 5
3 111597936 2 1 1 1 1 1 2 2 3 3 3 3 3 3 4 4 5
3 111623192 1 1 1 1 1 1 2 2 3 2 3 3 3 3 4 4 4
3 111623192 1 1 1 1 1 1 2 3 2 2 3 3 3 3 4 4 4
3 111623192 1 1 1 1 1 1 3 2 2 2 3 3 3 3 4 4 4
3 111647756 1 1 1 1 1 1 2 2 3 2 3 3 3 3 4 4 4
3 111647756 1 1 1 1 1 1 3 2 2 2 3 3 3 3 4 4 4
3 111852072 1 1 1 1 1 1 2 2 3 2 3 3 3 3 4 4 4
3 111852072 1 1 1 1 1 1 2 3 2 2 3 3 3 3 4 4 4
3 111852072 1 1 1 1 1 1 3 2 2 2 3 3 3 3 4 4 4
3 111852136 2 1 1 1 1 1 2 2 3 3 3 3 3 3 4 4 5
3 111860008 1 1 1 1 1 1 2 2 3 2 3 3 3 3 4 4 4
3 111860008 1 1 1 1 1 1 2 3 2 2 3 3 3 3 4 4 4
3 111860008 1 1 1 1 1 1 3 2 2 2 3 3 3 3 4 4 4
3 111860072 2 1 1 1 1 1 2 2 3 3 3 3 3 3 4 4 5
3 111860260 1 1 1 1 1 1 2 2 3 2 3 3 3 3 4 4 4
3 111860260 1 1 1 1 1 1 2 3 2 2 3 3 3 3 4 4 4
3 111860260 1 1 1 1 1 1 3 2 2 2 3 3 3 3 4 4 4
3 111884824 1 1 1 1 1 1 2 2 3 2 3 3 3 3 4 4 4
3 111884824 1 1 1 1 1 1 2 3 2 2 3 3 3 3 4 4 4
3 111884824 1 1 1 1 1 1 3 2 2 2 3 3 3 3 4 4 4
3 111893012 1 1 1 1 1 1 2 2 3 2 3 3 3 3 4 4 4
3 111893012 1 1 1 1 1 1 2 3 2 2 3 3 3 3 4 4 4
3 111893012 1 1 1 1 1 1 3 2 2 2 3 3 3 3 4 4 4
3 111893516 1 1 1 1 1 1 2 2 3 2 3 3 3 3 4 4 4
3 111893516 1 1 1 1 1 1 2 3 2 2 3 3 3 3 4 4 4
3 111893516 1 1 1 1 1 1 3 2 2 2 3 3 3 3 4 4 4
3 112121889 1 1 1 1 1 1 2 2 3 2 3 3 3 3 4 4 4
3 112121889 1 1 1 1 1 1 2 3 2 2 3 3 3 3 4 4 4
3 112121889 1 1 1 1 1 1 3 2 2 2 3 3 3 3 4 4 4
3 112121952 1 1 1 1 1 1 2 2 3 2 2 3 3 3 4 4 5
3 112121953 2 1 1 1 1 1 2 2 3 3 3 3 3 3 4 4 5
3 112138392 1 1 1 1 1 1 2 2 3 2 3 3 3 3 4 4 4
3 112138392 1 1 1 1 1 1 2 3 2 2 3 3 3 3 4 4 4
3 112138392 1 1 1 1 1 1 3 2 2 2 3 3 3 3 4 4 4
3 112138770 1 1 1 1 1 1 2 2 3 2 3 3 3 3 4 4 4
3 112138770 1 1 1 1 1 1 2 3 2 2 3 3 3 3 4 4 4
3 112138770 1 1 1 1 1 1 3 2 2 2 3 3 3 3 4 4 4
3 112139274 1 1 1 1 1 1 2 2 3 2 3 3 3 3 4 4 4
3 112139274 1 1 1 1 1 1 2 3 2 2 3 3 3 3 4 4 4
3 112139274 1 1 1 1 1 1 3 2 2 2 3 3 3 3 4 4 4
3 112153696 1 1 1 1 1 1 2 2 3 2 2 3 3 3 4 4 5
3 112155712 1 1 1 1 1 1 2 2 3 1 3 3 3 3 4 4 5
3 112169568 1 1 1 1 1 1 2 2 3 2 2 3 3 3 4 4 5
3 112677968 1 1 1 1 1 1 2 2 3 2 2 3 3 3 4 4 5
3 112693840 1 1 1 1 1 1 2 2 3 2 2 3 3 3 4 4 5
3 112955976 1 1 1 1 1 1 2 2 3 2 2 3 3 3 4 4 5
3 115505520 2 1 1 1 1 1 2 2 3 3 3 3 3 3 4 4 5
3 115521896 2 1 1 1 1 1 2 2 3 3 3 3 3 3 4 4 5
3 115530084 2 1 1 1 1 1 2 2 3 3 3 3 3 3 4 4 5
3 115775716 2 1 1 1 1 1 2 2 3 3 3 3 3 3 4 4 5
3 115783776 1 1 1 1 1 1 2 2 3 2 2 3 3 3 4 4 5
3 115783777 2 1 1 1 1 1 2 2 3 3 3 3 3 3 4 4 5
3 115815520 1 1 1 1 1 1 2 2 3 2 2 3 3 3 4 4 5
3 115817536 1 1 1 1 1 1 2 2 3 1 3 3 3 3 4 4 5
3 115839328 1 1 1 1 1 1 2 2 3 2 2 3 3 3 4 4 5
3 116070540 1 1 1 1 1 1 2 2 3 2 3 3 3 3 4 4 4
3 116070540 1 1 1 1 1 1 3 2 2 2 3 3 3 3 4 4 4
3 116070666 1 1 1 1 1 1 2 2 3 2 3 3 3 3 4 4 4
3 116070666 1 1 1 1 1 1 2 3 2 2 3 3 3 3 4 4 4
3 116070666 1 1 1 1 1 1 3 2 2 2 3 3 3 3 4 4 4
3 116077152 1 1 1 1 1 1 2 2 3 2 2 3 3 3 4 4 5
3 116079168 1 1 1 1 1 1 2 2 3 1 3 3 3 3 4 4 5
3 116085088 1 1 1 1 1 1 2 2 3 2 2 3 3 3 4 4 5
3 116330720 1 1 1 1 1 1 2 2 3 2 2 3 3 3 4 4 5
3 116332547 1 1 1 1 1 1 2 2 3 2 3 3 3 3 4 4 4
3 116332547 1 1 1 1 1 1 3 2 2 2 3 3 3 3 4 4 4
3 116332736 1 1 1 1 1 1 2 2 3 1 3 3 3 3 4 4 5
3 116601424 1 1 1 1 1 1 2 2 3 2 2 3 3 3 4 4 5
3 116609360 1 1 1 1 1 1 2 2 3 2 2 3 3 3 4 4 5
3 116625736 1 1 1 1 1 1 2 2 3 2 2 3 3 3 4 4 5
3 116887617 1 1 1 1 1 1 2 2 3 2 2 3 3 3 4 4 5
3 120540256 1 1 1 1 1 1 2 2 3 2 2 3 3 3 4 4 5
3 120544288 1 1 1 1 1 1 2 2 3 1 3 3 3 3 4 4 5
3 120556128 1 1 1 1 1 1 2 2 3 2 2 3 3 3 4 4 5
3 121064528 1 1 1 1 1 1 2 2 3 2 2 3 3 3 4 4 5
3 121068560 1 1 1 1 1 1 2 2 3 1 3 3 3 3 4 4 5
3 121079392 1 1 1 1 1 1 2 2 3 2 2 3 3 3 4 4 5
3 121080400 1 1 1 1 1 1 2 2 3 2 2 3 3 3 4 4 5
3 121080904 1 1 1 1 1 1 2 2 3 2 2 3 3 3 4 4 5
3 121084936 1 1 1 1 1 1 2 2 3 1 3 3 3 3 4 4 5
3 121342536 1 1 1 1 1 1 2 2 3 2 2 3 3 3 4 4 5
3 124463712 1 1 1 1 1 1 2 2 3 2 2 3 3 3 4 4 5
3 124467744 1 1 1 1 1 1 2 2 3 1 3 3 3 3 4 4 5
3 124717280 1 1 1 1 1 1 2 2 3 2 2 3 3 3 4 4 5
3 124721312 1 1 1 1 1 1 2 2 3 1 3 3 3 3 4 4 5
3 124986976 1 1 1 1 1 1 2 2 3 2 2 3 3 3 4 4 5
3 124987984 1 1 1 1 1 1 2 2 3 2 2 3 3 3 4 4 5
3 124988488 1 1 1 1 1 1 2 2 3 2 2 3 3 3 4 4 5
3 124992016 1 1 1 1 1 1 2 2 3 1 3 3 3 3 4 4 5
3 124992520 1 1 1 1 1 1 2 2 3 1 3 3 3 3 4 4 5
3 124994912 1 1 1 1 1 1 2 2 3 2 2 3 3 3 4 4 5
3 124995920 1 1 1 1 1 1 2 2 3 2 2 3 3 3 4 4 5
3 124996676 1 1 1 1 1 1 2 2 3 2 2 3 3 3 4 4 5
3 125000708 1 1 1 1 1 1 2 2 3 1 3 3 3 3 4 4 5
3 125010784 1 1 1 1 1 1 2 2 3 2 2 3 3 3 4 4 5
3 125012296 1 1 1 1 1 1 2 2 3 2 2 3 3 3 4 4 5
3 125012548 1 1 1 1 1 1 2 2 3 2 2 3 3 3 4 4 5
3 125274177 1 1 1 1 1 1 2 2 3 2 2 3 3 3 4 4 5
3 126818304 1 3 1 1 1 1 1 2 2 0 2 2 2 3 3 4 4
3 127309824 1 3 1 1 1 1 1 2 2 0 2 2 2 3 3 4 4
3 128354304 1 2 3 1 1 1 1 1 2 0 1 2 2 3 3 3 4
3 128354304 1 3 2 1 1 1 1 1 2 0 1 2 2 3 3 3 4
3 129002560 1 3 1 1 1 1 1 2 2 1 2 2 3 3 3 4 4
3 129004544 1 3 1 1 1 1 1 2 2 0 2 2 3 3 3 3 4
3 129004544 1 3 1 1 1 1 2 1 2 0 2 2 3 3 3 3 4
3 129004544 1 3 1 1 1 2 1 1 2 0 2 2 3 3 3 3 4
3 129005584 1 3 1 1 1 1 1 2 2 1 2 2 3 3 3 4 4
3 129053200 1 3 1 1 1 1 1 2 2 1 2 2 3 3 3 4 4
3 129171864 1 1 3 1 1 1 1 2 2 2 2 3 3 3 3 4 4
3 129180176 1 1 3 1 1 1 1 2 2 1 1 3 3 3 3 4 4
3 129180177 1 1 3 1 1 1 1 2 2 2 2 3 3 3 3 4 4
3 129181184 1 2 1 1 1 1 1 2 3 0 2 3 3 3 3 4 4
3 129181184 2 3 1 1 1 1 1 2 2 0 2 3 3 3 3 4 4
3 129181248 1 2 1 1 1 1 1 2 3 1 2 3 3 3 3 4 5
3 129181264 1 1 1 1 1 1 2 2 3 2 2 3 3 3 4 4 5
3 129184272 1 2 1 1 1 1 1 2 3 1 2 3 3 3 3 4 5
3 129205072 1 1 1 1 1 1 2 2 3 2 2 3 3 3 4 4 5
3 129205576 1 1 1 1 1 1 2 2 3 2 2 3 3 3 4 4 5
3 129272000 1 3 1 1 1 1 1 2 2 1 2 2 3 3 3 4 4
3 129273984 1 3 1 1 1 1 1 2 2 0 2 2 3 3 3 3 4
3 129273984 1 3 1 1 1 1 2 1 2 0 2 2 3 3 3 3 4
3 129273984 1 3 1 1 1 2 1 1 2 0 2 2 3 3 3 3 4
3 129275906 1 3 1 1 1 1 1 2 2 1 2 2 3 3 3 4 4
3 129306768 1 3 1 1 1 1 1 2 2 1 2 2 3 3 3 4 4
3 129307650 1 3 1 1 1 1 1 2 2 1 2 2 3 3 3 4 4
3 129339392 1 3 1 1 1 1 1 2 2 0 1 2 3 3 3 4 4
3 129406976 1 2 1 1 1 1 1 2 3 0 2 2 3 3 3 4 5
3 129434624 1 3 1 1 1 1 1 2 2 0 1 2 3 3 3 4 4
3 129466368 1 1 3 1 1 1 1 2 2 0 0 3 3 3 3 4 4
3 129466369 1 1 3 1 1 1 1 2 2 1 1 3 3 3 3 4 4
3 129467457 1 1 1 1 1 1 2 2 3 2 2 3 3 3 4 4 5
3 129470464 1 2 1 1 1 1 1 2 3 0 1 3 3 3 3 4 5
3 129470465 1 2 1 1 1 1 1 2 3 1 2 3 3 3 3 4 5
3 129729089 1 1 1 1 1 1 2 2 3 2 2 3 3 3 4 4 5
3 131211264 1 2 3 1 1 1 2 1 1 0 0 2 2 3 3 3 3
3 131217408 1 3 1 1 1 1 1 2 2 0 2 2 2 3 3 4 4
3 132261888 1 2 3 1 1 1 1 1 2 0 1 2 2 3 3 3 4
3 132261888 1 3 2 1 1 1 1 1 2 0 1 2 2 3 3 3 4
3 136239728 1 1 1 1 2 1 1 2 3 3 3 3 3 3 3 4 4
3 136239728 1 1 1 1 2 1 1 3 2 3 3 3 3 3 3 4 4
3 136239728 1 1 1 1 3 1 1 2 2 3 3 3 3 3 3 4 4
3 139410032 1 1 1 1 1 1 2 2 3 3 3 3 3 3 3 4 4
3 139410032 1 1 1 1 1 1 3 2 2 3 3 3 3 3 3 4 4
3 139885680 1 1 1 1 1 1 2 2 3 3 3 3 3 3 3 4 4
3 139885680 1 1 1 1 1 1 3 2 2 3 3 3 3 3 3 4 4
3 139885680 1 1 1 1 1 2 1 2 3 3 3 3 3 3 3 4 4
3 139885680 1 1 1 1 1 3 1 2 2 3 3 3 3 3 3 4 4
3 139901552 1 1 1 1 1 1 2 2 3 3 3 3 3 3 3 4 4
3 139901552 1 1 1 1 1 1 2 3 2 3 3 3 3 3 3 4 4
3 139901552 1 1 1 1 1 1 3 2 2 3 3 3 3 3 3 4 4
3 139909488 1 1 1 1 1 1 2 2 3 3 3 3 3 3 3 4 4
3 139909488 1 1 1 1 1 1 2 3 2 3 3 3 3 3 3 4 4
3 139909488 1 1 1 1 1 1 3 2 2 3 3 3 3 3 3 4 4
3 139909488 1 1 1 1 1 2 1 2 3 3 3 3 3 3 3 4 4
3 139909488 1 1 1 1 1 2 1 3 2 3 3 3 3 3 3 4 4
3 139909488 1 1 1 1 1 3 1 2 2 3 3 3 3 3 3 4 4
3 139909488 1 1 1 2 1 1 1 2 3 3 3 3 3 3 3 4 4
3 139909488 1 1 1 2 1 1 1 3 2 3 3 3 3 3 3 4 4
3 139909488 1 1 1 3 1 1 1 2 2 3 3 3 3 3 3 4 4
3 140433505 1 1 1 1 1 1 2 2 3 3 3 3 3 3 3 4 4
3 140433505 1 1 1 1 1 1 3 2 2 3 3 3 3 3 3 4 4
3 140433505 1 1 1 1 2 1 1 2 3 3 3 3 3 3 3 4 4
3 140433505 1 1 1 1 2 1 1 3 2 3 3 3 3 3 3 4 4
3 140433505 1 1 1 1 3 1 1 2 2 3 3 3 3 3 3 4 4
3 141515872 1 1 1 1 1 1 2 2 3 2 3 3 3 3 3 4 5
3 141515872 1 1 1 1 2 1 1 2 3 2 3 3 3 3 3 4 5
3 142040144 1 1 1 1 1 1 2 2 3 2 3 3 3 3 3 4 5
3 142040144 1 1 1 1 1 2 1 2 3 2 3 3 3 3 3 4 5
3 142050912 1 1 3 1 1 1 1 2 2 2 2 3 3 3 3 4 4
3 144094832 1 1 1 1 1 1 2 2 3 3 3 3 3 3 3 4 4
3 144094832 1 1 1 1 1 1 2 3 2 3 3 3 3 3 3 4 4
3 144094832 1 1 1 1 1 1 3 2 2 3 3 3 3 3 3 4 4
3 144094832 1 1 1 2 1 1 1 2 3 3 3 3 3 3 3 4 4
3 144094832 1 1 1 2 1 1 1 3 2 3 3 3 3 3 3 4 4
3 144094832 1 1 1 3 1 1 1 2 2 3 3 3 3 3 3 4 4
3 144094832 1 2 1 1 1 1 1 2 3 3 3 3 3 3 3 4 4
3 144094832 1 2 1 1 1 1 1 3 2 3 3 3 3 3 3 4 4
3 144094832 1 3 1 1 1 1 1 2 2 3 3 3 3 3 3 4 4
3 144340592 1 1 1 1 1 1 2 2 3 3 3 3 3 3 3 4 4
3 144340592 1 1 1 1 1 1 3 2 2 3 3 3 3 3 3 4 4
3 144340592 1 1 1 1 2 1 1 2 3 3 3 3 3 3 3 4 4
3 144340592 1 1 1 1 2 1 1 3 2 3 3 3 3 3 3 4 4
3 144340592 1 1 1 1 3 1 1 2 2 3 3 3 3 3 3 4 4
3 144340592 1 2 1 1 1 1 1 2 3 3 3 3 3 3 3 4 4
3 144340592 1 3 1 1 1 1 1 2 2 3 3 3 3 3 3 4 4
3 144356968 1 1 1 1 1 1 2 2 3 3 3 3 3 3 3 4 4
3 144356968 1 1 1 1 1 1 2 3 2 3 3 3 3 3 3 4 4
3 144356968 1 1 1 1 1 1 3 2 2 3 3 3 3 3 3 4 4
3 144356968 1 1 1 1 2 1 1 2 3 3 3 3 3 3 3 4 4
3 144356968 1 1 1 1 2 1 1 3 2 3 3 3 3 3 3 4 4
3 144356968 1 1 1 1 3 1 1 2 2 3 3 3 3 3 3 4 4
3 144356968 1 1 1 2 1 1 1 2 3 3 3 3 3 3 3 4 4
3 144356968 1 1 1 2 1 1 1 3 2 3 3 3 3 3 3 4 4
3 144356968 1 1 1 3 1 1 1 2 2 3 3 3 3 3 3 4 4
3 144356968 1 1 2 1 1 1 1 2 3 3 3 3 3 3 3 4 4
3 144356968 1 1 2 1 1 1 1 3 2 3 3 3 3 3 3 4 4
3 144356968 1 1 3 1 1 1 1 2 2 3 3 3 3 3 3 4 4
3 144365156 1 1 1 1 1 1 2 2 3 3 3 3 3 3 3 4 4
3 144365156 1 1 1 1 1 1 2 3 2 3 3 3 3 3 3 4 4
3 144365156 1 1 1 1 1 1 3 2 2 3 3 3 3 3 3 4 4
3 144365156 1 1 1 1 2 1 1 2 3 3 3 3 3 3 3 4 4
3 144365156 1 1 1 1 2 1 1 3 2 3 3 3 3 3 3 4 4
3 144365156 1 1 1 1 3 1 1 2 2 3 3 3 3 3 3 4 4
3 144365156 1 1 1 2 1 1 1 2 3 3 3 3 3 3 3 4 4
3 144365156 1 1 1 2 1 1 1 3 2 3 3 3 3 3 3 4 4
3 144365156 1 1 1 3 1 1 1 2 2 3 3 3 3 3 3 4 4
3 144594160 1 1 1 1 1 1 2 2 3 3 3 3 3 3 3 4 4
3 144594160 1 1 1 1 1 1 3 2 2 3 3 3 3 3 3 4 4
3 144594160 1 1 1 1 2 1 1 2 3 3 3 3 3 3 3 4 4
3 144594160 1 1 1 1 2 1 1 3 2 3 3 3 3 3 3 4 4
3 144594160 1 1 1 1 3 1 1 2 2 3 3 3 3 3 3 4 4
3 144594160 1 2 1 1 1 1 1 2 3 3 3 3 3 3 3 4 4
3 144594160 1 3 1 1 1 1 1 2 2 3 3 3 3 3 3 4 4
3 144610536 1 1 1 1 1 1 2 2 3 3 3 3 3 3 3 4 4
3 144610536 1 1 1 1 1 1 2 3 2 3 3 3 3 3 3 4 4
3 144610536 1 1 1 1 1 1 3 2 2 3 3 3 3 3 3 4 4
3 144610536 1 1 1 1 2 1 1 2 3 3 3 3 3 3 3 4 4
3 144610536 1 1 1 1 2 1 1 3 2 3 3 3 3 3 3 4 4
3 144610536 1 1 1 1 3 1 1 2 2 3 3 3 3 3 3 4 4
3 144610536 1 1 1 2 1 1 1 2 3 3 3 3 3 3 3 4 4
3 144610536 1 1 1 2 1 1 1 3 2 3 3 3 3 3 3 4 4
3 144610536 1 1 1 3 1 1 1 2 2 3 3 3 3 3 3 4 4
3 144610914 1 1 1 1 1 1 2 2 3 3 3 3 3 3 3 4 4
3 144610914 1 1 1 1 1 1 2 3 2 3 3 3 3 3 3 4 4
3 144610914 1 1 1 1 1 1 3 2 2 3 3 3 3 3 3 4 4
3 144610914 1 1 1 1 2 1 1 2 3 3 3 3 3 3 3 4 4
3 144610914 1 1 1 1 2 1 1 3 2 3 3 3 3 3 3 4 4
3 144610914 1 1 1 1 3 1 1 2 2 3 3 3 3 3 3 4 4
3 144610914 1 1 1 2 1 1 1 2 3 3 3 3 3 3 3 4 4
3 144610914 1 1 1 2 1 1 1 3 2 3 3 3 3 3 3 4 4
3 144610914 1 1 1 3 1 1 1 2 2 3 3 3 3 3 3 4 4
3 144610914 1 1 2 1 1 1 1 2 3 3 3 3 3 3 3 4 4
3 144610914 1 1 2 1 1 1 1 3 2 3 3 3 3 3 3 4 4
3 144610914 1 1 3 1 1 1 1 2 2 3 3 3 3 3 3 4 4
3 144626784 1 1 3 1 1 1 1 2 2 2 2 3 3 3 3 4 4
3 144659536 1 1 3 1 1 1 1 2 2 2 2 3 3 3 3 4 4
3 144675408 1 3 1 1 1 1 1 2 2 2 2 3 3 3 3 4 4
3 145673312 1 1 3 1 1 1 1 2 2 2 2 3 3 3 3 4 4
3 145677408 1 1 1 1 1 1 2 2 3 2 3 3 3 3 3 4 5
3 145677408 1 1 1 1 2 1 1 2 3 2 3 3 3 3 3 4 5
3 145677408 1 1 2 1 1 1 1 2 3 2 3 3 3 3 3 4 5
3 145706064 1 1 3 1 1 1 1 2 2 2 2 3 3 3 3 4 4
3 145706064 1 3 1 1 1 1 1 2 2 2 2 3 3 3 3 4 4
3 145710096 1 2 1 1 1 1 1 2 3 1 3 3 3 3 3 4 4
3 145710096 1 2 1 1 1 1 1 3 2 1 3 3 3 3 3 4 4
3 145710096 2 3 1 1 1 1 1 2 2 1 3 3 3 3 3 4 4
3 145710160 1 1 1 1 1 1 2 2 3 2 3 3 3 3 3 4 5
3 145710160 1 1 1 1 2 1 1 2 3 2 3 3 3 3 3 4 5
3 145710160 1 1 2 1 1 1 1 2 3 2 3 3 3 3 3 4 5
3 145710160 1 2 1 1 1 1 1 2 3 2 3 3 3 3 3 4 5
3 145720928 1 1 3 1 1 1 1 2 2 2 2 3 3 3 3 4 4
3 145721936 1 3 1 1 1 1 1 2 2 2 2 3 3 3 3 4 4
3 145722440 1 1 3 1 1 1 1 2 2 2 2 3 3 3 3 4 4
3 145726536 1 1 1 1 1 1 2 2 3 2 3 3 3 3 3 4 5
3 145726536 1 1 1 1 2 1 1 2 3 2 3 3 3 3 3 4 5
3 145726536 1 1 1 2 1 1 1 2 3 2 3 3 3 3 3 4 5
3 146245200 1 1 3 1 1 1 1 2 2 2 2 3 3 3 3 4 4
3 146245200 1 3 1 1 1 1 1 2 2 2 2 3 3 3 3 4 4
3 146507336 1 1 3 1 1 1 1 2 2 2 2 3 3 3 3 4 4
3 148582992 1 3 1 1 1 1 1 2 2 2 2 3 3 3 3 4 4
3 148836560 1 3 1 1 1 1 1 2 2 2 2 3 3 3 3 4 4
3 149339232 1 1 1 1 1 1 2 2 3 2 3 3 3 3 3 4 5
3 149339232 1 1 1 1 1 2 1 2 3 2 3 3 3 3 3 4 5
3 149339232 1 1 1 2 1 1 1 2 3 2 3 3 3 3 3 4 5
3 149339232 1 1 2 1 1 1 1 2 3 2 3 3 3 3 3 4 5
3 149371984 1 1 1 1 1 1 2 2 3 2 3 3 3 3 3 4 5
3 149371984 1 1 1 1 1 2 1 2 3 2 3 3 3 3 3 4 5
3 149371984 1 1 2 1 1 1 1 2 3 2 3 3 3 3 3 4 5
3 149371984 1 2 1 1 1 1 1 2 3 2 3 3 3 3 3 4 5
3 149396548 1 1 1 1 1 1 2 2 3 2 3 3 3 3 3 4 5
3 149396548 1 1 1 1 1 2 1 2 3 2 3 3 3 3 3 4 5
3 149396548 1 1 1 2 1 1 1 2 3 2 3 3 3 3 3 4 5
3 149600864 1 1 1 1 1 1 2 2 3 2 3 3 3 3 3 4 5
3 149600864 1 1 1 1 1 2 1 2 3 2 3 3 3 3 3 4 5
3 149600864 1 1 1 1 2 1 1 2 3 2 3 3 3 3 3 4 5
3 149608800 1 1 1 1 1 1 2 2 3 2 3 3 3 3 3 4 5
3 149608800 1 1 1 1 1 2 1 2 3 2 3 3 3 3 3 4 5
3 149608800 1 1 1 1 2 1 1 2 3 2 3 3 3 3 3 4 5
3 149608800 1 1 1 2 1 1 1 2 3 2 3 3 3 3 3 4 5
3 149628512 1 1 3 1 1 1 1 2 2 2 2 3 3 3 3 4 4
3 149629520 1 3 1 1 1 1 1 2 2 2 2 3 3 3 3 4 4
3 149630024 1 1 3 1 1 1 1 2 2 2 2 3 3 3 3 4 4
3 149633552 1 2 1 1 1 1 1 2 3 1 3 3 3 3 3 4 4
3 149633552 2 3 1 1 1 1 1 2 2 1 3 3 3 3 3 4 4
3 149633616 1 1 1 1 1 1 2 2 3 2 3 3 3 3 3 4 5
3 149633616 1 1 1 1 1 2 1 2 3 2 3 3 3 3 3 4 5
3 149633616 1 1 1 1 2 1 1 2 3 2 3 3 3 3 3 4 5
3 149633616 1 2 1 1 1 1 1 2 3 2 3 3 3 3 3 4 5
3 149634120 1 1 1 1 1 1 2 2 3 2 3 3 3 3 3 4 5
3 149634120 1 1 1 1 1 2 1 2 3 2 3 3 3 3 3 4 5
3 149634120 1 1 1 1 2 1 1 2 3 2 3 3 3 3 3 4 5
3 149634120 1 1 2 1 1 1 1 2 3 2 3 3 3 3 3 4 5
3 149642308 1 1 1 1 1 1 2 2 3 2 3 3 3 3 3 4 5
3 149642308 1 1 1 1 1 2 1 2 3 2 3 3 3 3 3 4 5
3 149642308 1 1 1 1 2 1 1 2 3 2 3 3 3 3 3 4 5
3 149642308 1 1 2 1 1 1 1 2 3 2 3 3 3 3 3 4 5
3 149882080 1 1 3 1 1 1 1 2 2 2 2 3 3 3 3 4 4
3 149883088 1 3 1 1 1 1 1 2 2 2 2 3 3 3 3 4 4
3 149886992 1 3 1 1 1 1 1 2 2 1 2 2 3 3 3 4 4
3 149887120 1 2 1 1 1 1 1 2 3 1 3 3 3 3 3 4 4
3 149887120 2 3 1 1 1 1 1 2 2 1 3 3 3 3 3 4 4
3 149887184 1 1 1 1 1 1 2 2 3 2 3 3 3 3 3 4 5
3 149887184 1 1 1 1 1 2 1 2 3 2 3 3 3 3 3 4 5
3 149887184 1 1 1 1 2 1 1 2 3 2 3 3 3 3 3 4 5
3 149887184 1 2 1 1 1 1 1 2 3 2 3 3 3 3 3 4 5
3 149888066 1 1 1 1 1 1 2 2 3 2 3 3 3 3 3 4 5
3 149888066 1 1 1 1 1 2 1 2 3 2 3 3 3 3 3 4 5
3 149888066 1 1 1 1 2 1 1 2 3 2 3 3 3 3 3 4 5
3 149888066 1 1 2 1 1 1 1 2 3 2 3 3 3 3 3 4 5
3 150152784 1 1 3 1 1 1 1 2 2 2 2 3 3 3 3 4 4
3 150152784 1 3 1 1 1 1 1 2 2 2 2 3 3 3 3 4 4
3 150160720 1 1 3 1 1 1 1 2 2 2 2 3 3 3 3 4 4
3 150160720 1 3 1 1 1 1 1 2 2 2 2 3 3 3 3 4 4
3 150176592 1 3 1 1 1 1 1 2 2 2 2 3 3 3 3 4 4
3 150177096 1 1 3 1 1 1 1 2 2 2 2 3 3 3 3 4 4
3 150177348 1 1 3 1 1 1 1 2 2 2 2 3 3 3 3 4 4
3 150378512 1 3 1 1 1 1 1 2 2 1 2 2 3 3 3 4 4
3 150438976 1 1 3 1 1 1 1 2 2 1 1 3 3 3 3 4 4
3 150438977 1 1 3 1 1 1 1 2 2 2 2 3 3 3 3 4 4
3 150624272 1 3 1 1 1 1 1 2 2 1 2 2 3 3 3 4 4
3 154098736 1 1 1 1 1 1 2 2 3 2 3 3 3 3 3 4 5
3 154098736 1 1 1 1 2 1 1 2 3 2 3 3 3 3 3 4 5
3 154098736 1 1 2 1 1 1 1 2 3 2 3 3 3 3 3 4 5
3 154098736 1 2 1 1 1 1 1 2 3 2 3 3 3 3 3 4 5
3 154115112 1 1 1 1 1 1 2 2 3 2 3 3 3 3 3 4 5
3 154115112 1 1 1 1 2 1 1 2 3 2 3 3 3 3 3 4 5
3 154115112 1 1 1 2 1 1 1 2 3 2 3 3 3 3 3 4 5
3 154639384 1 1 1 1 1 1 2 2 3 2 3 3 3 3 3 4 5
3 154639384 1 1 1 2 1 1 1 2 3 2 3 3 3 3 3 4 5
3 154639384 1 2 1 1 1 1 1 2 3 2 3 3 3 3 3 4 5
3 158022192 1 1 1 1 1 1 2 2 3 2 3 3 3 3 3 4 5
3 158022192 1 1 1 1 1 2 1 2 3 2 3 3 3 3 3 4 5
3 158022192 1 2 1 1 1 1 1 2 3 2 3 3 3 3 3 4 5
3 158022696 1 1 1 1 1 1 2 2 3 2 3 3 3 3 3 4 5
3 158022696 1 1 1 1 1 2 1 2 3 2 3 3 3 3 3 4 5
3 158022696 1 1 1 1 2 1 1 2 3 2 3 3 3 3 3 4 5
3 158022696 1 1 2 1 1 1 1 2 3 2 3 3 3 3 3 4 5
3 158275760 1 1 1 1 1 1 2 2 3 2 3 3 3 3 3 4 5
3 158275760 1 1 1 1 1 2 1 2 3 2 3 3 3 3 3 4 5
3 158275760 1 2 1 1 1 1 1 2 3 2 3 3 3 3 3 4 5
3 158276642 1 1 1 1 1 1 2 2 3 2 3 3 3 3 3 4 5
3 158276642 1 1 1 1 1 2 1 2 3 2 3 3 3 3 3 4 5
3 158276642 1 1 2 1 1 1 1 2 3 2 3 3 3 3 3 4 5
3 158546968 1 1 1 1 1 1 2 2 3 2 3 3 3 3 3 4 5
3 158546968 1 1 1 1 1 2 1 2 3 2 3 3 3 3 3 4 5
3 158546968 1 1 2 1 1 1 1 2 3 2 3 3 3 3 3 4 5
3 158546968 1 2 1 1 1 1 1 2 3 2 3 3 3 3 3 4 5
3 158555156 1 1 1 1 1 1 2 2 3 2 3 3 3 3 3 4 5
3 158555156 1 1 1 1 1 2 1 2 3 2 3 3 3 3 3 4 5
3 158555156 1 1 2 1 1 1 1 2 3 2 3 3 3 3 3 4 5
3 158555156 1 2 1 1 1 1 1 2 3 2 3 3 3 3 3 4 5
3 158571532 1 1 1 1 1 1 2 2 3 2 3 3 3 3 3 4 5
3 158571532 1 1 1 1 1 2 1 2 3 2 3 3 3 3 3 4 5
3 158571532 1 1 1 2 1 1 1 2 3 2 3 3 3 3 3 4 5
3 158832656 1 2 1 1 1 1 1 2 3 1 2 3 3 3 3 4 5
3 162759960 1 1 3 1 1 1 1 2 2 2 2 3 3 3 3 4 4
3 162894864 1 3 1 1 1 1 1 2 2 1 2 2 3 3 3 4 4
3 163021840 1 1 3 1 1 1 1 2 2 1 1 3 3 3 3 4 4
3 163021841 1 1 3 1 1 1 1 2 2 2 2 3 3 3 3 4 4
3 163025936 1 2 1 1 1 1 1 2 3 1 2 3 3 3 3 4 5
3 163108880 1 3 1 1 1 1 1 2 2 1 2 2 3 3 3 4 4
3 163140624 1 3 1 1 1 1 1 2 2 1 2 2 3 3 3 4 4
3 163283472 1 3 1 1 1 1 1 2 2 1 1 3 3 3 3 4 4
3 163283473 1 3 1 1 1 1 1 2 2 2 2 3 3 3 3 4 4
3 163287568 1 2 1 1 1 1 1 2 3 1 2 3 3 3 3 4 5
3 167317648 1 3 1 1 1 1 1 2 2 1 2 2 3 3 3 4 4
3 177370456 1 1 1 1 1 1 2 2 3 3 3 3 3 3 3 4 4
3 177370456 1 1 1 1 1 1 2 3 2 3 3 3 3 3 3 4 4
3 177370456 1 1 1 1 1 1 3 2 2 3 3 3 3 3 3 4 4
3 177616088 1 1 1 1 1 1 2 2 3 3 3 3 3 3 3 4 4
3 177616088 1 1 1 1 1 1 2 3 2 3 3 3 3 3 3 4 4
3 177616088 1 1 1 1 1 1 3 2 2 3 3 3 3 3 3 4 4
3 177616088 1 1 1 1 1 2 1 2 3 3 3 3 3 3 3 4 4
3 177616088 1 1 1 1 1 2 1 3 2 3 3 3 3 3 3 4 4
3 177616088 1 1 1 1 1 3 1 2 2 3 3 3 3 3 3 4 4
3 177616088 1 1 1 1 2 1 1 2 3 3 3 3 3 3 3 4 4
3 177616088 1 1 1 1 2 1 1 3 2 3 3 3 3 3 3 4 4
3 177616088 1 1 1 1 3 1 1 2 2 3 3 3 3 3 3 4 4
3 177632336 1 1 3 1 1 1 1 2 2 2 2 3 3 3 3 4 4
3 177632337 1 1 1 1 1 1 2 2 3 3 3 3 3 3 3 4 4
3 177632337 1 1 1 1 1 1 2 3 2 3 3 3 3 3 3 4 4
3 177632337 1 1 1 1 1 1 3 2 2 3 3 3 3 3 3 4 4
3 177632337 1 1 1 1 1 2 1 2 3 3 3 3 3 3 3 4 4
3 177632337 1 1 1 1 1 2 1 3 2 3 3 3 3 3 3 4 4
3 177632337 1 1 1 1 1 3 1 2 2 3 3 3 3 3 3 4 4
3 177648208 1 1 3 1 1 1 1 2 2 2 2 3 3 3 3 4 4
3 177648208 1 3 1 1 1 1 1 2 2 2 2 3 3 3 3 4 4
3 177649216 1 2 1 1 1 1 1 2 3 1 3 3 3 3 3 4 4
3 177649216 1 2 1 1 1 1 1 3 2 1 3 3 3 3 3 4 4
3 177649216 2 3 1 1 1 1 1 2 2 1 3 3 3 3 3 4 4
3 178131666 1 1 1 1 1 1 2 2 3 3 3 3 3 3 3 4 4
3 178131666 1 1 1 1 1 1 2 3 2 3 3 3 3 3 3 4 4
3 178131666 1 1 1 1 1 1 3 2 2 3 3 3 3 3 3 4 4
3 178131666 1 1 1 1 2 1 1 2 3 3 3 3 3 3 3 4 4
3 178131666 1 1 1 1 2 1 1 3 2 3 3 3 3 3 3 4 4
3 178131666 1 1 1 1 3 1 1 2 2 3 3 3 3 3 3 4 4
3 178147536 1 1 3 1 1 1 1 2 2 2 2 3 3 3 3 4 4
3 178147536 1 3 1 1 1 1 1 2 2 2 2 3 3 3 3 4 4
3 178148416 1 3 1 1 1 1 1 2 2 1 2 2 3 3 3 4 4
3 178148544 1 2 1 1 1 1 1 2 3 1 3 3 3 3 3 4 4
3 178148544 1 2 1 1 1 1 1 3 2 1 3 3 3 3 3 4 4
3 178148544 2 3 1 1 1 1 1 2 2 1 3 3 3 3 3 4 4
3 178180160 1 1 3 1 1 1 1 2 2 1 1 3 3 3 3 4 4
3 178180161 1 1 3 1 1 1 1 2 2 2 2 3 3 3 3 4 4
3 178678864 1 1 3 1 1 1 1 2 2 2 2 3 3 3 3 4 4
3 178678864 1 3 1 1 1 1 1 2 2 2 2 3 3 3 3 4 4
3 178682896 1 2 1 1 1 1 1 2 3 1 3 3 3 3 3 4 4
3 178682896 1 2 1 1 1 1 1 3 2 1 3 3 3 3 3 4 4
3 178682896 2 3 1 1 1 1 1 2 2 1 3 3 3 3 3 4 4
3 178682960 1 1 1 1 1 1 2 2 3 2 3 3 3 3 3 4 5
3 178682960 1 1 1 1 1 2 1 2 3 2 3 3 3 3 3 4 5
3 178682960 1 1 1 1 2 1 1 2 3 2 3 3 3 3 3 4 5
3 178682960 1 1 2 1 1 1 1 2 3 2 3 3 3 3 3 4 5
3 178682960 1 2 1 1 1 1 1 2 3 2 3 3 3 3 3 4 5
3 178693728 1 1 3 1 1 1 1 2 2 2 2 3 3 3 3 4 4
3 178693728 1 3 1 1 1 1 1 2 2 2 2 3 3 3 3 4 4
3 178694736 1 1 3 1 1 1 1 2 2 2 2 3 3 3 3 4 4
3 178694736 1 3 1 1 1 1 1 2 2 2 2 3 3 3 3 4 4
3 178697824 1 1 1 1 1 1 2 2 3 2 3 3 3 3 3 4 5
3 178697824 1 1 1 1 2 1 1 2 3 2 3 3 3 3 3 4 5
3 178697824 1 1 2 1 1 1 1 2 3 2 3 3 3 3 3 4 5
3 178697824 1 2 1 1 1 1 1 2 3 2 3 3 3 3 3 4 5
3 178698768 1 2 1 1 1 1 1 2 3 1 3 3 3 3 3 4 4
3 178698768 1 2 1 1 1 1 1 3 2 1 3 3 3 3 3 4 4
3 178698768 2 3 1 1 1 1 1 2 2 1 3 3 3 3 3 4 4
3 178698832 1 1 1 1 1 1 2 2 3 2 3 3 3 3 3 4 5
3 178698832 1 1 1 1 1 2 1 2 3 2 3 3 3 3 3 4 5
3 178698832 1 1 1 1 2 1 1 2 3 2 3 3 3 3 3 4 5
3 178698832 1 1 1 2 1 1 1 2 3 2 3 3 3 3 3 4 5
3 178698832 1 1 2 1 1 1 1 2 3 2 3 3 3 3 3 4 5
3 178698832 1 2 1 1 1 1 1 2 3 2 3 3 3 3 3 4 5
3 178701664 1 1 3 1 1 1 1 2 2 2 2 3 3 3 3 4 4
3 178701664 1 3 1 1 1 1 1 2 2 2 2 3 3 3 3 4 4
3 178702672 1 1 3 1 1 1 1 2 2 2 2 3 3 3 3 4 4
3 178703428 1 1 3 1 1 1 1 2 2 2 2 3 3 3 3 4 4
3 178706704 1 2 1 1 1 1 1 2 3 1 3 3 3 3 3 4 4
3 178706704 1 2 1 1 1 1 1 3 2 1 3 3 3 3 3 4 4
3 178706704 2 3 1 1 1 1 1 2 2 1 3 3 3 3 3 4 4
3 178706768 1 1 1 1 1 1 2 2 3 2 3 3 3 3 3 4 5
3 178706768 1 1 1 1 1 2 1 2 3 2 3 3 3 3 3 4 5
3 178706768 1 1 1 1 2 1 1 2 3 2 3 3 3 3 3 4 5
3 178706768 1 1 1 2 1 1 1 2 3 2 3 3 3 3 3 4 5
3 178706768 1 1 2 1 1 1 1 2 3 2 3 3 3 3 3 4 5
3 178706768 1 2 1 1 1 1 1 2 3 2 3 3 3 3 3 4 5
3 178707524 1 1 1 1 1 1 2 2 3 2 3 3 3 3 3 4 5
3 178707524 1 1 1 1 1 2 1 2 3 2 3 3 3 3 3 4 5
3 178707524 1 1 1 1 2 1 1 2 3 2 3 3 3 3 3 4 5
3 178707524 1 1 1 2 1 1 1 2 3 2 3 3 3 3 3 4 5
3 178707524 1 1 2 1 1 1 1 2 3 2 3 3 3 3 3 4 5
3 178707524 1 2 1 1 1 1 1 2 3 2 3 3 3 3 3 4 5
3 178726480 1 1 3 1 1 1 1 2 2 2 2 3 3 3 3 4 4
3 178726480 1 3 1 1 1 1 1 2 2 2 2 3 3 3 3 4 4
3 178734416 1 1 3 1 1 1 1 2 2 2 2 3 3 3 3 4 4
3 178734416 1 3 1 1 1 1 1 2 2 2 2 3 3 3 3 4 4
3 178750288 1 1 3 1 1 1 1 2 2 2 2 3 3 3 3 4 4
3 178750288 1 3 1 1 1 1 1 2 2 2 2 3 3 3 3 4 4
3 178750792 1 1 3 1 1 1 1 2 2 2 2 3 3 3 3 4 4
3 178750792 1 3 1 1 1 1 1 2 2 2 2 3 3 3 3 4 4
3 178751044 1 1 3 1 1 1 1 2 2 2 2 3 3 3 3 4 4
3 178751044 1 3 1 1 1 1 1 2 2 2 2 3 3 3 3 4 4
3 179099712 1 3 1 1 1 1 1 2 2 1 2 2 3 3 3 4 4
3 179131456 1 3 1 1 1 1 1 2 2 1 2 2 3 3 3 4 4
3 179196960 1 3 1 1 1 1 1 2 2 1 2 2 3 3 3 4 4
3 179197968 1 3 1 1 1 1 1 2 2 1 2 2 3 3 3 4 4
3 179226688 1 1 3 1 1 1 1 2 2 1 1 3 3 3 3 4 4
3 179226689 1 1 3 1 1 1 1 2 2 2 2 3 3 3 3 4 4
3 179230720 1 2 1 1 1 1 1 2 3 0 2 3 3 3 3 4 4
3 179230720 2 3 1 1 1 1 1 2 2 0 2 3 3 3 3 4 4
3 179230721 1 2 1 1 1 1 1 2 3 1 3 3 3 3 3 4 4
3 179230721 2 3 1 1 1 1 1 2 2 1 3 3 3 3 3 4 4
3 179230784 1 2 1 1 1 1 1 2 3 1 2 3 3 3 3 4 5
3 179230785 1 1 1 1 1 1 2 2 3 2 3 3 3 3 3 4 5
3 179230785 1 1 1 1 2 1 1 2 3 2 3 3 3 3 3 4 5
3 179230785 1 1 2 1 1 1 1 2 3 2 3 3 3 3 3 4 5
3 179230785 1 2 1 1 1 1 1 2 3 2 3 3 3 3 3 4 5
3 179241680 1 1 3 1 1 1 1 2 2 2 2 3 3 3 3 4 4
3 179241680 1 3 1 1 1 1 1 2 2 2 2 3 3 3 3 4 4
3 179242562 1 1 3 1 1 1 1 2 2 2 2 3 3 3 3 4 4
3 179242562 1 3 1 1 1 1 1 2 2 2 2 3 3 3 3 4 4
3 179258432 1 1 3 1 1 1 1 2 2 1 1 3 3 3 3 4 4
3 179258432 1 3 1 1 1 1 1 2 2 1 1 3 3 3 3 4 4
3 179258433 1 1 3 1 1 1 1 2 2 2 2 3 3 3 3 4 4
3 179258433 1 3 1 1 1 1 1 2 2 2 2 3 3 3 3 4 4
3 179262464 1 2 1 1 1 1 1 2 3 0 2 3 3 3 3 4 4
3 179262464 1 2 1 1 1 1 1 3 2 0 2 3 3 3 3 4 4
3 179262464 2 3 1 1 1 1 1 2 2 0 2 3 3 3 3 4 4
3 179262528 1 2 1 1 1 1 1 2 3 1 2 3 3 3 3 4 5
3 179622976 1 3 1 1 1 1 1 2 2 1 2 2 3 3 3 4 4
3 179721232 1 3 1 1 1 1 1 2 2 1 2 2 3 3 3 4 4
3 179737608 1 3 1 1 1 1 1 2 2 1 2 2 3 3 3 4 4
3 182325440 1 3 1 1 1 1 1 2 2 1 2 2 3 3 3 4 4
3 182325442 1 1 3 1 1 1 1 2 2 2 2 3 3 3 3 4 4
3 182325443 1 1 1 1 1 1 2 2 3 3 3 3 3 3 3 4 4
3 182325443 1 1 1 1 1 1 2 3 2 3 3 3 3 3 3 4 4
3 182325443 1 1 1 1 1 1 3 2 2 3 3 3 3 3 3 4 4
3 182609248 1 1 3 1 1 1 1 2 2 2 2 3 3 3 3 4 4
3 182609248 1 3 1 1 1 1 1 2 2 2 2 3 3 3 3 4 4
3 182610256 1 1 3 1 1 1 1 2 2 2 2 3 3 3 3 4 4
3 182611012 1 1 3 1 1 1 1 2 2 2 2 3 3 3 3 4 4
3 182613344 1 1 1 1 1 1 2 2 3 2 3 3 3 3 3 4 5
3 182613344 1 1 1 1 2 1 1 2 3 2 3 3 3 3 3 4 5
3 182613344 1 1 1 2 1 1 1 2 3 2 3 3 3 3 3 4 5
3 182613344 1 2 1 1 1 1 1 2 3 2 3 3 3 3 3 4 5
3 182614288 1 2 1 1 1 1 1 2 3 1 3 3 3 3 3 4 4
3 182614288 1 2 1 1 1 1 1 3 2 1 3 3 3 3 3 4 4
3 182614288 2 3 1 1 1 1 1 2 2 1 3 3 3 3 3 4 4
3 182614352 1 1 1 1 1 1 2 2 3 2 3 3 3 3 3 4 5
3 182614352 1 1 1 1 1 2 1 2 3 2 3 3 3 3 3 4 5
3 182614352 1 1 1 1 2 1 1 2 3 2 3 3 3 3 3 4 5
3 182614352 1 1 1 2 1 1 1 2 3 2 3 3 3 3 3 4 5
3 182614352 1 1 2 1 1 1 1 2 3 2 3 3 3 3 3 4 5
3 182614352 1 2 1 1 1 1 1 2 3 2 3 3 3 3 3 4 5
3 182615108 1 1 1 1 1 1 2 2 3 2 3 3 3 3 3 4 5
3 182615108 1 1 1 1 1 2 1 2 3 2 3 3 3 3 3 4 5
3 182615108 1 1 1 1 2 1 1 2 3 2 3 3 3 3 3 4 5
3 182615108 1 1 1 2 1 1 1 2 3 2 3 3 3 3 3 4 5
3 182615108 1 1 2 1 1 1 1 2 3 2 3 3 3 3 3 4 5
3 182615108 1 2 1 1 1 1 1 2 3 2 3 3 3 3 3 4 5
3 182638916 1 1 1 1 1 1 2 2 3 2 3 3 3 3 3 4 5
3 182638916 1 1 1 1 2 1 1 2 3 2 3 3 3 3 3 4 5
3 182638916 1 1 1 2 1 1 1 2 3 2 3 3 3 3 3 4 5
3 182638916 1 1 2 1 1 1 1 2 3 2 3 3 3 3 3 4 5
3 182638916 1 2 1 1 1 1 1 2 3 2 3 3 3 3 3 4 5
3 182657872 1 1 3 1 1 1 1 2 2 2 2 3 3 3 3 4 4
3 182657872 1 3 1 1 1 1 1 2 2 2 2 3 3 3 3 4 4
3 182658628 1 1 3 1 1 1 1 2 2 2 2 3 3 3 3 4 4
3 182658628 1 3 1 1 1 1 1 2 2 2 2 3 3 3 3 4 4
3 182666564 1 1 3 1 1 1 1 2 2 2 2 3 3 3 3 4 4
3 182666564 1 3 1 1 1 1 1 2 2 2 2 3 3 3 3 4 4
3 182761536 1 3 1 1 1 1 1 2 2 1 2 2 3 3 3 4 4
3 182793280 1 3 1 1 1 1 1 2 2 1 2 2 3 3 3 4 4
3 182817088 1 3 1 1 1 1 1 2 2 1 2 2 3 3 3 4 4
3 182858784 1 3 1 1 1 1 1 2 2 1 2 2 3 3 3 4 4
3 182859792 1 3 1 1 1 1 1 2 2 1 2 2 3 3 3 4 4
3 182884352 1 3 1 1 1 1 1 2 2 0 2 2 2 3 3 4 4
3 182884356 1 3 1 1 1 1 1 2 2 1 2 2 3 3 3 4 4
3 182884548 1 1 1 1 1 1 2 2 3 2 3 3 3 3 3 4 5
3 182884548 1 1 1 1 1 2 1 2 3 2 3 3 3 3 3 4 5
3 182884548 1 1 1 1 2 1 1 2 3 2 3 3 3 3 3 4 5
3 182884548 1 1 1 2 1 1 1 2 3 2 3 3 3 3 3 4 5
3 182884548 1 1 2 1 1 1 1 2 3 2 3 3 3 3 3 4 5
3 182884548 1 2 1 1 1 1 1 2 3 2 3 3 3 3 3 4 5
3 182888512 1 1 3 1 1 1 1 2 2 1 1 3 3 3 3 4 4
3 182888513 1 1 3 1 1 1 1 2 2 2 2 3 3 3 3 4 4
3 182892544 1 2 1 1 1 1 1 2 3 0 2 3 3 3 3 4 4
3 182892544 2 3 1 1 1 1 1 2 2 0 2 3 3 3 3 4 4
3 182892545 1 2 1 1 1 1 1 2 3 1 3 3 3 3 3 4 4
3 182892545 2 3 1 1 1 1 1 2 2 1 3 3 3 3 3 4 4
3 182892608 1 2 1 1 1 1 1 2 3 1 2 3 3 3 3 4 5
3 182892609 1 1 1 1 1 1 2 2 3 2 3 3 3 3 3 4 5
3 182892609 1 1 1 1 2 1 1 2 3 2 3 3 3 3 3 4 5
3 182892609 1 1 2 1 1 1 1 2 3 2 3 3 3 3 3 4 5
3 182892609 1 2 1 1 1 1 1 2 3 2 3 3 3 3 3 4 5
3 182911440 1 1 3 1 1 1 1 2 2 2 2 3 3 3 3 4 4
3 182911440 1 3 1 1 1 1 1 2 2 2 2 3 3 3 3 4 4
3 182912196 1 1 3 1 1 1 1 2 2 2 2 3 3 3 3 4 4
3 182912196 1 3 1 1 1 1 1 2 2 2 2 3 3 3 3 4 4
3 182912322 1 1 3 1 1 1 1 2 2 2 2 3 3 3 3 4 4
3 182912322 1 3 1 1 1 1 1 2 2 2 2 3 3 3 3 4 4
3 182920256 1 1 3 1 1 1 1 2 2 1 1 3 3 3 3 4 4
3 182920256 1 3 1 1 1 1 1 2 2 1 1 3 3 3 3 4 4
3 182920257 1 1 3 1 1 1 1 2 2 2 2 3 3 3 3 4 4
3 182920257 1 3 1 1 1 1 1 2 2 2 2 3 3 3 3 4 4
3 182924288 1 2 1 1 1 1 1 2 3 0 2 3 3 3 3 4 4
3 182924288 1 2 1 1 1 1 1 3 2 0 2 3 3 3 3 4 4
3 182924288 2 3 1 1 1 1 1 2 2 0 2 3 3 3 3 4 4
3 182924352 1 2 1 1 1 1 1 2 3 1 2 3 3 3 3 4 5
3 182944064 1 1 3 1 1 1 1 2 2 1 1 3 3 3 3 4 4
3 182944064 1 3 1 1 1 1 1 2 2 1 1 3 3 3 3 4 4
3 182944065 1 1 3 1 1 1 1 2 2 2 2 3 3 3 3 4 4
3 182944065 1 3 1 1 1 1 1 2 2 2 2 3 3 3 3 4 4
3 182948096 1 2 1 1 1 1 1 2 3 0 2 3 3 3 3 4 4
3 182948096 1 2 1 1 1 1 1 3 2 0 2 3 3 3 3 4 4
3 182948096 2 3 1 1 1 1 1 2 2 0 2 3 3 3 3 4 4
3 182948160 1 2 1 1 1 1 1 2 3 1 2 3 3 3 3 4 5
3 183308480 1 3 1 1 1 1 1 2 2 1 2 2 3 3 3 4 4
3 183373984 1 3 1 1 1 1 1 2 2 1 2 2 3 3 3 4 4
3 183375874 1 3 1 1 1 1 1 2 2 1 2 2 3 3 3 4 4
3 183435456 1 1 3 1 1 1 1 2 2 1 1 3 3 3 3 4 4
3 183435456 1 3 1 1 1 1 1 2 2 1 1 3 3 3 3 4 4
3 183435457 1 1 3 1 1 1 1 2 2 2 2 3 3 3 3 4 4
3 183435457 1 3 1 1 1 1 1 2 2 2 2 3 3 3 3 4 4
3 183439360 1 3 1 1 1 1 1 2 2 0 1 2 3 3 3 4 4
3 183439488 1 2 1 1 1 1 1 2 3 0 2 3 3 3 3 4 4
3 183439488 1 2 1 1 1 1 1 3 2 0 2 3 3 3 3 4 4
3 183439488 2 3 1 1 1 1 1 2 2 0 2 3 3 3 3 4 4
3 183439552 1 2 1 1 1 1 1 2 3 1 2 3 3 3 3 4 5
3 183530560 1 3 1 1 1 1 1 2 2 1 2 2 3 3 3 4 4
3 183554368 1 3 1 1 1 1 1 2 2 1 2 2 3 3 3 4 4
3 183644688 1 3 1 1 1 1 1 2 2 1 2 2 3 3 3 4 4
3 183653380 1 3 1 1 1 1 1 2 2 1 2 2 3 3 3 4 4
3 183800000 1 3 1 1 1 1 1 2 2 1 2 2 3 3 3 4 4
3 183898256 1 3 1 1 1 1 1 2 2 1 2 2 3 3 3 4 4
3 183899138 1 3 1 1 1 1 1 2 2 1 2 2 3 3 3 4 4
3 183930880 1 3 1 1 1 1 1 2 2 0 1 2 3 3 3 4 4
3 187071536 1 1 1 1 1 1 2 2 3 2 3 3 3 3 3 4 5
3 187071536 1 1 1 1 1 2 1 2 3 2 3 3 3 3 3 4 5
3 187071536 1 1 2 1 1 1 1 2 3 2 3 3 3 3 3 4 5
3 187071536 1 2 1 1 1 1 1 2 3 2 3 3 3 3 3 4 5
3 187087408 1 1 1 1 1 1 2 2 3 2 3 3 3 3 3 4 5
3 187087408 1 1 1 1 1 2 1 2 3 2 3 3 3 3 3 4 5
3 187087408 1 1 1 1 2 1 1 2 3 2 3 3 3 3 3 4 5
3 187087408 1 1 1 2 1 1 1 2 3 2 3 3 3 3 3 4 5
3 187087408 1 1 2 1 1 1 1 2 3 2 3 3 3 3 3 4 5
3 187087408 1 2 1 1 1 1 1 2 3 2 3 3 3 3 3 4 5
3 187087912 1 1 1 1 1 1 2 2 3 2 3 3 3 3 3 4 5
3 187087912 1 1 1 1 1 2 1 2 3 2 3 3 3 3 3 4 5
3 187087912 1 1 1 1 2 1 1 2 3 2 3 3 3 3 3 4 5
3 187087912 1 1 1 2 1 1 1 2 3 2 3 3 3 3 3 4 5
3 187087912 1 1 2 1 1 1 1 2 3 2 3 3 3 3 3 4 5
3 187087912 1 2 1 1 1 1 1 2 3 2 3 3 3 3 3 4 5
3 187120664 1 1 1 1 1 1 2 2 3 2 3 3 3 3 3 4 5
3 187120664 1 1 1 1 1 2 1 2 3 2 3 3 3 3 3 4 5
3 187120664 1 1 1 1 2 1 1 2 3 2 3 3 3 3 3 4 5
3 187120664 1 1 1 2 1 1 1 2 3 2 3 3 3 3 3 4 5
3 187120664 1 1 2 1 1 1 1 2 3 2 3 3 3 3 3 4 5
3 187120664 1 2 1 1 1 1 1 2 3 2 3 3 3 3 3 4 5
3 187145228 1 1 1 1 1 1 2 2 3 2 3 3 3 3 3 4 5
3 187145228 1 1 1 1 1 2 1 2 3 2 3 3 3 3 3 4 5
3 187145228 1 1 1 2 1 1 1 2 3 2 3 3 3 3 3 4 5
3 187145228 1 2 1 1 1 1 1 2 3 2 3 3 3 3 3 4 5
3 187349544 1 1 1 1 1 1 2 2 3 2 3 3 3 3 3 4 5
3 187349544 1 1 1 1 1 2 1 2 3 2 3 3 3 3 3 4 5
3 187349544 1 1 1 1 2 1 1 2 3 2 3 3 3 3 3 4 5
3 187349544 1 1 2 1 1 1 1 2 3 2 3 3 3 3 3 4 5
3 187349544 1 2 1 1 1 1 1 2 3 2 3 3 3 3 3 4 5
3 187357480 1 1 1 1 1 1 2 2 3 2 3 3 3 3 3 4 5
3 187357480 1 1 1 1 1 2 1 2 3 2 3 3 3 3 3 4 5
3 187357480 1 1 1 1 2 1 1 2 3 2 3 3 3 3 3 4 5
3 187357480 1 1 1 2 1 1 1 2 3 2 3 3 3 3 3 4 5
3 187357480 1 1 2 1 1 1 1 2 3 2 3 3 3 3 3 4 5
3 187357480 1 2 1 1 1 1 1 2 3 2 3 3 3 3 3 4 5
3 187357732 1 1 1 1 1 1 2 2 3 2 3 3 3 3 3 4 5
3 187357732 1 1 1 1 1 2 1 2 3 2 3 3 3 3 3 4 5
3 187357732 1 1 1 1 2 1 1 2 3 2 3 3 3 3 3 4 5
3 187357732 1 1 1 2 1 1 1 2 3 2 3 3 3 3 3 4 5
3 187357732 1 1 2 1 1 1 1 2 3 2 3 3 3 3 3 4 5
3 187357732 1 2 1 1 1 1 1 2 3 2 3 3 3 3 3 4 5
3 187382296 1 1 1 1 1 1 2 2 3 2 3 3 3 3 3 4 5
3 187382296 1 1 1 1 1 2 1 2 3 2 3 3 3 3 3 4 5
3 187382296 1 1 1 1 2 1 1 2 3 2 3 3 3 3 3 4 5
3 187382296 1 1 1 2 1 1 1 2 3 2 3 3 3 3 3 4 5
3 187382296 1 1 2 1 1 1 1 2 3 2 3 3 3 3 3 4 5
3 187382296 1 2 1 1 1 1 1 2 3 2 3 3 3 3 3 4 5
3 187390484 1 1 1 1 1 1 2 2 3 2 3 3 3 3 3 4 5
3 187390484 1 1 1 1 1 2 1 2 3 2 3 3 3 3 3 4 5
3 187390484 1 1 1 1 2 1 1 2 3 2 3 3 3 3 3 4 5
3 187390484 1 1 1 2 1 1 1 2 3 2 3 3 3 3 3 4 5
3 187390484 1 2 1 1 1 1 1 2 3 2 3 3 3 3 3 4 5
3 187390988 1 1 1 1 1 1 2 2 3 2 3 3 3 3 3 4 5
3 187390988 1 1 1 1 1 2 1 2 3 2 3 3 3 3 3 4 5
3 187390988 1 1 1 1 2 1 1 2 3 2 3 3 3 3 3 4 5
3 187390988 1 1 1 2 1 1 1 2 3 2 3 3 3 3 3 4 5
3 187390988 1 1 2 1 1 1 1 2 3 2 3 3 3 3 3 4 5
3 187390988 1 2 1 1 1 1 1 2 3 2 3 3 3 3 3 4 5
3 187619360 1 2 1 1 1 1 1 2 3 1 2 3 3 3 3 4 5
3 187619361 1 1 1 1 1 1 2 2 3 2 3 3 3 3 3 4 5
3 187619361 1 1 1 1 1 2 1 2 3 2 3 3 3 3 3 4 5
3 187619361 1 1 1 1 2 1 1 2 3 2 3 3 3 3 3 4 5
3 187619361 1 1 2 1 1 1 1 2 3 2 3 3 3 3 3 4 5
3 187619361 1 2 1 1 1 1 1 2 3 2 3 3 3 3 3 4 5
3 187635864 1 1 1 1 1 1 2 2 3 2 3 3 3 3 3 4 5
3 187635864 1 1 1 1 1 2 1 2 3 2 3 3 3 3 3 4 5
3 187635864 1 1 1 1 2 1 1 2 3 2 3 3 3 3 3 4 5
3 187635864 1 1 1 2 1 1 1 2 3 2 3 3 3 3 3 4 5
3 187635864 1 2 1 1 1 1 1 2 3 2 3 3 3 3 3 4 5
3 187636242 1 1 1 1 1 1 2 2 3 2 3 3 3 3 3 4 5
3 187636242 1 1 1 1 1 2 1 2 3 2 3 3 3 3 3 4 5
3 187636242 1 1 1 1 2 1 1 2 3 2 3 3 3 3 3 4 5
3 187636242 1 1 1 2 1 1 1 2 3 2 3 3 3 3 3 4 5
3 187636242 1 1 2 1 1 1 1 2 3 2 3 3 3 3 3 4 5
3 187636242 1 2 1 1 1 1 1 2 3 2 3 3 3 3 3 4 5
3 187636746 1 1 1 1 1 1 2 2 3 2 3 3 3 3 3 4 5
3 187636746 1 1 1 1 1 2 1 2 3 2 3 3 3 3 3 4 5
3 187636746 1 1 1 1 2 1 1 2 3 2 3 3 3 3 3 4 5
3 187636746 1 1 1 2 1 1 1 2 3 2 3 3 3 3 3 4 5
3 187636746 1 1 2 1 1 1 1 2 3 2 3 3 3 3 3 4 5
3 187636746 1 2 1 1 1 1 1 2 3 2 3 3 3 3 3 4 5
3 187649088 1 2 1 1 1 1 1 2 3 1 2 3 3 3 3 4 5
3 187651104 1 2 1 1 1 1 1 2 3 1 2 3 3 3 3 4 5
3 187652112 1 2 1 1 1 1 1 2 3 1 2 3 3 3 3 4 5
3 187653120 2 2 1 1 1 1 1 2 3 0 3 3 3 3 3 4 5
3 187664960 1 2 1 1 1 1 1 2 3 1 2 3 3 3 3 4 5
3 187666976 1 2 1 1 1 1 1 2 3 1 2 3 3 3 3 4 5
3 187668488 1 2 1 1 1 1 1 2 3 1 2 3 3 3 3 4 5
3 187901464 1 1 3 1 1 1 1 2 2 2 2 3 3 3 3 4 4
3 187909400 1 1 3 1 1 1 1 2 2 2 2 3 3 3 3 4 4
3 187909400 1 3 1 1 1 1 1 2 2 2 2 3 3 3 3 4 4
3 188009536 1 3 1 1 1 1 1 2 2 1 2 2 3 3 3 4 4
3 188011552 1 3 1 1 1 1 1 2 2 1 2 2 3 3 3 4 4
3 188012560 1 3 1 1 1 1 1 2 2 1 2 2 3 3 3 4 4
3 188044304 1 3 1 1 1 1 1 2 2 1 2 2 3 3 3 4 4
3 188060176 1 3 1 1 1 1 1 2 2 1 2 2 3 3 3 4 4
3 188060680 1 3 1 1 1 1 1 2 2 1 2 2 3 3 3 4 4
3 188171280 1 1 3 1 1 1 1 2 2 1 1 3 3 3 3 4 4
3 188171281 1 1 3 1 1 1 1 2 2 2 2 3 3 3 3 4 4
3 188175376 1 2 1 1 1 1 1 2 3 1 2 3 3 3 3 4 5
3 188187152 1 1 3 1 1 1 1 2 2 1 1 3 3 3 3 4 4
3 188187153 1 1 3 1 1 1 1 2 2 2 2 3 3 3 3 4 4
3 188188160 1 2 1 1 1 1 1 2 3 0 2 3 3 3 3 4 4
3 188188160 2 3 1 1 1 1 1 2 2 0 2 3 3 3 3 4 4
3 188188224 1 2 1 1 1 1 1 2 3 1 2 3 3 3 3 4 5
3 188191248 1 2 1 1 1 1 1 2 3 1 2 3 3 3 3 4 5
3 188191752 1 2 1 1 1 1 1 2 3 1 2 3 3 3 3 4 5
3 188453384 1 2 1 1 1 1 1 2 3 1 2 3 3 3 3 4 5
3 189732864 1 3 1 1 1 1 1 2 2 0 2 2 2 3 3 4 4
3 190224384 1 3 1 1 1 1 1 2 2 0 2 2 2 3 3 4 4
3 190470144 1 3 1 1 1 1 1 2 2 0 2 2 2 3 3 4 4
3 191568012 1 1 1 1 1 1 2 2 3 2 3 3 3 3 3 4 5
3 191568012 1 1 1 1 1 2 1 2 3 2 3 3 3 3 3 4 5
3 191568012 1 1 1 2 1 1 1 2 3 2 3 3 3 3 3 4 5
3 191568012 1 2 1 1 1 1 1 2 3 2 3 3 3 3 3 4 5
3 191568138 1 1 1 1 1 1 2 2 3 2 3 3 3 3 3 4 5
3 191568138 1 1 1 1 1 2 1 2 3 2 3 3 3 3 3 4 5
3 191568138 1 1 1 1 2 1 1 2 3 2 3 3 3 3 3 4 5
3 191568138 1 1 1 2 1 1 1 2 3 2 3 3 3 3 3 4 5
3 191568138 1 1 2 1 1 1 1 2 3 2 3 3 3 3 3 4 5
3 191568138 1 2 1 1 1 1 1 2 3 2 3 3 3 3 3 4 5
3 191572544 1 2 1 1 1 1 1 2 3 1 2 3 3 3 3 4 5
3 191574560 1 2 1 1 1 1 1 2 3 1 2 3 3 3 3 4 5
3 191576072 1 2 1 1 1 1 1 2 3 1 2 3 3 3 3 4 5
3 191576576 2 2 1 1 1 1 1 2 3 0 3 3 3 3 3 4 5
3 191826112 1 2 1 1 1 1 1 2 3 1 2 3 3 3 3 4 5
3 191828128 1 2 1 1 1 1 1 2 3 1 2 3 3 3 3 4 5
3 191830016 1 2 1 1 1 1 1 2 3 0 2 2 3 3 3 4 5
3 191830018 1 2 1 1 1 1 1 2 3 1 2 3 3 3 3 4 5
3 191830019 1 1 1 1 1 1 2 2 3 2 3 3 3 3 3 4 5
3 191830019 1 1 1 1 1 2 1 2 3 2 3 3 3 3 3 4 5
3 191830019 1 1 1 2 1 1 1 2 3 2 3 3 3 3 3 4 5
3 191830019 1 2 1 1 1 1 1 2 3 2 3 3 3 3 3 4 5
3 191830144 2 2 1 1 1 1 1 2 3 0 3 3 3 3 3 4 5
3 191917120 1 3 1 1 1 1 1 2 2 1 2 2 3 3 3 4 4
3 191919136 1 3 1 1 1 1 1 2 2 1 2 2 3 3 3 4 4
3 191920144 1 3 1 1 1 1 1 2 2 1 2 2 3 3 3 4 4
3 191940928 1 3 1 1 1 1 1 2 2 1 2 2 3 3 3 4 4
3 191944708 1 3 1 1 1 1 1 2 2 1 2 2 3 3 3 4 4
3 191967760 1 3 1 1 1 1 1 2 2 1 2 2 3 3 3 4 4
3 191968264 1 3 1 1 1 1 1 2 2 1 2 2 3 3 3 4 4
3 191976452 1 3 1 1 1 1 1 2 2 1 2 2 3 3 3 4 4
3 191992324 1 3 1 1 1 1 1 2 2 1 2 2 3 3 3 4 4
3 192086424 1 1 3 1 1 1 1 2 2 2 2 3 3 3 3 4 4
3 192086424 1 3 1 1 1 1 1 2 2 2 2 3 3 3 3 4 4
3 192086676 1 1 3 1 1 1 1 2 2 2 2 3 3 3 3 4 4
3 192094736 1 1 3 1 1 1 1 2 2 1 1 3 3 3 3 4 4
3 192094737 1 1 3 1 1 1 1 2 2 2 2 3 3 3 3 4 4
3 192095744 1 2 1 1 1 1 1 2 3 0 2 3 3 3 3 4 4
3 192095744 2 3 1 1 1 1 1 2 2 0 2 3 3 3 3 4 4
3 192095808 1 2 1 1 1 1 1 2 3 1 2 3 3 3 3 4 5
3 192098832 1 2 1 1 1 1 1 2 3 1 2 3 3 3 3 4 5
3 192099336 1 2 1 1 1 1 1 2 3 1 2 3 3 3 3 4 5
3 192102672 1 1 3 1 1 1 1 2 2 1 1 3 3 3 3 4 4
3 192102672 1 3 1 1 1 1 1 2 2 1 1 3 3 3 3 4 4
3 192102673 1 1 3 1 1 1 1 2 2 2 2 3 3 3 3 4 4
3 192102673 1 3 1 1 1 1 1 2 2 2 2 3 3 3 3 4 4
3 192103680 1 2 1 1 1 1 1 2 3 0 2 3 3 3 3 4 4
3 192103680 1 2 1 1 1 1 1 3 2 0 2 3 3 3 3 4 4
3 192103680 2 3 1 1 1 1 1 2 2 0 2 3 3 3 3 4 4
3 192103744 1 2 1 1 1 1 1 2 3 1 2 3 3 3 3 4 5
3 192106768 1 2 1 1 1 1 1 2 3 1 2 3 3 3 3 4 5
3 192107524 1 2 1 1 1 1 1 2 3 1 2 3 3 3 3 4 5
3 192119616 1 2 1 1 1 1 1 2 3 1 2 3 3 3 3 4 5
3 192123144 1 2 1 1 1 1 1 2 3 1 2 3 3 3 3 4 5
3 192123396 1 2 1 1 1 1 1 2 3 1 2 3 3 3 3 4 5
3 192186560 1 3 1 1 1 1 1 2 2 1 2 2 3 3 3 4 4
3 192188576 1 3 1 1 1 1 1 2 2 1 2 2 3 3 3 4 4
3 192190466 1 3 1 1 1 1 1 2 2 1 2 2 3 3 3 4 4
3 192221328 1 3 1 1 1 1 1 2 2 1 2 2 3 3 3 4 4
3 192222210 1 3 1 1 1 1 1 2 2 1 2 2 3 3 3 4 4
3 192253952 1 3 1 1 1 1 1 2 2 0 1 2 3 3 3 4 4
3 192253953 1 3 1 1 1 1 1 2 2 1 2 2 3 3 3 4 4
3 192317440 1 3 1 1 1 1 1 2 2 0 1 2 3 3 3 4 4
3 192321536 1 2 1 1 1 1 1 2 3 0 2 2 3 3 3 4 5
3 192349184 1 3 1 1 1 1 1 2 2 0 1 2 3 3 3 4 4
3 192380928 1 1 3 1 1 1 1 2 2 0 0 3 3 3 3 4 4
3 192380929 1 1 3 1 1 1 1 2 2 1 1 3 3 3 3 4 4
3 192385024 1 2 1 1 1 1 1 2 3 0 1 3 3 3 3 4 5
3 192385025 1 2 1 1 1 1 1 2 3 1 2 3 3 3 3 4 5
3 192567296 1 2 1 1 1 1 1 2 3 0 2 2 3 3 3 4 5
3 193894400 1 3 1 1 1 1 1 2 2 0 2 2 2 3 3 4 4
3 194417664 1 3 1 1 1 1 1 2 2 0 2 2 2 3 3 4 4
3 194663424 1 3 1 1 1 1 1 2 2 0 2 2 2 3 3 4 4
3 196113424 1 3 1 1 1 1 1 2 2 1 2 2 3 3 3 4 4
3 196126272 1 3 1 1 1 1 1 2 2 1 2 2 3 3 3 4 4
3 196129296 1 3 1 1 1 1 1 2 2 1 2 2 3 3 3 4 4
3 196129800 1 3 1 1 1 1 1 2 2 1 2 2 3 3 3 4 4
3 196379840 1 3 1 1 1 1 1 2 2 1 2 2 3 3 3 4 4
3 196382864 1 3 1 1 1 1 1 2 2 1 2 2 3 3 3 4 4
3 196383746 1 3 1 1 1 1 1 2 2 1 2 2 3 3 3 4 4
3 196510720 1 3 1 1 1 1 1 2 2 0 1 2 3 3 3 4 4
3 196514816 1 2 1 1 1 1 1 2 3 0 2 2 3 3 3 4 5
3 196625600 1 3 1 1 1 1 1 2 2 1 2 2 3 3 3 4 4
3 196628624 1 3 1 1 1 1 1 2 2 1 2 2 3 3 3 4 4
3 196629506 1 3 1 1 1 1 1 2 2 1 2 2 3 3 3 4 4
3 196645000 1 3 1 1 1 1 1 2 2 1 2 2 3 3 3 4 4
3 196645378 1 3 1 1 1 1 1 2 2 1 2 2 3 3 3 4 4
3 196661248 1 3 1 1 1 1 1 2 2 0 1 2 3 3 3 4 4
3 196661249 1 3 1 1 1 1 1 2 2 1 2 2 3 3 3 4 4
3 196756480 1 3 1 1 1 1 1 2 2 0 1 2 3 3 3 4 4
3 196760576 1 2 1 1 1 1 1 2 3 0 2 2 3 3 3 4 5
3 196772352 1 3 1 1 1 1 1 2 2 0 1 2 3 3 3 4 4
3 197801984 1 3 1 1 1 1 1 2 2 0 2 2 2 3 3 4 4
3 198325248 1 3 1 1 1 1 1 2 2 0 2 2 2 3 3 4 4
3 198840448 1 3 1 1 1 1 1 2 2 0 2 2 2 3 3 4 4
3 200806530 1 3 1 1 1 1 1 2 2 1 2 2 3 3 3 4 4
3 200933504 1 3 1 1 1 1 1 2 2 0 1 2 3 3 3 4 4
3 200937600 1 2 1 1 1 1 1 2 3 0 2 2 3 3 3 4 5
3 206518896 2 1 1 1 1 1 2 2 3 3 3 3 3 3 4 4 5
3 206994544 2 1 1 1 1 1 2 2 3 3 3 3 3 3 4 4 5
3 207010416 2 1 1 1 1 1 2 2 3 3 3 3 3 3 4 4 5
3 207018352 2 1 1 1 1 1 2 2 3 3 3 3 3 3 4 4 5
3 207256176 2 1 1 1 1 1 2 2 3 3 3 3 3 3 4 4 5
3 207272552 2 1 1 1 1 1 2 2 3 3 3 3 3 3 4 4 5
3 207280488 2 1 1 1 1 1 2 2 3 3 3 3 3 3 4 4 5
3 207509744 2 1 1 1 1 1 2 2 3 3 3 3 3 3 4 4 5
3 207526120 2 1 1 1 1 1 2 2 3 3 3 3 3 3 4 4 5
3 207542368 1 1 1 1 1 1 2 2 3 2 2 3 3 3 4 4 5
3 207542369 2 1 1 1 1 1 2 2 3 3 3 3 3 3 4 4 5
3 207574112 1 1 1 1 1 1 2 2 3 2 2 3 3 3 4 4 5
3 207576128 1 1 1 1 1 1 2 2 3 1 3 3 3 3 4 4 5
3 207589984 1 1 1 1 1 1 2 2 3 2 2 3 3 3 4 4 5
3 208620640 1 1 1 1 1 1 2 2 3 2 2 3 3 3 4 4 5
3 208624672 1 1 1 1 1 1 2 2 3 1 3 3 3 3 4 4 5
3 208636512 1 1 1 1 1 1 2 2 3 2 2 3 3 3 4 4 5
3 209144912 1 1 1 1 1 1 2 2 3 2 2 3 3 3 4 4 5
3 209148944 1 1 1 1 1 1 2 2 3 1 3 3 3 3 4 4 5
3 209159776 1 1 1 1 1 1 2 2 3 2 2 3 3 3 4 4 5
3 209160784 1 1 1 1 1 1 2 2 3 2 2 3 3 3 4 4 5
3 209161288 1 1 1 1 1 1 2 2 3 2 2 3 3 3 4 4 5
3 209165320 1 1 1 1 1 1 2 2 3 1 3 3 3 3 4 4 5
3 209422920 1 1 1 1 1 1 2 2 3 2 2 3 3 3 4 4 5
3 215626480 2 1 1 1 1 1 2 2 3 3 3 3 3 3 4 4 5
3 215626984 2 1 1 1 1 1 2 2 3 3 3 3 3 3 4 4 5
3 215643232 1 1 1 1 1 1 2 2 3 2 2 3 3 3 4 4 5
3 215643233 2 1 1 1 1 1 2 2 3 3 3 3 3 3 4 4 5
3 215645248 1 1 1 1 1 1 2 2 3 1 3 3 3 3 4 4 5
3 215659104 1 1 1 1 1 1 2 2 3 2 2 3 3 3 4 4 5
3 215661120 1 1 1 1 1 1 2 2 3 1 3 3 3 3 4 4 5
3 215716168 1 1 1 1 1 1 2 2 3 2 2 3 3 3 4 4 5
3 215880930 2 1 1 1 1 1 2 2 3 3 3 3 3 3 4 4 5
3 215912672 1 1 1 1 1 1 2 2 3 2 2 3 3 3 4 4 5
3 215914688 1 1 1 1 1 1 2 2 3 1 3 3 3 3 4 4 5
3 215978049 1 1 1 1 1 1 2 2 3 2 2 3 3 3 4 4 5
3 216444000 1 1 1 1 1 1 2 2 3 2 2 3 3 3 4 4 5
3 216448032 1 1 1 1 1 1 2 2 3 1 3 3 3 3 4 4 5
3 216499552 1 1 1 1 1 1 2 2 3 2 2 3 3 3 4 4 5
3 216501316 1 1 1 1 1 1 2 2 3 2 2 3 3 3 4 4 5
3 216505348 1 1 1 1 1 1 2 2 3 1 3 3 3 3 4 4 5
3 216705632 1 1 1 1 1 1 2 2 3 2 2 3 3 3 4 4 5
3 216709664 1 1 1 1 1 1 2 2 3 1 3 3 3 3 4 4 5
3 216713568 1 1 1 1 1 1 2 2 3 2 2 3 3 3 4 4 5
3 216717600 1 1 1 1 1 1 2 2 3 1 3 3 3 3 4 4 5
3 216727552 1 2 3 1 1 1 1 1 2 0 0 2 2 2 3 3 4
3 216737376 1 1 1 1 1 1 2 2 3 2 2 3 3 3 4 4 5
3 216738888 1 1 1 1 1 1 2 2 3 2 2 3 3 3 4 4 5
3 216742920 1 1 1 1 1 1 2 2 3 1 3 3 3 3 4 4 5
3 216745312 1 1 1 1 1 1 2 2 3 2 2 3 3 3 4 4 5
3 216746320 1 1 1 1 1 1 2 2 3 2 2 3 3 3 4 4 5
3 216747076 1 1 1 1 1 1 2 2 3 2 2 3 3 3 4 4 5
3 216751108 1 1 1 1 1 1 2 2 3 1 3 3 3 3 4 4 5
3 216761184 1 1 1 1 1 1 2 2 3 2 2 3 3 3 4 4 5
3 216762696 1 1 1 1 1 1 2 2 3 2 2 3 3 3 4 4 5
3 216762948 1 1 1 1 1 1 2 2 3 2 2 3 3 3 4 4 5
3 217024577 1 1 1 1 1 1 2 2 3 2 2 3 3 3 4 4 5
3 217809473 1 1 1 1 1 1 2 2 3 2 2 3 3 3 4 4 5
3 221038624 1 2 3 1 1 1 1 1 2 1 1 2 3 3 3 3 4
3 221070368 1 2 3 1 1 1 1 1 2 1 1 2 3 3 3 3 4
3 221070368 1 3 2 1 1 1 1 1 2 1 1 2 3 3 3 3 4
3 221072384 1 2 1 3 1 1 1 1 2 0 2 2 3 3 3 3 4
3 221072384 1 3 1 1 1 1 1 2 2 0 2 2 3 3 3 3 4
3 221072384 1 3 1 1 1 1 2 1 2 0 2 2 3 3 3 3 4
3 221072384 1 3 1 1 2 1 1 1 2 0 2 2 3 3 3 3 4
3 221072384 1 3 1 2 1 1 1 1 2 0 2 2 3 3 3 3 4
3 221169696 1 2 2 1 1 1 1 1 3 1 1 3 3 3 3 3 5
3 221201440 1 2 2 1 1 1 1 1 3 1 1 3 3 3 3 3 5
3 221203456 1 2 1 1 1 1 1 2 3 0 2 3 3 3 3 3 5
3 221203456 1 2 1 1 1 2 1 1 3 0 2 3 3 3 3 3 5
3 221203456 1 2 1 1 2 1 1 1 3 0 2 3 3 3 3 3 5
3 221203456 1 2 2 1 1 1 1 1 3 0 2 3 3 3 3 3 5
3 221203488 1 2 1 1 1 1 1 2 3 1 2 3 3 3 3 4 5
3 221203504 1 1 1 1 1 1 2 2 3 2 2 3 3 3 4 4 5
3 221219376 1 1 1 1 1 1 2 2 3 2 2 3 3 3 4 4 5
3 221727760 1 2 1 1 1 1 1 2 3 1 2 3 3 3 3 4 5
3 221742624 1 2 1 1 1 1 1 2 3 1 2 3 3 3 3 4 5
3 221743632 1 2 1 1 1 1 1 2 3 1 2 3 3 3 3 4 5
3 222004776 1 1 1 1 1 1 2 2 3 2 2 3 3 3 4 4 5
3 223283200 1 2 3 1 1 1 1 1 2 0 1 2 2 3 3 3 4
3 223283200 1 3 2 1 1 1 1 1 2 0 1 2 2 3 3 3 4
3 223711232 1 2 3 1 1 1 1 1 2 0 1 2 2 3 3 3 4
3 223711232 1 3 2 1 1 1 1 1 2 0 1 2 2 3 3 3 4
3 223774720 1 2 3 1 1 1 1 1 2 0 1 2 2 3 3 3 4
3 223774720 1 3 2 1 1 1 1 1 2 0 1 2 2 3 3 3 4
3 223806464 1 2 3 1 1 1 1 1 2 0 1 2 2 3 3 3 4
3 223806464 1 3 2 1 1 1 1 1 2 0 1 2 2 3 3 3 4
3 225126960 1 1 1 1 1 1 2 2 3 2 2 3 3 3 4 4 5
3 225151272 1 1 1 1 1 1 2 2 3 2 2 3 3 3 4 4 5
3 225247392 1 2 3 1 1 1 1 1 2 1 1 2 3 3 3 3 4
3 225247392 1 3 2 1 1 1 1 1 2 1 1 2 3 3 3 3 4
3 225249280 1 2 1 3 1 1 1 1 2 0 1 1 3 3 3 3 4
3 225249280 1 3 1 2 1 1 1 1 2 0 1 1 3 3 3 3 4
3 225249408 1 2 1 3 1 1 1 1 2 0 2 2 3 3 3 3 4
3 225249408 1 3 1 1 1 1 1 2 2 0 2 2 3 3 3 3 4
3 225249408 1 3 1 1 1 1 2 1 2 0 2 2 3 3 3 3 4
3 225249408 1 3 1 2 1 1 1 1 2 0 2 2 3 3 3 3 4
3 225378464 1 2 2 1 1 1 1 1 3 1 1 3 3 3 3 3 5
3 225380352 1 2 2 1 1 1 1 1 3 0 1 2 3 3 3 3 5
3 225380480 1 2 1 1 1 1 1 2 3 0 2 3 3 3 3 3 5
3 225380480 1 2 1 1 1 1 2 1 3 0 2 3 3 3 3 3 5
3 225380480 1 2 2 1 1 1 1 1 3 0 2 3 3 3 3 3 5
3 225380512 1 2 1 1 1 1 1 2 3 1 2 3 3 3 3 4 5
3 225380528 1 1 1 1 1 1 2 2 3 2 2 3 3 3 4 4 5
3 225413153 1 1 1 1 1 1 2 2 3 2 2 3 3 3 4 4 5
3 225469472 1 2 3 1 1 1 1 1 2 1 1 2 3 3 3 3 4
3 225471488 1 2 1 3 1 1 1 1 2 0 2 2 3 3 3 3 4
3 225471488 1 3 1 1 1 1 1 2 2 0 2 2 3 3 3 3 4
3 225471488 1 3 1 2 1 1 1 1 2 0 2 2 3 3 3 3 4
3 225493280 1 2 3 1 1 1 1 1 2 1 1 2 3 3 3 3 4
3 225495296 1 2 1 3 1 1 1 1 2 0 2 2 3 3 3 3 4
3 225495296 1 3 1 1 1 1 1 2 2 0 2 2 3 3 3 3 4
3 225495296 1 3 1 2 1 1 1 1 2 0 2 2 3 3 3 3 4
3 225650208 1 2 1 1 1 1 1 2 3 1 2 3 3 3 3 4 5
3 225651216 1 2 1 1 1 1 1 2 3 1 2 3 3 3 3 4 5
3 225658144 1 2 1 1 1 1 1 2 3 1 2 3 3 3 3 4 5
3 225659152 1 2 1 1 1 1 1 2 3 1 2 3 3 3 3 4 5
3 225659908 1 2 1 1 1 1 1 2 3 1 2 3 3 3 3 4 5
3 225674032 1 1 1 1 1 1 2 2 3 2 2 3 3 3 4 4 5
3 225674536 1 1 1 1 1 1 2 2 3 2 2 3 3 3 4 4 5
3 225674788 1 1 1 1 1 1 2 2 3 2 2 3 3 3 4 4 5
3 225738912 1 2 3 1 1 1 1 1 2 1 1 2 3 3 3 3 4
3 225738912 1 3 2 1 1 1 1 1 2 1 1 2 3 3 3 3 4
3 225740800 1 2 1 3 1 1 1 1 2 0 1 1 3 3 3 3 4
3 225740800 1 3 1 2 1 1 1 1 2 0 1 1 3 3 3 3 4
3 225740928 1 2 1 3 1 1 1 1 2 0 2 2 3 3 3 3 4
3 225740928 1 3 1 1 1 1 1 2 2 0 2 2 3 3 3 3 4
3 225740928 1 3 1 1 1 2 1 1 2 0 2 2 3 3 3 3 4
3 225740928 1 3 1 2 1 1 1 1 2 0 2 2 3 3 3 3 4
3 225804288 1 2 2 1 1 1 1 1 3 0 0 2 3 3 3 3 4
3 225804288 2 2 3 1 1 1 1 1 2 0 0 2 3 3 3 3 4
3 225804289 1 2 3 1 1 1 1 1 2 1 1 2 3 3 3 3 4
3 225808384 1 2 2 1 1 1 1 1 3 0 1 2 3 3 3 3 5
3 225810432 1 2 1 1 1 1 1 2 3 0 2 2 3 3 3 4 5
3 225871872 1 2 2 1 1 1 1 1 3 0 1 2 3 3 3 3 5
3 225935360 2 2 2 1 1 1 1 1 3 0 0 3 3 3 3 3 5
3 225935361 1 2 2 1 1 1 1 1 3 1 1 3 3 3 3 3 5
3 225936417 1 1 1 1 1 1 2 2 3 2 2 3 3 3 4 4 5
3 225937408 1 2 1 1 1 1 1 2 3 0 1 3 3 3 3 4 5
3 225937409 1 2 1 1 1 1 1 2 3 1 2 3 3 3 3 4 5
3 226198049 1 1 1 1 1 1 2 2 3 2 2 3 3 3 4 4 5
3 229844496 1 2 1 1 1 1 1 2 3 1 2 3 3 3 3 4 5
3 229868304 1 2 1 1 1 1 1 2 3 1 2 3 3 3 3 4 5
3 229868808 1 2 1 1 1 1 1 2 3 1 2 3 3 3 3 4 5
3 230003712 1 2 1 1 1 1 1 2 3 0 2 2 3 3 3 4 5
3 230130688 1 2 1 1 1 1 1 2 3 0 1 3 3 3 3 4 5
3 230130689 1 2 1 1 1 1 1 2 3 1 2 3 3 3 3 4 5
3 230217728 1 2 1 1 1 1 1 2 3 0 2 2 3 3 3 4 5
3 230249472 1 2 1 1 1 1 1 2 3 0 2 2 3 3 3 4 5
3 230265344 1 2 1 1 1 1 1 2 3 0 2 2 3 3 3 4 5
3 230392320 1 2 1 1 1 1 1 2 3 0 1 3 3 3 3 4 5
3 23039