0 220621872 1 1 1 1 1 1 1 1 4 2 2 3 3 3 3 3 5
0 220625968 2 1 1 1 1 1 1 1 4 2 3 3 3 3 3 3 6
0 220637744 1 1 1 1 1 1 1 1 4 2 2 3 3 3 3 3 5
0 220641840 2 1 1 1 1 1 1 1 4 2 3 3 3 3 3 3 6
0 220693296 1 1 1 1 1 1 1 1 4 2 2 3 3 3 3 3 5
0 220693800 1 1 1 1 1 1 1 1 4 2 2 3 3 3 3 3 5
0 220699660 2 1 1 1 1 1 1 1 4 2 3 3 3 3 3 3 6
0 221042784 1 1 1 1 1 1 1 1 4 2 2 2 3 3 3 3 6
0 221074528 1 1 1 1 1 1 1 1 4 2 2 2 3 3 3 3 6
0 221169697 1 1 1 1 1 1 1 1 4 2 2 3 3 3 3 3 5
0 221173792 1 1 1 1 1 1 1 1 4 1 2 3 3 3 3 3 6
0 221201441 1 1 1 1 1 1 1 1 4 2 2 3 3 3 3 3 5
0 221203520 1 1 1 1 1 1 1 1 4 1 2 3 3 3 3 3 6
0 221205536 1 1 1 1 1 1 1 1 4 1 2 3 3 3 3 3 6
0 221207552 1 1 1 1 1 1 1 1 4 0 3 3 3 3 3 3 6
0 225251552 1 1 1 1 1 1 1 1 4 2 2 2 3 3 3 3 6
0 225378465 1 1 1 1 1 1 1 1 4 2 2 3 3 3 3 3 5
0 225380544 1 1 1 1 1 1 1 1 4 1 2 3 3 3 3 3 6
0 225382560 1 1 1 1 1 1 1 1 4 1 2 3 3 3 3 3 6
0 225384576 1 1 1 1 1 1 1 1 4 0 3 3 3 3 3 3 6
0 225473632 1 1 1 1 1 1 1 1 4 2 2 2 3 3 3 3 6
0 225497440 1 1 1 1 1 1 1 1 4 2 2 2 3 3 3 3 6
0 225743072 1 1 1 1 1 1 1 1 4 2 2 2 3 3 3 3 6
0 225808449 1 1 1 1 1 1 1 1 4 2 2 2 3 3 3 3 6
0 225939457 1 1 1 1 1 1 1 1 4 1 2 3 3 3 3 3 6
0 234361026 1 1 1 1 1 1 1 1 4 2 2 2 3 3 3 3 6
1 2022000 1 1 1 1 2 1 1 1 3 3 3 3 3 3 3 3 3
1 5691760 1 1 1 2 1 1 1 3 1 3 3 3 3 3 3 3 3
1 6215776 1 1 3 1 1 1 2 1 1 2 2 3 3 3 3 3 3
1 6215777 1 1 1 1 2 1 1 1 3 3 3 3 3 3 3 3 3
1 6215777 1 1 2 1 1 1 3 1 1 3 3 3 3 3 3 3 3
1 6247520 1 3 1 1 1 2 1 1 1 2 2 3 3 3 3 3 3
1 14332512 1 1 3 1 2 1 1 1 1 2 2 3 3 3 3 3 3
1 14586080 1 1 3 1 1 2 1 1 1 2 2 3 3 3 3 3 3
1 14586080 1 3 1 1 1 1 2 1 1 2 2 3 3 3 3 3 3
1 14587968 1 3 1 1 1 2 1 1 1 1 2 2 3 3 3 3 3
1 15121504 1 1 1 1 1 2 1 1 3 2 3 3 3 3 3 3 4
1 15121504 1 1 1 1 1 3 1 1 2 2 3 3 3 3 3 3 4
1 15178820 1 1 1 1 1 2 1 1 3 2 3 3 3 3 3 3 4
1 15178820 1 1 1 1 1 3 1 1 2 2 3 3 3 3 3 3 4
1 15383136 1 1 1 1 1 2 1 1 3 2 3 3 3 3 3 3 4
1 15383136 1 1 1 1 1 3 1 1 2 2 3 3 3 3 3 3 4
1 15391072 1 1 1 1 1 2 1 1 3 2 3 3 3 3 3 3 4
1 15391072 1 1 1 1 1 3 1 1 2 2 3 3 3 3 3 3 4
1 15410784 1 1 3 2 1 1 1 1 1 2 2 3 3 3 3 3 3
1 15416392 1 1 1 1 1 2 1 1 3 2 3 3 3 3 3 3 4
1 15416392 1 1 1 1 1 3 1 1 2 2 3 3 3 3 3 3 4
1 15424580 1 1 1 1 1 2 1 1 3 2 3 3 3 3 3 3 4
1 15424580 1 1 1 1 1 3 1 1 2 2 3 3 3 3 3 3 4
1 15434592 1 1 3 2 1 1 1 1 1 2 2 3 3 3 3 3 3
1 15571008 1 3 1 1 1 2 1 1 1 1 2 2 3 3 3 3 3
1 16422920 1 3 1 1 2 1 1 1 1 1 2 2 3 3 3 3 3
1 19881008 1 1 2 1 1 1 1 1 3 2 3 3 3 3 3 3 4
1 19881008 1 1 3 1 1 1 1 1 2 2 3 3 3 3 3 3 4
1 19881008 1 2 1 1 1 1 1 1 3 2 3 3 3 3 3 3 4
1 19881008 2 3 1 1 1 1 1 1 2 2 3 3 3 3 3 3 4
1 19881072 2 1 2 1 1 1 1 1 3 3 3 3 3 3 3 3 5
1 19897384 1 1 1 2 1 1 1 1 3 2 3 3 3 3 3 3 4
1 19897384 1 1 1 3 1 1 1 1 2 2 3 3 3 3 3 3 4
1 23804464 1 2 1 1 1 1 1 1 3 2 3 3 3 3 3 3 4
1 23804464 2 3 1 1 1 1 1 1 2 2 3 3 3 3 3 3 4
1 23804528 2 2 1 1 1 1 1 1 3 3 3 3 3 3 3 3 5
1 23804968 1 1 2 1 1 1 1 1 3 2 3 3 3 3 3 3 4
1 23804968 1 1 3 1 1 1 1 1 2 2 3 3 3 3 3 3 4
1 23959648 1 1 1 3 1 1 1 1 2 2 2 2 3 3 3 3 4
1 24058032 1 2 1 1 1 1 1 1 3 2 3 3 3 3 3 3 4
1 24058032 2 3 1 1 1 1 1 1 2 2 3 3 3 3 3 3 4
1 24058096 2 2 1 1 1 1 1 1 3 3 3 3 3 3 3 3 5
1 24058914 1 1 2 1 1 1 1 1 3 2 3 3 3 3 3 3 4
1 24058914 1 1 3 1 1 1 1 1 2 2 3 3 3 3 3 3 4
1 24090720 1 1 1 2 1 1 1 1 3 2 2 3 3 3 3 3 5
1 24353804 1 1 1 2 1 1 1 1 3 2 3 3 3 3 3 3 4
1 24353804 1 1 1 3 1 1 1 1 2 2 3 3 3 3 3 3 4
1 24482912 1 1 1 3 1 1 1 1 2 2 2 2 3 3 3 3 4
1 24611904 1 1 3 1 1 1 1 1 2 1 2 3 3 3 3 3 4
1 24613984 1 1 1 2 1 1 1 1 3 2 2 3 3 3 3 3 5
1 24616000 1 1 1 2 1 1 1 1 3 1 3 3 3 3 3 3 5
1 24744544 1 1 1 3 1 1 1 1 2 2 2 2 3 3 3 3 4
1 24875616 1 1 1 1 2 1 1 1 3 2 2 3 3 3 3 3 5
1 31102976 1 3 1 1 1 2 1 1 1 0 2 2 2 3 3 3 3
1 33132609 1 1 1 3 1 1 1 1 2 2 2 2 3 3 3 3 4
1 33263681 1 1 1 1 1 2 1 1 3 2 2 3 3 3 3 3 5
1 44465264 2 1 1 1 1 1 1 2 3 3 3 3 3 3 3 4 4
1 44465264 2 1 1 1 1 1 1 3 2 3 3 3 3 3 3 4 4
1 44481136 2 1 1 1 1 1 1 2 3 3 3 3 3 3 3 4 4
1 44481136 2 1 1 1 1 1 1 3 2 3 3 3 3 3 3 4 4
1 44489072 2 1 1 1 1 1 1 2 3 3 3 3 3 3 3 4 4
1 45013088 1 1 1 1 1 1 1 2 3 2 2 3 3 3 3 4 4
1 45013089 2 1 1 1 1 1 1 2 3 3 3 3 3 3 3 4 4
1 45044832 1 1 1 1 1 1 1 2 3 2 2 3 3 3 3 4 4
1 45044832 1 1 1 1 1 1 1 3 2 2 2 3 3 3 3 4 4
1 45046848 1 1 1 1 1 1 1 2 3 1 3 3 3 3 3 4 4
1 45046848 1 1 1 1 1 1 1 3 2 1 3 3 3 3 3 4 4
1 45569104 1 1 1 1 1 1 1 2 3 2 2 3 3 3 3 4 4
1 45569104 1 1 1 1 1 1 1 3 2 2 2 3 3 3 3 4 4
1 45584976 1 1 1 1 1 1 1 2 3 2 2 3 3 3 3 4 4
1 45584976 1 1 1 1 1 1 1 3 2 2 2 3 3 3 3 4 4
1 48107712 1 3 1 1 1 1 1 2 1 1 2 2 3 3 3 3 3
1 48107714 1 1 3 1 1 1 1 2 1 2 2 3 3 3 3 3 3
1 48107715 1 1 1 1 1 1 1 2 3 3 3 3 3 3 3 3 3
1 48393284 1 1 3 2 1 1 1 1 1 2 2 3 3 3 3 3 3
1 48395616 1 1 1 1 1 1 1 2 3 2 3 3 3 3 3 3 4
1 48395616 1 1 1 1 1 1 1 3 2 2 3 3 3 3 3 3 4
1 48395616 1 1 1 1 1 1 2 1 3 2 3 3 3 3 3 3 4
1 48395616 1 1 1 1 1 1 3 1 2 2 3 3 3 3 3 3 4
1 48396656 2 1 1 1 1 1 1 2 3 3 3 3 3 3 3 4 4
1 48397380 1 1 1 1 1 1 1 2 3 2 3 3 3 3 3 3 4
1 48397380 1 1 1 1 1 1 1 3 2 2 3 3 3 3 3 3 4
1 48397380 1 1 1 1 1 2 1 1 3 2 3 3 3 3 3 3 4
1 48397380 1 1 1 1 1 3 1 1 2 2 3 3 3 3 3 3 4
1 48543808 1 3 1 1 1 2 1 1 1 1 2 2 3 3 3 3 3
1 48599360 1 3 1 1 1 2 1 1 1 1 2 2 3 3 3 3 3
1 48666820 1 1 1 1 1 1 1 2 3 2 3 3 3 3 3 3 4
1 48666820 1 1 1 1 1 1 1 3 2 2 3 3 3 3 3 3 4
1 48666820 1 1 1 1 1 2 1 1 3 2 3 3 3 3 3 3 4
1 48666820 1 1 1 1 1 3 1 1 2 2 3 3 3 3 3 3 4
1 48674912 1 1 1 1 1 1 1 2 3 2 2 3 3 3 3 4 4
1 48674913 2 1 1 1 1 1 1 2 3 3 3 3 3 3 3 4 4
1 48706656 1 1 1 1 1 1 1 2 3 2 2 3 3 3 3 4 4
1 48706656 1 1 1 1 1 1 1 3 2 2 2 3 3 3 3 4 4
1 48708672 1 1 1 1 1 1 1 2 3 1 3 3 3 3 3 4 4
1 48708672 1 1 1 1 1 1 1 3 2 1 3 3 3 3 3 4 4
1 48730464 1 1 1 1 1 1 1 2 3 2 2 3 3 3 3 4 4
1 48730464 1 1 1 1 1 1 1 3 2 2 2 3 3 3 3 4 4
1 49090752 1 3 1 1 1 1 2 1 1 1 2 2 3 3 3 3 3
1 49156256 1 3 1 1 2 1 1 1 1 1 2 2 3 3 3 3 3
1 49221856 1 1 1 1 1 1 1 2 3 2 2 3 3 3 3 4 4
1 49221856 1 1 1 1 1 1 1 3 2 2 2 3 3 3 3 4 4
1 49223872 1 1 1 1 1 1 1 2 3 1 3 3 3 3 3 4 4
1 49223872 1 1 1 1 1 1 1 3 2 1 3 3 3 3 3 4 4
1 49492560 1 1 1 1 1 1 1 2 3 2 2 3 3 3 3 4 4
1 49492560 1 1 1 1 1 1 1 3 2 2 2 3 3 3 3 4 4
1 49500496 1 1 1 1 1 1 1 2 3 2 2 3 3 3 3 4 4
1 49500496 1 1 1 1 1 1 1 3 2 2 2 3 3 3 3 4 4
1 49778753 1 1 1 1 1 1 1 2 3 2 2 3 3 3 3 4 4
1 49778753 1 1 1 1 1 1 1 3 2 2 2 3 3 3 3 4 4
1 52853808 1 1 1 1 1 1 1 2 3 2 3 3 3 3 3 3 4
1 52853808 1 1 1 1 1 1 1 3 2 2 3 3 3 3 3 3 4
1 52853808 1 1 2 1 1 1 1 1 3 2 3 3 3 3 3 3 4
1 52853808 1 1 3 1 1 1 1 1 2 2 3 3 3 3 3 3 4
1 52853808 1 2 1 1 1 1 1 1 3 2 3 3 3 3 3 3 4
1 52853808 2 3 1 1 1 1 1 1 2 2 3 3 3 3 3 3 4
1 52853872 2 1 1 1 1 1 1 2 3 3 3 3 3 3 3 3 5
1 52853872 2 1 2 1 1 1 1 1 3 3 3 3 3 3 3 3 5
1 52869680 1 1 1 1 1 1 1 2 3 2 3 3 3 3 3 3 4
1 52869680 1 1 1 1 1 1 1 3 2 2 3 3 3 3 3 3 4
1 52869680 1 2 1 1 1 1 1 1 3 2 3 3 3 3 3 3 4
1 52869680 2 3 1 1 1 1 1 1 2 2 3 3 3 3 3 3 4
1 52869744 2 1 1 1 1 1 1 2 3 3 3 3 3 3 3 3 5
1 52869744 2 2 1 1 1 1 1 1 3 3 3 3 3 3 3 3 5
1 52870184 1 1 1 1 1 1 1 2 3 2 3 3 3 3 3 3 4
1 52870184 1 1 1 1 1 1 1 3 2 2 3 3 3 3 3 3 4
1 52870184 1 1 1 1 1 1 2 1 3 2 3 3 3 3 3 3 4
1 52870184 1 1 1 1 1 1 3 1 2 2 3 3 3 3 3 3 4
1 52870184 1 1 2 1 1 1 1 1 3 2 3 3 3 3 3 3 4
1 52870184 1 1 3 1 1 1 1 1 2 2 3 3 3 3 3 3 4
1 52927500 1 1 1 1 1 1 1 2 3 2 3 3 3 3 3 3 4
1 52927500 1 1 1 1 1 1 1 3 2 2 3 3 3 3 3 3 4
1 52927500 1 1 1 2 1 1 1 1 3 2 3 3 3 3 3 3 4
1 52927500 1 1 1 3 1 1 1 1 2 2 3 3 3 3 3 3 4
1 53131816 1 1 1 1 1 1 1 2 3 2 3 3 3 3 3 3 4
1 53131816 1 1 1 1 1 1 1 3 2 2 3 3 3 3 3 3 4
1 53131816 1 1 1 1 1 1 2 1 3 2 3 3 3 3 3 3 4
1 53131816 1 1 1 1 1 1 3 1 2 2 3 3 3 3 3 3 4
1 53131880 2 1 1 1 1 1 1 2 3 3 3 3 3 3 3 3 5
1 53131880 2 1 1 1 1 1 2 1 3 3 3 3 3 3 3 3 5
1 53139752 1 1 1 1 1 1 1 2 3 2 3 3 3 3 3 3 4
1 53139752 1 1 1 1 1 1 1 3 2 2 3 3 3 3 3 3 4
1 53139752 1 1 1 1 1 1 2 1 3 2 3 3 3 3 3 3 4
1 53139752 1 1 1 1 1 1 3 1 2 2 3 3 3 3 3 3 4
1 53139816 2 1 1 1 1 1 1 2 3 3 3 3 3 3 3 3 5
1 53140004 1 1 1 1 1 1 1 2 3 2 3 3 3 3 3 3 4
1 53140004 1 1 1 1 1 1 1 3 2 2 3 3 3 3 3 3 4
1 53140004 1 1 1 1 1 1 2 1 3 2 3 3 3 3 3 3 4
1 53140004 1 1 1 1 1 1 3 1 2 2 3 3 3 3 3 3 4
1 53172756 1 1 1 1 1 1 1 2 3 2 3 3 3 3 3 3 4
1 53172756 1 1 1 1 1 1 1 3 2 2 3 3 3 3 3 3 4
1 53172756 1 1 1 1 1 1 2 1 3 2 3 3 3 3 3 3 4
1 53172756 1 1 1 1 1 1 3 1 2 2 3 3 3 3 3 3 4
1 53173260 1 1 1 1 1 1 1 2 3 2 3 3 3 3 3 3 4
1 53173260 1 1 1 1 1 1 1 3 2 2 3 3 3 3 3 3 4
1 53173260 1 1 1 1 1 1 2 1 3 2 3 3 3 3 3 3 4
1 53173260 1 1 1 1 1 1 3 1 2 2 3 3 3 3 3 3 4
1 53173260 1 1 2 1 1 1 1 1 3 2 3 3 3 3 3 3 4
1 53173260 1 1 3 1 1 1 1 1 2 2 3 3 3 3 3 3 4
1 53318240 1 1 1 3 1 1 1 1 2 2 2 2 3 3 3 3 4
1 53401696 1 1 1 1 1 1 1 2 3 2 2 3 3 3 3 3 5
1 53401696 1 1 1 1 1 1 2 1 3 2 2 3 3 3 3 3 5
1 53431360 1 1 3 1 1 1 1 1 2 1 2 3 3 3 3 3 4
1 53433440 1 1 1 1 1 1 1 2 3 2 2 3 3 3 3 3 5
1 53435456 1 1 1 1 1 1 1 2 3 1 3 3 3 3 3 3 5
1 53435456 1 1 2 1 1 1 1 1 3 1 3 3 3 3 3 3 5
1 53435488 2 1 1 1 1 1 1 2 3 2 3 3 3 3 3 4 5
1 53449312 1 1 1 1 1 1 1 2 3 2 2 3 3 3 3 3 5
1 53449312 1 1 1 1 1 1 2 1 3 2 2 3 3 3 3 3 5
1 53449312 1 1 1 2 1 1 1 1 3 2 2 3 3 3 3 3 5
1 53955664 1 1 1 1 1 1 1 2 3 2 2 3 3 3 3 4 4
1 53955664 1 1 1 1 1 1 1 3 2 2 2 3 3 3 3 4 4
1 53959696 1 1 1 1 1 1 1 2 3 1 3 3 3 3 3 4 4
1 53959696 1 1 1 1 1 1 1 3 2 1 3 3 3 3 3 4 4
1 53959760 2 1 1 1 1 1 1 2 3 2 3 3 3 3 3 4 5
1 53970528 1 1 1 1 1 1 1 2 3 2 2 3 3 3 3 4 4
1 53971536 1 1 1 1 1 1 1 2 3 2 2 3 3 3 3 4 4
1 53972040 1 1 1 1 1 1 1 2 3 2 2 3 3 3 3 4 4
1 53976136 2 1 1 1 1 1 1 2 3 2 3 3 3 3 3 4 5
1 54104648 1 1 1 3 1 1 1 1 2 2 2 2 3 3 3 3 4
1 54235720 1 1 1 1 1 1 1 2 3 2 2 3 3 3 3 3 5
1 54235720 1 1 1 1 2 1 1 1 3 2 2 3 3 3 3 3 5
1 57350284 1 1 1 1 1 1 1 2 3 2 3 3 3 3 3 3 4
1 57350284 1 1 1 1 1 1 1 3 2 2 3 3 3 3 3 3 4
1 57350284 1 1 1 1 1 1 2 1 3 2 3 3 3 3 3 3 4
1 57350284 1 1 1 1 1 1 3 1 2 2 3 3 3 3 3 3 4
1 57350410 1 1 1 1 1 1 1 2 3 2 3 3 3 3 3 3 4
1 57350410 1 1 1 1 1 1 1 3 2 2 3 3 3 3 3 3 4
1 57356896 1 1 1 1 1 1 1 2 3 2 2 3 3 3 3 3 5
1 57356896 1 1 1 1 1 1 2 1 3 2 2 3 3 3 3 3 5
1 57358912 1 1 1 1 1 1 1 2 3 1 3 3 3 3 3 3 5
1 57358944 2 1 1 1 1 1 1 2 3 2 3 3 3 3 3 4 5
1 57610464 1 1 1 1 1 1 1 2 3 2 2 3 3 3 3 3 5
1 57610464 1 1 1 1 1 1 2 1 3 2 2 3 3 3 3 3 5
1 57612384 1 1 1 1 1 1 1 2 3 2 2 2 3 3 3 4 5
1 57612480 1 1 1 1 1 1 1 2 3 1 3 3 3 3 3 3 5
1 57612512 2 1 1 1 1 1 1 2 3 2 3 3 3 3 3 4 5
1 57774408 1 1 1 3 1 1 1 1 2 2 2 2 3 3 3 3 4
1 57878112 1 1 1 1 1 1 1 2 3 2 2 3 3 3 3 4 4
1 57879120 1 1 1 1 1 1 1 2 3 2 2 3 3 3 3 4 4
1 57879624 1 1 1 1 1 1 1 2 3 2 2 3 3 3 3 4 4
1 57883152 1 1 1 1 1 1 1 2 3 1 3 3 3 3 3 4 4
1 57883152 1 1 1 1 1 1 1 3 2 1 3 3 3 3 3 4 4
1 57883216 2 1 1 1 1 1 1 2 3 2 3 3 3 3 3 4 5
1 57883720 2 1 1 1 1 1 1 2 3 2 3 3 3 3 3 4 5
1 57886048 1 1 1 1 1 1 1 2 3 2 2 3 3 3 3 4 4
1 57886048 1 1 1 1 1 1 1 3 2 2 2 3 3 3 3 4 4
1 57887056 1 1 1 1 1 1 1 2 3 2 2 3 3 3 3 4 4
1 57887056 1 1 1 1 1 1 1 3 2 2 2 3 3 3 3 4 4
1 57887812 1 1 1 1 1 1 1 2 3 2 2 3 3 3 3 4 4
1 57887812 1 1 1 1 1 1 1 3 2 2 2 3 3 3 3 4 4
1 57891844 1 1 1 1 1 1 1 2 3 1 3 3 3 3 3 4 4
1 57891908 2 1 1 1 1 1 1 2 3 2 3 3 3 3 3 4 5
1 57905480 1 1 1 1 1 1 1 2 3 2 2 3 3 3 3 3 5
1 57905480 1 1 1 2 1 1 1 1 3 2 2 3 3 3 3 3 5
1 57970848 1 3 1 1 1 2 1 1 1 1 2 2 3 3 3 3 3
1 58036289 1 1 1 3 1 1 1 1 2 2 2 2 3 3 3 3 4
1 58103904 1 1 1 1 1 1 1 2 3 2 2 2 3 3 3 4 5
1 58165313 1 1 1 1 1 1 1 2 3 2 2 3 3 3 3 4 4
1 58167361 1 1 1 1 1 1 1 2 3 2 2 3 3 3 3 3 5
1 58167361 1 1 1 2 1 1 1 1 3 2 2 3 3 3 3 3 5
1 58169408 1 1 1 1 1 1 1 2 3 1 2 3 3 3 3 4 5
1 58349664 1 1 1 1 1 1 1 2 3 2 2 2 3 3 3 4 5
1 62072400 1 1 1 1 1 1 1 2 3 2 2 3 3 3 3 4 4
1 62072400 1 1 1 1 1 1 1 3 2 2 2 3 3 3 3 4 4
1 62096208 1 1 1 1 1 1 1 2 3 2 2 3 3 3 3 4 4
1 62096208 1 1 1 1 1 1 1 3 2 2 2 3 3 3 3 4 4
1 62096712 1 1 1 1 1 1 1 2 3 2 2 3 3 3 3 4 4
1 62096712 1 1 1 1 1 1 1 3 2 2 2 3 3 3 3 4 4
1 62297184 1 1 1 1 1 1 1 2 3 2 2 2 3 3 3 4 5
1 62358593 1 1 1 1 1 1 1 2 3 2 2 3 3 3 3 4 4
1 62358593 1 1 1 1 1 1 1 3 2 2 2 3 3 3 3 4 4
1 62362688 1 1 1 1 1 1 1 2 3 1 2 3 3 3 3 4 5
1 62542944 1 1 1 1 1 1 1 2 3 2 2 2 3 3 3 4 5
1 62620225 1 1 1 1 1 1 1 2 3 2 2 3 3 3 3 4 4
1 62620225 1 1 1 1 1 1 1 3 2 2 2 3 3 3 3 4 4
1 62624320 1 1 1 1 1 1 1 2 3 1 2 3 3 3 3 4 5
1 63584256 1 3 1 1 1 2 1 1 1 0 2 2 2 3 3 3 3
1 64622720 1 3 1 1 1 2 1 1 1 0 2 2 2 3 3 3 3
1 66719968 1 1 1 1 1 1 1 2 3 2 2 2 3 3 3 4 5
1 86854752 1 1 1 3 1 1 1 1 2 2 2 2 3 3 3 3 4
1 86854752 1 3 1 1 1 1 1 1 2 2 2 2 3 3 3 3 4
1 86985760 1 1 3 1 1 1 1 1 2 1 2 3 3 3 3 3 4
1 86985760 1 2 1 1 1 1 1 1 3 1 2 3 3 3 3 3 4
1 86985760 2 3 1 1 1 1 1 1 2 1 2 3 3 3 3 3 4
1 86985824 1 1 1 1 1 1 1 2 3 2 2 3 3 3 3 3 5
1 86985824 1 1 1 2 1 1 1 1 3 2 2 3 3 3 3 3 5
1 86985824 1 1 2 1 1 1 1 1 3 2 2 3 3 3 3 3 5
1 86985824 1 2 1 1 1 1 1 1 3 2 2 3 3 3 3 3 5
1 86989856 1 1 1 1 1 1 1 2 3 1 3 3 3 3 3 3 5
1 86989856 1 1 1 2 1 1 1 1 3 1 3 3 3 3 3 3 5
1 86989856 2 2 1 1 1 1 1 1 3 1 3 3 3 3 3 3 5
1 87346272 1 1 3 1 1 1 1 1 2 2 2 2 3 3 3 3 4
1 87346272 1 3 1 1 1 1 1 1 2 2 2 2 3 3 3 3 4
1 87379024 1 1 1 3 1 1 1 1 2 2 2 2 3 3 3 3 4
1 87379024 1 1 3 1 1 1 1 1 2 2 2 2 3 3 3 3 4
1 87395400 1 1 1 3 1 1 1 1 2 2 2 2 3 3 3 3 4
1 87510032 1 1 3 1 1 1 1 1 2 1 2 3 3 3 3 3 4
1 87510096 1 1 1 1 1 1 1 2 3 2 2 3 3 3 3 3 5
1 87510096 1 1 1 1 2 1 1 1 3 2 2 3 3 3 3 3 5
1 87510096 1 1 2 1 1 1 1 1 3 2 2 3 3 3 3 3 5
1 87514128 1 1 1 1 1 1 1 2 3 1 3 3 3 3 3 3 5
1 87514128 1 1 1 1 2 1 1 1 3 1 3 3 3 3 3 3 5
1 87514128 1 1 2 1 1 1 1 1 3 1 3 3 3 3 3 3 5
1 87514160 2 1 1 1 1 1 1 2 3 2 3 3 3 3 3 4 5
1 87524896 1 2 1 1 1 1 1 1 3 1 2 3 3 3 3 3 4
1 87524896 2 3 1 1 1 1 1 1 2 1 2 3 3 3 3 3 4
1 87524960 1 1 1 1 1 1 1 2 3 2 2 3 3 3 3 3 5
1 87524960 1 1 1 1 2 1 1 1 3 2 2 3 3 3 3 3 5
1 87524960 1 2 1 1 1 1 1 1 3 2 2 3 3 3 3 3 5
1 87525904 1 1 3 1 1 1 1 1 2 1 2 3 3 3 3 3 4
1 87525968 1 1 1 1 1 1 1 2 3 2 2 3 3 3 3 3 5
1 87525968 1 1 1 1 2 1 1 1 3 2 2 3 3 3 3 3 5
1 87525968 1 1 1 2 1 1 1 1 3 2 2 3 3 3 3 3 5
1 87525968 1 1 2 1 1 1 1 1 3 2 2 3 3 3 3 3 5
1 89069600 1 3 1 1 1 1 1 1 2 1 2 2 2 3 3 3 4
1 89561120 1 3 1 1 1 1 1 1 2 1 2 2 2 3 3 3 4
1 91031776 1 1 1 3 1 1 1 1 2 2 2 2 3 3 3 3 4
1 91031776 1 3 1 1 1 1 1 1 2 2 2 2 3 3 3 3 4
1 91162656 1 1 3 1 1 1 1 1 2 1 1 2 3 3 3 3 4
1 91162784 1 1 3 1 1 1 1 1 2 1 2 3 3 3 3 3 4
1 91162784 1 2 1 1 1 1 1 1 3 1 2 3 3 3 3 3 4
1 91162784 2 3 1 1 1 1 1 1 2 1 2 3 3 3 3 3 4
1 91162848 1 1 1 1 1 1 1 2 3 2 2 3 3 3 3 3 5
1 91162848 1 1 1 2 1 1 1 1 3 2 2 3 3 3 3 3 5
1 91162848 1 1 2 1 1 1 1 1 3 2 2 3 3 3 3 3 5
1 91162848 1 2 1 1 1 1 1 1 3 2 2 3 3 3 3 3 5
1 91166752 1 2 1 1 1 1 1 1 3 1 2 2 3 3 3 3 5
1 91166880 1 1 1 1 1 1 1 2 3 1 3 3 3 3 3 3 5
1 91166880 1 1 1 2 1 1 1 1 3 1 3 3 3 3 3 3 5
1 91166880 2 2 1 1 1 1 1 1 3 1 3 3 3 3 3 3 5
1 91253856 1 1 3 1 1 1 1 1 2 2 2 2 3 3 3 3 4
1 91253856 1 3 1 1 1 1 1 1 2 2 2 2 3 3 3 3 4
1 91277664 1 1 3 1 1 1 1 1 2 2 2 2 3 3 3 3 4
1 91277664 1 3 1 1 1 1 1 1 2 2 2 2 3 3 3 3 4
1 91302480 1 1 1 3 1 1 1 1 2 2 2 2 3 3 3 3 4
1 91302480 1 1 3 1 1 1 1 1 2 2 2 2 3 3 3 3 4
1 91311172 1 1 1 3 1 1 1 1 2 2 2 2 3 3 3 3 4
1 91432480 1 2 1 1 1 1 1 1 3 1 2 3 3 3 3 3 4
1 91432480 2 3 1 1 1 1 1 1 2 1 2 3 3 3 3 3 4
1 91432544 1 1 1 1 1 1 1 2 3 2 2 3 3 3 3 3 5
1 91432544 1 1 1 1 2 1 1 1 3 2 2 3 3 3 3 3 5
1 91432544 1 2 1 1 1 1 1 1 3 2 2 3 3 3 3 3 5
1 91433488 1 1 3 1 1 1 1 1 2 1 2 3 3 3 3 3 4
1 91433552 1 1 1 1 1 1 1 2 3 2 2 3 3 3 3 3 5
1 91433552 1 1 1 1 2 1 1 1 3 2 2 3 3 3 3 3 5
1 91433552 1 1 2 1 1 1 1 1 3 2 2 3 3 3 3 3 5
1 91437584 1 1 1 1 1 1 1 2 3 1 3 3 3 3 3 3 5
1 91437584 1 1 1 1 2 1 1 1 3 1 3 3 3 3 3 3 5
1 91437584 1 1 2 1 1 1 1 1 3 1 3 3 3 3 3 3 5
1 91437616 2 1 1 1 1 1 1 2 3 2 3 3 3 3 3 4 5
1 91440416 1 2 1 1 1 1 1 1 3 1 2 3 3 3 3 3 4
1 91440416 2 3 1 1 1 1 1 1 2 1 2 3 3 3 3 3 4
1 91440480 1 1 1 1 1 1 1 2 3 2 2 3 3 3 3 3 5
1 91440480 1 1 1 1 2 1 1 1 3 2 2 3 3 3 3 3 5
1 91440480 1 1 1 2 1 1 1 1 3 2 2 3 3 3 3 3 5
1 91440480 1 2 1 1 1 1 1 1 3 2 2 3 3 3 3 3 5
1 91441424 1 1 3 1 1 1 1 1 2 1 2 3 3 3 3 3 4
1 91441488 1 1 1 1 1 1 1 2 3 2 2 3 3 3 3 3 5
1 91441488 1 1 1 1 2 1 1 1 3 2 2 3 3 3 3 3 5
1 91441488 1 1 1 2 1 1 1 1 3 2 2 3 3 3 3 3 5
1 91441488 1 1 2 1 1 1 1 1 3 2 2 3 3 3 3 3 5
1 91442180 1 1 3 1 1 1 1 1 2 1 2 3 3 3 3 3 4
1 91442244 1 1 1 1 1 1 1 2 3 2 2 3 3 3 3 3 5
1 91442244 1 1 1 1 2 1 1 1 3 2 2 3 3 3 3 3 5
1 91442244 1 1 1 2 1 1 1 1 3 2 2 3 3 3 3 3 5
1 91442244 1 1 2 1 1 1 1 1 3 2 2 3 3 3 3 3 5
1 91446276 1 1 1 1 1 1 1 2 3 1 3 3 3 3 3 3 5
1 91446276 1 1 1 1 2 1 1 1 3 1 3 3 3 3 3 3 5
1 91446276 1 1 1 2 1 1 1 1 3 1 3 3 3 3 3 3 5
1 91446308 2 1 1 1 1 1 1 2 3 2 3 3 3 3 3 4 5
1 91523296 1 1 3 1 1 1 1 1 2 2 2 2 3 3 3 3 4
1 91523296 1 3 1 1 1 1 1 1 2 2 2 2 3 3 3 3 4
1 91556048 1 1 1 3 1 1 1 1 2 2 2 2 3 3 3 3 4
1 91556930 1 1 1 3 1 1 1 1 2 2 2 2 3 3 3 3 4
1 91556930 1 1 3 1 1 1 1 1 2 2 2 2 3 3 3 3 4
1 91588672 1 1 3 1 1 1 1 1 2 1 1 2 3 3 3 3 4
1 91592800 1 1 1 1 1 1 1 2 3 2 2 2 3 3 3 4 5
1 91654176 1 1 3 1 1 1 1 1 2 1 1 2 3 3 3 3 4
1 91658272 1 2 1 1 1 1 1 1 3 1 2 2 3 3 3 3 5
1 91685920 1 3 1 1 1 1 1 1 2 1 1 2 3 3 3 3 4
1 91719680 1 1 3 1 1 1 1 1 2 0 1 3 3 3 3 3 4
1 91719681 1 1 3 1 1 1 1 1 2 1 2 3 3 3 3 3 4
1 91719744 1 1 2 1 1 1 1 1 3 1 1 3 3 3 3 3 5
1 91719745 1 1 1 1 1 1 1 2 3 2 2 3 3 3 3 3 5
1 91719745 1 1 1 1 2 1 1 1 3 2 2 3 3 3 3 3 5
1 91719745 1 1 2 1 1 1 1 1 3 2 2 3 3 3 3 3 5
1 91723808 1 1 1 1 1 1 1 2 3 1 2 3 3 3 3 4 5
1 93231136 1 3 1 1 1 1 1 1 2 1 2 2 2 3 3 3 4
1 93754400 1 3 1 1 1 1 1 1 2 1 2 2 2 3 3 3 4
1 94000160 1 3 1 1 1 1 1 1 2 1 2 2 2 3 3 3 4
1 95448144 1 1 3 1 1 1 1 1 2 2 2 2 3 3 3 3 4
1 95463008 1 3 1 1 1 1 1 1 2 2 2 2 3 3 3 3 4
1 95464016 1 1 3 1 1 1 1 1 2 2 2 2 3 3 3 3 4
1 95464520 1 1 3 1 1 1 1 1 2 2 2 2 3 3 3 3 4
1 95626832 1 1 1 1 1 1 1 2 3 2 2 3 3 3 3 3 5
1 95626832 1 1 1 1 1 2 1 1 3 2 2 3 3 3 3 3 5
1 95626832 1 1 1 1 2 1 1 1 3 2 2 3 3 3 3 3 5
1 95632408 2 1 1 1 1 1 1 2 3 2 3 3 3 3 3 4 5
1 95650640 1 1 1 1 1 1 1 2 3 2 2 3 3 3 3 3 5
1 95650640 1 1 1 1 1 2 1 1 3 2 2 3 3 3 3 3 5
1 95650640 1 1 1 2 1 1 1 1 3 2 2 3 3 3 3 3 5
1 95651144 1 1 1 1 1 1 1 2 3 2 2 3 3 3 3 3 5
1 95651144 1 1 1 1 1 2 1 1 3 2 2 3 3 3 3 3 5
1 95651144 1 1 1 1 2 1 1 1 3 2 2 3 3 3 3 3 5
1 95651144 1 1 1 2 1 1 1 1 3 2 2 3 3 3 3 3 5
1 95656972 2 1 1 1 1 1 1 2 3 2 3 3 3 3 3 4 5
1 95716576 1 3 1 1 1 1 1 1 2 2 2 2 3 3 3 3 4
1 95717584 1 1 3 1 1 1 1 1 2 2 2 2 3 3 3 3 4
1 95718466 1 1 3 1 1 1 1 1 2 2 2 2 3 3 3 3 4
1 95786080 1 1 1 1 1 1 1 2 3 2 2 2 3 3 3 4 5
1 95847456 1 3 1 1 1 1 1 1 2 1 1 2 3 3 3 3 4
1 95851552 1 2 1 1 1 1 1 1 3 1 2 2 3 3 3 3 5
1 95913025 1 1 1 1 1 1 1 2 3 2 2 3 3 3 3 3 5
1 95913025 1 1 1 1 1 2 1 1 3 2 2 3 3 3 3 3 5
1 95913025 1 1 1 2 1 1 1 1 3 2 2 3 3 3 3 3 5
1 95915072 1 1 1 1 1 1 1 2 3 1 2 3 3 3 3 4 5
1 95917088 1 1 1 1 1 1 1 2 3 1 2 3 3 3 3 4 5
1 95918096 1 1 1 1 1 1 1 2 3 1 2 3 3 3 3 4 5
1 95919104 1 1 1 1 1 1 1 2 3 0 3 3 3 3 3 4 5
1 95962336 1 3 1 1 1 1 1 1 2 2 2 2 3 3 3 3 4
1 95963344 1 1 3 1 1 1 1 1 2 2 2 2 3 3 3 3 4
1 95964226 1 1 3 1 1 1 1 1 2 2 2 2 3 3 3 3 4
1 95979720 1 1 3 1 1 1 1 1 2 2 2 2 3 3 3 3 4
1 95980098 1 1 3 1 1 1 1 1 2 2 2 2 3 3 3 3 4
1 95995968 1 1 3 1 1 1 1 1 2 1 1 2 3 3 3 3 4
1 95995969 1 1 3 1 1 1 1 1 2 2 2 2 3 3 3 3 4
1 96000096 1 1 1 1 1 1 1 2 3 2 2 2 3 3 3 4 5
1 96031840 1 1 1 1 1 1 1 2 3 2 2 2 3 3 3 4 5
1 96047712 1 1 1 1 1 1 1 2 3 2 2 2 3 3 3 4 5
1 96093216 1 3 1 1 1 1 1 1 2 1 1 2 3 3 3 3 4
1 96097312 1 2 1 1 1 1 1 1 3 1 2 2 3 3 3 3 5
1 96109088 1 3 1 1 1 1 1 1 2 1 1 2 3 3 3 3 4
1 96174657 1 1 1 1 1 1 1 2 3 2 2 3 3 3 3 3 5
1 96174657 1 1 1 1 1 2 1 1 3 2 2 3 3 3 3 3 5
1 96174657 1 1 1 1 2 1 1 1 3 2 2 3 3 3 3 3 5
1 96176704 1 1 1 1 1 1 1 2 3 1 2 3 3 3 3 4 5
1 96178720 1 1 1 1 1 1 1 2 3 1 2 3 3 3 3 4 5
1 96180232 1 1 1 1 1 1 1 2 3 1 2 3 3 3 3 4 5
1 97138720 1 3 1 1 1 1 1 1 2 1 2 2 2 3 3 3 4
1 97661984 1 3 1 1 1 1 1 1 2 1 2 2 2 3 3 3 4
1 98177184 1 3 1 1 1 1 1 1 2 1 2 2 2 3 3 3 4
1 100141250 1 1 3 1 1 1 1 1 2 2 2 2 3 3 3 3 4
1 100208864 1 1 1 1 1 1 1 2 3 2 2 2 3 3 3 4 5
1 100270240 1 3 1 1 1 1 1 1 2 1 1 2 3 3 3 3 4
1 100274336 1 2 1 1 1 1 1 1 3 1 2 2 3 3 3 3 5
1 126235680 1 3 1 1 1 1 1 1 2 1 2 2 2 3 3 3 4
1 126750880 1 3 1 1 1 1 1 1 2 1 2 2 2 3 3 3 4
1 129004640 1 1 1 1 1 1 1 2 3 2 2 2 3 3 3 4 5
1 129053264 1 1 1 1 1 1 1 2 3 2 2 2 3 3 3 4 5
1 129171864 1 1 1 1 1 1 1 2 3 2 2 3 3 3 3 4 4
1 129180177 1 1 1 1 1 1 1 2 3 2 2 3 3 3 3 4 4
1 129181248 1 1 1 1 1 1 1 2 3 1 2 3 3 3 3 4 5
1 129184272 1 1 1 1 1 1 1 2 3 1 2 3 3 3 3 4 5
1 129274080 1 1 1 1 1 1 1 2 3 2 2 2 3 3 3 4 5
1 129306832 1 1 1 1 1 1 1 2 3 2 2 2 3 3 3 4 5
1 129339457 1 1 1 1 1 1 1 2 3 2 2 2 3 3 3 4 5
1 129470465 1 1 1 1 1 1 1 2 3 1 2 3 3 3 3 4 5
1 130101504 1 3 1 1 1 1 2 1 1 0 2 2 2 3 3 3 3
1 130167072 1 3 1 1 1 1 1 1 2 1 2 2 2 3 3 3 4
1 177370456 2 1 1 1 1 1 1 2 3 3 3 3 3 3 3 4 4
1 177616088 2 1 1 1 1 1 1 2 3 3 3 3 3 3 3 4 4
1 177632336 1 1 1 1 1 1 1 2 3 2 2 3 3 3 3 4 4
1 177632336 1 1 1 1 1 1 1 3 2 2 2 3 3 3 3 4 4
1 177632337 2 1 1 1 1 1 1 2 3 3 3 3 3 3 3 4 4
1 177648208 1 1 1 1 1 1 1 2 3 2 2 3 3 3 3 4 4
1 177648208 1 1 1 1 1 1 1 3 2 2 2 3 3 3 3 4 4
1 177649216 1 1 1 1 1 1 1 2 3 1 3 3 3 3 3 4 4
1 177649216 1 1 1 1 1 1 1 3 2 1 3 3 3 3 3 4 4
1 178131666 2 1 1 1 1 1 1 2 3 3 3 3 3 3 3 4 4
1 178147536 1 1 1 1 1 1 1 2 3 2 2 3 3 3 3 4 4
1 178147536 1 1 1 1 1 1 1 3 2 2 2 3 3 3 3 4 4
1 178148544 1 1 1 1 1 1 1 2 3 1 3 3 3 3 3 4 4
1 178148544 1 1 1 1 1 1 1 3 2 1 3 3 3 3 3 4 4
1 178180161 1 1 1 1 1 1 1 2 3 2 2 3 3 3 3 4 4
1 178180161 1 1 1 1 1 1 1 3 2 2 2 3 3 3 3 4 4
1 178678864 1 1 1 1 1 1 1 2 3 2 2 3 3 3 3 4 4
1 178678864 1 1 1 1 1 1 1 3 2 2 2 3 3 3 3 4 4
1 178682896 1 1 1 1 1 1 1 2 3 1 3 3 3 3 3 4 4
1 178682896 1 1 1 1 1 1 1 3 2 1 3 3 3 3 3 4 4
1 178682960 2 1 1 1 1 1 1 2 3 2 3 3 3 3 3 4 5
1 178693728 1 1 1 1 1 1 1 2 3 2 2 3 3 3 3 4 4
1 178693728 1 1 1 1 1 1 1 3 2 2 2 3 3 3 3 4 4
1 178694736 1 1 1 1 1 1 1 2 3 2 2 3 3 3 3 4 4
1 178694736 1 1 1 1 1 1 1 3 2 2 2 3 3 3 3 4 4
1 178697824 2 1 1 1 1 1 1 2 3 2 3 3 3 3 3 4 5
1 178698768 1 1 1 1 1 1 1 2 3 1 3 3 3 3 3 4 4
1 178698768 1 1 1 1 1 1 1 3 2 1 3 3 3 3 3 4 4
1 178698832 2 1 1 1 1 1 1 2 3 2 3 3 3 3 3 4 5
1 178701664 1 1 1 1 1 1 1 2 3 2 2 3 3 3 3 4 4
1 178702672 1 1 1 1 1 1 1 2 3 2 2 3 3 3 3 4 4
1 178703428 1 1 1 1 1 1 1 2 3 2 2 3 3 3 3 4 4
1 178706704 1 1 1 1 1 1 1 2 3 1 3 3 3 3 3 4 4
1 178706704 1 1 1 1 1 1 1 3 2 1 3 3 3 3 3 4 4
1 178706768 2 1 1 1 1 1 1 2 3 2 3 3 3 3 3 4 5
1 178707524 2 1 1 1 1 1 1 2 3 2 3 3 3 3 3 4 5
1 178726480 1 1 1 1 1 1 1 2 3 2 2 3 3 3 3 4 4
1 178726480 1 1 1 1 1 1 1 3 2 2 2 3 3 3 3 4 4
1 178734416 1 1 1 1 1 1 1 2 3 2 2 3 3 3 3 4 4
1 178734416 1 1 1 1 1 1 1 3 2 2 2 3 3 3 3 4 4
1 178750288 1 1 1 1 1 1 1 2 3 2 2 3 3 3 3 4 4
1 178750288 1 1 1 1 1 1 1 3 2 2 2 3 3 3 3 4 4
1 178750792 1 1 1 1 1 1 1 2 3 2 2 3 3 3 3 4 4
1 178750792 1 1 1 1 1 1 1 3 2 2 2 3 3 3 3 4 4
1 178751044 1 1 1 1 1 1 1 2 3 2 2 3 3 3 3 4 4
1 178751044 1 1 1 1 1 1 1 3 2 2 2 3 3 3 3 4 4
1 179197024 1 1 1 1 1 1 1 2 3 2 2 2 3 3 3 4 5
1 179226689 1 1 1 1 1 1 1 2 3 2 2 3 3 3 3 4 4
1 179230721 1 1 1 1 1 1 1 2 3 1 3 3 3 3 3 4 4
1 179230784 1 1 1 1 1 1 1 2 3 1 2 3 3 3 3 4 5
1 179230785 2 1 1 1 1 1 1 2 3 2 3 3 3 3 3 4 5
1 179241680 1 1 1 1 1 1 1 2 3 2 2 3 3 3 3 4 4
1 179241680 1 1 1 1 1 1 1 3 2 2 2 3 3 3 3 4 4
1 179242562 1 1 1 1 1 1 1 2 3 2 2 3 3 3 3 4 4
1 179242562 1 1 1 1 1 1 1 3 2 2 2 3 3 3 3 4 4
1 179258433 1 1 1 1 1 1 1 2 3 2 2 3 3 3 3 4 4
1 179258433 1 1 1 1 1 1 1 3 2 2 2 3 3 3 3 4 4
1 179262528 1 1 1 1 1 1 1 2 3 1 2 3 3 3 3 4 5
1 179721296 1 1 1 1 1 1 1 2 3 2 2 2 3 3 3 4 5
1 182325442 1 1 1 1 1 1 1 2 3 2 2 3 3 3 3 4 4
1 182325442 1 1 1 1 1 1 1 3 2 2 2 3 3 3 3 4 4
1 182325443 2 1 1 1 1 1 1 2 3 3 3 3 3 3 3 4 4
1 182609248 1 1 1 1 1 1 1 2 3 2 2 3 3 3 3 4 4
1 182610256 1 1 1 1 1 1 1 2 3 2 2 3 3 3 3 4 4
1 182611012 1 1 1 1 1 1 1 2 3 2 2 3 3 3 3 4 4
1 182613344 2 1 1 1 1 1 1 2 3 2 3 3 3 3 3 4 5
1 182614288 1 1 1 1 1 1 1 2 3 1 3 3 3 3 3 4 4
1 182614288 1 1 1 1 1 1 1 3 2 1 3 3 3 3 3 4 4
1 182614352 2 1 1 1 1 1 1 2 3 2 3 3 3 3 3 4 5
1 182615108 2 1 1 1 1 1 1 2 3 2 3 3 3 3 3 4 5
1 182638916 2 1 1 1 1 1 1 2 3 2 3 3 3 3 3 4 5
1 182657872 1 1 1 1 1 1 1 2 3 2 2 3 3 3 3 4 4
1 182657872 1 1 1 1 1 1 1 3 2 2 2 3 3 3 3 4 4
1 182658628 1 1 1 1 1 1 1 2 3 2 2 3 3 3 3 4 4
1 182658628 1 1 1 1 1 1 1 3 2 2 2 3 3 3 3 4 4
1 182666564 1 1 1 1 1 1 1 2 3 2 2 3 3 3 3 4 4
1 182666564 1 1 1 1 1 1 1 3 2 2 2 3 3 3 3 4 4
1 182858848 1 1 1 1 1 1 1 2 3 2 2 2 3 3 3 4 5
1 182884548 2 1 1 1 1 1 1 2 3 2 3 3 3 3 3 4 5
1 182888513 1 1 1 1 1 1 1 2 3 2 2 3 3 3 3 4 4
1 182892545 1 1 1 1 1 1 1 2 3 1 3 3 3 3 3 4 4
1 182892608 1 1 1 1 1 1 1 2 3 1 2 3 3 3 3 4 5
1 182892609 2 1 1 1 1 1 1 2 3 2 3 3 3 3 3 4 5
1 182911440 1 1 1 1 1 1 1 2 3 2 2 3 3 3 3 4 4
1 182911440 1 1 1 1 1 1 1 3 2 2 2 3 3 3 3 4 4
1 182912196 1 1 1 1 1 1 1 2 3 2 2 3 3 3 3 4 4
1 182912196 1 1 1 1 1 1 1 3 2 2 2 3 3 3 3 4 4
1 182912322 1 1 1 1 1 1 1 2 3 2 2 3 3 3 3 4 4
1 182912322 1 1 1 1 1 1 1 3 2 2 2 3 3 3 3 4 4
1 182920257 1 1 1 1 1 1 1 2 3 2 2 3 3 3 3 4 4
1 182920257 1 1 1 1 1 1 1 3 2 2 2 3 3 3 3 4 4
1 182924352 1 1 1 1 1 1 1 2 3 1 2 3 3 3 3 4 5
1 182944065 1 1 1 1 1 1 1 2 3 2 2 3 3 3 3 4 4
1 182944065 1 1 1 1 1 1 1 3 2 2 2 3 3 3 3 4 4
1 182948160 1 1 1 1 1 1 1 2 3 1 2 3 3 3 3 4 5
1 183374048 1 1 1 1 1 1 1 2 3 2 2 2 3 3 3 4 5
1 183435457 1 1 1 1 1 1 1 2 3 2 2 3 3 3 3 4 4
1 183435457 1 1 1 1 1 1 1 3 2 2 2 3 3 3 3 4 4
1 183439552 1 1 1 1 1 1 1 2 3 1 2 3 3 3 3 4 5
1 183644752 1 1 1 1 1 1 1 2 3 2 2 2 3 3 3 4 5
1 183898320 1 1 1 1 1 1 1 2 3 2 2 2 3 3 3 4 5
1 187071536 2 1 1 1 1 1 1 2 3 2 3 3 3 3 3 4 5
1 187087408 2 1 1 1 1 1 1 2 3 2 3 3 3 3 3 4 5
1 187087912 2 1 1 1 1 1 1 2 3 2 3 3 3 3 3 4 5
1 187120664 2 1 1 1 1 1 1 2 3 2 3 3 3 3 3 4 5
1 187145228 2 1 1 1 1 1 1 2 3 2 3 3 3 3 3 4 5
1 187349544 2 1 1 1 1 1 1 2 3 2 3 3 3 3 3 4 5
1 187357480 2 1 1 1 1 1 1 2 3 2 3 3 3 3 3 4 5
1 187357732 2 1 1 1 1 1 1 2 3 2 3 3 3 3 3 4 5
1 187382296 2 1 1 1 1 1 1 2 3 2 3 3 3 3 3 4 5
1 187390484 2 1 1 1 1 1 1 2 3 2 3 3 3 3 3 4 5
1 187390988 2 1 1 1 1 1 1 2 3 2 3 3 3 3 3 4 5
1 187488352 1 1 1 1 1 1 1 2 3 2 2 2 3 3 3 4 5
1 187520096 1 1 1 1 1 1 1 2 3 2 2 2 3 3 3 4 5
1 187535968 1 1 1 1 1 1 1 2 3 2 2 2 3 3 3 4 5
1 187619360 1 1 1 1 1 1 1 2 3 1 2 3 3 3 3 4 5
1 187619361 2 1 1 1 1 1 1 2 3 2 3 3 3 3 3 4 5
1 187635864 2 1 1 1 1 1 1 2 3 2 3 3 3 3 3 4 5
1 187636242 2 1 1 1 1 1 1 2 3 2 3 3 3 3 3 4 5
1 187636746 2 1 1 1 1 1 1 2 3 2 3 3 3 3 3 4 5
1 187649088 1 1 1 1 1 1 1 2 3 1 2 3 3 3 3 4 5
1 187651104 1 1 1 1 1 1 1 2 3 1 2 3 3 3 3 4 5
1 187652112 1 1 1 1 1 1 1 2 3 1 2 3 3 3 3 4 5
1 187653120 1 1 1 1 1 1 1 2 3 0 3 3 3 3 3 4 5
1 187664960 1 1 1 1 1 1 1 2 3 1 2 3 3 3 3 4 5
1 187666976 1 1 1 1 1 1 1 2 3 1 2 3 3 3 3 4 5
1 187668488 1 1 1 1 1 1 1 2 3 1 2 3 3 3 3 4 5
1 187901464 1 1 1 1 1 1 1 2 3 2 2 3 3 3 3 4 4
1 187909400 1 1 1 1 1 1 1 2 3 2 2 3 3 3 3 4 4
1 187909400 1 1 1 1 1 1 1 3 2 2 2 3 3 3 3 4 4
1 188011616 1 1 1 1 1 1 1 2 3 2 2 2 3 3 3 4 5
1 188044368 1 1 1 1 1 1 1 2 3 2 2 2 3 3 3 4 5
1 188060240 1 1 1 1 1 1 1 2 3 2 2 2 3 3 3 4 5
1 188171281 1 1 1 1 1 1 1 2 3 2 2 3 3 3 3 4 4
1 188171281 1 1 1 1 1 1 1 3 2 2 2 3 3 3 3 4 4
1 188175376 1 1 1 1 1 1 1 2 3 1 2 3 3 3 3 4 5
1 188187153 1 1 1 1 1 1 1 2 3 2 2 3 3 3 3 4 4
1 188188224 1 1 1 1 1 1 1 2 3 1 2 3 3 3 3 4 5
1 188191248 1 1 1 1 1 1 1 2 3 1 2 3 3 3 3 4 5
1 188191752 1 1 1 1 1 1 1 2 3 1 2 3 3 3 3 4 5
1 188273248 1 1 1 1 1 1 1 2 3 2 2 2 3 3 3 4 5
1 188306000 1 1 1 1 1 1 1 2 3 2 2 2 3 3 3 4 5
1 188322376 1 1 1 1 1 1 1 2 3 2 2 2 3 3 3 4 5
1 188453384 1 1 1 1 1 1 1 2 3 1 2 3 3 3 3 4 5
1 191395936 1 1 1 1 1 1 1 2 3 2 2 2 3 3 3 4 5
1 191443552 1 1 1 1 1 1 1 2 3 2 2 2 3 3 3 4 5
1 191568012 2 1 1 1 1 1 1 2 3 2 3 3 3 3 3 4 5
1 191568138 2 1 1 1 1 1 1 2 3 2 3 3 3 3 3 4 5
1 191572544 1 1 1 1 1 1 1 2 3 1 2 3 3 3 3 4 5
1 191574560 1 1 1 1 1 1 1 2 3 1 2 3 3 3 3 4 5
1 191576072 1 1 1 1 1 1 1 2 3 1 2 3 3 3 3 4 5
1 191576576 1 1 1 1 1 1 1 2 3 0 3 3 3 3 3 4 5
1 191697120 1 1 1 1 1 1 1 2 3 2 2 2 3 3 3 4 5
1 191826112 1 1 1 1 1 1 1 2 3 1 2 3 3 3 3 4 5
1 191828128 1 1 1 1 1 1 1 2 3 1 2 3 3 3 3 4 5
1 191830018 1 1 1 1 1 1 1 2 3 1 2 3 3 3 3 4 5
1 191830019 2 1 1 1 1 1 1 2 3 2 3 3 3 3 3 4 5
1 191830144 1 1 1 1 1 1 1 2 3 0 3 3 3 3 3 4 5
1 191919200 1 1 1 1 1 1 1 2 3 2 2 2 3 3 3 4 5
1 191935072 1 1 1 1 1 1 1 2 3 2 2 2 3 3 3 4 5
1 191943008 1 1 1 1 1 1 1 2 3 2 2 2 3 3 3 4 5
1 191967824 1 1 1 1 1 1 1 2 3 2 2 2 3 3 3 4 5
1 191975760 1 1 1 1 1 1 1 2 3 2 2 2 3 3 3 4 5
1 191992136 1 1 1 1 1 1 1 2 3 2 2 2 3 3 3 4 5
1 192086424 1 1 1 1 1 1 1 2 3 2 2 3 3 3 3 4 4
1 192086676 1 1 1 1 1 1 1 2 3 2 2 3 3 3 3 4 4
1 192094737 1 1 1 1 1 1 1 2 3 2 2 3 3 3 3 4 4
1 192095808 1 1 1 1 1 1 1 2 3 1 2 3 3 3 3 4 5
1 192098832 1 1 1 1 1 1 1 2 3 1 2 3 3 3 3 4 5
1 192099336 1 1 1 1 1 1 1 2 3 1 2 3 3 3 3 4 5
1 192102673 1 1 1 1 1 1 1 2 3 2 2 3 3 3 3 4 4
1 192102673 1 1 1 1 1 1 1 3 2 2 2 3 3 3 3 4 4
1 192103744 1 1 1 1 1 1 1 2 3 1 2 3 3 3 3 4 5
1 192106768 1 1 1 1 1 1 1 2 3 1 2 3 3 3 3 4 5
1 192107524 1 1 1 1 1 1 1 2 3 1 2 3 3 3 3 4 5
1 192119616 1 1 1 1 1 1 1 2 3 1 2 3 3 3 3 4 5
1 192123144 1 1 1 1 1 1 1 2 3 1 2 3 3 3 3 4 5
1 192123396 1 1 1 1 1 1 1 2 3 1 2 3 3 3 3 4 5
1 192188640 1 1 1 1 1 1 1 2 3 2 2 2 3 3 3 4 5
1 192221392 1 1 1 1 1 1 1 2 3 2 2 2 3 3 3 4 5
1 192254017 1 1 1 1 1 1 1 2 3 2 2 2 3 3 3 4 5
1 192385025 1 1 1 1 1 1 1 2 3 1 2 3 3 3 3 4 5
1 192434400 1 1 1 1 1 1 1 2 3 2 2 2 3 3 3 4 5
1 192483528 1 1 1 1 1 1 1 2 3 2 2 2 3 3 3 4 5
1 192499777 1 1 1 1 1 1 1 2 3 2 2 2 3 3 3 4 5
1 196113488 1 1 1 1 1 1 1 2 3 2 2 2 3 3 3 4 5
1 196129360 1 1 1 1 1 1 1 2 3 2 2 2 3 3 3 4 5
1 196382928 1 1 1 1 1 1 1 2 3 2 2 2 3 3 3 4 5
1 196628688 1 1 1 1 1 1 1 2 3 2 2 2 3 3 3 4 5
1 196645064 1 1 1 1 1 1 1 2 3 2 2 2 3 3 3 4 5
1 196661313 1 1 1 1 1 1 1 2 3 2 2 2 3 3 3 4 5
1 200806594 1 1 1 1 1 1 1 2 3 2 2 2 3 3 3 4 5
1 206510080 1 3 1 1 1 1 1 1 2 0 2 2 2 2 3 3 4
1 207001600 1 3 1 1 1 1 1 1 2 0 2 2 2 2 3 3 4
1 207247360 1 3 1 1 1 1 1 1 2 0 2 2 2 2 3 3 4
1 215617664 1 3 1 1 1 1 1 1 2 0 2 2 2 2 3 3 4
1 218945568 1 3 1 1 1 1 1 1 2 1 2 2 2 3 3 3 4
1 218975296 1 3 1 1 1 1 1 1 2 1 2 2 2 3 3 3 4
1 218977312 1 3 1 1 1 1 1 1 2 1 2 2 2 3 3 3 4
1 220490800 1 1 1 3 1 1 1 1 2 2 2 2 3 3 3 3 4
1 220490800 1 1 3 1 1 1 1 1 2 2 2 2 3 3 3 3 4
1 220506672 1 1 1 3 1 1 1 1 2 2 2 2 3 3 3 3 4
1 220506672 1 3 1 1 1 1 1 1 2 2 2 2 3 3 3 3 4
1 220621872 1 1 1 1 1 1 1 2 3 2 2 3 3 3 3 3 5
1 220621872 1 1 1 1 1 2 1 1 3 2 2 3 3 3 3 3 5
1 220621872 1 1 2 1 1 1 1 1 3 2 2 3 3 3 3 3 5
1 220637744 1 1 1 1 1 1 1 2 3 2 2 3 3 3 3 3 5
1 220637744 1 1 1 1 1 1 2 1 3 2 2 3 3 3 3 3 5
1 220637744 1 1 1 1 2 1 1 1 3 2 2 3 3 3 3 3 5
1 220637744 1 1 2 1 1 1 1 1 3 2 2 3 3 3 3 3 5
1 220693296 1 1 1 1 1 1 1 2 3 2 2 3 3 3 3 3 5
1 220693296 1 1 1 1 1 2 1 1 3 2 2 3 3 3 3 3 5
1 220693296 1 1 1 2 1 1 1 1 3 2 2 3 3 3 3 3 5
1 220693296 1 1 2 1 1 1 1 1 3 2 2 3 3 3 3 3 5
1 220693296 1 2 1 1 1 1 1 1 3 2 2 3 3 3 3 3 5
1 220693800 1 1 1 1 1 1 1 2 3 2 2 3 3 3 3 3 5
1 220693800 1 1 1 1 1 2 1 1 3 2 2 3 3 3 3 3 5
1 220693800 1 1 1 2 1 1 1 1 3 2 2 3 3 3 3 3 5
1 220693800 1 1 2 1 1 1 1 1 3 2 2 3 3 3 3 3 5
1 221006000 1 1 1 3 1 1 1 1 2 2 2 2 3 3 3 3 4
1 221006000 1 1 3 1 1 1 1 1 2 2 2 2 3 3 3 3 4
1 221006000 1 3 1 1 1 1 1 1 2 2 2 2 3 3 3 3 4
1 221038624 1 1 3 1 1 1 1 1 2 1 1 2 3 3 3 3 4
1 221038625 1 1 1 3 1 1 1 1 2 2 2 2 3 3 3 3 4
1 221038625 1 1 3 1 1 1 1 1 2 2 2 2 3 3 3 3 4
1 221042720 1 2 1 1 1 1 1 1 3 1 2 2 3 3 3 3 5
1 221070368 1 1 3 1 1 1 1 1 2 1 1 2 3 3 3 3 4
1 221070368 1 3 1 1 1 1 1 1 2 1 1 2 3 3 3 3 4
1 221072384 1 2 1 1 1 1 1 1 3 0 2 2 3 3 3 3 4
1 221072384 2 3 1 1 1 1 1 1 2 0 2 2 3 3 3 3 4
1 221072448 1 2 1 1 1 1 1 1 3 1 2 2 3 3 3 3 5
1 221072480 1 1 1 1 1 1 1 2 3 2 2 2 3 3 3 4 5
1 221074464 1 2 1 1 1 1 1 1 3 1 2 2 3 3 3 3 5
1 221075472 1 2 1 1 1 1 1 1 3 1 2 2 3 3 3 3 5
1 221169696 1 1 2 1 1 1 1 1 3 1 1 3 3 3 3 3 5
1 221169697 1 1 1 1 1 1 1 2 3 2 2 3 3 3 3 3 5
1 221169697 1 1 1 1 1 1 2 1 3 2 2 3 3 3 3 3 5
1 221169697 1 1 2 1 1 1 1 1 3 2 2 3 3 3 3 3 5
1 221201440 1 1 2 1 1 1 1 1 3 1 1 3 3 3 3 3 5
1 221201441 1 1 1 1 1 1 1 2 3 2 2 3 3 3 3 3 5
1 221201441 1 1 1 1 1 2 1 1 3 2 2 3 3 3 3 3 5
1 221201441 1 1 1 1 2 1 1 1 3 2 2 3 3 3 3 3 5
1 221201441 1 1 2 1 1 1 1 1 3 2 2 3 3 3 3 3 5
1 221203456 2 2 1 1 1 1 1 1 3 0 2 3 3 3 3 3 5
1 221203488 1 1 1 1 1 1 1 2 3 1 2 3 3 3 3 4 5
1 221564000 1 1 1 1 1 1 1 2 3 2 2 2 3 3 3 4 5
1 221596752 1 1 1 1 1 1 1 2 3 2 2 2 3 3 3 4 5
1 221613128 1 1 1 1 1 1 1 2 3 2 2 2 3 3 3 4 5
1 221727760 1 1 1 1 1 1 1 2 3 1 2 3 3 3 3 4 5
1 221742624 1 1 1 1 1 1 1 2 3 1 2 3 3 3 3 4 5
1 221743632 1 1 1 1 1 1 1 2 3 1 2 3 3 3 3 4 5
1 222607392 1 3 1 1 1 1 1 1 2 1 2 2 2 3 3 3 4
1 222637120 1 3 1 1 1 1 1 1 2 1 2 2 2 3 3 3 4
1 222639136 1 3 1 1 1 1 1 1 2 1 2 2 2 3 3 3 4
1 222640144 1 3 1 1 1 1 1 1 2 1 2 2 2 3 3 3 4
1 222662944 1 3 1 1 1 1 1 1 2 1 2 2 2 3 3 3 4
1 222664708 1 3 1 1 1 1 1 1 2 1 2 2 2 3 3 3 4
1 223152320 1 3 1 1 1 1 1 1 2 1 2 2 2 3 3 3 4
1 223154336 1 3 1 1 1 1 1 1 2 1 2 2 2 3 3 3 4
1 223156226 1 3 1 1 1 1 1 1 2 1 2 2 2 3 3 3 4
1 223283200 1 3 1 1 1 1 1 1 2 0 1 2 2 3 3 3 4
1 223287296 1 2 1 1 1 1 1 1 3 0 2 2 2 3 3 3 5
1 223425040 1 3 1 1 1 1 1 1 2 1 2 2 2 3 3 3 4
1 223432976 1 3 1 1 1 1 1 1 2 1 2 2 2 3 3 3 4
1 223433732 1 3 1 1 1 1 1 1 2 1 2 2 2 3 3 3 4
1 223711232 1 3 1 1 1 1 1 1 2 0 1 2 2 3 3 3 4
1 223711233 1 3 1 1 1 1 1 1 2 1 2 2 2 3 3 3 4
1 223774720 1 3 1 1 1 1 1 1 2 0 1 2 2 3 3 3 4
1 223778816 1 2 1 1 1 1 1 1 3 0 2 2 2 3 3 3 5
1 223806464 1 3 1 1 1 1 1 1 2 0 1 2 2 3 3 3 4
1 225183906 1 1 1 3 1 1 1 1 2 2 2 2 3 3 3 3 4
1 225183906 1 1 3 1 1 1 1 1 2 2 2 2 3 3 3 3 4
1 225247392 1 1 3 1 1 1 1 1 2 1 1 2 3 3 3 3 4
1 225247392 1 3 1 1 1 1 1 1 2 1 1 2 3 3 3 3 4
1 225249280 1 3 1 1 1 1 1 1 2 0 1 1 3 3 3 3 4
1 225249408 1 2 1 1 1 1 1 1 3 0 2 2 3 3 3 3 4
1 225249408 2 3 1 1 1 1 1 1 2 0 2 2 3 3 3 3 4
1 225249472 1 2 1 1 1 1 1 1 3 1 2 2 3 3 3 3 5
1 225249504 1 1 1 1 1 1 1 2 3 2 2 2 3 3 3 4 5
1 225251488 1 2 1 1 1 1 1 1 3 1 2 2 3 3 3 3 5
1 225253378 1 2 1 1 1 1 1 1 3 1 2 2 3 3 3 3 5
1 225378464 1 1 2 1 1 1 1 1 3 1 1 3 3 3 3 3 5
1 225378465 1 1 1 1 1 1 1 2 3 2 2 3 3 3 3 3 5
1 225378465 1 1 1 1 1 1 2 1 3 2 2 3 3 3 3 3 5
1 225378465 1 1 2 1 1 1 1 1 3 2 2 3 3 3 3 3 5
1 225380352 1 2 1 1 1 1 1 1 3 0 1 2 3 3 3 3 5
1 225380480 2 2 1 1 1 1 1 1 3 0 2 3 3 3 3 3 5
1 225380512 1 1 1 1 1 1 1 2 3 1 2 3 3 3 3 4 5
1 225452720 1 1 1 3 1 1 1 1 2 2 2 2 3 3 3 3 4
1 225452720 1 3 1 1 1 1 1 1 2 2 2 2 3 3 3 3 4
1 225453602 1 1 1 3 1 1 1 1 2 2 2 2 3 3 3 3 4
1 225453602 1 1 3 1 1 1 1 1 2 2 2 2 3 3 3 3 4
1 225469472 1 1 3 1 1 1 1 1 2 1 1 2 3 3 3 3 4
1 225471488 1 2 1 1 1 1 1 1 3 0 2 2 3 3 3 3 4
1 225471488 2 3 1 1 1 1 1 1 2 0 2 2 3 3 3 3 4
1 225471552 1 2 1 1 1 1 1 1 3 1 2 2 3 3 3 3 5
1 225471584 1 1 1 1 1 1 1 2 3 2 2 2 3 3 3 4 5
1 225473568 1 2 1 1 1 1 1 1 3 1 2 2 3 3 3 3 5
1 225493280 1 1 3 1 1 1 1 1 2 1 1 2 3 3 3 3 4
1 225495296 1 2 1 1 1 1 1 1 3 0 2 2 3 3 3 3 4
1 225495296 2 3 1 1 1 1 1 1 2 0 2 2 3 3 3 3 4
1 225495360 1 2 1 1 1 1 1 1 3 1 2 2 3 3 3 3 5
1 225495392 1 1 1 1 1 1 1 2 3 2 2 2 3 3 3 4 5
1 225497376 1 2 1 1 1 1 1 1 3 1 2 2 3 3 3 3 5
1 225520208 1 1 1 1 1 1 1 2 3 2 2 2 3 3 3 4 5
1 225528900 1 1 1 1 1 1 1 2 3 2 2 2 3 3 3 4 5
1 225650208 1 1 1 1 1 1 1 2 3 1 2 3 3 3 3 4 5
1 225651216 1 1 1 1 1 1 1 2 3 1 2 3 3 3 3 4 5
1 225658144 1 1 1 1 1 1 1 2 3 1 2 3 3 3 3 4 5
1 225659152 1 1 1 1 1 1 1 2 3 1 2 3 3 3 3 4 5
1 225659908 1 1 1 1 1 1 1 2 3 1 2 3 3 3 3 4 5
1 225707170 1 1 1 3 1 1 1 1 2 2 2 2 3 3 3 3 4
1 225707170 1 1 3 1 1 1 1 1 2 2 2 2 3 3 3 3 4
1 225738912 1 1 3 1 1 1 1 1 2 1 1 2 3 3 3 3 4
1 225738912 1 3 1 1 1 1 1 1 2 1 1 2 3 3 3 3 4
1 225740800 1 3 1 1 1 1 1 1 2 0 1 1 3 3 3 3 4
1 225740928 1 2 1 1 1 1 1 1 3 0 2 2 3 3 3 3 4
1 225740928 2 3 1 1 1 1 1 1 2 0 2 2 3 3 3 3 4
1 225740992 1 2 1 1 1 1 1 1 3 1 2 2 3 3 3 3 5
1 225741024 1 1 1 1 1 1 1 2 3 2 2 2 3 3 3 4 5
1 225743008 1 2 1 1 1 1 1 1 3 1 2 2 3 3 3 3 5
1 225744898 1 2 1 1 1 1 1 1 3 1 2 2 3 3 3 3 5
1 225773776 1 1 1 1 1 1 1 2 3 2 2 2 3 3 3 4 5
1 225774658 1 1 1 1 1 1 1 2 3 2 2 2 3 3 3 4 5
1 225804288 1 1 3 1 1 1 1 1 2 0 0 2 3 3 3 3 4
1 225804289 1 1 3 1 1 1 1 1 2 1 1 2 3 3 3 3 4
1 225808384 1 2 1 1 1 1 1 1 3 0 1 2 3 3 3 3 5
1 225808385 1 2 1 1 1 1 1 1 3 1 2 2 3 3 3 3 5
1 225871872 1 2 1 1 1 1 1 1 3 0 1 2 3 3 3 3 5
1 225935360 1 1 2 1 1 1 1 1 3 0 0 3 3 3 3 3 5
1 225935361 1 1 2 1 1 1 1 1 3 1 1 3 3 3 3 3 5
1 225937409 1 1 1 1 1 1 1 2 3 1 2 3 3 3 3 4 5
1 229665872 1 1 1 1 1 1 1 2 3 2 2 2 3 3 3 4 5
1 229680736 1 1 1 1 1 1 1 2 3 2 2 2 3 3 3 4 5
1 229681744 1 1 1 1 1 1 1 2 3 2 2 2 3 3 3 4 5
1 229682248 1 1 1 1 1 1 1 2 3 2 2 2 3 3 3 4 5
1 229844496 1 1 1 1 1 1 1 2 3 1 2 3 3 3 3 4 5
1 229868304 1 1 1 1 1 1 1 2 3 1 2 3 3 3 3 4 5
1 229868808 1 1 1 1 1 1 1 2 3 1 2 3 3 3 3 4 5
1 229934304 1 1 1 1 1 1 1 2 3 2 2 2 3 3 3 4 5
1 229935312 1 1 1 1 1 1 1 2 3 2 2 2 3 3 3 4 5
1 229936194 1 1 1 1 1 1 1 2 3 2 2 2 3 3 3 4 5
1 230130689 1 1 1 1 1 1 1 2 3 1 2 3 3 3 3 4 5
1 230180064 1 1 1 1 1 1 1 2 3 2 2 2 3 3 3 4 5
1 230181072 1 1 1 1 1 1 1 2 3 2 2 2 3 3 3 4 5
1 230181954 1 1 1 1 1 1 1 2 3 2 2 2 3 3 3 4 5
1 230197448 1 1 1 1 1 1 1 2 3 2 2 2 3 3 3 4 5
1 230197826 1 1 1 1 1 1 1 2 3 2 2 2 3 3 3 4 5
1 230213697 1 1 1 1 1 1 1 2 3 2 2 2 3 3 3 4 5
1 230392321 1 1 1 1 1 1 1 2 3 1 2 3 3 3 3 4 5
1 230730048 1 3 1 1 1 1 1 1 2 1 2 2 2 3 3 3 4
1 230732064 1 3 1 1 1 1 1 1 2 1 2 2 2 3 3 3 4
1 230733828 1 3 1 1 1 1 1 1 2 1 2 2 2 3 3 3 4
1 230789380 1 3 1 1 1 1 1 1 2 1 2 2 2 3 3 3 4
1 231280772 1 3 1 1 1 1 1 1 2 1 2 2 2 3 3 3 4
1 231288832 1 3 1 1 1 1 1 1 2 0 1 2 2 3 3 3 4
1 231288833 1 3 1 1 1 1 1 1 2 1 2 2 2 3 3 3 4
1 231352320 1 3 1 1 1 1 1 1 2 0 1 2 2 3 3 3 4
1 231356416 1 2 1 1 1 1 1 1 3 0 2 2 2 3 3 3 5
1 231407872 1 3 1 1 1 1 1 1 2 0 1 2 2 3 3 3 4
1 232390784 1 3 1 1 1 1 1 1 2 0 1 2 2 3 3 3 4
1 232394880 1 2 1 1 1 1 1 1 3 0 2 2 2 3 3 3 5
1 234356864 1 3 1 1 1 1 1 1 2 0 1 1 3 3 3 3 4
1 234356866 1 1 3 1 1 1 1 1 2 1 1 2 3 3 3 3 4
1 234356867 1 1 1 3 1 1 1 1 2 2 2 2 3 3 3 3 4
1 234358978 1 1 1 1 1 1 1 2 3 2 2 2 3 3 3 4 5
1 234360962 1 2 1 1 1 1 1 1 3 1 2 2 3 3 3 3 5
1 234487936 1 2 1 1 1 1 1 1 3 0 1 2 3 3 3 3 5
1 235821056 1 3 1 1 1 1 1 1 2 0 2 2 2 2 3 3 4
1 236605952 1 3 1 1 1 1 1 1 2 0 2 2 2 2 3 3 4
1 240267776 1 3 1 1 1 1 1 1 2 0 2 2 2 2 3 3 4
1 240521344 1 3 1 1 1 1 1 1 2 0 2 2 2 2 3 3 4
1 263201488 1 1 1 1 1 1 1 2 3 2 2 2 3 3 3 4 5
1 263202370 1 1 1 1 1 1 1 2 3 2 2 2 3 3 3 4 5
1 263455938 1 1 1 1 1 1 1 2 3 2 2 2 3 3 3 4 5
1 264249728 1 3 1 1 1 1 1 1 2 0 2 2 2 3 3 3 3
1 264249792 1 3 1 1 1 1 1 1 2 1 2 2 2 3 3 3 4
1 264253572 1 3 1 1 1 1 1 1 2 1 2 2 2 3 3 3 4
1 264380672 1 3 1 1 1 1 1 1 2 0 1 2 2 3 3 3 4
1 264384768 1 2 1 1 1 1 1 1 3 0 2 2 2 3 3 3 5
2 2022000 1 1 1 1 2 1 1 2 2 3 3 3 3 3 3 3 3
2 5192304 1 1 1 1 1 1 2 2 2 3 3 3 3 3 3 3 3
2 5192304 1 1 1 2 1 1 2 1 2 3 3 3 3 3 3 3 3
2 5192304 1 1 1 2 1 2 2 1 1 3 3 3 3 3 3 3 3
2 5192304 1 1 1 2 2 1 1 1 2 3 3 3 3 3 3 3 3
2 5192304 1 1 2 2 1 1 2 1 1 3 3 3 3 3 3 3 3
2 5192304 1 2 2 2 1 1 1 1 1 3 3 3 3 3 3 3 3
2 5683824 1 1 1 1 1 1 2 2 2 3 3 3 3 3 3 3 3
2 5683824 1 1 1 1 2 2 1 1 2 3 3 3 3 3 3 3 3
2 5683824 1 1 1 2 2 1 1 1 2 3 3 3 3 3 3 3 3
2 5691760 1 1 1 1 1 1 2 2 2 3 3 3 3 3 3 3 3
2 5691760 1 1 1 1 1 2 1 2 2 3 3 3 3 3 3 3 3
2 5691760 1 1 1 1 2 2 1 1 2 3 3 3 3 3 3 3 3
2 5691760 1 1 1 2 1 1 1 2 2 3 3 3 3 3 3 3 3
2 5691760 1 1 1 2 1 1 2 2 1 3 3 3 3 3 3 3 3
2 5691760 1 1 1 2 1 2 1 2 1 3 3 3 3 3 3 3 3
2 5691760 1 1 1 2 2 1 1 1 2 3 3 3 3 3 3 3 3
2 5691760 1 1 1 2 2 1 2 1 1 3 3 3 3 3 3 3 3
2 5691760 1 1 2 2 1 1 1 1 2 3 3 3 3 3 3 3 3
2 5691760 1 2 1 1 1 2 1 1 2 3 3 3 3 3 3 3 3
2 6215777 1 1 1 1 1 1 2 2 2 3 3 3 3 3 3 3 3
2 6215777 1 1 1 1 2 1 1 2 2 3 3 3 3 3 3 3 3
2 6215777 1 1 1 1 2 1 2 1 2 3 3 3 3 3 3 3 3
2 6215777 1 1 2 1 1 1 2 1 2 3 3 3 3 3 3 3 3
2 6215777 1 1 2 1 1 2 2 1 1 3 3 3 3 3 3 3 3
2 6249536 1 2 1 1 1 1 2 2 1 1 3 3 3 3 3 3 3
2 6249536 1 2 1 1 2 1 1 1 2 1 3 3 3 3 3 3 3
2 6249536 1 2 1 1 2 1 1 2 1 1 3 3 3 3 3 3 3
2 6249536 1 2 1 2 1 1 2 1 1 1 3 3 3 3 3 3 3
2 7298144 1 1 1 1 1 1 2 2 2 2 3 3 3 3 3 3 4
2 7298144 1 1 1 1 2 1 1 2 2 2 3 3 3 3 3 3 4
2 7298144 1 1 1 2 1 1 2 1 2 2 3 3 3 3 3 3 4
2 7298144 1 1 1 2 1 2 1 1 2 2 3 3 3 3 3 3 4
2 7298144 1 1 1 2 2 1 1 1 2 2 3 3 3 3 3 3 4
2 7298144 1 1 2 2 1 1 1 1 2 2 3 3 3 3 3 3 4
2 7298144 1 2 1 1 1 1 2 1 2 2 3 3 3 3 3 3 4
2 7298144 1 2 1 1 2 1 1 1 2 2 3 3 3 3 3 3 4
2 7822352 1 2 1 1 2 1 1 1 2 1 3 3 3 3 3 3 3
2 7822352 1 2 2 1 1 2 1 1 1 1 3 3 3 3 3 3 3
2 7822416 1 1 1 1 1 1 2 2 2 2 3 3 3 3 3 3 4
2 7822416 1 1 1 1 1 2 1 2 2 2 3 3 3 3 3 3 4
2 7822416 1 1 1 1 2 1 2 1 2 2 3 3 3 3 3 3 4
2 7822416 1 1 1 1 2 2 1 1 2 2 3 3 3 3 3 3 4
2 7822416 1 1 2 1 1 1 2 1 2 2 3 3 3 3 3 3 4
2 7822416 1 1 2 1 1 2 1 1 2 2 3 3 3 3 3 3 4
2 7822416 1 1 2 1 2 1 1 1 2 2 3 3 3 3 3 3 4
2 7822416 1 2 1 1 2 1 1 1 2 2 3 3 3 3 3 3 4
2 7822448 2 1 1 1 1 1 2 2 2 3 3 3 3 3 3 4 4
2 11492464 2 1 1 1 1 1 2 2 2 3 3 3 3 3 3 4 4
2 11492464 2 1 1 1 2 1 1 2 2 3 3 3 3 3 3 4 4
2 11492464 2 1 2 1 1 1 1 2 2 3 3 3 3 3 3 4 4
2 14334528 1 2 1 1 1 1 2 2 1 1 3 3 3 3 3 3 3
2 14334528 1 2 1 1 1 2 2 1 1 1 3 3 3 3 3 3 3
2 14334528 1 2 1 2 1 1 1 2 1 1 3 3 3 3 3 3 3
2 14334528 1 2 2 2 1 1 1 1 1 1 3 3 3 3 3 3 3
2 14588096 1 2 1 1 1 1 2 2 1 1 3 3 3 3 3 3 3
2 14588096 1 2 1 1 1 2 1 1 2 1 3 3 3 3 3 3 3
2 14588096 1 2 1 2 1 1 1 2 1 1 3 3 3 3 3 3 3
2 14588096 1 2 1 2 1 2 1 1 1 1 3 3 3 3 3 3 3
2 15121504 1 1 1 1 1 1 2 2 2 2 3 3 3 3 3 3 4
2 15121504 1 1 1 1 1 2 1 2 2 2 3 3 3 3 3 3 4
2 15121504 1 1 1 1 1 2 2 1 2 2 3 3 3 3 3 3 4
2 15121504 1 1 1 1 2 2 1 1 2 2 3 3 3 3 3 3 4
2 15121504 1 1 1 2 1 1 1 2 2 2 3 3 3 3 3 3 4
2 15121504 1 1 1 2 1 2 1 1 2 2 3 3 3 3 3 3 4
2 15121504 1 1 2 1 1 1 1 2 2 2 3 3 3 3 3 3 4
2 15121504 1 1 2 1 1 1 2 1 2 2 3 3 3 3 3 3 4
2 15121504 1 1 2 1 1 2 1 1 2 2 3 3 3 3 3 3 4
2 15121504 1 1 2 1 2 1 1 1 2 2 3 3 3 3 3 3 4
2 15121504 1 2 1 1 1 1 2 1 2 2 3 3 3 3 3 3 4
2 15121504 1 2 1 1 1 2 1 1 2 2 3 3 3 3 3 3 4
2 15178820 1 1 1 1 1 1 2 2 2 2 3 3 3 3 3 3 4
2 15178820 1 1 1 1 1 2 1 2 2 2 3 3 3 3 3 3 4
2 15178820 1 1 1 1 2 2 1 1 2 2 3 3 3 3 3 3 4
2 15178820 1 1 1 2 1 1 1 2 2 2 3 3 3 3 3 3 4
2 15178820 1 1 1 2 1 2 1 1 2 2 3 3 3 3 3 3 4
2 15178820 1 1 1 2 2 1 1 1 2 2 3 3 3 3 3 3 4
2 15178820 1 2 1 1 1 2 1 1 2 2 3 3 3 3 3 3 4
2 15383136 1 1 1 1 1 1 2 2 2 2 3 3 3 3 3 3 4
2 15383136 1 1 1 1 1 2 1 2 2 2 3 3 3 3 3 3 4
2 15383136 1 1 1 1 1 2 2 1 2 2 3 3 3 3 3 3 4
2 15383136 1 1 1 1 2 1 1 2 2 2 3 3 3 3 3 3 4
2 15383136 1 1 1 1 2 2 1 1 2 2 3 3 3 3 3 3 4
2 15383136 1 1 2 1 1 1 2 1 2 2 3 3 3 3 3 3 4
2 15383136 1 1 2 1 1 2 1 1 2 2 3 3 3 3 3 3 4
2 15383136 1 1 2 1 2 1 1 1 2 2 3 3 3 3 3 3 4
2 15383136 1 2 1 1 1 1 2 1 2 2 3 3 3 3 3 3 4
2 15383136 1 2 1 1 1 2 1 1 2 2 3 3 3 3 3 3 4
2 15391072 1 1 1 1 1 1 2 2 2 2 3 3 3 3 3 3 4
2 15391072 1 1 1 1 1 2 1 2 2 2 3 3 3 3 3 3 4
2 15391072 1 1 1 1 1 2 2 1 2 2 3 3 3 3 3 3 4
2 15391072 1 1 1 1 2 1 1 2 2 2 3 3 3 3 3 3 4
2 15391072 1 1 1 1 2 2 1 1 2 2 3 3 3 3 3 3 4
2 15391072 1 1 1 2 1 1 1 2 2 2 3 3 3 3 3 3 4
2 15391072 1 1 1 2 1 2 1 1 2 2 3 3 3 3 3 3 4
2 15391072 1 1 2 1 1 1 2 1 2 2 3 3 3 3 3 3 4
2 15391072 1 1 2 1 1 2 1 1 2 2 3 3 3 3 3 3 4
2 15391072 1 1 2 2 1 1 1 1 2 2 3 3 3 3 3 3 4
2 15391072 1 2 1 1 1 1 2 1 2 2 3 3 3 3 3 3 4
2 15391072 1 2 1 1 1 2 1 1 2 2 3 3 3 3 3 3 4
2 15391072 1 2 1 2 1 1 1 1 2 2 3 3 3 3 3 3 4
2 15415920 2 1 1 1 1 1 2 2 2 3 3 3 3 3 3 4 4
2 15415920 2 1 1 1 1 2 1 2 2 3 3 3 3 3 3 4 4
2 15415920 2 2 1 1 1 1 1 2 2 3 3 3 3 3 3 4 4
2 15416392 1 1 1 1 1 1 2 2 2 2 3 3 3 3 3 3 4
2 15416392 1 1 1 1 1 2 1 2 2 2 3 3 3 3 3 3 4
2 15416392 1 1 1 1 2 1 1 2 2 2 3 3 3 3 3 3 4
2 15416392 1 1 1 1 2 2 1 1 2 2 3 3 3 3 3 3 4
2 15416392 1 1 2 1 1 1 1 2 2 2 3 3 3 3 3 3 4
2 15416392 1 1 2 1 1 2 1 1 2 2 3 3 3 3 3 3 4
2 15416392 1 2 1 1 1 2 1 1 2 2 3 3 3 3 3 3 4
2 15416392 1 2 2 1 1 1 1 1 2 2 3 3 3 3 3 3 4
2 15424580 1 1 1 1 1 1 2 2 2 2 3 3 3 3 3 3 4
2 15424580 1 1 1 1 1 2 1 2 2 2 3 3 3 3 3 3 4
2 15424580 1 1 1 1 1 2 2 1 2 2 3 3 3 3 3 3 4
2 15424580 1 1 1 1 2 1 1 2 2 2 3 3 3 3 3 3 4
2 15424580 1 1 1 1 2 2 1 1 2 2 3 3 3 3 3 3 4
2 15424580 1 1 1 2 1 1 2 1 2 2 3 3 3 3 3 3 4
2 15424580 1 1 1 2 1 2 1 1 2 2 3 3 3 3 3 3 4
2 15424580 1 1 1 2 2 1 1 1 2 2 3 3 3 3 3 3 4
2 15424580 1 1 2 1 1 1 1 2 2 2 3 3 3 3 3 3 4
2 15424580 1 1 2 1 1 1 2 1 2 2 3 3 3 3 3 3 4
2 15424580 1 1 2 1 1 2 1 1 2 2 3 3 3 3 3 3 4
2 15424580 1 1 2 2 1 1 1 1 2 2 3 3 3 3 3 3 4
2 15424580 1 2 1 1 1 2 1 1 2 2 3 3 3 3 3 3 4
2 15669488 2 1 1 1 1 1 2 2 2 3 3 3 3 3 3 4 4
2 15669488 2 1 1 1 1 2 1 2 2 3 3 3 3 3 3 4 4
2 15669488 2 2 1 1 1 1 1 2 2 3 3 3 3 3 3 4 4
2 15697984 1 2 2 1 1 1 2 1 1 1 1 3 3 3 3 3 3
2 15702016 1 2 1 1 1 2 1 1 2 0 2 3 3 3 3 3 3
2 15702016 1 2 1 2 1 1 2 1 1 0 2 3 3 3 3 3 3
2 15702016 1 2 1 2 1 2 1 1 1 0 2 3 3 3 3 3 3
2 15702016 1 2 2 1 1 1 2 1 1 0 2 3 3 3 3 3 3
2 15702080 1 2 1 1 1 2 1 1 2 1 2 3 3 3 3 3 4
2 15702112 1 1 1 1 1 1 2 2 2 2 2 3 3 3 3 4 4
2 15702112 1 1 1 1 1 2 1 2 2 2 2 3 3 3 3 4 4
2 15702112 1 1 1 2 1 1 1 2 2 2 2 3 3 3 3 4 4
2 15703136 2 1 1 1 1 1 2 2 2 2 3 3 3 3 4 4 4
2 16225376 1 1 1 1 1 1 2 2 2 2 2 3 3 3 3 4 4
2 16225376 1 1 1 1 1 2 1 2 2 2 2 3 3 3 3 4 4
2 16225376 1 1 1 2 1 1 1 2 2 2 2 3 3 3 3 4 4
2 16225376 1 1 2 1 1 1 1 2 2 2 2 3 3 3 3 4 4
2 16227392 1 1 1 1 1 1 2 2 2 1 3 3 3 3 3 4 4
2 16227392 1 1 1 1 1 2 1 2 2 1 3 3 3 3 3 4 4
2 16227392 1 1 1 2 1 1 1 2 2 1 3 3 3 3 3 4 4
2 16486912 1 2 1 1 1 2 1 1 2 0 2 3 3 3 3 3 3
2 16486912 1 2 1 1 2 1 1 2 1 0 2 3 3 3 3 3 3
2 16486976 1 2 1 1 1 2 1 1 2 1 2 3 3 3 3 3 4
2 16487008 1 1 1 1 1 1 2 2 2 2 2 3 3 3 3 4 4
2 16487008 1 1 1 1 1 2 1 2 2 2 2 3 3 3 3 4 4
2 16487008 1 1 1 1 2 1 1 2 2 2 2 3 3 3 3 4 4
2 16489544 2 1 1 1 1 1 2 2 2 2 3 3 3 3 4 4 4
2 19881008 1 1 1 1 1 1 2 2 2 2 3 3 3 3 3 3 4
2 19881008 1 1 1 1 2 1 1 2 2 2 3 3 3 3 3 3 4
2 19881008 1 1 1 2 2 1 1 1 2 2 3 3 3 3 3 3 4
2 19881008 1 1 2 1 1 1 1 2 2 2 3 3 3 3 3 3 4
2 19881008 1 1 2 1 1 2 1 1 2 2 3 3 3 3 3 3 4
2 19881008 1 1 2 1 2 1 1 1 2 2 3 3 3 3 3 3 4
2 19881008 1 2 1 1 1 1 1 2 2 2 3 3 3 3 3 3 4
2 19881008 1 2 1 1 1 2 1 1 2 2 3 3 3 3 3 3 4
2 19881008 1 2 1 1 2 1 1 1 2 2 3 3 3 3 3 3 4
2 19881008 1 2 2 1 1 1 1 1 2 2 3 3 3 3 3 3 4
2 19897384 1 1 1 1 1 1 2 2 2 2 3 3 3 3 3 3 4
2 19897384 1 1 1 1 2 1 1 2 2 2 3 3 3 3 3 3 4
2 19897384 1 1 1 2 1 1 1 2 2 2 3 3 3 3 3 3 4
2 19897384 1 1 1 2 1 1 2 1 2 2 3 3 3 3 3 3 4
2 19897384 1 1 1 2 1 2 1 1 2 2 3 3 3 3 3 3 4
2 19897384 1 1 1 2 2 1 1 1 2 2 3 3 3 3 3 3 4
2 19897384 1 1 2 2 1 1 1 1 2 2 3 3 3 3 3 3 4
2 19897384 1 2 1 1 1 1 2 1 2 2 3 3 3 3 3 3 4
2 19897384 1 2 1 1 2 1 1 1 2 2 3 3 3 3 3 3 4
2 19897384 1 2 1 2 1 1 1 1 2 2 3 3 3 3 3 3 4
2 23804464 1 1 1 1 1 1 2 2 2 2 3 3 3 3 3 3 4
2 23804464 1 1 1 1 1 2 1 2 2 2 3 3 3 3 3 3 4
2 23804464 1 1 1 2 1 2 1 1 2 2 3 3 3 3 3 3 4
2 23804464 1 1 1 2 2 1 1 1 2 2 3 3 3 3 3 3 4
2 23804464 1 2 1 1 1 1 1 2 2 2 3 3 3 3 3 3 4
2 23804464 1 2 1 1 1 2 1 1 2 2 3 3 3 3 3 3 4
2 23804968 1 1 1 1 1 1 2 2 2 2 3 3 3 3 3 3 4
2 23804968 1 1 1 1 1 2 1 2 2 2 3 3 3 3 3 3 4
2 23804968 1 1 1 1 2 1 1 2 2 2 3 3 3 3 3 3 4
2 23804968 1 1 1 2 1 1 2 1 2 2 3 3 3 3 3 3 4
2 23804968 1 1 1 2 1 2 1 1 2 2 3 3 3 3 3 3 4
2 23804968 1 1 1 2 2 1 1 1 2 2 3 3 3 3 3 3 4
2 23804968 1 1 2 1 1 1 1 2 2 2 3 3 3 3 3 3 4
2 23804968 1 1 2 1 1 1 2 1 2 2 3 3 3 3 3 3 4
2 23804968 1 1 2 1 1 2 1 1 2 2 3 3 3 3 3 3 4
2 23804968 1 1 2 1 2 1 1 1 2 2 3 3 3 3 3 3 4
2 23804968 1 1 2 2 1 1 1 1 2 2 3 3 3 3 3 3 4
2 23804968 1 2 1 1 1 1 2 1 2 2 3 3 3 3 3 3 4
2 23804968 1 2 1 1 1 2 1 1 2 2 3 3 3 3 3 3 4
2 23804968 1 2 1 1 2 1 1 1 2 2 3 3 3 3 3 3 4
2 23804968 1 2 2 1 1 1 1 1 2 2 3 3 3 3 3 3 4
2 24058032 1 1 1 1 1 1 2 2 2 2 3 3 3 3 3 3 4
2 24058032 1 1 1 1 1 2 1 2 2 2 3 3 3 3 3 3 4
2 24058032 1 1 1 2 1 2 1 1 2 2 3 3 3 3 3 3 4
2 24058032 1 2 1 1 1 1 1 2 2 2 3 3 3 3 3 3 4
2 24058032 1 2 1 1 1 2 1 1 2 2 3 3 3 3 3 3 4
2 24058914 1 1 1 1 1 1 2 2 2 2 3 3 3 3 3 3 4
2 24058914 1 1 1 1 1 2 1 2 2 2 3 3 3 3 3 3 4
2 24058914 1 1 1 2 1 1 2 1 2 2 3 3 3 3 3 3 4
2 24058914 1 1 1 2 1 2 1 1 2 2 3 3 3 3 3 3 4
2 24058914 1 1 2 1 1 1 1 2 2 2 3 3 3 3 3 3 4
2 24058914 1 1 2 1 1 1 2 1 2 2 3 3 3 3 3 3 4
2 24058914 1 1 2 1 1 2 1 1 2 2 3 3 3 3 3 3 4
2 24058914 1 1 2 2 1 1 1 1 2 2 3 3 3 3 3 3 4
2 24058914 1 2 1 1 1 1 2 1 2 2 3 3 3 3 3 3 4
2 24058914 1 2 1 1 1 2 1 1 2 2 3 3 3 3 3 3 4
2 24058914 1 2 2 1 1 1 1 1 2 2 3 3 3 3 3 3 4
2 24090656 1 2 1 1 1 1 2 1 2 1 2 3 3 3 3 3 4
2 24090656 1 2 1 1 1 2 1 1 2 1 2 3 3 3 3 3 4
2 24090656 1 2 1 2 1 1 1 1 2 1 2 3 3 3 3 3 4
2 24353804 1 1 1 1 1 1 2 2 2 2 3 3 3 3 3 3 4
2 24353804 1 1 1 1 1 2 1 2 2 2 3 3 3 3 3 3 4
2 24353804 1 1 1 1 2 2 1 1 2 2 3 3 3 3 3 3 4
2 24353804 1 1 1 2 1 1 1 2 2 2 3 3 3 3 3 3 4
2 24353804 1 1 1 2 1 2 1 1 2 2 3 3 3 3 3 3 4
2 24353804 1 1 2 2 1 1 1 1 2 2 3 3 3 3 3 3 4
2 24353804 1 2 1 2 1 1 1 1 2 2 3 3 3 3 3 3 4
2 24611904 1 2 1 2 1 1 1 1 2 1 2 3 3 3 3 3 4
2 24611904 1 2 2 1 1 1 1 1 2 1 2 3 3 3 3 3 4
2 24613920 1 2 1 1 1 1 2 1 2 1 2 3 3 3 3 3 4
2 24613920 1 2 1 1 1 2 1 1 2 1 2 3 3 3 3 3 4
2 24613920 1 2 1 2 1 1 1 1 2 1 2 3 3 3 3 3 4
2 24613920 1 2 2 1 1 1 1 1 2 1 2 3 3 3 3 3 4
2 24615936 2 2 1 2 1 1 1 1 2 0 3 3 3 3 3 3 4
2 24873536 1 2 1 1 2 1 1 1 2 1 2 3 3 3 3 3 4
2 24875552 1 2 1 1 1 1 2 1 2 1 2 3 3 3 3 3 4
2 24875552 1 2 1 1 1 2 1 1 2 1 2 3 3 3 3 3 4
2 24875552 1 2 1 1 2 1 1 1 2 1 2 3 3 3 3 3 4
2 24877064 1 2 1 1 2 1 1 1 2 1 2 3 3 3 3 3 4
2 28806224 1 1 1 1 1 1 2 2 2 2 2 3 3 3 3 4 4
2 28806224 1 1 1 2 1 1 1 2 2 2 2 3 3 3 3 4 4
2 28806224 1 1 2 1 1 1 1 2 2 2 2 3 3 3 3 4 4
2 28810256 1 1 1 1 1 1 2 2 2 1 3 3 3 3 3 4 4
2 28810256 1 1 1 2 1 1 1 2 2 1 3 3 3 3 3 4 4
2 28810256 2 2 1 1 1 1 1 2 2 1 3 3 3 3 3 4 4
2 29066848 1 1 1 1 1 1 2 2 2 2 2 3 3 3 3 4 4
2 29066848 1 1 1 1 2 1 1 2 2 2 2 3 3 3 3 4 4
2 29066848 1 1 2 1 1 1 1 2 2 2 2 3 3 3 3 4 4
2 29067856 1 1 1 1 1 1 2 2 2 2 2 3 3 3 3 4 4
2 29067856 1 1 1 1 2 1 1 2 2 2 2 3 3 3 3 4 4
2 29067856 1 2 1 1 1 1 1 2 2 2 2 3 3 3 3 4 4
2 29072392 1 1 1 1 1 1 2 2 2 1 3 3 3 3 3 4 4
2 29072392 1 1 1 1 2 1 1 2 2 1 3 3 3 3 3 4 4
2 33133664 1 1 1 1 1 1 2 2 2 2 2 2 3 3 4 4 4
2 33200128 1 2 1 1 1 2 1 1 2 0 2 2 3 3 3 3 4
2 33232912 1 2 1 1 1 1 1 2 2 1 2 2 3 3 3 4 4
2 33261633 1 1 1 1 1 1 2 2 2 2 2 3 3 3 3 4 4
2 33261633 1 1 1 1 1 2 1 2 2 2 2 3 3 3 3 4 4
2 33262656 1 1 1 1 1 1 2 2 2 1 2 3 3 3 4 4 4
2 33263616 1 2 1 1 1 2 1 1 2 0 1 3 3 3 3 3 4
2 33263617 1 2 1 1 1 2 1 1 2 1 2 3 3 3 3 3 4
2 33266688 1 1 1 1 1 1 2 2 2 0 3 3 3 3 4 4 4
2 40852576 2 1 1 1 1 1 2 2 2 2 3 3 3 3 4 4 4
2 41376848 2 1 1 1 1 1 2 2 2 2 3 3 3 3 4 4 4
2 41393224 2 1 1 1 1 1 2 2 2 2 3 3 3 3 4 4 4
2 44465264 2 1 1 1 1 1 2 2 2 3 3 3 3 3 3 4 4
2 44465264 2 1 1 1 1 2 1 2 2 3 3 3 3 3 3 4 4
2 44465264 2 1 1 1 2 1 1 2 2 3 3 3 3 3 3 4 4
2 44465264 2 1 2 1 1 1 1 2 2 3 3 3 3 3 3 4 4
2 44481136 2 1 1 1 1 1 2 2 2 3 3 3 3 3 3 4 4
2 44481136 2 1 1 1 2 1 1 2 2 3 3 3 3 3 3 4 4
2 44481136 2 1 2 1 1 1 1 2 2 3 3 3 3 3 3 4 4
2 44489072 2 1 1 1 1 1 2 2 2 3 3 3 3 3 3 4 4
2 44489072 2 1 1 1 1 2 1 2 2 3 3 3 3 3 3 4 4
2 44489072 2 1 2 1 1 1 1 2 2 3 3 3 3 3 3 4 4
2 45013088 1 1 1 1 1 1 2 2 2 2 2 3 3 3 3 4 4
2 45013088 1 1 2 1 1 1 1 2 2 2 2 3 3 3 3 4 4
2 45013089 2 1 1 1 1 1 2 2 2 3 3 3 3 3 3 4 4
2 45013089 2 1 2 1 1 1 1 2 2 3 3 3 3 3 3 4 4
2 45044832 1 1 1 1 1 1 2 2 2 2 2 3 3 3 3 4 4
2 45044832 1 1 1 1 1 2 1 2 2 2 2 3 3 3 3 4 4
2 45044832 1 1 1 1 2 1 1 2 2 2 2 3 3 3 3 4 4
2 45044832 1 1 1 2 1 1 1 2 2 2 2 3 3 3 3 4 4
2 45044832 1 1 2 1 1 1 1 2 2 2 2 3 3 3 3 4 4
2 45044832 1 2 1 1 1 1 1 2 2 2 2 3 3 3 3 4 4
2 45046848 1 1 1 1 1 1 2 2 2 1 3 3 3 3 3 4 4
2 45046848 1 1 1 1 2 1 1 2 2 1 3 3 3 3 3 4 4
2 45046848 1 1 1 2 1 1 1 2 2 1 3 3 3 3 3 4 4
2 45046848 2 2 1 1 1 1 1 2 2 1 3 3 3 3 3 4 4
2 45569104 1 1 1 1 1 1 2 2 2 2 2 3 3 3 3 4 4
2 45569104 1 1 1 1 1 2 1 2 2 2 2 3 3 3 3 4 4
2 45569104 1 1 1 1 2 1 1 2 2 2 2 3 3 3 3 4 4
2 45569104 1 1 2 1 1 1 1 2 2 2 2 3 3 3 3 4 4
2 45584976 1 1 1 1 1 1 2 2 2 2 2 3 3 3 3 4 4
2 45584976 1 1 1 1 2 1 1 2 2 2 2 3 3 3 3 4 4
2 45584976 1 1 2 1 1 1 1 2 2 2 2 3 3 3 3 4 4
2 48107715 1 1 1 1 1 1 2 2 2 3 3 3 3 3 3 3 3
2 48395616 1 1 1 1 1 1 2 2 2 2 3 3 3 3 3 3 4
2 48395616 1 1 1 1 1 2 2 1 2 2 3 3 3 3 3 3 4
2 48395616 1 1 1 1 2 1 1 2 2 2 3 3 3 3 3 3 4
2 48395616 1 1 1 1 2 1 2 1 2 2 3 3 3 3 3 3 4
2 48395616 1 1 1 2 1 1 1 2 2 2 3 3 3 3 3 3 4
2 48395616 1 1 1 2 1 1 2 1 2 2 3 3 3 3 3 3 4
2 48395616 1 1 1 2 1 2 1 1 2 2 3 3 3 3 3 3 4
2 48395616 1 2 1 1 1 1 1 2 2 2 3 3 3 3 3 3 4
2 48395616 1 2 1 1 1 1 2 1 2 2 3 3 3 3 3 3 4
2 48396656 2 1 1 1 1 1 2 2 2 3 3 3 3 3 3 4 4
2 48396656 2 1 1 1 1 2 1 2 2 3 3 3 3 3 3 4 4
2 48396656 2 1 2 1 1 1 1 2 2 3 3 3 3 3 3 4 4
2 48397380 1 1 1 1 1 1 2 2 2 2 3 3 3 3 3 3 4
2 48397380 1 1 1 1 1 2 1 2 2 2 3 3 3 3 3 3 4
2 48397380 1 1 1 1 2 1 1 2 2 2 3 3 3 3 3 3 4
2 48397380 1 1 1 1 2 2 1 1 2 2 3 3 3 3 3 3 4
2 48397380 1 1 1 2 1 1 1 2 2 2 3 3 3 3 3 3 4
2 48397380 1 1 1 2 1 2 1 1 2 2 3 3 3 3 3 3 4
2 48397380 1 1 2 1 1 1 1 2 2 2 3 3 3 3 3 3 4
2 48397380 1 1 2 1 1 2 1 1 2 2 3 3 3 3 3 3 4
2 48397380 1 1 2 2 1 1 1 1 2 2 3 3 3 3 3 3 4
2 48397380 1 2 1 1 1 1 1 2 2 2 3 3 3 3 3 3 4
2 48397380 1 2 1 1 1 2 1 1 2 2 3 3 3 3 3 3 4
2 48666820 1 1 1 1 1 1 2 2 2 2 3 3 3 3 3 3 4
2 48666820 1 1 1 1 1 2 1 2 2 2 3 3 3 3 3 3 4
2 48666820 1 1 1 1 2 1 1 2 2 2 3 3 3 3 3 3 4
2 48666820 1 1 1 1 2 2 1 1 2 2 3 3 3 3 3 3 4
2 48666820 1 1 1 2 1 1 1 2 2 2 3 3 3 3 3 3 4
2 48666820 1 1 1 2 1 1 2 1 2 2 3 3 3 3 3 3 4
2 48666820 1 1 1 2 1 2 1 1 2 2 3 3 3 3 3 3 4
2 48666820 1 2 1 1 1 1 1 2 2 2 3 3 3 3 3 3 4
2 48666820 1 2 1 1 1 2 1 1 2 2 3 3 3 3 3 3 4
2 48674816 1 2 1 1 1 1 1 2 2 0 2 3 3 3 3 3 3
2 48674816 1 2 1 1 1 1 2 1 2 0 2 3 3 3 3 3 3
2 48674816 1 2 1 1 2 1 2 1 1 0 2 3 3 3 3 3 3
2 48674816 1 2 1 1 2 2 1 1 1 0 2 3 3 3 3 3 3
2 48674880 1 2 1 1 1 1 1 2 2 1 2 3 3 3 3 3 4
2 48674880 1 2 1 1 1 1 2 1 2 1 2 3 3 3 3 3 4
2 48674912 1 1 1 1 1 1 2 2 2 2 2 3 3 3 3 4 4
2 48674912 1 1 2 1 1 1 1 2 2 2 2 3 3 3 3 4 4
2 48674913 2 1 1 1 1 1 2 2 2 3 3 3 3 3 3 4 4
2 48674913 2 1 2 1 1 1 1 2 2 3 3 3 3 3 3 4 4
2 48675936 2 1 1 1 1 1 2 2 2 2 3 3 3 3 4 4 4
2 48706656 1 1 1 1 1 1 2 2 2 2 2 3 3 3 3 4 4
2 48706656 1 1 1 1 1 2 1 2 2 2 2 3 3 3 3 4 4
2 48706656 1 1 1 1 2 1 1 2 2 2 2 3 3 3 3 4 4
2 48706656 1 1 1 2 1 1 1 2 2 2 2 3 3 3 3 4 4
2 48706656 1 1 2 1 1 1 1 2 2 2 2 3 3 3 3 4 4
2 48706656 1 2 1 1 1 1 1 2 2 2 2 3 3 3 3 4 4
2 48708672 1 1 1 1 1 1 2 2 2 1 3 3 3 3 3 4 4
2 48708672 1 1 1 1 1 2 1 2 2 1 3 3 3 3 3 4 4
2 48708672 1 1 1 1 2 1 1 2 2 1 3 3 3 3 3 4 4
2 48708672 1 1 1 2 1 1 1 2 2 1 3 3 3 3 3 4 4
2 48708672 1 1 2 1 1 1 1 2 2 1 3 3 3 3 3 4 4
2 48708672 2 2 1 1 1 1 1 2 2 1 3 3 3 3 3 4 4
2 48726336 1 2 2 1 1 1 1 2 1 1 1 3 3 3 3 3 3
2 48730368 1 2 1 1 1 1 1 2 2 0 2 3 3 3 3 3 3
2 48730368 1 2 1 1 1 2 1 1 2 0 2 3 3 3 3 3 3
2 48730368 1 2 1 2 1 2 1 1 1 0 2 3 3 3 3 3 3
2 48730368 1 2 2 1 1 1 1 2 1 0 2 3 3 3 3 3 3
2 48730432 1 2 1 1 1 1 1 2 2 1 2 3 3 3 3 3 4
2 48730432 1 2 1 1 1 2 1 1 2 1 2 3 3 3 3 3 4
2 48730464 1 1 1 1 1 1 2 2 2 2 2 3 3 3 3 4 4
2 48730464 1 1 1 1 1 2 1 2 2 2 2 3 3 3 3 4 4
2 48730464 1 1 1 1 2 1 1 2 2 2 2 3 3 3 3 4 4
2 48730464 1 1 1 2 1 1 1 2 2 2 2 3 3 3 3 4 4
2 48730464 1 1 2 1 1 1 1 2 2 2 2 3 3 3 3 4 4
2 48730464 1 2 1 1 1 1 1 2 2 2 2 3 3 3 3 4 4
2 48733252 2 1 1 1 1 1 2 2 2 2 3 3 3 3 4 4 4
2 48937568 2 1 1 1 1 1 2 2 2 2 3 3 3 3 4 4 4
2 48945504 2 1 1 1 1 1 2 2 2 2 3 3 3 3 4 4 4
2 48970824 2 1 1 1 1 1 2 2 2 2 3 3 3 3 4 4 4
2 48979012 2 1 1 1 1 1 2 2 2 2 3 3 3 3 4 4 4
2 49191008 1 1 1 1 1 1 2 2 2 2 2 2 3 3 4 4 4
2 49221632 1 2 2 1 1 1 2 1 1 0 1 2 3 3 3 3 3
2 49221856 1 1 1 1 1 1 2 2 2 2 2 3 3 3 3 4 4
2 49221856 1 1 1 1 2 1 1 2 2 2 2 3 3 3 3 4 4
2 49221856 1 1 1 2 1 1 1 2 2 2 2 3 3 3 3 4 4
2 49221856 1 1 2 1 1 1 1 2 2 2 2 3 3 3 3 4 4
2 49221856 1 2 1 1 1 1 1 2 2 2 2 3 3 3 3 4 4
2 49223744 1 2 1 1 1 1 1 2 2 1 2 2 3 3 3 4 4
2 49223872 1 1 1 1 1 1 2 2 2 1 3 3 3 3 3 4 4
2 49223872 1 1 1 1 2 1 1 2 2 1 3 3 3 3 3 4 4
2 49223872 1 1 1 2 1 1 1 2 2 1 3 3 3 3 3 4 4
2 49223872 2 2 1 1 1 1 1 2 2 1 3 3 3 3 3 4 4
2 49256512 1 1 1 1 1 1 2 2 2 1 2 3 3 3 4 4 4
2 49492560 1 1 1 1 1 1 2 2 2 2 2 3 3 3 3 4 4
2 49492560 1 1 1 1 2 1 1 2 2 2 2 3 3 3 3 4 4
2 49492560 1 1 2 1 1 1 1 2 2 2 2 3 3 3 3 4 4
2 49500496 1 1 1 1 1 1 2 2 2 2 2 3 3 3 3 4 4
2 49500496 1 1 1 1 1 2 1 2 2 2 2 3 3 3 3 4 4
2 49500496 1 1 1 1 2 1 1 2 2 2 2 3 3 3 3 4 4
2 49500496 1 1 1 2 1 1 1 2 2 2 2 3 3 3 3 4 4
2 49500496 1 1 2 1 1 1 1 2 2 2 2 3 3 3 3 4 4
2 49500496 1 2 1 1 1 1 1 2 2 2 2 3 3 3 3 4 4
2 49715264 1 2 1 1 1 1 1 2 2 1 2 2 3 3 3 4 4
2 49778752 1 1 2 1 1 1 1 2 2 1 1 3 3 3 3 4 4
2 49778753 1 1 1 1 1 1 2 2 2 2 2 3 3 3 3 4 4
2 49778753 1 1 1 1 2 1 1 2 2 2 2 3 3 3 3 4 4
2 49778753 1 1 2 1 1 1 1 2 2 2 2 3 3 3 3 4 4
2 49960032 1 1 1 1 1 1 2 2 2 2 2 2 3 3 4 4 4
2 50041408 1 1 1 1 1 1 2 2 2 1 2 3 3 3 4 4 4
2 52853808 1 1 1 1 1 1 2 2 2 2 3 3 3 3 3 3 4
2 52853808 1 1 1 1 1 2 1 2 2 2 3 3 3 3 3 3 4
2 52853808 1 1 2 1 1 1 1 2 2 2 3 3 3 3 3 3 4
2 52853808 1 1 2 1 1 2 1 1 2 2 3 3 3 3 3 3 4
2 52853808 1 2 1 1 1 1 1 2 2 2 3 3 3 3 3 3 4
2 52853808 1 2 1 1 1 2 1 1 2 2 3 3 3 3 3 3 4
2 52853808 1 2 2 1 1 1 1 1 2 2 3 3 3 3 3 3 4
2 52869680 1 1 1 1 1 1 2 2 2 2 3 3 3 3 3 3 4
2 52869680 1 1 1 1 1 2 1 2 2 2 3 3 3 3 3 3 4
2 52869680 1 1 1 1 1 2 2 1 2 2 3 3 3 3 3 3 4
2 52869680 1 1 1 2 1 1 1 2 2 2 3 3 3 3 3 3 4
2 52869680 1 1 1 2 1 1 2 1 2 2 3 3 3 3 3 3 4
2 52869680 1 1 2 2 1 1 1 1 2 2 3 3 3 3 3 3 4
2 52869680 1 2 1 1 1 1 1 2 2 2 3 3 3 3 3 3 4
2 52869680 1 2 1 1 1 2 1 1 2 2 3 3 3 3 3 3 4
2 52869680 1 2 1 2 1 1 1 1 2 2 3 3 3 3 3 3 4
2 52870184 1 1 1 1 1 1 2 2 2 2 3 3 3 3 3 3 4
2 52870184 1 1 1 1 1 2 1 2 2 2 3 3 3 3 3 3 4
2 52870184 1 1 1 1 1 2 2 1 2 2 3 3 3 3 3 3 4
2 52870184 1 1 1 1 2 1 1 2 2 2 3 3 3 3 3 3 4
2 52870184 1 1 1 1 2 1 2 1 2 2 3 3 3 3 3 3 4
2 52870184 1 1 1 2 1 1 1 2 2 2 3 3 3 3 3 3 4
2 52870184 1 1 1 2 1 1 2 1 2 2 3 3 3 3 3 3 4
2 52870184 1 1 2 1 1 1 1 2 2 2 3 3 3 3 3 3 4
2 52870184 1 1 2 1 1 1 2 1 2 2 3 3 3 3 3 3 4
2 52870184 1 1 2 1 1 2 1 1 2 2 3 3 3 3 3 3 4
2 52870184 1 1 2 1 2 1 1 1 2 2 3 3 3 3 3 3 4
2 52870184 1 1 2 2 1 1 1 1 2 2 3 3 3 3 3 3 4
2 52870184 1 2 1 1 1 1 1 2 2 2 3 3 3 3 3 3 4
2 52870184 1 2 1 1 1 1 2 1 2 2 3 3 3 3 3 3 4
2 52870184 1 2 1 2 1 1 1 1 2 2 3 3 3 3 3 3 4
2 52870184 1 2 2 1 1 1 1 1 2 2 3 3 3 3 3 3 4
2 52927500 1 1 1 1 1 1 2 2 2 2 3 3 3 3 3 3 4
2 52927500 1 1 1 1 1 2 1 2 2 2 3 3 3 3 3 3 4
2 52927500 1 1 1 2 1 1 1 2 2 2 3 3 3 3 3 3 4
2 52927500 1 1 1 2 1 2 1 1 2 2 3 3 3 3 3 3 4
2 52927500 1 1 2 2 1 1 1 1 2 2 3 3 3 3 3 3 4
2 52927500 1 2 1 1 1 1 1 2 2 2 3 3 3 3 3 3 4
2 52927500 1 2 1 2 1 1 1 1 2 2 3 3 3 3 3 3 4
2 53131816 1 1 1 1 1 1 2 2 2 2 3 3 3 3 3 3 4
2 53131816 1 1 1 1 1 2 1 2 2 2 3 3 3 3 3 3 4
2 53131816 1 1 1 1 1 2 2 1 2 2 3 3 3 3 3 3 4
2 53131816 1 1 1 1 2 1 1 2 2 2 3 3 3 3 3 3 4
2 53131816 1 1 1 1 2 1 2 1 2 2 3 3 3 3 3 3 4
2 53131816 1 1 2 1 1 1 1 2 2 2 3 3 3 3 3 3 4
2 53131816 1 1 2 1 1 1 2 1 2 2 3 3 3 3 3 3 4
2 53131816 1 1 2 1 2 1 1 1 2 2 3 3 3 3 3 3 4
2 53131816 1 2 1 1 1 1 1 2 2 2 3 3 3 3 3 3 4
2 53131816 1 2 1 1 1 1 2 1 2 2 3 3 3 3 3 3 4
2 53131816 1 2 1 1 2 1 1 1 2 2 3 3 3 3 3 3 4
2 53139752 1 1 1 1 1 1 2 2 2 2 3 3 3 3 3 3 4
2 53139752 1 1 1 1 1 2 1 2 2 2 3 3 3 3 3 3 4
2 53139752 1 1 1 1 1 2 2 1 2 2 3 3 3 3 3 3 4
2 53139752 1 1 1 1 2 1 1 2 2 2 3 3 3 3 3 3 4
2 53139752 1 1 1 1 2 1 2 1 2 2 3 3 3 3 3 3 4
2 53139752 1 1 1 2 1 1 1 2 2 2 3 3 3 3 3 3 4
2 53139752 1 1 1 2 1 1 2 1 2 2 3 3 3 3 3 3 4
2 53139752 1 1 2 1 1 1 1 2 2 2 3 3 3 3 3 3 4
2 53139752 1 1 2 1 1 1 2 1 2 2 3 3 3 3 3 3 4
2 53139752 1 1 2 1 2 1 1 1 2 2 3 3 3 3 3 3 4
2 53139752 1 1 2 2 1 1 1 1 2 2 3 3 3 3 3 3 4
2 53139752 1 2 1 1 1 1 1 2 2 2 3 3 3 3 3 3 4
2 53139752 1 2 1 1 1 1 2 1 2 2 3 3 3 3 3 3 4
2 53139752 1 2 1 1 2 1 1 1 2 2 3 3 3 3 3 3 4
2 53139752 1 2 1 2 1 1 1 1 2 2 3 3 3 3 3 3 4
2 53140004 1 1 1 1 1 1 2 2 2 2 3 3 3 3 3 3 4
2 53140004 1 1 1 1 1 2 1 2 2 2 3 3 3 3 3 3 4
2 53140004 1 1 1 1 1 2 2 1 2 2 3 3 3 3 3 3 4
2 53140004 1 1 1 1 2 1 1 2 2 2 3 3 3 3 3 3 4
2 53140004 1 1 1 1 2 1 2 1 2 2 3 3 3 3 3 3 4
2 53140004 1 1 1 2 1 1 1 2 2 2 3 3 3 3 3 3 4
2 53140004 1 1 1 2 1 1 2 1 2 2 3 3 3 3 3 3 4
2 53140004 1 1 2 1 1 1 1 2 2 2 3 3 3 3 3 3 4
2 53140004 1 1 2 1 1 1 2 1 2 2 3 3 3 3 3 3 4
2 53140004 1 1 2 1 2 1 1 1 2 2 3 3 3 3 3 3 4
2 53140004 1 1 2 2 1 1 1 1 2 2 3 3 3 3 3 3 4
2 53140004 1 2 1 1 1 1 1 2 2 2 3 3 3 3 3 3 4
2 53140004 1 2 1 1 1 1 2 1 2 2 3 3 3 3 3 3 4
2 53140004 1 2 1 1 2 1 1 1 2 2 3 3 3 3 3 3 4
2 53140004 1 2 1 2 1 1 1 1 2 2 3 3 3 3 3 3 4
2 53172756 1 1 1 1 1 1 2 2 2 2 3 3 3 3 3 3 4
2 53172756 1 1 1 1 1 2 1 2 2 2 3 3 3 3 3 3 4
2 53172756 1 1 1 1 1 2 2 1 2 2 3 3 3 3 3 3 4
2 53172756 1 1 1 1 2 1 1 2 2 2 3 3 3 3 3 3 4
2 53172756 1 1 1 1 2 1 2 1 2 2 3 3 3 3 3 3 4
2 53172756 1 1 1 2 1 1 1 2 2 2 3 3 3 3 3 3 4
2 53172756 1 1 1 2 1 1 2 1 2 2 3 3 3 3 3 3 4
2 53172756 1 1 1 2 2 1 1 1 2 2 3 3 3 3 3 3 4
2 53172756 1 2 1 1 1 1 1 2 2 2 3 3 3 3 3 3 4
2 53172756 1 2 1 1 1 1 2 1 2 2 3 3 3 3 3 3 4
2 53172756 1 2 1 2 1 1 1 1 2 2 3 3 3 3 3 3 4
2 53173260 1 1 1 1 1 1 2 2 2 2 3 3 3 3 3 3 4
2 53173260 1 1 1 1 1 2 1 2 2 2 3 3 3 3 3 3 4
2 53173260 1 1 1 1 1 2 2 1 2 2 3 3 3 3 3 3 4
2 53173260 1 1 1 1 2 1 1 2 2 2 3 3 3 3 3 3 4
2 53173260 1 1 1 1 2 1 2 1 2 2 3 3 3 3 3 3 4
2 53173260 1 1 1 2 1 1 1 2 2 2 3 3 3 3 3 3 4
2 53173260 1 1 1 2 1 1 2 1 2 2 3 3 3 3 3 3 4
2 53173260 1 1 1 2 2 1 1 1 2 2 3 3 3 3 3 3 4
2 53173260 1 1 2 1 1 1 1 2 2 2 3 3 3 3 3 3 4
2 53173260 1 1 2 1 1 1 2 1 2 2 3 3 3 3 3 3 4
2 53173260 1 1 2 1 1 2 1 1 2 2 3 3 3 3 3 3 4
2 53173260 1 1 2 1 2 1 1 1 2 2 3 3 3 3 3 3 4
2 53173260 1 1 2 2 1 1 1 1 2 2 3 3 3 3 3 3 4
2 53173260 1 2 1 1 1 1 1 2 2 2 3 3 3 3 3 3 4
2 53173260 1 2 1 1 1 1 2 1 2 2 3 3 3 3 3 3 4
2 53173260 1 2 2 1 1 1 1 1 2 2 3 3 3 3 3 3 4
2 53401632 1 2 1 1 1 1 1 2 2 1 2 3 3 3 3 3 4
2 53401632 1 2 1 1 1 1 2 1 2 1 2 3 3 3 3 3 4
2 53401632 1 2 1 1 2 1 1 1 2 1 2 3 3 3 3 3 4
2 53431360 1 2 1 1 1 1 1 2 2 1 2 3 3 3 3 3 4
2 53431360 1 2 2 1 1 1 1 1 2 1 2 3 3 3 3 3 4
2 53433376 1 2 1 1 1 1 1 2 2 1 2 3 3 3 3 3 4
2 53433376 1 2 1 1 1 1 2 1 2 1 2 3 3 3 3 3 4
2 53433376 1 2 1 1 2 1 1 1 2 1 2 3 3 3 3 3 4
2 53433376 1 2 2 1 1 1 1 1 2 1 2 3 3 3 3 3 4
2 53435392 2 2 1 1 1 1 1 2 2 0 3 3 3 3 3 3 4
2 53435392 2 2 2 1 1 1 1 1 2 0 3 3 3 3 3 3 4
2 53435440 2 1 1 1 1 1 2 2 2 2 3 3 3 3 4 4 4
2 53447232 1 2 1 1 1 1 1 2 2 1 2 3 3 3 3 3 4
2 53447232 1 2 1 1 1 1 2 1 2 1 2 3 3 3 3 3 4
2 53447232 1 2 1 2 1 1 1 1 2 1 2 3 3 3 3 3 4
2 53449248 1 2 1 1 1 1 1 2 2 1 2 3 3 3 3 3 4
2 53449248 1 2 1 1 1 1 2 1 2 1 2 3 3 3 3 3 4
2 53449248 1 2 1 1 2 1 1 1 2 1 2 3 3 3 3 3 4
2 53449248 1 2 1 2 1 1 1 1 2 1 2 3 3 3 3 3 4
2 53450760 1 2 1 1 1 1 1 2 2 1 2 3 3 3 3 3 4
2 53450760 1 2 1 1 1 1 2 1 2 1 2 3 3 3 3 3 4
2 53450760 1 2 1 2 1 1 1 1 2 1 2 3 3 3 3 3 4
2 53451816 2 1 1 1 1 1 2 2 2 2 3 3 3 3 4 4 4
2 53955664 1 1 1 1 1 1 2 2 2 2 2 3 3 3 3 4 4
2 53955664 1 1 1 1 1 2 1 2 2 2 2 3 3 3 3 4 4
2 53955664 1 1 1 1 2 1 1 2 2 2 2 3 3 3 3 4 4
2 53955664 1 1 2 1 1 1 1 2 2 2 2 3 3 3 3 4 4
2 53955664 1 2 1 1 1 1 1 2 2 2 2 3 3 3 3 4 4
2 53959696 1 1 1 1 1 1 2 2 2 1 3 3 3 3 3 4 4
2 53959696 1 1 1 1 1 2 1 2 2 1 3 3 3 3 3 4 4
2 53959696 1 1 1 1 2 1 1 2 2 1 3 3 3 3 3 4 4
2 53959696 1 1 2 1 1 1 1 2 2 1 3 3 3 3 3 4 4
2 53959696 2 2 1 1 1 1 1 2 2 1 3 3 3 3 3 4 4
2 53970528 1 1 1 1 1 1 2 2 2 2 2 3 3 3 3 4 4
2 53970528 1 1 1 1 2 1 1 2 2 2 2 3 3 3 3 4 4
2 53970528 1 1 2 1 1 1 1 2 2 2 2 3 3 3 3 4 4
2 53970528 1 2 1 1 1 1 1 2 2 2 2 3 3 3 3 4 4
2 53971536 1 1 1 1 1 1 2 2 2 2 2 3 3 3 3 4 4
2 53971536 1 1 1 1 2 1 1 2 2 2 2 3 3 3 3 4 4
2 53971536 1 1 2 1 1 1 1 2 2 2 2 3 3 3 3 4 4
2 53972040 1 1 1 1 1 1 2 2 2 2 2 3 3 3 3 4 4
2 53972040 1 1 1 1 2 1 1 2 2 2 2 3 3 3 3 4 4
2 53972040 1 1 2 1 1 1 1 2 2 2 2 3 3 3 3 4 4
2 54235656 1 2 1 1 1 1 1 2 2 1 2 3 3 3 3 3 4
2 54235656 1 2 1 1 2 1 1 1 2 1 2 3 3 3 3 3 4
2 57350284 1 1 1 1 1 1 2 2 2 2 3 3 3 3 3 3 4
2 57350284 1 1 1 1 1 2 1 2 2 2 3 3 3 3 3 3 4
2 57350284 1 1 1 1 1 2 2 1 2 2 3 3 3 3 3 3 4
2 57350284 1 1 1 2 1 1 1 2 2 2 3 3 3 3 3 3 4
2 57350284 1 1 1 2 1 1 2 1 2 2 3 3 3 3 3 3 4
2 57350284 1 1 1 2 1 2 1 1 2 2 3 3 3 3 3 3 4
2 57350284 1 2 1 1 1 1 1 2 2 2 3 3 3 3 3 3 4
2 57350284 1 2 1 1 1 1 2 1 2 2 3 3 3 3 3 3 4
2 57350410 1 1 1 1 1 1 2 2 2 2 3 3 3 3 3 3 4
2 57350410 1 1 1 1 1 2 1 2 2 2 3 3 3 3 3 3 4
2 57350410 1 1 1 1 1 2 2 1 2 2 3 3 3 3 3 3 4
2 57350410 1 1 1 1 2 1 1 2 2 2 3 3 3 3 3 3 4
2 57350410 1 1 1 1 2 1 2 1 2 2 3 3 3 3 3 3 4
2 57350410 1 1 1 2 1 2 1 1 2 2 3 3 3 3 3 3 4
2 57350410 1 1 1 2 2 1 1 1 2 2 3 3 3 3 3 3 4
2 57350410 1 1 2 1 2 1 1 1 2 2 3 3 3 3 3 3 4
2 57350410 1 2 1 1 1 1 1 2 2 2 3 3 3 3 3 3 4
2 57354816 1 2 1 1 1 1 1 2 2 1 2 3 3 3 3 3 4
2 57354816 1 2 1 1 1 1 2 1 2 1 2 3 3 3 3 3 4
2 57356832 1 2 1 1 1 1 1 2 2 1 2 3 3 3 3 3 4
2 57356832 1 2 1 1 1 1 2 1 2 1 2 3 3 3 3 3 4
2 57356832 1 2 1 1 1 2 1 1 2 1 2 3 3 3 3 3 4
2 57356832 1 2 1 1 2 1 1 1 2 1 2 3 3 3 3 3 4
2 57358344 1 2 1 1 1 1 1 2 2 1 2 3 3 3 3 3 4
2 57358344 1 2 1 1 1 1 2 1 2 1 2 3 3 3 3 3 4
2 57358848 2 2 1 1 1 1 1 2 2 0 3 3 3 3 3 3 4
2 57358896 2 1 1 1 1 1 2 2 2 2 3 3 3 3 4 4 4
2 57359400 2 1 1 1 1 1 2 2 2 2 3 3 3 3 4 4 4
2 57514080 1 1 1 1 1 1 2 2 2 2 2 2 3 3 4 4 4
2 57608384 1 2 1 1 1 1 1 2 2 1 2 3 3 3 3 3 4
2 57608384 1 2 1 1 1 1 2 1 2 1 2 3 3 3 3 3 4
2 57610400 1 2 1 1 1 1 1 2 2 1 2 3 3 3 3 3 4
2 57610400 1 2 1 1 1 1 2 1 2 1 2 3 3 3 3 3 4
2 57610400 1 2 1 1 1 2 1 1 2 1 2 3 3 3 3 3 4
2 57612288 1 2 1 1 1 1 1 2 2 0 2 2 3 3 3 3 4
2 57612288 1 2 1 1 1 1 2 1 2 0 2 2 3 3 3 3 4
2 57612290 1 2 1 1 1 1 1 2 2 1 2 3 3 3 3 3 4
2 57612290 1 2 1 1 1 1 2 1 2 1 2 3 3 3 3 3 4
2 57612416 2 2 1 1 1 1 1 2 2 0 3 3 3 3 3 3 4
2 57612464 2 1 1 1 1 1 2 2 2 2 3 3 3 3 4 4 4
2 57613346 2 1 1 1 1 1 2 2 2 2 3 3 3 3 4 4 4
2 57645088 1 1 1 1 1 1 2 2 2 1 2 3 3 3 4 4 4
2 57878112 1 1 1 1 1 1 2 2 2 2 2 3 3 3 3 4 4
2 57878112 1 1 1 1 2 1 1 2 2 2 2 3 3 3 3 4 4
2 57878112 1 1 2 1 1 1 1 2 2 2 2 3 3 3 3 4 4
2 57878112 1 2 1 1 1 1 1 2 2 2 2 3 3 3 3 4 4
2 57879120 1 1 1 1 1 1 2 2 2 2 2 3 3 3 3 4 4
2 57879120 1 1 1 1 2 1 1 2 2 2 2 3 3 3 3 4 4
2 57879120 1 1 2 1 1 1 1 2 2 2 2 3 3 3 3 4 4
2 57879624 1 1 1 1 1 1 2 2 2 2 2 3 3 3 3 4 4
2 57879624 1 1 1 1 2 1 1 2 2 2 2 3 3 3 3 4 4
2 57879624 1 1 2 1 1 1 1 2 2 2 2 3 3 3 3 4 4
2 57883152 1 1 1 1 1 1 2 2 2 1 3 3 3 3 3 4 4
2 57883152 1 1 1 1 1 2 1 2 2 1 3 3 3 3 3 4 4
2 57883152 1 1 1 1 2 1 1 2 2 1 3 3 3 3 3 4 4
2 57883152 1 1 2 1 1 1 1 2 2 1 3 3 3 3 3 4 4
2 57883152 2 2 1 1 1 1 1 2 2 1 3 3 3 3 3 4 4
2 57886048 1 1 1 1 1 1 2 2 2 2 2 3 3 3 3 4 4
2 57886048 1 1 1 1 1 2 1 2 2 2 2 3 3 3 3 4 4
2 57886048 1 1 1 1 2 1 1 2 2 2 2 3 3 3 3 4 4
2 57886048 1 1 1 2 1 1 1 2 2 2 2 3 3 3 3 4 4
2 57886048 1 1 2 1 1 1 1 2 2 2 2 3 3 3 3 4 4
2 57886048 1 2 1 1 1 1 1 2 2 2 2 3 3 3 3 4 4
2 57887056 1 1 1 1 1 1 2 2 2 2 2 3 3 3 3 4 4
2 57887056 1 1 1 1 1 2 1 2 2 2 2 3 3 3 3 4 4
2 57887056 1 1 1 1 2 1 1 2 2 2 2 3 3 3 3 4 4
2 57887056 1 1 1 2 1 1 1 2 2 2 2 3 3 3 3 4 4
2 57887056 1 1 2 1 1 1 1 2 2 2 2 3 3 3 3 4 4
2 57887056 1 2 1 1 1 1 1 2 2 2 2 3 3 3 3 4 4
2 57887812 1 1 1 1 1 1 2 2 2 2 2 3 3 3 3 4 4
2 57887812 1 1 1 1 1 2 1 2 2 2 2 3 3 3 3 4 4
2 57887812 1 1 1 1 2 1 1 2 2 2 2 3 3 3 3 4 4
2 57887812 1 1 1 2 1 1 1 2 2 2 2 3 3 3 3 4 4
2 57887812 1 1 2 1 1 1 1 2 2 2 2 3 3 3 3 4 4
2 57887812 1 2 1 1 1 1 1 2 2 2 2 3 3 3 3 4 4
2 57891844 1 1 1 1 1 1 2 2 2 1 3 3 3 3 3 4 4
2 57891844 1 1 1 1 2 1 1 2 2 1 3 3 3 3 3 4 4
2 57891844 1 1 1 2 1 1 1 2 2 1 3 3 3 3 3 4 4
2 57891844 2 2 1 1 1 1 1 2 2 1 3 3 3 3 3 4 4
2 57901888 1 2 1 1 1 1 1 2 2 1 2 3 3 3 3 3 4
2 57901888 1 2 1 2 1 1 1 1 2 1 2 3 3 3 3 3 4
2 57905416 1 2 1 1 1 1 1 2 2 1 2 3 3 3 3 3 4
2 57905416 1 2 1 1 1 1 2 1 2 1 2 3 3 3 3 3 4
2 57905416 1 2 1 2 1 1 1 1 2 1 2 3 3 3 3 3 4
2 57908236 2 1 1 1 1 1 2 2 2 2 3 3 3 3 4 4 4
2 58037344 1 1 1 1 1 1 2 2 2 2 2 2 3 3 4 4 4
2 58038336 1 2 1 1 1 1 1 2 2 1 2 2 3 3 3 4 4
2 58099712 1 2 2 1 1 2 1 1 1 0 1 2 3 3 3 3 3
2 58103808 1 2 1 1 1 1 1 2 2 0 2 2 3 3 3 3 4
2 58103840 1 2 1 1 1 1 1 2 2 1 2 2 3 3 3 4 4
2 58136592 1 2 1 1 1 1 1 2 2 1 2 2 3 3 3 4 4
2 58165312 1 1 2 1 1 1 1 2 2 1 1 3 3 3 3 4 4
2 58165313 1 1 1 1 1 1 2 2 2 2 2 3 3 3 3 4 4
2 58165313 1 1 1 1 2 1 1 2 2 2 2 3 3 3 3 4 4
2 58165313 1 1 2 1 1 1 1 2 2 2 2 3 3 3 3 4 4
2 58166336 1 1 1 1 1 1 2 2 2 1 2 3 3 3 4 4 4
2 58167296 1 2 1 1 1 1 1 2 2 0 1 3 3 3 3 3 4
2 58167296 1 2 1 2 1 1 1 1 2 0 1 3 3 3 3 3 4
2 58167297 1 2 1 1 1 1 1 2 2 1 2 3 3 3 3 3 4
2 58167297 1 2 1 2 1 1 1 1 2 1 2 3 3 3 3 3 4
2 58168352 1 1 1 1 1 1 2 2 2 1 2 3 3 3 4 4 4
2 58169344 2 2 1 1 1 1 1 2 2 0 2 3 3 3 3 4 4
2 58170368 1 1 1 1 1 1 2 2 2 0 3 3 3 3 4 4 4
2 58251360 1 1 1 1 1 1 2 2 2 2 2 2 3 3 4 4 4
2 58283104 1 1 1 1 1 1 2 2 2 2 2 2 3 3 4 4 4
2 58298976 1 1 1 1 1 1 2 2 2 2 2 2 3 3 4 4 4
2 58349568 1 2 1 1 1 1 1 2 2 0 2 2 3 3 3 3 4
2 58349568 1 2 1 1 1 1 2 1 2 0 2 2 3 3 3 3 4
2 58349568 1 2 1 1 2 1 1 1 2 0 2 2 3 3 3 3 4
2 58427968 1 1 1 1 1 1 2 2 2 1 2 3 3 3 4 4 4
2 58429984 1 1 1 1 1 1 2 2 2 1 2 3 3 3 4 4 4
2 58431496 1 1 1 1 1 1 2 2 2 1 2 3 3 3 4 4 4
2 62072400 1 1 1 1 1 1 2 2 2 2 2 3 3 3 3 4 4
2 62072400 1 1 1 1 1 2 1 2 2 2 2 3 3 3 3 4 4
2 62072400 1 1 1 1 2 1 1 2 2 2 2 3 3 3 3 4 4
2 62072400 1 1 2 1 1 1 1 2 2 2 2 3 3 3 3 4 4
2 62072400 1 2 1 1 1 1 1 2 2 2 2 3 3 3 3 4 4
2 62096208 1 1 1 1 1 1 2 2 2 2 2 3 3 3 3 4 4
2 62096208 1 1 1 1 1 2 1 2 2 2 2 3 3 3 3 4 4
2 62096208 1 1 1 2 1 1 1 2 2 2 2 3 3 3 3 4 4
2 62096208 1 1 2 1 1 1 1 2 2 2 2 3 3 3 3 4 4
2 62096208 1 2 1 1 1 1 1 2 2 2 2 3 3 3 3 4 4
2 62096712 1 1 1 1 1 1 2 2 2 2 2 3 3 3 3 4 4
2 62096712 1 1 1 1 1 2 1 2 2 2 2 3 3 3 3 4 4
2 62096712 1 1 1 1 2 1 1 2 2 2 2 3 3 3 3 4 4
2 62096712 1 1 1 2 1 1 1 2 2 2 2 3 3 3 3 4 4
2 62096712 1 1 2 1 1 1 1 2 2 2 2 3 3 3 3 4 4
2 62096712 1 2 1 1 1 1 1 2 2 2 2 3 3 3 3 4 4
2 62231616 1 2 1 1 1 1 1 2 2 1 2 2 3 3 3 4 4
2 62297120 1 2 1 1 1 1 1 2 2 1 2 2 3 3 3 4 4
2 62298128 1 2 1 1 1 1 1 2 2 1 2 2 3 3 3 4 4
2 62358592 1 1 2 1 1 1 1 2 2 1 1 3 3 3 3 4 4
2 62358592 1 2 1 1 1 1 1 2 2 1 1 3 3 3 3 4 4
2 62358593 1 1 1 1 1 1 2 2 2 2 2 3 3 3 3 4 4
2 62358593 1 1 1 1 1 2 1 2 2 2 2 3 3 3 3 4 4
2 62358593 1 1 1 2 1 1 1 2 2 2 2 3 3 3 3 4 4
2 62358593 1 1 2 1 1 1 1 2 2 2 2 3 3 3 3 4 4
2 62358593 1 2 1 1 1 1 1 2 2 2 2 3 3 3 3 4 4
2 62362624 2 2 1 1 1 1 1 2 2 0 2 3 3 3 3 4 4
2 62445632 1 2 1 1 1 1 1 2 2 1 2 2 3 3 3 4 4
2 62477376 1 2 1 1 1 1 1 2 2 1 2 2 3 3 3 4 4
2 62493248 1 2 1 1 1 1 1 2 2 1 2 2 3 3 3 4 4
2 62542880 1 2 1 1 1 1 1 2 2 1 2 2 3 3 3 4 4
2 62543888 1 2 1 1 1 1 1 2 2 1 2 2 3 3 3 4 4
2 62560264 1 2 1 1 1 1 1 2 2 1 2 2 3 3 3 4 4
2 62620224 1 1 2 1 1 1 1 2 2 1 1 3 3 3 3 4 4
2 62620224 1 2 1 1 1 1 1 2 2 1 1 3 3 3 3 4 4
2 62620225 1 1 1 1 1 1 2 2 2 2 2 3 3 3 3 4 4
2 62620225 1 1 1 1 1 2 1 2 2 2 2 3 3 3 3 4 4
2 62620225 1 1 1 1 2 1 1 2 2 2 2 3 3 3 3 4 4
2 62620225 1 1 2 1 1 1 1 2 2 2 2 3 3 3 3 4 4
2 62620225 1 2 1 1 1 1 1 2 2 2 2 3 3 3 3 4 4
2 62624256 2 2 1 1 1 1 1 2 2 0 2 3 3 3 3 4 4
2 65732608 1 2 2 1 1 2 1 1 1 0 0 2 2 3 3 3 3
2 65738752 1 2 1 1 1 1 1 2 2 0 2 2 2 3 3 4 4
2 66621664 1 1 1 1 1 1 2 2 2 2 2 2 3 3 4 4 4
2 66654400 1 2 1 1 1 1 1 2 2 1 2 2 3 3 3 4 4
2 66687041 1 1 1 1 1 1 2 2 2 2 2 2 3 3 4 4 4
2 66719872 1 2 1 1 1 1 1 2 2 0 2 2 3 3 3 3 4
2 66719872 1 2 1 1 1 2 1 1 2 0 2 2 3 3 3 3 4
2 66719904 1 2 1 1 1 1 1 2 2 1 2 2 3 3 3 4 4
2 66721794 1 2 1 1 1 1 1 2 2 1 2 2 3 3 3 4 4
2 66785280 1 2 1 1 1 1 1 2 2 0 1 2 3 3 3 4 4
2 66818049 1 1 1 1 1 1 2 2 2 1 2 3 3 3 4 4 4
2 86985760 1 2 1 1 1 1 1 2 2 1 2 3 3 3 3 3 4
2 86985760 1 2 1 1 1 1 2 1 2 1 2 3 3 3 3 3 4
2 86985760 1 2 1 1 1 2 1 1 2 1 2 3 3 3 3 3 4
2 86985760 1 2 1 1 2 1 1 1 2 1 2 3 3 3 3 3 4
2 86985760 1 2 1 2 1 1 1 1 2 1 2 3 3 3 3 3 4
2 86985760 1 2 2 1 1 1 1 1 2 1 2 3 3 3 3 3 4
2 87510032 1 2 1 1 1 1 1 2 2 1 2 3 3 3 3 3 4
2 87510032 1 2 1 1 2 1 1 1 2 1 2 3 3 3 3 3 4
2 87510032 1 2 2 1 1 1 1 1 2 1 2 3 3 3 3 3 4
2 87524896 1 2 1 1 1 1 1 2 2 1 2 3 3 3 3 3 4
2 87524896 1 2 1 1 1 1 2 1 2 1 2 3 3 3 3 3 4
2 87524896 1 2 1 1 2 1 1 1 2 1 2 3 3 3 3 3 4
2 87524896 1 2 2 1 1 1 1 1 2 1 2 3 3 3 3 3 4
2 87525904 1 2 1 1 1 1 1 2 2 1 2 3 3 3 3 3 4
2 87525904 1 2 1 1 2 1 1 1 2 1 2 3 3 3 3 3 4
2 87525904 1 2 1 2 1 1 1 1 2 1 2 3 3 3 3 3 4
2 87525904 1 2 2 1 1 1 1 1 2 1 2 3 3 3 3 3 4
2 91162656 1 2 2 1 1 1 1 1 2 1 1 2 3 3 3 3 4
2 91162784 1 2 1 1 1 1 1 2 2 1 2 3 3 3 3 3 4
2 91162784 1 2 1 1 1 1 2 1 2 1 2 3 3 3 3 3 4
2 91162784 1 2 1 2 1 1 1 1 2 1 2 3 3 3 3 3 4
2 91162784 1 2 2 1 1 1 1 1 2 1 2 3 3 3 3 3 4
2 91432480 1 2 1 1 1 1 1 2 2 1 2 3 3 3 3 3 4
2 91432480 1 2 1 1 1 1 2 1 2 1 2 3 3 3 3 3 4
2 91432480 1 2 1 1 2 1 1 1 2 1 2 3 3 3 3 3 4
2 91432480 1 2 2 1 1 1 1 1 2 1 2 3 3 3 3 3 4
2 91433488 1 2 1 1 1 1 1 2 2 1 2 3 3 3 3 3 4
2 91433488 1 2 1 1 2 1 1 1 2 1 2 3 3 3 3 3 4
2 91433488 1 2 2 1 1 1 1 1 2 1 2 3 3 3 3 3 4
2 91440416 1 2 1 1 1 1 1 2 2 1 2 3 3 3 3 3 4
2 91440416 1 2 1 1 1 1 2 1 2 1 2 3 3 3 3 3 4
2 91440416 1 2 1 1 1 2 1 1 2 1 2 3 3 3 3 3 4
2 91440416 1 2 1 1 2 1 1 1 2 1 2 3 3 3 3 3 4
2 91440416 1 2 1 2 1 1 1 1 2 1 2 3 3 3 3 3 4
2 91440416 1 2 2 1 1 1 1 1 2 1 2 3 3 3 3 3 4
2 91441424 1 2 1 1 1 1 1 2 2 1 2 3 3 3 3 3 4
2 91441424 1 2 1 1 2 1 1 1 2 1 2 3 3 3 3 3 4
2 91441424 1 2 1 2 1 1 1 1 2 1 2 3 3 3 3 3 4
2 91441424 1 2 2 1 1 1 1 1 2 1 2 3 3 3 3 3 4
2 91442180 1 2 1 1 1 1 1 2 2 1 2 3 3 3 3 3 4
2 91442180 1 2 1 1 2 1 1 1 2 1 2 3 3 3 3 3 4
2 91442180 1 2 1 2 1 1 1 1 2 1 2 3 3 3 3 3 4
2 91442180 1 2 2 1 1 1 1 1 2 1 2 3 3 3 3 3 4
2 91588672 1 2 2 1 1 1 1 1 2 1 1 2 3 3 3 3 4
2 91592704 1 2 1 1 1 1 1 2 2 0 2 2 3 3 3 3 4
2 91592704 1 2 1 1 2 1 1 1 2 0 2 2 3 3 3 3 4
2 91592704 1 2 1 2 1 1 1 1 2 0 2 2 3 3 3 3 4
2 91592704 1 2 2 1 1 1 1 1 2 0 2 2 3 3 3 3 4
2 91654176 1 2 2 1 1 1 1 1 2 1 1 2 3 3 3 3 4
2 91685920 1 2 2 1 1 1 1 1 2 1 1 2 3 3 3 3 4
2 91719680 1 2 1 1 1 1 1 2 2 0 1 3 3 3 3 3 4
2 91719680 1 2 1 1 2 1 1 1 2 0 1 3 3 3 3 3 4
2 91719680 2 2 2 1 1 1 1 1 2 0 1 3 3 3 3 3 4
2 91719681 1 2 1 1 1 1 1 2 2 1 2 3 3 3 3 3 4
2 91719681 1 2 1 1 2 1 1 1 2 1 2 3 3 3 3 3 4
2 91719681 1 2 2 1 1 1 1 1 2 1 2 3 3 3 3 3 4
2 95626768 1 2 1 1 1 1 1 2 2 1 2 3 3 3 3 3 4
2 95626768 1 2 1 1 1 2 1 1 2 1 2 3 3 3 3 3 4
2 95626768 1 2 1 1 2 1 1 1 2 1 2 3 3 3 3 3 4
2 95650576 1 2 1 1 1 1 1 2 2 1 2 3 3 3 3 3 4
2 95650576 1 2 1 1 1 2 1 1 2 1 2 3 3 3 3 3 4
2 95650576 1 2 1 2 1 1 1 1 2 1 2 3 3 3 3 3 4
2 95651080 1 2 1 1 1 1 1 2 2 1 2 3 3 3 3 3 4
2 95651080 1 2 1 1 1 2 1 1 2 1 2 3 3 3 3 3 4
2 95651080 1 2 1 1 2 1 1 1 2 1 2 3 3 3 3 3 4
2 95651080 1 2 1 2 1 1 1 1 2 1 2 3 3 3 3 3 4
2 95785984 1 2 1 1 1 1 1 2 2 0 2 2 3 3 3 3 4
2 95785984 1 2 1 1 1 2 1 1 2 0 2 2 3 3 3 3 4
2 95785984 1 2 1 2 1 1 1 1 2 0 2 2 3 3 3 3 4
2 95847456 1 2 2 1 1 1 1 1 2 1 1 2 3 3 3 3 4
2 95912960 1 2 1 1 1 1 1 2 2 0 1 3 3 3 3 3 4
2 95912960 1 2 1 1 1 2 1 1 2 0 1 3 3 3 3 3 4
2 95912960 1 2 1 2 1 1 1 1 2 0 1 3 3 3 3 3 4
2 95912961 1 2 1 1 1 1 1 2 2 1 2 3 3 3 3 3 4
2 95912961 1 2 1 1 1 2 1 1 2 1 2 3 3 3 3 3 4
2 95912961 1 2 1 2 1 1 1 1 2 1 2 3 3 3 3 3 4
2 95995968 1 2 2 1 1 1 1 1 2 1 1 2 3 3 3 3 4
2 96000000 1 2 1 1 1 1 1 2 2 0 2 2 3 3 3 3 4
2 96000000 1 2 1 1 1 2 1 1 2 0 2 2 3 3 3 3 4
2 96000000 1 2 1 1 2 1 1 1 2 0 2 2 3 3 3 3 4
2 96000000 1 2 2 1 1 1 1 1 2 0 2 2 3 3 3 3 4
2 96031744 1 2 1 1 1 1 1 2 2 0 2 2 3 3 3 3 4
2 96031744 1 2 1 1 1 2 1 1 2 0 2 2 3 3 3 3 4
2 96031744 1 2 1 1 2 1 1 1 2 0 2 2 3 3 3 3 4
2 96031744 1 2 1 2 1 1 1 1 2 0 2 2 3 3 3 3 4
2 96047616 1 2 1 1 1 1 1 2 2 0 2 2 3 3 3 3 4
2 96047616 1 2 1 1 1 2 1 1 2 0 2 2 3 3 3 3 4
2 96047616 1 2 1 1 2 1 1 1 2 0 2 2 3 3 3 3 4
2 96047616 1 2 1 2 1 1 1 1 2 0 2 2 3 3 3 3 4
2 96093216 1 2 2 1 1 1 1 1 2 1 1 2 3 3 3 3 4
2 96109088 1 2 2 1 1 1 1 1 2 1 1 2 3 3 3 3 4
2 96174592 1 2 1 1 1 1 1 2 2 0 1 3 3 3 3 3 4
2 96174592 1 2 1 1 1 2 1 1 2 0 1 3 3 3 3 3 4
2 96174592 1 2 1 1 2 1 1 1 2 0 1 3 3 3 3 3 4
2 96174593 1 2 1 1 1 1 1 2 2 1 2 3 3 3 3 3 4
2 96174593 1 2 1 1 1 2 1 1 2 1 2 3 3 3 3 3 4
2 96174593 1 2 1 1 2 1 1 1 2 1 2 3 3 3 3 3 4
2 99289088 1 2 2 1 1 1 1 1 2 0 1 2 2 3 3 3 4
2 100208640 1 2 1 2 1 1 1 1 2 0 1 1 3 3 3 3 4
2 100208768 1 2 1 1 1 1 1 2 2 0 2 2 3 3 3 3 4
2 100208768 1 2 1 1 1 2 1 1 2 0 2 2 3 3 3 3 4
2 100208768 1 2 1 2 1 1 1 1 2 0 2 2 3 3 3 3 4
2 100270240 1 2 2 1 1 1 1 1 2 1 1 2 3 3 3 3 4
2 105855584 2 1 1 1 1 1 2 2 2 2 3 3 3 3 4 4 4
2 106331232 2 1 1 1 1 1 2 2 2 2 3 3 3 3 4 4 4
2 106347104 2 1 1 1 1 1 2 2 2 2 3 3 3 3 4 4 4
2 106355040 2 1 1 1 1 1 2 2 2 2 3 3 3 3 4 4 4
2 106379856 2 1 1 1 1 1 2 2 2 2 3 3 3 3 4 4 4
2 106380360 2 1 1 1 1 1 2 2 2 2 3 3 3 3 4 4 4
2 106388548 2 1 1 1 1 1 2 2 2 2 3 3 3 3 4 4 4
2 106641992 2 1 1 1 1 1 2 2 2 2 3 3 3 3 4 4 4
2 106650180 2 1 1 1 1 1 2 2 2 2 3 3 3 3 4 4 4
2 106846304 1 1 1 1 1 1 2 2 2 2 2 2 3 3 4 4 4
2 106895560 2 1 1 1 1 1 2 2 2 2 3 3 3 3 4 4 4
2 106895938 2 1 1 1 1 1 2 2 2 2 3 3 3 3 4 4 4
2 106911808 1 1 1 1 1 1 2 2 2 1 2 3 3 3 4 4 4
2 108214808 2 1 1 1 1 1 2 2 2 2 3 3 3 3 4 4 4
2 108222996 2 1 1 1 1 1 2 2 2 2 3 3 3 3 4 4 4
2 108223500 2 1 1 1 1 1 2 2 2 2 3 3 3 3 4 4 4
2 108320864 1 1 1 1 1 1 2 2 2 2 2 2 3 3 4 4 4
2 108352608 1 1 1 1 1 1 2 2 2 2 2 2 3 3 4 4 4
2 108481600 1 1 1 1 1 1 2 2 2 1 2 3 3 3 4 4 4
2 108484624 1 1 1 1 1 1 2 2 2 1 2 3 3 3 4 4 4
2 108485632 1 1 1 1 1 1 2 2 2 0 3 3 3 3 4 4 4
2 108497472 1 1 1 1 1 1 2 2 2 1 2 3 3 3 4 4 4
2 108501000 1 1 1 1 1 1 2 2 2 1 2 3 3 3 4 4 4
2 108614240 1 1 1 1 1 1 2 2 2 2 2 2 3 3 4 4 4
2 110525520 2 1 1 1 1 1 2 2 2 2 3 3 3 3 4 4 4
2 110540384 2 1 1 1 1 1 2 2 2 2 3 3 3 3 4 4 4
2 110541392 2 1 1 1 1 1 2 2 2 2 3 3 3 3 4 4 4
2 110541896 2 1 1 1 1 1 2 2 2 2 3 3 3 3 4 4 4
2 110786144 2 1 1 1 1 1 2 2 2 2 3 3 3 3 4 4 4
2 110787152 2 1 1 1 1 1 2 2 2 2 3 3 3 3 4 4 4
2 110787656 2 1 1 1 1 1 2 2 2 2 3 3 3 3 4 4 4
2 110803528 2 1 1 1 1 1 2 2 2 2 3 3 3 3 4 4 4
2 110811464 2 1 1 1 1 1 2 2 2 2 3 3 3 3 4 4 4
2 110811716 2 1 1 1 1 1 2 2 2 2 3 3 3 3 4 4 4
2 111039584 1 1 1 1 1 1 2 2 2 2 2 2 3 3 4 4 4
2 111039712 2 1 1 1 1 1 2 2 2 2 3 3 3 3 4 4 4
2 111040720 2 1 1 1 1 1 2 2 2 2 3 3 3 3 4 4 4
2 111041602 2 1 1 1 1 1 2 2 2 2 3 3 3 3 4 4 4
2 111057096 2 1 1 1 1 1 2 2 2 2 3 3 3 3 4 4 4
2 111057474 2 1 1 1 1 1 2 2 2 2 3 3 3 3 4 4 4
2 111073344 1 1 1 1 1 1 2 2 2 1 2 3 3 3 4 4 4
2 111073345 2 1 1 1 1 1 2 2 2 2 3 3 3 3 4 4 4
2 111105088 1 1 1 1 1 1 2 2 2 1 2 3 3 3 4 4 4
2 111120960 1 1 1 1 1 1 2 2 2 1 2 3 3 3 4 4 4
2 111623192 2 1 1 1 1 1 2 2 2 2 3 3 3 3 4 4 4
2 111647756 2 1 1 1 1 1 2 2 2 2 3 3 3 3 4 4 4
2 111852072 2 1 1 1 1 1 2 2 2 2 3 3 3 3 4 4 4
2 111860008 2 1 1 1 1 1 2 2 2 2 3 3 3 3 4 4 4
2 111860260 2 1 1 1 1 1 2 2 2 2 3 3 3 3 4 4 4
2 111884824 2 1 1 1 1 1 2 2 2 2 3 3 3 3 4 4 4
2 111893012 2 1 1 1 1 1 2 2 2 2 3 3 3 3 4 4 4
2 111893516 2 1 1 1 1 1 2 2 2 2 3 3 3 3 4 4 4
2 111990880 1 1 1 1 1 1 2 2 2 2 2 2 3 3 4 4 4
2 112022624 1 1 1 1 1 1 2 2 2 2 2 2 3 3 4 4 4
2 112038496 1 1 1 1 1 1 2 2 2 2 2 2 3 3 4 4 4
2 112121888 1 1 1 1 1 1 2 2 2 1 2 3 3 3 4 4 4
2 112121889 2 1 1 1 1 1 2 2 2 2 3 3 3 3 4 4 4
2 112138392 2 1 1 1 1 1 2 2 2 2 3 3 3 3 4 4 4
2 112138770 2 1 1 1 1 1 2 2 2 2 3 3 3 3 4 4 4
2 112139274 2 1 1 1 1 1 2 2 2 2 3 3 3 3 4 4 4
2 112151616 1 1 1 1 1 1 2 2 2 1 2 3 3 3 4 4 4
2 112153632 1 1 1 1 1 1 2 2 2 1 2 3 3 3 4 4 4
2 112154640 1 1 1 1 1 1 2 2 2 1 2 3 3 3 4 4 4
2 112155648 1 1 1 1 1 1 2 2 2 0 3 3 3 3 4 4 4
2 112167488 1 1 1 1 1 1 2 2 2 1 2 3 3 3 4 4 4
2 112169504 1 1 1 1 1 1 2 2 2 1 2 3 3 3 4 4 4
2 112171016 1 1 1 1 1 1 2 2 2 1 2 3 3 3 4 4 4
2 112514144 1 1 1 1 1 1 2 2 2 2 2 2 3 3 4 4 4
2 112546896 1 1 1 1 1 1 2 2 2 2 2 2 3 3 4 4 4
2 112562768 1 1 1 1 1 1 2 2 2 2 2 2 3 3 4 4 4
2 112677904 1 1 1 1 1 1 2 2 2 1 2 3 3 3 4 4 4
2 112690752 1 1 1 1 1 1 2 2 2 1 2 3 3 3 4 4 4
2 112693776 1 1 1 1 1 1 2 2 2 1 2 3 3 3 4 4 4
2 112694280 1 1 1 1 1 1 2 2 2 1 2 3 3 3 4 4 4
2 112775776 1 1 1 1 1 1 2 2 2 2 2 2 3 3 4 4 4
2 112808528 1 1 1 1 1 1 2 2 2 2 2 2 3 3 4 4 4
2 112824904 1 1 1 1 1 1 2 2 2 2 2 2 3 3 4 4 4
2 112955912 1 1 1 1 1 1 2 2 2 1 2 3 3 3 4 4 4
2 114963040 1 1 1 1 1 1 2 2 2 2 2 2 3 3 4 4 4
2 115028544 1 1 1 1 1 1 2 2 2 1 2 3 3 3 4 4 4
2 115216608 1 1 1 1 1 1 2 2 2 2 2 2 3 3 4 4 4
2 115282112 1 1 1 1 1 1 2 2 2 1 2 3 3 3 4 4 4
2 115898464 1 1 1 1 1 1 2 2 2 2 2 2 3 3 4 4 4
2 115946080 1 1 1 1 1 1 2 2 2 2 2 2 3 3 4 4 4
2 115954016 1 1 1 1 1 1 2 2 2 2 2 2 3 3 4 4 4
2 116070540 2 1 1 1 1 1 2 2 2 2 3 3 3 3 4 4 4
2 116070666 2 1 1 1 1 1 2 2 2 2 3 3 3 3 4 4 4
2 116075072 1 1 1 1 1 1 2 2 2 1 2 3 3 3 4 4 4
2 116077088 1 1 1 1 1 1 2 2 2 1 2 3 3 3 4 4 4
2 116078600 1 1 1 1 1 1 2 2 2 1 2 3 3 3 4 4 4
2 116079104 1 1 1 1 1 1 2 2 2 0 3 3 3 3 4 4 4
2 116199648 1 1 1 1 1 1 2 2 2 2 2 2 3 3 4 4 4
2 116328640 1 1 1 1 1 1 2 2 2 1 2 3 3 3 4 4 4
2 116332546 1 1 1 1 1 1 2 2 2 1 2 3 3 3 4 4 4
2 116332547 2 1 1 1 1 1 2 2 2 2 3 3 3 3 4 4 4
2 116332672 1 1 1 1 1 1 2 2 2 0 3 3 3 3 4 4 4
2 116421728 1 1 1 1 1 1 2 2 2 2 2 2 3 3 4 4 4
2 116437600 1 1 1 1 1 1 2 2 2 2 2 2 3 3 4 4 4
2 116445536 1 1 1 1 1 1 2 2 2 2 2 2 3 3 4 4 4
2 116470352 1 1 1 1 1 1 2 2 2 2 2 2 3 3 4 4 4
2 116478288 1 1 1 1 1 1 2 2 2 2 2 2 3 3 4 4 4
2 116494664 1 1 1 1 1 1 2 2 2 2 2 2 3 3 4 4 4
2 116598336 1 1 1 1 1 1 2 2 2 1 2 3 3 3 4 4 4
2 116601360 1 1 1 1 1 1 2 2 2 1 2 3 3 3 4 4 4
2 116601864 1 1 1 1 1 1 2 2 2 1 2 3 3 3 4 4 4
2 116606272 1 1 1 1 1 1 2 2 2 1 2 3 3 3 4 4 4
2 116609296 1 1 1 1 1 1 2 2 2 1 2 3 3 3 4 4 4
2 116610052 1 1 1 1 1 1 2 2 2 1 2 3 3 3 4 4 4
2 116622144 1 1 1 1 1 1 2 2 2 1 2 3 3 3 4 4 4
2 116625672 1 1 1 1 1 1 2 2 2 1 2 3 3 3 4 4 4
2 116625924 1 1 1 1 1 1 2 2 2 1 2 3 3 3 4 4 4
2 116691168 1 1 1 1 1 1 2 2 2 2 2 2 3 3 4 4 4
2 116723920 1 1 1 1 1 1 2 2 2 2 2 2 3 3 4 4 4
2 116756545 1 1 1 1 1 1 2 2 2 2 2 2 3 3 4 4 4
2 116887553 1 1 1 1 1 1 2 2 2 1 2 3 3 3 4 4 4
2 116936928 1 1 1 1 1 1 2 2 2 2 2 2 3 3 4 4 4
2 116986056 1 1 1 1 1 1 2 2 2 2 2 2 3 3 4 4 4
2 117002305 1 1 1 1 1 1 2 2 2 2 2 2 3 3 4 4 4
2 126818304 1 2 1 1 1 1 1 2 2 0 2 2 2 3 3 4 4
2 127309824 1 2 1 1 1 1 1 2 2 0 2 2 2 3 3 4 4
2 128354304 1 2 2 1 1 1 1 1 2 0 1 2 2 3 3 3 4
2 129002560 1 2 1 1 1 1 1 2 2 1 2 2 3 3 3 4 4
2 129002576 1 1 1 1 1 1 2 2 2 2 2 2 3 3 4 4 4
2 129004544 1 2 1 1 1 1 1 2 2 0 2 2 3 3 3 3 4
2 129004544 1 2 1 1 1 1 2 1 2 0 2 2 3 3 3 3 4
2 129004544 1 2 1 1 1 2 1 1 2 0 2 2 3 3 3 3 4
2 129005584 1 2 1 1 1 1 1 2 2 1 2 2 3 3 3 4 4
2 129017440 1 1 1 1 1 1 2 2 2 2 2 2 3 3 4 4 4
2 129018448 1 1 1 1 1 1 2 2 2 2 2 2 3 3 4 4 4
2 129053200 1 2 1 1 1 1 1 2 2 1 2 2 3 3 3 4 4
2 129171864 1 1 1 1 1 1 2 2 2 2 2 3 3 3 3 4 4
2 129171864 1 1 2 1 1 1 1 2 2 2 2 3 3 3 3 4 4
2 129180176 1 1 2 1 1 1 1 2 2 1 1 3 3 3 3 4 4
2 129180177 1 1 1 1 1 1 2 2 2 2 2 3 3 3 3 4 4
2 129180177 1 1 1 1 2 1 1 2 2 2 2 3 3 3 3 4 4
2 129180177 1 1 2 1 1 1 1 2 2 2 2 3 3 3 3 4 4
2 129181184 2 2 1 1 1 1 1 2 2 0 2 3 3 3 3 4 4
2 129181200 1 1 1 1 1 1 2 2 2 1 2 3 3 3 4 4 4
2 129205008 1 1 1 1 1 1 2 2 2 1 2 3 3 3 4 4 4
2 129205512 1 1 1 1 1 1 2 2 2 1 2 3 3 3 4 4 4
2 129271008 1 1 1 1 1 1 2 2 2 2 2 2 3 3 4 4 4
2 129272000 1 2 1 1 1 1 1 2 2 1 2 2 3 3 3 4 4
2 129272016 1 1 1 1 1 1 2 2 2 2 2 2 3 3 4 4 4
2 129273984 1 2 1 1 1 1 1 2 2 0 2 2 3 3 3 3 4
2 129273984 1 2 1 1 1 1 2 1 2 0 2 2 3 3 3 3 4
2 129273984 1 2 1 1 1 2 1 1 2 0 2 2 3 3 3 3 4
2 129275906 1 2 1 1 1 1 1 2 2 1 2 2 3 3 3 4 4
2 129306768 1 2 1 1 1 1 1 2 2 1 2 2 3 3 3 4 4
2 129307650 1 2 1 1 1 1 1 2 2 1 2 2 3 3 3 4 4
2 129339392 1 2 1 1 1 1 1 2 2 0 1 2 3 3 3 4 4
2 129434624 1 2 1 1 1 1 1 2 2 0 1 2 3 3 3 4 4
2 129466368 1 1 2 1 1 1 1 2 2 0 0 3 3 3 3 4 4
2 129466369 1 1 2 1 1 1 1 2 2 1 1 3 3 3 3 4 4
2 129467393 1 1 1 1 1 1 2 2 2 1 2 3 3 3 4 4 4
2 129516768 1 1 1 1 1 1 2 2 2 2 2 2 3 3 4 4 4
2 129517776 1 1 1 1 1 1 2 2 2 2 2 2 3 3 4 4 4
2 129534152 1 1 1 1 1 1 2 2 2 2 2 2 3 3 4 4 4
2 129550401 1 1 1 1 1 1 2 2 2 2 2 2 3 3 4 4 4
2 129729025 1 1 1 1 1 1 2 2 2 1 2 3 3 3 4 4 4
2 131211264 1 2 2 1 1 1 2 1 1 0 0 2 2 3 3 3 3
2 131217408 1 2 1 1 1 1 1 2 2 0 2 2 2 3 3 4 4
2 132261888 1 2 2 1 1 1 1 1 2 0 1 2 2 3 3 3 4
2 133695682 1 1 1 1 1 1 2 2 2 2 2 2 3 3 4 4 4
2 136239728 2 1 1 1 2 1 1 2 2 3 3 3 3 3 3 4 4
2 139410032 2 1 1 1 1 1 2 2 2 3 3 3 3 3 3 4 4
2 139885680 2 1 1 1 1 1 2 2 2 3 3 3 3 3 3 4 4
2 139885680 2 1 1 1 1 2 1 2 2 3 3 3 3 3 3 4 4
2 139901552 2 1 1 1 1 1 2 2 2 3 3 3 3 3 3 4 4
2 139909488 2 1 1 1 1 1 2 2 2 3 3 3 3 3 3 4 4
2 139909488 2 1 1 1 1 2 1 2 2 3 3 3 3 3 3 4 4
2 139909488 2 1 1 2 1 1 1 2 2 3 3 3 3 3 3 4 4
2 140433504 1 1 1 1 1 1 2 2 2 2 2 3 3 3 3 4 4
2 140433504 1 1 1 1 2 1 1 2 2 2 2 3 3 3 3 4 4
2 140433505 2 1 1 1 1 1 2 2 2 3 3 3 3 3 3 4 4
2 140433505 2 1 1 1 2 1 1 2 2 3 3 3 3 3 3 4 4
2 140465248 1 1 1 1 1 1 2 2 2 2 2 3 3 3 3 4 4
2 140465248 1 1 1 1 1 2 1 2 2 2 2 3 3 3 3 4 4
2 140465248 1 1 1 1 2 1 1 2 2 2 2 3 3 3 3 4 4
2 140467264 1 1 1 1 1 1 2 2 2 1 3 3 3 3 3 4 4
2 140467264 1 1 1 1 2 1 1 2 2 1 3 3 3 3 3 4 4
2 142036048 1 1 1 1 1 1 2 2 2 2 2 3 3 3 3 4 4
2 142036048 1 1 1 1 1 2 1 2 2 2 2 3 3 3 3 4 4
2 142040080 1 1 1 1 1 1 2 2 2 1 3 3 3 3 3 4 4
2 142040080 1 1 1 1 1 2 1 2 2 1 3 3 3 3 3 4 4
2 142050912 1 1 1 1 1 1 2 2 2 2 2 3 3 3 3 4 4
2 142050912 1 1 2 1 1 1 1 2 2 2 2 3 3 3 3 4 4
2 142051920 1 1 1 1 1 1 2 2 2 2 2 3 3 3 3 4 4
2 144094832 2 1 1 1 1 1 2 2 2 3 3 3 3 3 3 4 4
2 144094832 2 1 1 2 1 1 1 2 2 3 3 3 3 3 3 4 4
2 144094832 2 2 1 1 1 1 1 2 2 3 3 3 3 3 3 4 4
2 144340592 2 1 1 1 1 1 2 2 2 3 3 3 3 3 3 4 4
2 144340592 2 1 1 1 2 1 1 2 2 3 3 3 3 3 3 4 4
2 144340592 2 2 1 1 1 1 1 2 2 3 3 3 3 3 3 4 4
2 144356968 2 1 1 1 1 1 2 2 2 3 3 3 3 3 3 4 4
2 144356968 2 1 1 1 2 1 1 2 2 3 3 3 3 3 3 4 4
2 144356968 2 1 1 2 1 1 1 2 2 3 3 3 3 3 3 4 4
2 144356968 2 1 2 1 1 1 1 2 2 3 3 3 3 3 3 4 4
2 144365156 2 1 1 1 1 1 2 2 2 3 3 3 3 3 3 4 4
2 144365156 2 1 1 1 2 1 1 2 2 3 3 3 3 3 3 4 4
2 144365156 2 1 1 2 1 1 1 2 2 3 3 3 3 3 3 4 4
2 144594160 2 1 1 1 1 1 2 2 2 3 3 3 3 3 3 4 4
2 144594160 2 1 1 1 2 1 1 2 2 3 3 3 3 3 3 4 4
2 144594160 2 2 1 1 1 1 1 2 2 3 3 3 3 3 3 4 4
2 144610536 2 1 1 1 1 1 2 2 2 3 3 3 3 3 3 4 4
2 144610536 2 1 1 1 2 1 1 2 2 3 3 3 3 3 3 4 4
2 144610536 2 1 1 2 1 1 1 2 2 3 3 3 3 3 3 4 4
2 144610914 2 1 1 1 1 1 2 2 2 3 3 3 3 3 3 4 4
2 144610914 2 1 1 1 2 1 1 2 2 3 3 3 3 3 3 4 4
2 144610914 2 1 1 2 1 1 1 2 2 3 3 3 3 3 3 4 4
2 144610914 2 1 2 1 1 1 1 2 2 3 3 3 3 3 3 4 4
2 144626784 1 1 1 1 1 1 2 2 2 2 2 3 3 3 3 4 4
2 144626784 1 1 1 1 2 1 1 2 2 2 2 3 3 3 3 4 4
2 144626784 1 1 1 2 1 1 1 2 2 2 2 3 3 3 3 4 4
2 144626784 1 1 2 1 1 1 1 2 2 2 2 3 3 3 3 4 4
2 144628800 1 1 1 1 1 1 2 2 2 1 3 3 3 3 3 4 4
2 144628800 1 1 1 1 2 1 1 2 2 1 3 3 3 3 3 4 4
2 144628800 1 1 1 2 1 1 1 2 2 1 3 3 3 3 3 4 4
2 144628800 1 1 2 1 1 1 1 2 2 1 3 3 3 3 3 4 4
2 144659536 1 1 1 1 1 1 2 2 2 2 2 3 3 3 3 4 4
2 144659536 1 1 1 1 2 1 1 2 2 2 2 3 3 3 3 4 4
2 144659536 1 1 2 1 1 1 1 2 2 2 2 3 3 3 3 4 4
2 144675408 1 1 1 1 1 1 2 2 2 2 2 3 3 3 3 4 4
2 144675408 1 1 1 1 2 1 1 2 2 2 2 3 3 3 3 4 4
2 144675408 1 1 1 2 1 1 1 2 2 2 2 3 3 3 3 4 4
2 144675408 1 2 1 1 1 1 1 2 2 2 2 3 3 3 3 4 4
2 145673312 1 1 1 1 1 1 2 2 2 2 2 3 3 3 3 4 4
2 145673312 1 1 1 1 2 1 1 2 2 2 2 3 3 3 3 4 4
2 145673312 1 1 2 1 1 1 1 2 2 2 2 3 3 3 3 4 4
2 145677344 1 1 1 1 1 1 2 2 2 1 3 3 3 3 3 4 4
2 145677344 1 1 1 1 2 1 1 2 2 1 3 3 3 3 3 4 4
2 145677344 1 1 2 1 1 1 1 2 2 1 3 3 3 3 3 4 4
2 145706064 1 1 1 1 1 1 2 2 2 2 2 3 3 3 3 4 4
2 145706064 1 1 1 1 2 1 1 2 2 2 2 3 3 3 3 4 4
2 145706064 1 1 2 1 1 1 1 2 2 2 2 3 3 3 3 4 4
2 145706064 1 2 1 1 1 1 1 2 2 2 2 3 3 3 3 4 4
2 145710096 1 1 1 1 1 1 2 2 2 1 3 3 3 3 3 4 4
2 145710096 1 1 1 1 2 1 1 2 2 1 3 3 3 3 3 4 4
2 145710096 1 1 2 1 1 1 1 2 2 1 3 3 3 3 3 4 4
2 145710096 2 2 1 1 1 1 1 2 2 1 3 3 3 3 3 4 4
2 145720928 1 1 1 1 1 1 2 2 2 2 2 3 3 3 3 4 4
2 145720928 1 1 1 1 2 1 1 2 2 2 2 3 3 3 3 4 4
2 145720928 1 1 1 2 1 1 1 2 2 2 2 3 3 3 3 4 4
2 145720928 1 1 2 1 1 1 1 2 2 2 2 3 3 3 3 4 4
2 145721936 1 1 1 1 1 1 2 2 2 2 2 3 3 3 3 4 4
2 145721936 1 1 1 1 2 1 1 2 2 2 2 3 3 3 3 4 4
2 145721936 1 1 1 2 1 1 1 2 2 2 2 3 3 3 3 4 4
2 145721936 1 2 1 1 1 1 1 2 2 2 2 3 3 3 3 4 4
2 145722440 1 1 1 1 1 1 2 2 2 2 2 3 3 3 3 4 4
2 145722440 1 1 1 1 2 1 1 2 2 2 2 3 3 3 3 4 4
2 145722440 1 1 1 2 1 1 1 2 2 2 2 3 3 3 3 4 4
2 145722440 1 1 2 1 1 1 1 2 2 2 2 3 3 3 3 4 4
2 145726472 1 1 1 1 1 1 2 2 2 1 3 3 3 3 3 4 4
2 145726472 1 1 1 1 2 1 1 2 2 1 3 3 3 3 3 4 4
2 145726472 1 1 1 2 1 1 1 2 2 1 3 3 3 3 3 4 4
2 146245200 1 1 1 1 1 1 2 2 2 2 2 3 3 3 3 4 4
2 146245200 1 1 1 2 1 1 1 2 2 2 2 3 3 3 3 4 4
2 146245200 1 1 2 1 1 1 1 2 2 2 2 3 3 3 3 4 4
2 146245200 1 2 1 1 1 1 1 2 2 2 2 3 3 3 3 4 4
2 146507336 1 1 1 1 1 1 2 2 2 2 2 3 3 3 3 4 4
2 146507336 1 1 1 1 2 1 1 2 2 2 2 3 3 3 3 4 4
2 146507336 1 1 2 1 1 1 1 2 2 2 2 3 3 3 3 4 4
2 148550240 1 1 1 1 1 1 2 2 2 2 2 3 3 3 3 4 4
2 148550240 1 1 1 1 1 2 1 2 2 2 2 3 3 3 3 4 4
2 148550240 1 1 1 1 2 1 1 2 2 2 2 3 3 3 3 4 4
2 148550240 1 1 1 2 1 1 1 2 2 2 2 3 3 3 3 4 4
2 148552256 1 1 1 1 1 1 2 2 2 1 3 3 3 3 3 4 4
2 148552256 1 1 1 1 1 2 1 2 2 1 3 3 3 3 3 4 4
2 148552256 1 1 1 1 2 1 1 2 2 1 3 3 3 3 3 4 4
2 148552256 1 1 1 2 1 1 1 2 2 1 3 3 3 3 3 4 4
2 148582992 1 1 1 1 1 1 2 2 2 2 2 3 3 3 3 4 4
2 148582992 1 1 1 1 1 2 1 2 2 2 2 3 3 3 3 4 4
2 148582992 1 1 1 1 2 1 1 2 2 2 2 3 3 3 3 4 4
2 148582992 1 2 1 1 1 1 1 2 2 2 2 3 3 3 3 4 4
2 148607304 1 1 1 1 1 1 2 2 2 2 2 3 3 3 3 4 4
2 148607304 1 1 1 1 1 2 1 2 2 2 2 3 3 3 3 4 4
2 148607304 1 1 1 2 1 1 1 2 2 2 2 3 3 3 3 4 4
2 148803808 1 1 1 1 1 1 2 2 2 2 2 3 3 3 3 4 4
2 148803808 1 1 1 1 1 2 1 2 2 2 2 3 3 3 3 4 4
2 148803808 1 1 1 2 1 1 1 2 2 2 2 3 3 3 3 4 4
2 148805824 1 1 1 1 1 1 2 2 2 1 3 3 3 3 3 4 4
2 148805824 1 1 1 1 1 2 1 2 2 1 3 3 3 3 3 4 4
2 148805824 1 1 1 2 1 1 1 2 2 1 3 3 3 3 3 4 4
2 148836560 1 1 1 1 1 1 2 2 2 2 2 3 3 3 3 4 4
2 148836560 1 1 1 1 1 2 1 2 2 2 2 3 3 3 3 4 4
2 148836560 1 2 1 1 1 1 1 2 2 2 2 3 3 3 3 4 4
2 148869185 1 1 1 1 1 1 2 2 2 2 2 3 3 3 3 4 4
2 148869185 1 1 1 1 1 2 1 2 2 2 2 3 3 3 3 4 4
2 148869185 1 1 1 2 1 1 1 2 2 2 2 3 3 3 3 4 4
2 149628512 1 1 1 1 1 1 2 2 2 2 2 3 3 3 3 4 4
2 149628512 1 1 1 1 1 2 1 2 2 2 2 3 3 3 3 4 4
2 149628512 1 1 1 1 2 1 1 2 2 2 2 3 3 3 3 4 4
2 149628512 1 1 2 1 1 1 1 2 2 2 2 3 3 3 3 4 4
2 149629520 1 1 1 1 1 1 2 2 2 2 2 3 3 3 3 4 4
2 149629520 1 1 1 1 1 2 1 2 2 2 2 3 3 3 3 4 4
2 149629520 1 1 1 1 2 1 1 2 2 2 2 3 3 3 3 4 4
2 149629520 1 2 1 1 1 1 1 2 2 2 2 3 3 3 3 4 4
2 149630024 1 1 1 1 1 1 2 2 2 2 2 3 3 3 3 4 4
2 149630024 1 1 1 1 1 2 1 2 2 2 2 3 3 3 3 4 4
2 149630024 1 1 1 1 2 1 1 2 2 2 2 3 3 3 3 4 4
2 149630024 1 1 2 1 1 1 1 2 2 2 2 3 3 3 3 4 4
2 149633552 1 1 1 1 1 1 2 2 2 1 3 3 3 3 3 4 4
2 149633552 1 1 1 1 1 2 1 2 2 1 3 3 3 3 3 4 4
2 149633552 2 2 1 1 1 1 1 2 2 1 3 3 3 3 3 4 4
2 149634056 1 1 1 1 1 1 2 2 2 1 3 3 3 3 3 4 4
2 149634056 1 1 1 1 1 2 1 2 2 1 3 3 3 3 3 4 4
2 149634056 1 1 1 1 2 1 1 2 2 1 3 3 3 3 3 4 4
2 149634056 1 1 2 1 1 1 1 2 2 1 3 3 3 3 3 4 4
2 149652320 1 1 1 1 1 1 2 2 2 2 2 3 3 3 3 4 4
2 149652320 1 1 1 1 1 2 1 2 2 2 2 3 3 3 3 4 4
2 149652320 1 1 1 2 1 1 1 2 2 2 2 3 3 3 3 4 4
2 149653832 1 1 1 1 1 1 2 2 2 2 2 3 3 3 3 4 4
2 149653832 1 1 1 1 1 2 1 2 2 2 2 3 3 3 3 4 4
2 149653832 1 1 1 2 1 1 1 2 2 2 2 3 3 3 3 4 4
2 149654084 1 1 1 1 1 1 2 2 2 2 2 3 3 3 3 4 4
2 149654084 1 1 1 1 1 2 1 2 2 2 2 3 3 3 3 4 4
2 149654084 1 1 1 2 1 1 1 2 2 2 2 3 3 3 3 4 4
2 149882080 1 1 1 1 1 1 2 2 2 2 2 3 3 3 3 4 4
2 149882080 1 1 1 1 1 2 1 2 2 2 2 3 3 3 3 4 4
2 149882080 1 1 2 1 1 1 1 2 2 2 2 3 3 3 3 4 4
2 149883088 1 1 1 1 1 1 2 2 2 2 2 3 3 3 3 4 4
2 149883088 1 1 1 1 1 2 1 2 2 2 2 3 3 3 3 4 4
2 149883088 1 1 1 1 2 1 1 2 2 2 2 3 3 3 3 4 4
2 149883088 1 2 1 1 1 1 1 2 2 2 2 3 3 3 3 4 4
2 149886992 1 2 1 1 1 1 1 2 2 1 2 2 3 3 3 4 4
2 149887120 1 1 1 1 1 1 2 2 2 1 3 3 3 3 3 4 4
2 149887120 1 1 1 1 1 2 1 2 2 1 3 3 3 3 3 4 4
2 149887120 2 2 1 1 1 1 1 2 2 1 3 3 3 3 3 4 4
2 149888002 1 1 1 1 1 1 2 2 2 1 3 3 3 3 3 4 4
2 149888002 1 1 1 1 1 2 1 2 2 1 3 3 3 3 3 4 4
2 149888002 1 1 2 1 1 1 1 2 2 1 3 3 3 3 3 4 4
2 149915713 1 1 1 1 1 1 2 2 2 2 2 3 3 3 3 4 4
2 149915713 1 1 1 1 1 2 1 2 2 2 2 3 3 3 3 4 4
2 149915713 1 1 1 2 1 1 1 2 2 2 2 3 3 3 3 4 4
2 150152784 1 1 1 1 1 1 2 2 2 2 2 3 3 3 3 4 4
2 150152784 1 1 1 1 1 2 1 2 2 2 2 3 3 3 3 4 4
2 150152784 1 1 2 1 1 1 1 2 2 2 2 3 3 3 3 4 4
2 150152784 1 2 1 1 1 1 1 2 2 2 2 3 3 3 3 4 4
2 150160720 1 1 1 1 1 1 2 2 2 2 2 3 3 3 3 4 4
2 150160720 1 1 1 1 1 2 1 2 2 2 2 3 3 3 3 4 4
2 150160720 1 1 2 1 1 1 1 2 2 2 2 3 3 3 3 4 4
2 150160720 1 2 1 1 1 1 1 2 2 2 2 3 3 3 3 4 4
2 150176592 1 1 1 1 1 1 2 2 2 2 2 3 3 3 3 4 4
2 150176592 1 1 1 1 1 2 1 2 2 2 2 3 3 3 3 4 4
2 150176592 1 1 1 2 1 1 1 2 2 2 2 3 3 3 3 4 4
2 150176592 1 2 1 1 1 1 1 2 2 2 2 3 3 3 3 4 4
2 150177096 1 1 1 1 1 1 2 2 2 2 2 3 3 3 3 4 4
2 150177096 1 1 1 1 1 2 1 2 2 2 2 3 3 3 3 4 4
2 150177096 1 1 1 2 1 1 1 2 2 2 2 3 3 3 3 4 4
2 150177096 1 1 2 1 1 1 1 2 2 2 2 3 3 3 3 4 4
2 150177348 1 1 1 1 1 1 2 2 2 2 2 3 3 3 3 4 4
2 150177348 1 1 1 1 1 2 1 2 2 2 2 3 3 3 3 4 4
2 150177348 1 1 1 2 1 1 1 2 2 2 2 3 3 3 3 4 4
2 150177348 1 1 2 1 1 1 1 2 2 2 2 3 3 3 3 4 4
2 150378512 1 2 1 1 1 1 1 2 2 1 2 2 3 3 3 4 4
2 150438976 1 1 2 1 1 1 1 2 2 1 1 3 3 3 3 4 4
2 150438977 1 1 1 1 1 1 2 2 2 2 2 3 3 3 3 4 4
2 150438977 1 1 1 1 1 2 1 2 2 2 2 3 3 3 3 4 4
2 150438977 1 1 1 2 1 1 1 2 2 2 2 3 3 3 3 4 4
2 150438977 1 1 2 1 1 1 1 2 2 2 2 3 3 3 3 4 4
2 150624272 1 2 1 1 1 1 1 2 2 1 2 2 3 3 3 4 4
2 150700609 1 1 1 1 1 1 2 2 2 2 2 3 3 3 3 4 4
2 150700609 1 1 1 1 1 2 1 2 2 2 2 3 3 3 3 4 4
2 150700609 1 1 1 1 2 1 1 2 2 2 2 3 3 3 3 4 4
2 162759960 1 1 1 1 1 1 2 2 2 2 2 3 3 3 3 4 4
2 162759960 1 1 1 2 1 1 1 2 2 2 2 3 3 3 3 4 4
2 162759960 1 1 2 1 1 1 1 2 2 2 2 3 3 3 3 4 4
2 162894864 1 2 1 1 1 1 1 2 2 1 2 2 3 3 3 4 4
2 163021840 1 1 2 1 1 1 1 2 2 1 1 3 3 3 3 4 4
2 163021841 1 1 1 1 1 1 2 2 2 2 2 3 3 3 3 4 4
2 163021841 1 1 1 2 1 1 1 2 2 2 2 3 3 3 3 4 4
2 163021841 1 1 2 1 1 1 1 2 2 2 2 3 3 3 3 4 4
2 163108880 1 2 1 1 1 1 1 2 2 1 2 2 3 3 3 4 4
2 163140624 1 2 1 1 1 1 1 2 2 1 2 2 3 3 3 4 4
2 163283472 1 2 1 1 1 1 1 2 2 1 1 3 3 3 3 4 4
2 163283473 1 1 1 1 1 1 2 2 2 2 2 3 3 3 3 4 4
2 163283473 1 1 1 1 2 1 1 2 2 2 2 3 3 3 3 4 4
2 163283473 1 2 1 1 1 1 1 2 2 2 2 3 3 3 3 4 4
2 167317648 1 2 1 1 1 1 1 2 2 1 2 2 3 3 3 4 4
2 177370456 2 1 1 1 1 1 2 2 2 3 3 3 3 3 3 4 4
2 177616088 2 1 1 1 1 1 2 2 2 3 3 3 3 3 3 4 4
2 177616088 2 1 1 1 1 2 1 2 2 3 3 3 3 3 3 4 4
2 177616088 2 1 1 1 2 1 1 2 2 3 3 3 3 3 3 4 4
2 177632336 1 1 1 1 1 1 2 2 2 2 2 3 3 3 3 4 4
2 177632336 1 1 1 1 1 2 1 2 2 2 2 3 3 3 3 4 4
2 177632336 1 1 1 2 1 1 1 2 2 2 2 3 3 3 3 4 4
2 177632336 1 1 2 1 1 1 1 2 2 2 2 3 3 3 3 4 4
2 177632337 2 1 1 1 1 1 2 2 2 3 3 3 3 3 3 4 4
2 177632337 2 1 1 1 1 2 1 2 2 3 3 3 3 3 3 4 4
2 177648208 1 1 1 1 1 1 2 2 2 2 2 3 3 3 3 4 4
2 177648208 1 1 1 1 1 2 1 2 2 2 2 3 3 3 3 4 4
2 177648208 1 1 1 1 2 1 1 2 2 2 2 3 3 3 3 4 4
2 177648208 1 1 1 2 1 1 1 2 2 2 2 3 3 3 3 4 4
2 177648208 1 1 2 1 1 1 1 2 2 2 2 3 3 3 3 4 4
2 177648208 1 2 1 1 1 1 1 2 2 2 2 3 3 3 3 4 4
2 177649216 1 1 1 1 1 1 2 2 2 1 3 3 3 3 3 4 4
2 177649216 1 1 1 1 1 2 1 2 2 1 3 3 3 3 3 4 4
2 177649216 1 1 1 2 1 1 1 2 2 1 3 3 3 3 3 4 4
2 177649216 2 2 1 1 1 1 1 2 2 1 3 3 3 3 3 4 4
2 178131666 2 1 1 1 1 1 2 2 2 3 3 3 3 3 3 4 4
2 178131666 2 1 1 1 2 1 1 2 2 3 3 3 3 3 3 4 4
2 178147536 1 1 1 1 1 1 2 2 2 2 2 3 3 3 3 4 4
2 178147536 1 1 1 1 1 2 1 2 2 2 2 3 3 3 3 4 4
2 178147536 1 1 1 1 2 1 1 2 2 2 2 3 3 3 3 4 4
2 178147536 1 1 1 2 1 1 1 2 2 2 2 3 3 3 3 4 4
2 178147536 1 1 2 1 1 1 1 2 2 2 2 3 3 3 3 4 4
2 178147536 1 2 1 1 1 1 1 2 2 2 2 3 3 3 3 4 4
2 178148416 1 2 1 1 1 1 1 2 2 1 2 2 3 3 3 4 4
2 178148544 1 1 1 1 1 1 2 2 2 1 3 3 3 3 3 4 4
2 178148544 1 1 1 1 2 1 1 2 2 1 3 3 3 3 3 4 4
2 178148544 1 1 1 2 1 1 1 2 2 1 3 3 3 3 3 4 4
2 178148544 2 2 1 1 1 1 1 2 2 1 3 3 3 3 3 4 4
2 178180160 1 1 2 1 1 1 1 2 2 1 1 3 3 3 3 4 4
2 178180161 1 1 1 1 1 1 2 2 2 2 2 3 3 3 3 4 4
2 178180161 1 1 1 1 2 1 1 2 2 2 2 3 3 3 3 4 4
2 178180161 1 1 1 2 1 1 1 2 2 2 2 3 3 3 3 4 4
2 178180161 1 1 2 1 1 1 1 2 2 2 2 3 3 3 3 4 4
2 178678864 1 1 1 1 1 1 2 2 2 2 2 3 3 3 3 4 4
2 178678864 1 1 1 1 1 2 1 2 2 2 2 3 3 3 3 4 4
2 178678864 1 1 1 1 2 1 1 2 2 2 2 3 3 3 3 4 4
2 178678864 1 1 2 1 1 1 1 2 2 2 2 3 3 3 3 4 4
2 178678864 1 2 1 1 1 1 1 2 2 2 2 3 3 3 3 4 4
2 178682896 1 1 1 1 1 1 2 2 2 1 3 3 3 3 3 4 4
2 178682896 1 1 1 1 1 2 1 2 2 1 3 3 3 3 3 4 4
2 178682896 1 1 1 1 2 1 1 2 2 1 3 3 3 3 3 4 4
2 178682896 1 1 2 1 1 1 1 2 2 1 3 3 3 3 3 4 4
2 178682896 2 2 1 1 1 1 1 2 2 1 3 3 3 3 3 4 4
2 178693728 1 1 1 1 1 1 2 2 2 2 2 3 3 3 3 4 4
2 178693728 1 1 1 1 2 1 1 2 2 2 2 3 3 3 3 4 4
2 178693728 1 1 2 1 1 1 1 2 2 2 2 3 3 3 3 4 4
2 178693728 1 2 1 1 1 1 1 2 2 2 2 3 3 3 3 4 4
2 178694736 1 1 1 1 1 1 2 2 2 2 2 3 3 3 3 4 4
2 178694736 1 1 1 1 1 2 1 2 2 2 2 3 3 3 3 4 4
2 178694736 1 1 1 1 2 1 1 2 2 2 2 3 3 3 3 4 4
2 178694736 1 1 1 2 1 1 1 2 2 2 2 3 3 3 3 4 4
2 178694736 1 1 2 1 1 1 1 2 2 2 2 3 3 3 3 4 4
2 178694736 1 2 1 1 1 1 1 2 2 2 2 3 3 3 3 4 4
2 178698768 1 1 1 1 1 1 2 2 2 1 3 3 3 3 3 4 4
2 178698768 1 1 1 1 1 2 1 2 2 1 3 3 3 3 3 4 4
2 178698768 1 1 1 1 2 1 1 2 2 1 3 3 3 3 3 4 4
2 178698768 1 1 1 2 1 1 1 2 2 1 3 3 3 3 3 4 4
2 178698768 1 1 2 1 1 1 1 2 2 1 3 3 3 3 3 4 4
2 178698768 2 2 1 1 1 1 1 2 2 1 3 3 3 3 3 4 4
2 178701664 1 1 1 1 1 1 2 2 2 2 2 3 3 3 3 4 4
2 178701664 1 1 1 1 1 2 1 2 2 2 2 3 3 3 3 4 4
2 178701664 1 1 2 1 1 1 1 2 2 2 2 3 3 3 3 4 4
2 178701664 1 2 1 1 1 1 1 2 2 2 2 3 3 3 3 4 4
2 178702672 1 1 1 1 1 1 2 2 2 2 2 3 3 3 3 4 4
2 178702672 1 1 1 1 1 2 1 2 2 2 2 3 3 3 3 4 4
2 178702672 1 1 2 1 1 1 1 2 2 2 2 3 3 3 3 4 4
2 178703428 1 1 1 1 1 1 2 2 2 2 2 3 3 3 3 4 4
2 178703428 1 1 1 1 1 2 1 2 2 2 2 3 3 3 3 4 4
2 178703428 1 1 2 1 1 1 1 2 2 2 2 3 3 3 3 4 4
2 178706704 1 1 1 1 1 1 2 2 2 1 3 3 3 3 3 4 4
2 178706704 1 1 1 1 1 2 1 2 2 1 3 3 3 3 3 4 4
2 178706704 1 1 1 1 2 1 1 2 2 1 3 3 3 3 3 4 4
2 178706704 1 1 1 2 1 1 1 2 2 1 3 3 3 3 3 4 4
2 178706704 1 1 2 1 1 1 1 2 2 1 3 3 3 3 3 4 4
2 178706704 2 2 1 1 1 1 1 2 2 1 3 3 3 3 3 4 4
2 178726480 1 1 1 1 1 1 2 2 2 2 2 3 3 3 3 4 4
2 178726480 1 1 1 1 1 2 1 2 2 2 2 3 3 3 3 4 4
2 178726480 1 1 1 1 2 1 1 2 2 2 2 3 3 3 3 4 4
2 178726480 1 1 1 2 1 1 1 2 2 2 2 3 3 3 3 4 4
2 178726480 1 1 2 1 1 1 1 2 2 2 2 3 3 3 3 4 4
2 178726480 1 2 1 1 1 1 1 2 2 2 2 3 3 3 3 4 4
2 178734416 1 1 1 1 1 1 2 2 2 2 2 3 3 3 3 4 4
2 178734416 1 1 1 1 1 2 1 2 2 2 2 3 3 3 3 4 4
2 178734416 1 1 1 1 2 1 1 2 2 2 2 3 3 3 3 4 4
2 178734416 1 1 1 2 1 1 1 2 2 2 2 3 3 3 3 4 4
2 178734416 1 1 2 1 1 1 1 2 2 2 2 3 3 3 3 4 4
2 178734416 1 2 1 1 1 1 1 2 2 2 2 3 3 3 3 4 4
2 178750288 1 1 1 1 1 1 2 2 2 2 2 3 3 3 3 4 4
2 178750288 1 1 1 1 1 2 1 2 2 2 2 3 3 3 3 4 4
2 178750288 1 1 1 1 2 1 1 2 2 2 2 3 3 3 3 4 4
2 178750288 1 1 1 2 1 1 1 2 2 2 2 3 3 3 3 4 4
2 178750288 1 1 2 1 1 1 1 2 2 2 2 3 3 3 3 4 4
2 178750288 1 2 1 1 1 1 1 2 2 2 2 3 3 3 3 4 4
2 178750792 1 1 1 1 1 1 2 2 2 2 2 3 3 3 3 4 4
2 178750792 1 1 1 1 1 2 1 2 2 2 2 3 3 3 3 4 4
2 178750792 1 1 1 1 2 1 1 2 2 2 2 3 3 3 3 4 4
2 178750792 1 1 1 2 1 1 1 2 2 2 2 3 3 3 3 4 4
2 178750792 1 1 2 1 1 1 1 2 2 2 2 3 3 3 3 4 4
2 178750792 1 2 1 1 1 1 1 2 2 2 2 3 3 3 3 4 4
2 178751044 1 1 1 1 1 1 2 2 2 2 2 3 3 3 3 4 4
2 178751044 1 1 1 1 1 2 1 2 2 2 2 3 3 3 3 4 4
2 178751044 1 1 1 1 2 1 1 2 2 2 2 3 3 3 3 4 4
2 178751044 1 1 1 2 1 1 1 2 2 2 2 3 3 3 3 4 4
2 178751044 1 1 2 1 1 1 1 2 2 2 2 3 3 3 3 4 4
2 178751044 1 2 1 1 1 1 1 2 2 2 2 3 3 3 3 4 4
2 179099712 1 2 1 1 1 1 1 2 2 1 2 2 3 3 3 4 4
2 179131456 1 2 1 1 1 1 1 2 2 1 2 2 3 3 3 4 4
2 179196960 1 2 1 1 1 1 1 2 2 1 2 2 3 3 3 4 4
2 179197968 1 2 1 1 1 1 1 2 2 1 2 2 3 3 3 4 4
2 179226688 1 1 2 1 1 1 1 2 2 1 1 3 3 3 3 4 4
2 179226689 1 1 1 1 1 1 2 2 2 2 2 3 3 3 3 4 4
2 179226689 1 1 2 1 1 1 1 2 2 2 2 3 3 3 3 4 4
2 179230720 2 2 1 1 1 1 1 2 2 0 2 3 3 3 3 4 4
2 179230721 1 1 1 1 1 1 2 2 2 1 3 3 3 3 3 4 4
2 179230721 1 1 2 1 1 1 1 2 2 1 3 3 3 3 3 4 4
2 179230721 2 2 1 1 1 1 1 2 2 1 3 3 3 3 3 4 4
2 179241680 1 1 1 1 1 1 2 2 2 2 2 3 3 3 3 4 4
2 179241680 1 1 1 1 1 2 1 2 2 2 2 3 3 3 3 4 4
2 179241680 1 1 1 1 2 1 1 2 2 2 2 3 3 3 3 4 4
2 179241680 1 1 1 2 1 1 1 2 2 2 2 3 3 3 3 4 4
2 179241680 1 1 2 1 1 1 1 2 2 2 2 3 3 3 3 4 4
2 179241680 1 2 1 1 1 1 1 2 2 2 2 3 3 3 3 4 4
2 179242562 1 1 1 1 1 1 2 2 2 2 2 3 3 3 3 4 4
2 179242562 1 1 1 1 2 1 1 2 2 2 2 3 3 3 3 4 4
2 179242562 1 1 1 2 1 1 1 2 2 2 2 3 3 3 3 4 4
2 179242562 1 1 2 1 1 1 1 2 2 2 2 3 3 3 3 4 4
2 179242562 1 2 1 1 1 1 1 2 2 2 2 3 3 3 3 4 4
2 179258432 1 1 2 1 1 1 1 2 2 1 1 3 3 3 3 4 4
2 179258432 1 2 1 1 1 1 1 2 2 1 1 3 3 3 3 4 4
2 179258433 1 1 1 1 1 1 2 2 2 2 2 3 3 3 3 4 4
2 179258433 1 1 1 1 1 2 1 2 2 2 2 3 3 3 3 4 4
2 179258433 1 1 1 1 2 1 1 2 2 2 2 3 3 3 3 4 4
2 179258433 1 1 1 2 1 1 1 2 2 2 2 3 3 3 3 4 4
2 179258433 1 1 2 1 1 1 1 2 2 2 2 3 3 3 3 4 4
2 179258433 1 2 1 1 1 1 1 2 2 2 2 3 3 3 3 4 4
2 179262464 2 2 1 1 1 1 1 2 2 0 2 3 3 3 3 4 4
2 179622976 1 2 1 1 1 1 1 2 2 1 2 2 3 3 3 4 4
2 179721232 1 2 1 1 1 1 1 2 2 1 2 2 3 3 3 4 4
2 179737608 1 2 1 1 1 1 1 2 2 1 2 2 3 3 3 4 4
2 182325440 1 2 1 1 1 1 1 2 2 1 2 2 3 3 3 4 4
2 182325442 1 1 1 1 1 1 2 2 2 2 2 3 3 3 3 4 4
2 182325442 1 1 1 2 1 1 1 2 2 2 2 3 3 3 3 4 4
2 182325442 1 1 2 1 1 1 1 2 2 2 2 3 3 3 3 4 4
2 182325443 2 1 1 1 1 1 2 2 2 3 3 3 3 3 3 4 4
2 182609248 1 1 1 1 1 1 2 2 2 2 2 3 3 3 3 4 4
2 182609248 1 1 1 1 1 2 1 2 2 2 2 3 3 3 3 4 4
2 182609248 1 1 2 1 1 1 1 2 2 2 2 3 3 3 3 4 4
2 182609248 1 2 1 1 1 1 1 2 2 2 2 3 3 3 3 4 4
2 182610256 1 1 1 1 1 1 2 2 2 2 2 3 3 3 3 4 4
2 182610256 1 1 1 1 1 2 1 2 2 2 2 3 3 3 3 4 4
2 182610256 1 1 2 1 1 1 1 2 2 2 2 3 3 3 3 4 4
2 182611012 1 1 1 1 1 1 2 2 2 2 2 3 3 3 3 4 4
2 182611012 1 1 1 1 1 2 1 2 2 2 2 3 3 3 3 4 4
2 182611012 1 1 2 1 1 1 1 2 2 2 2 3 3 3 3 4 4
2 182614288 1 1 1 1 1 1 2 2 2 1 3 3 3 3 3 4 4
2 182614288 1 1 1 1 1 2 1 2 2 1 3 3 3 3 3 4 4
2 182614288 1 1 1 1 2 1 1 2 2 1 3 3 3 3 3 4 4
2 182614288 1 1 1 2 1 1 1 2 2 1 3 3 3 3 3 4 4
2 182614288 1 1 2 1 1 1 1 2 2 1 3 3 3 3 3 4 4
2 182614288 2 2 1 1 1 1 1 2 2 1 3 3 3 3 3 4 4
2 182657872 1 1 1 1 1 1 2 2 2 2 2 3 3 3 3 4 4
2 182657872 1 1 1 1 1 2 1 2 2 2 2 3 3 3 3 4 4
2 182657872 1 1 1 1 2 1 1 2 2 2 2 3 3 3 3 4 4
2 182657872 1 1 1 2 1 1 1 2 2 2 2 3 3 3 3 4 4
2 182657872 1 1 2 1 1 1 1 2 2 2 2 3 3 3 3 4 4
2 182657872 1 2 1 1 1 1 1 2 2 2 2 3 3 3 3 4 4
2 182658628 1 1 1 1 1 1 2 2 2 2 2 3 3 3 3 4 4
2 182658628 1 1 1 1 2 1 1 2 2 2 2 3 3 3 3 4 4
2 182658628 1 1 1 2 1 1 1 2 2 2 2 3 3 3 3 4 4
2 182658628 1 1 2 1 1 1 1 2 2 2 2 3 3 3 3 4 4
2 182658628 1 2 1 1 1 1 1 2 2 2 2 3 3 3 3 4 4
2 182666564 1 1 1 1 1 1 2 2 2 2 2 3 3 3 3 4 4
2 182666564 1 1 1 1 1 2 1 2 2 2 2 3 3 3 3 4 4
2 182666564 1 1 1 1 2 1 1 2 2 2 2 3 3 3 3 4 4
2 182666564 1 1 1 2 1 1 1 2 2 2 2 3 3 3 3 4 4
2 182666564 1 1 2 1 1 1 1 2 2 2 2 3 3 3 3 4 4
2 182666564 1 2 1 1 1 1 1 2 2 2 2 3 3 3 3 4 4
2 182761536 1 2 1 1 1 1 1 2 2 1 2 2 3 3 3 4 4
2 182793280 1 2 1 1 1 1 1 2 2 1 2 2 3 3 3 4 4
2 182817088 1 2 1 1 1 1 1 2 2 1 2 2 3 3 3 4 4
2 182858784 1 2 1 1 1 1 1 2 2 1 2 2 3 3 3 4 4
2 182859792 1 2 1 1 1 1 1 2 2 1 2 2 3 3 3 4 4
2 182884352 1 2 1 1 1 1 1 2 2 0 2 2 2 3 3 4 4
2 182884356 1 2 1 1 1 1 1 2 2 1 2 2 3 3 3 4 4
2 182888512 1 1 2 1 1 1 1 2 2 1 1 3 3 3 3 4 4
2 182888513 1 1 1 1 1 1 2 2 2 2 2 3 3 3 3 4 4
2 182888513 1 1 2 1 1 1 1 2 2 2 2 3 3 3 3 4 4
2 182892544 2 2 1 1 1 1 1 2 2 0 2 3 3 3 3 4 4
2 182892545 1 1 1 1 1 1 2 2 2 1 3 3 3 3 3 4 4
2 182892545 1 1 2 1 1 1 1 2 2 1 3 3 3 3 3 4 4
2 182892545 2 2 1 1 1 1 1 2 2 1 3 3 3 3 3 4 4
2 182911440 1 1 1 1 1 1 2 2 2 2 2 3 3 3 3 4 4
2 182911440 1 1 1 1 1 2 1 2 2 2 2 3 3 3 3 4 4
2 182911440 1 1 1 1 2 1 1 2 2 2 2 3 3 3 3 4 4
2 182911440 1 1 1 2 1 1 1 2 2 2 2 3 3 3 3 4 4
2 182911440 1 1 2 1 1 1 1 2 2 2 2 3 3 3 3 4 4
2 182911440 1 2 1 1 1 1 1 2 2 2 2 3 3 3 3 4 4
2 182912196 1 1 1 1 1 1 2 2 2 2 2 3 3 3 3 4 4
2 182912196 1 1 1 1 1 2 1 2 2 2 2 3 3 3 3 4 4
2 182912196 1 1 1 1 2 1 1 2 2 2 2 3 3 3 3 4 4
2 182912196 1 1 1 2 1 1 1 2 2 2 2 3 3 3 3 4 4
2 182912196 1 1 2 1 1 1 1 2 2 2 2 3 3 3 3 4 4
2 182912196 1 2 1 1 1 1 1 2 2 2 2 3 3 3 3 4 4
2 182912322 1 1 1 1 1 1 2 2 2 2 2 3 3 3 3 4 4
2 182912322 1 1 1 1 1 2 1 2 2 2 2 3 3 3 3 4 4
2 182912322 1 1 1 1 2 1 1 2 2 2 2 3 3 3 3 4 4
2 182912322 1 1 1 2 1 1 1 2 2 2 2 3 3 3 3 4 4
2 182912322 1 1 2 1 1 1 1 2 2 2 2 3 3 3 3 4 4
2 182912322 1 2 1 1 1 1 1 2 2 2 2 3 3 3 3 4 4
2 182920256 1 1 2 1 1 1 1 2 2 1 1 3 3 3 3 4 4
2 182920256 1 2 1 1 1 1 1 2 2 1 1 3 3 3 3 4 4
2 182920257 1 1 1 1 1 1 2 2 2 2 2 3 3 3 3 4 4
2 182920257 1 1 1 1 1 2 1 2 2 2 2 3 3 3 3 4 4
2 182920257 1 1 1 1 2 1 1 2 2 2 2 3 3 3 3 4 4
2 182920257 1 1 1 2 1 1 1 2 2 2 2 3 3 3 3 4 4
2 182920257 1 1 2 1 1 1 1 2 2 2 2 3 3 3 3 4 4
2 182920257 1 2 1 1 1 1 1 2 2 2 2 3 3 3 3 4 4
2 182924288 2 2 1 1 1 1 1 2 2 0 2 3 3 3 3 4 4
2 182944064 1 1 2 1 1 1 1 2 2 1 1 3 3 3 3 4 4
2 182944064 1 2 1 1 1 1 1 2 2 1 1 3 3 3 3 4 4
2 182944065 1 1 1 1 1 1 2 2 2 2 2 3 3 3 3 4 4
2 182944065 1 1 1 1 1 2 1 2 2 2 2 3 3 3 3 4 4
2 182944065 1 1 1 1 2 1 1 2 2 2 2 3 3 3 3 4 4
2 182944065 1 1 1 2 1 1 1 2 2 2 2 3 3 3 3 4 4
2 182944065 1 1 2 1 1 1 1 2 2 2 2 3 3 3 3 4 4
2 182944065 1 2 1 1 1 1 1 2 2 2 2 3 3 3 3 4 4
2 182948096 2 2 1 1 1 1 1 2 2 0 2 3 3 3 3 4 4
2 183308480 1 2 1 1 1 1 1 2 2 1 2 2 3 3 3 4 4
2 183373984 1 2 1 1 1 1 1 2 2 1 2 2 3 3 3 4 4
2 183375874 1 2 1 1 1 1 1 2 2 1 2 2 3 3 3 4 4
2 183435456 1 1 2 1 1 1 1 2 2 1 1 3 3 3 3 4 4
2 183435456 1 2 1 1 1 1 1 2 2 1 1 3 3 3 3 4 4
2 183435457 1 1 1 1 1 1 2 2 2 2 2 3 3 3 3 4 4
2 183435457 1 1 1 1 2 1 1 2 2 2 2 3 3 3 3 4 4
2 183435457 1 1 1 2 1 1 1 2 2 2 2 3 3 3 3 4 4
2 183435457 1 1 2 1 1 1 1 2 2 2 2 3 3 3 3 4 4
2 183435457 1 2 1 1 1 1 1 2 2 2 2 3 3 3 3 4 4
2 183439360 1 2 1 1 1 1 1 2 2 0 1 2 3 3 3 4 4
2 183439488 2 2 1 1 1 1 1 2 2 0 2 3 3 3 3 4 4
2 183530560 1 2 1 1 1 1 1 2 2 1 2 2 3 3 3 4 4
2 183554368 1 2 1 1 1 1 1 2 2 1 2 2 3 3 3 4 4
2 183644688 1 2 1 1 1 1 1 2 2 1 2 2 3 3 3 4 4
2 183653380 1 2 1 1 1 1 1 2 2 1 2 2 3 3 3 4 4
2 183800000 1 2 1 1 1 1 1 2 2 1 2 2 3 3 3 4 4
2 183898256 1 2 1 1 1 1 1 2 2 1 2 2 3 3 3 4 4
2 183899138 1 2 1 1 1 1 1 2 2 1 2 2 3 3 3 4 4
2 183930880 1 2 1 1 1 1 1 2 2 0 1 2 3 3 3 4 4
2 187901464 1 1 1 1 1 1 2 2 2 2 2 3 3 3 3 4 4
2 187901464 1 1 1 1 2 1 1 2 2 2 2 3 3 3 3 4 4
2 187901464 1 1 2 1 1 1 1 2 2 2 2 3 3 3 3 4 4
2 187909400 1 1 1 1 1 1 2 2 2 2 2 3 3 3 3 4 4
2 187909400 1 1 1 1 1 2 1 2 2 2 2 3 3 3 3 4 4
2 187909400 1 1 1 1 2 1 1 2 2 2 2 3 3 3 3 4 4
2 187909400 1 1 1 2 1 1 1 2 2 2 2 3 3 3 3 4 4
2 187909400 1 1 2 1 1 1 1 2 2 2 2 3 3 3 3 4 4
2 187909400 1 2 1 1 1 1 1 2 2 2 2 3 3 3 3 4 4
2 188009536 1 2 1 1 1 1 1 2 2 1 2 2 3 3 3 4 4
2 188011552 1 2 1 1 1 1 1 2 2 1 2 2 3 3 3 4 4
2 188012560 1 2 1 1 1 1 1 2 2 1 2 2 3 3 3 4 4
2 188044304 1 2 1 1 1 1 1 2 2 1 2 2 3 3 3 4 4
2 188060176 1 2 1 1 1 1 1 2 2 1 2 2 3 3 3 4 4
2 188060680 1 2 1 1 1 1 1 2 2 1 2 2 3 3 3 4 4
2 188171280 1 1 2 1 1 1 1 2 2 1 1 3 3 3 3 4 4
2 188171281 1 1 1 1 1 1 2 2 2 2 2 3 3 3 3 4 4
2 188171281 1 1 1 1 1 2 1 2 2 2 2 3 3 3 3 4 4
2 188171281 1 1 1 1 2 1 1 2 2 2 2 3 3 3 3 4 4
2 188171281 1 1 2 1 1 1 1 2 2 2 2 3 3 3 3 4 4
2 188187152 1 1 2 1 1 1 1 2 2 1 1 3 3 3 3 4 4
2 188187153 1 1 1 1 1 1 2 2 2 2 2 3 3 3 3 4 4
2 188187153 1 1 1 1 2 1 1 2 2 2 2 3 3 3 3 4 4
2 188187153 1 1 2 1 1 1 1 2 2 2 2 3 3 3 3 4 4
2 188188160 2 2 1 1 1 1 1 2 2 0 2 3 3 3 3 4 4
2 189732864 1 2 1 1 1 1 1 2 2 0 2 2 2 3 3 4 4
2 190224384 1 2 1 1 1 1 1 2 2 0 2 2 2 3 3 4 4
2 190470144 1 2 1 1 1 1 1 2 2 0 2 2 2 3 3 4 4
2 191917120 1 2 1 1 1 1 1 2 2 1 2 2 3 3 3 4 4
2 191919136 1 2 1 1 1 1 1 2 2 1 2 2 3 3 3 4 4
2 191920144 1 2 1 1 1 1 1 2 2 1 2 2 3 3 3 4 4
2 191940928 1 2 1 1 1 1 1 2 2 1 2 2 3 3 3 4 4
2 191944708 1 2 1 1 1 1 1 2 2 1 2 2 3 3 3 4 4
2 191967760 1 2 1 1 1 1 1 2 2 1 2 2 3 3 3 4 4
2 191968264 1 2 1 1 1 1 1 2 2 1 2 2 3 3 3 4 4
2 191976452 1 2 1 1 1 1 1 2 2 1 2 2 3 3 3 4 4
2 191992324 1 2 1 1 1 1 1 2 2 1 2 2 3 3 3 4 4
2 192086424 1 1 1 1 1 1 2 2 2 2 2 3 3 3 3 4 4
2 192086424 1 1 1 1 2 1 1 2 2 2 2 3 3 3 3 4 4
2 192086424 1 1 2 1 1 1 1 2 2 2 2 3 3 3 3 4 4
2 192086424 1 2 1 1 1 1 1 2 2 2 2 3 3 3 3 4 4
2 192086676 1 1 1 1 1 1 2 2 2 2 2 3 3 3 3 4 4
2 192086676 1 1 1 1 2 1 1 2 2 2 2 3 3 3 3 4 4
2 192086676 1 1 2 1 1 1 1 2 2 2 2 3 3 3 3 4 4
2 192094736 1 1 2 1 1 1 1 2 2 1 1 3 3 3 3 4 4
2 192094737 1 1 1 1 1 1 2 2 2 2 2 3 3 3 3 4 4
2 192094737 1 1 1 1 2 1 1 2 2 2 2 3 3 3 3 4 4
2 192094737 1 1 2 1 1 1 1 2 2 2 2 3 3 3 3 4 4
2 192095744 2 2 1 1 1 1 1 2 2 0 2 3 3 3 3 4 4
2 192102672 1 1 2 1 1 1 1 2 2 1 1 3 3 3 3 4 4
2 192102672 1 2 1 1 1 1 1 2 2 1 1 3 3 3 3 4 4
2 192102673 1 1 1 1 1 1 2 2 2 2 2 3 3 3 3 4 4
2 192102673 1 1 1 1 1 2 1 2 2 2 2 3 3 3 3 4 4
2 192102673 1 1 1 1 2 1 1 2 2 2 2 3 3 3 3 4 4
2 192102673 1 1 1 2 1 1 1 2 2 2 2 3 3 3 3 4 4
2 192102673 1 1 2 1 1 1 1 2 2 2 2 3 3 3 3 4 4
2 192102673 1 2 1 1 1 1 1 2 2 2 2 3 3 3 3 4 4
2 192103680 2 2 1 1 1 1 1 2 2 0 2 3 3 3 3 4 4
2 192186560 1 2 1 1 1 1 1 2 2 1 2 2 3 3 3 4 4
2 192188576 1 2 1 1 1 1 1 2 2 1 2 2 3 3 3 4 4
2 192190466 1 2 1 1 1 1 1 2 2 1 2 2 3 3 3 4 4
2 192221328 1 2 1 1 1 1 1 2 2 1 2 2 3 3 3 4 4
2 192222210 1 2 1 1 1 1 1 2 2 1 2 2 3 3 3 4 4
2 192253952 1 2 1 1 1 1 1 2 2 0 1 2 3 3 3 4 4
2 192253953 1 2 1 1 1 1 1 2 2 1 2 2 3 3 3 4 4
2 192317440 1 2 1 1 1 1 1 2 2 0 1 2 3 3 3 4 4
2 192349184 1 2 1 1 1 1 1 2 2 0 1 2 3 3 3 4 4
2 192380928 1 1 2 1 1 1 1 2 2 0 0 3 3 3 3 4 4
2 192380929 1 1 2 1 1 1 1 2 2 1 1 3 3 3 3 4 4
2 193894400 1 2 1 1 1 1 1 2 2 0 2 2 2 3 3 4 4
2 194417664 1 2 1 1 1 1 1 2 2 0 2 2 2 3 3 4 4
2 194663424 1 2 1 1 1 1 1 2 2 0 2 2 2 3 3 4 4
2 196113424 1 2 1 1 1 1 1 2 2 1 2 2 3 3 3 4 4
2 196126272 1 2 1 1 1 1 1 2 2 1 2 2 3 3 3 4 4
2 196129296 1 2 1 1 1 1 1 2 2 1 2 2 3 3 3 4 4
2 196129800 1 2 1 1 1 1 1 2 2 1 2 2 3 3 3 4 4
2 196379840 1 2 1 1 1 1 1 2 2 1 2 2 3 3 3 4 4
2 196382864 1 2 1 1 1 1 1 2 2 1 2 2 3 3 3 4 4
2 196383746 1 2 1 1 1 1 1 2 2 1 2 2 3 3 3 4 4
2 196510720 1 2 1 1 1 1 1 2 2 0 1 2 3 3 3 4 4
2 196625600 1 2 1 1 1 1 1 2 2 1 2 2 3 3 3 4 4
2 196628624 1 2 1 1 1 1 1 2 2 1 2 2 3 3 3 4 4
2 196629506 1 2 1 1 1 1 1 2 2 1 2 2 3 3 3 4 4
2 196645000 1 2 1 1 1 1 1 2 2 1 2 2 3 3 3 4 4
2 196645378 1 2 1 1 1 1 1 2 2 1 2 2 3 3 3 4 4
2 196661248 1 2 1 1 1 1 1 2 2 0 1 2 3 3 3 4 4
2 196661249 1 2 1 1 1 1 1 2 2 1 2 2 3 3 3 4 4
2 196756480 1 2 1 1 1 1 1 2 2 0 1 2 3 3 3 4 4
2 196772352 1 2 1 1 1 1 1 2 2 0 1 2 3 3 3 4 4
2 197801984 1 2 1 1 1 1 1 2 2 0 2 2 2 3 3 4 4
2 198325248 1 2 1 1 1 1 1 2 2 0 2 2 2 3 3 4 4
2 198840448 1 2 1 1 1 1 1 2 2 0 2 2 2 3 3 4 4
2 200806530 1 2 1 1 1 1 1 2 2 1 2 2 3 3 3 4 4
2 200933504 1 2 1 1 1 1 1 2 2 0 1 2 3 3 3 4 4
2 216727552 1 2 2 1 1 1 1 1 2 0 0 2 2 2 3 3 4
2 221038624 1 2 2 1 1 1 1 1 2 1 1 2 3 3 3 3 4
2 221070368 1 2 2 1 1 1 1 1 2 1 1 2 3 3 3 3 4
2 221072384 1 2 1 1 1 1 1 2 2 0 2 2 3 3 3 3 4
2 221072384 1 2 1 1 1 1 2 1 2 0 2 2 3 3 3 3 4
2 221072384 1 2 1 1 2 1 1 1 2 0 2 2 3 3 3 3 4
2 221072384 1 2 1 2 1 1 1 1 2 0 2 2 3 3 3 3 4
2 223283200 1 2 2 1 1 1 1 1 2 0 1 2 2 3 3 3 4
2 223711232 1 2 2 1 1 1 1 1 2 0 1 2 2 3 3 3 4
2 223774720 1 2 2 1 1 1 1 1 2 0 1 2 2 3 3 3 4
2 223806464 1 2 2 1 1 1 1 1 2 0 1 2 2 3 3 3 4
2 225247392 1 2 2 1 1 1 1 1 2 1 1 2 3 3 3 3 4
2 225249280 1 2 1 2 1 1 1 1 2 0 1 1 3 3 3 3 4
2 225249408 1 2 1 1 1 1 1 2 2 0 2 2 3 3 3 3 4
2 225249408 1 2 1 1 1 1 2 1 2 0 2 2 3 3 3 3 4
2 225249408 1 2 1 2 1 1 1 1 2 0 2 2 3 3 3 3 4
2 225469472 1 2 2 1 1 1 1 1 2 1 1 2 3 3 3 3 4
2 225471488 1 2 1 1 1 1 1 2 2 0 2 2 3 3 3 3 4
2 225471488 1 2 1 2 1 1 1 1 2 0 2 2 3 3 3 3 4
2 225493280 1 2 2 1 1 1 1 1 2 1 1 2 3 3 3 3 4
2 225495296 1 2 1 1 1 1 1 2 2 0 2 2 3 3 3 3 4
2 225495296 1 2 1 2 1 1 1 1 2 0 2 2 3 3 3 3 4
2 225738912 1 2 2 1 1 1 1 1 2 1 1 2 3 3 3 3 4
2 225740800 1 2 1 2 1 1 1 1 2 0 1 1 3 3 3 3 4
2 225740928 1 2 1 1 1 1 1 2 2 0 2 2 3 3 3 3 4
2 225740928 1 2 1 1 1 2 1 1 2 0 2 2 3 3 3 3 4
2 225740928 1 2 1 2 1 1 1 1 2 0 2 2 3 3 3 3 4
2 225804288 2 2 2 1 1 1 1 1 2 0 0 2 3 3 3 3 4
2 225804289 1 2 2 1 1 1 1 1 2 1 1 2 3 3 3 3 4
2 231288832 1 2 2 1 1 1 1 1 2 0 1 2 2 3 3 3 4
2 231352320 1 2 2 1 1 1 1 1 2 0 1 2 2 3 3 3 4
2 231407872 1 2 2 1 1 1 1 1 2 0 1 2 2 3 3 3 4
2 232390656 1 2 2 1 1 1 1 1 2 0 0 1 2 3 3 3 4
2 232390784 1 2 2 1 1 1 1 1 2 0 1 2 2 3 3 3 4
2 233373696 1 2 2 1 1 1 1 1 2 0 0 1 2 3 3 3 4
2 234356736 1 1 2 2 1 1 1 1 2 0 0 0 3 3 3 3 4
2 234356864 1 2 1 2 1 1 1 1 2 0 1 1 3 3 3 3 4
2 234356866 1 2 2 1 1 1 1 1 2 1 1 2 3 3 3 3 4
2 239694688 2 1 1 1 1 1 2 2 2 2 3 3 3 3 4 4 4
2 239696200 2 1 1 1 1 1 2 2 2 2 3 3 3 3 4 4 4
2 239811084 2 1 1 1 1 1 2 2 2 2 3 3 3 3 4 4 4
2 239892576 1 1 1 1 1 1 2 2 2 2 2 2 3 3 4 4 4
2 239940192 1 1 1 1 1 1 2 2 2 2 2 2 3 3 4 4 4
2 239940320 2 1 1 1 1 1 2 2 2 2 3 3 3 3 4 4 4
2 239941832 2 1 1 1 1 1 2 2 2 2 3 3 3 3 4 4 4
2 239942210 2 1 1 1 1 1 2 2 2 2 3 3 3 3 4 4 4
2 239958080 1 1 1 1 1 1 2 2 2 1 2 3 3 3 4 4 4
2 239958081 2 1 1 1 1 1 2 2 2 2 3 3 3 3 4 4 4
2 240064652 2 1 1 1 1 1 2 2 2 2 3 3 3 3 4 4 4
2 240064778 2 1 1 1 1 1 2 2 2 2 3 3 3 3 4 4 4
2 240069184 1 1 1 1 1 1 2 2 2 1 2 3 3 3 4 4 4
2 240072712 1 1 1 1 1 1 2 2 2 1 2 3 3 3 4 4 4
2 240073216 1 1 1 1 1 1 2 2 2 0 3 3 3 3 4 4 4
2 240235336 2 1 1 1 1 1 2 2 2 2 3 3 3 3 4 4 4
2 240284968 2 1 1 1 1 1 2 2 2 2 3 3 3 3 4 4 4
2 240285220 2 1 1 1 1 1 2 2 2 2 3 3 3 3 4 4 4
2 240286732 2 1 1 1 1 1 2 2 2 2 3 3 3 3 4 4 4
2 240302604 2 1 1 1 1 1 2 2 2 2 3 3 3 3 4 4 4
2 240310540 2 1 1 1 1 1 2 2 2 2 3 3 3 3 4 4 4
2 240415840 1 1 1 1 1 1 2 2 2 2 2 2 3 3 4 4 4
2 240431712 1 1 1 1 1 1 2 2 2 2 2 2 3 3 4 4 4
2 240439648 1 1 1 1 1 1 2 2 2 2 2 2 3 3 4 4 4
2 240488776 1 1 1 1 1 1 2 2 2 2 2 2 3 3 4 4 4
2 240489282 2 1 1 1 1 1 2 2 2 2 3 3 3 3 4 4 4
2 240497216 1 1 1 1 1 1 2 2 2 1 2 3 3 3 4 4 4
2 240544832 1 1 1 1 1 1 2 2 2 1 2 3 3 3 4 4 4
2 240548864 1 1 1 1 1 1 2 2 2 0 3 3 3 3 4 4 4
2 240556172 2 1 1 1 1 1 2 2 2 2 3 3 3 3 4 4 4
2 240556298 2 1 1 1 1 1 2 2 2 2 3 3 3 3 4 4 4
2 240556550 2 1 1 1 1 1 2 2 2 2 3 3 3 3 4 4 4
2 240560704 1 1 1 1 1 1 2 2 2 1 2 3 3 3 4 4 4
2 240562720 1 1 1 1 1 1 2 2 2 1 2 3 3 3 4 4 4
2 240564232 1 1 1 1 1 1 2 2 2 1 2 3 3 3 4 4 4
2 240564736 1 1 1 1 1 1 2 2 2 0 3 3 3 3 4 4 4
2 240568640 1 1 1 1 1 1 2 2 2 1 2 3 3 3 4 4 4
2 240570656 1 1 1 1 1 1 2 2 2 1 2 3 3 3 4 4 4
2 240572420 1 1 1 1 1 1 2 2 2 1 2 3 3 3 4 4 4
2 240572672 1 1 1 1 1 1 2 2 2 0 3 3 3 3 4 4 4
2 240616256 1 1 1 1 1 1 2 2 2 1 2 3 3 3 4 4 4
2 240619784 1 1 1 1 1 1 2 2 2 1 2 3 3 3 4 4 4
2 240677472 1 1 1 1 1 1 2 2 2 2 2 2 3 3 4 4 4
2 240726600 1 1 1 1 1 1 2 2 2 2 2 2 3 3 4 4 4
2 240734536 1 1 1 1 1 1 2 2 2 2 2 2 3 3 4 4 4
2 240857608 1 1 1 1 1 1 2 2 2 1 2 3 3 3 4 4 4
2 240862016 1 1 1 1 1 1 2 2 2 1 2 3 3 3 4 4 4
2 240865544 1 1 1 1 1 1 2 2 2 1 2 3 3 3 4 4 4
2 240865796 1 1 1 1 1 1 2 2 2 1 2 3 3 3 4 4 4
2 240931040 1 1 1 1 1 1 2 2 2 2 2 2 3 3 4 4 4
2 240980168 1 1 1 1 1 1 2 2 2 2 2 2 3 3 4 4 4
2 240996417 1 1 1 1 1 1 2 2 2 2 2 2 3 3 4 4 4
2 241107648 1 1 1 1 1 1 2 2 2 1 2 3 3 3 4 4 4
2 241111176 1 1 1 1 1 1 2 2 2 1 2 3 3 3 4 4 4
2 241111554 1 1 1 1 1 1 2 2 2 1 2 3 3 3 4 4 4
2 241127425 1 1 1 1 1 1 2 2 2 1 2 3 3 3 4 4 4
2 241631232 1 2 2 1 1 1 1 1 2 0 0 2 2 2 3 3 4
2 242247264 1 1 1 1 1 1 2 2 2 2 2 2 3 3 4 4 4
2 242248272 1 1 1 1 1 1 2 2 2 2 2 2 3 3 4 4 4
2 242264648 1 1 1 1 1 1 2 2 2 2 2 2 3 3 4 4 4
2 242272584 1 1 1 1 1 1 2 2 2 2 2 2 3 3 4 4 4
2 242427400 1 1 1 1 1 1 2 2 2 1 2 3 3 3 4 4 4
2 242434832 1 1 1 1 1 1 2 2 2 1 2 3 3 3 4 4 4
2 242435336 1 1 1 1 1 1 2 2 2 1 2 3 3 3 4 4 4
2 242435588 1 1 1 1 1 1 2 2 2 1 2 3 3 3 4 4 4
2 242451208 1 1 1 1 1 1 2 2 2 1 2 3 3 3 4 4 4
2 242500832 1 1 1 1 1 1 2 2 2 2 2 2 3 3 4 4 4
2 242501840 1 1 1 1 1 1 2 2 2 2 2 2 3 3 4 4 4
2 242518216 1 1 1 1 1 1 2 2 2 2 2 2 3 3 4 4 4
2 242534465 1 1 1 1 1 1 2 2 2 2 2 2 3 3 4 4 4
2 242697217 1 1 1 1 1 1 2 2 2 1 2 3 3 3 4 4 4
2 242713089 1 1 1 1 1 1 2 2 2 1 2 3 3 3 4 4 4
2 242762464 1 1 1 1 1 1 2 2 2 2 2 2 3 3 4 4 4
2 242763976 1 1 1 1 1 1 2 2 2 2 2 2 3 3 4 4 4
2 249049288 1 1 1 1 1 1 2 2 2 2 2 2 3 3 4 4 4
2 249065537 1 1 1 1 1 1 2 2 2 2 2 2 3 3 4 4 4
2 249303234 1 1 1 1 1 1 2 2 2 2 2 2 3 3 4 4 4
2 249700352 1 2 2 1 1 1 1 1 2 0 0 2 2 2 3 3 4
2 250094304 1 1 1 1 1 1 2 2 2 2 2 2 3 3 4 4 4
2 250095816 1 1 1 1 1 1 2 2 2 2 2 2 3 3 4 4 4
2 250096194 1 1 1 1 1 1 2 2 2 2 2 2 3 3 4 4 4
2 250112065 1 1 1 1 1 1 2 2 2 2 2 2 3 3 4 4 4
2 250282376 1 1 1 1 1 1 2 2 2 1 2 3 3 3 4 4 4
2 250290689 1 1 1 1 1 1 2 2 2 1 2 3 3 3 4 4 4
2 250349762 1 1 1 1 1 1 2 2 2 2 2 2 3 3 4 4 4
2 251134658 1 1 1 1 1 1 2 2 2 2 2 2 3 3 4 4 4
2 260356096 1 2 1 1 1 1 1 2 2 0 2 2 2 3 3 4 4
2 260387840 1 2 1 1 1 1 1 2 2 0 2 2 2 3 3 4 4
2 260903040 1 2 1 1 1 1 1 2 2 0 2 2 2 3 3 4 4
2 263201424 1 2 1 1 1 1 1 2 2 1 2 2 3 3 3 4 4
2 263202306 1 2 1 1 1 1 1 2 2 1 2 2 3 3 3 4 4
2 263218176 1 2 1 1 1 1 1 2 2 0 1 2 3 3 3 4 4
2 263455874 1 2 1 1 1 1 1 2 2 1 2 2 3 3 3 4 4
2 263487616 1 2 1 1 1 1 1 2 2 0 1 2 3 3 3 4 4
2 264319232 1 2 1 1 1 1 1 2 2 0 2 2 2 3 3 4 4
2 264380672 1 2 2 1 1 1 1 1 2 0 1 2 2 3 3 3 4
2 266346496 1 2 2 1 1 1 1 1 2 0 0 1 2 3 3 3 4
2 267911299 1 1 1 1 1 1 2 2 2 2 2 2 3 3 4 4 4
