Warning: truncated output (original token count: 42415)
Total output lines: 3273

0 55908782272 1 1 1 1 1 1 1 1 1 3 2 2 2 2 2 3 3 3 5
0 55912587456 1 1 1 1 1 1 1 1 1 3 2 2 2 2 2 3 3 3 5
0 55912845504 1 1 1 1 1 1 1 1 1 3 2 2 2 2 2 3 3 3 5
0 55915070656 1 1 1 1 1 1 1 1 1 3 2 2 2 2 2 3 3 3 5
0 55927653520 1 1 1 1 1 1 1 1 1 3 2 2 2 2 2 3 3 3 5
0 56057675905 1 1 1 1 1 1 1 1 1 3 2 2 2 2 2 3 3 3 5
0 56377946208 1 1 1 1 1 1 1 1 1 3 2 2 2 2 3 3 3 3 4
0 56378075232 1 1 1 1 1 1 1 1 1 3 2 2 2 2 3 3 3 3 4
0 56411500640 2 1 1 1 1 1 1 1 1 3 2 2 2 3 3 3 3 3 5
0 56411629664 2 1 1 1 1 1 1 1 1 3 2 2 2 3 3 3 3 3 5
0 56440828000 1 1 1 1 1 1 1 1 1 3 2 2 2 2 3 3 3 3 4
0 56440957024 1 1 1 1 1 1 1 1 1 3 2 2 2 2 3 3 3 3 4
0 56445116768 1 1 1 1 1 1 1 1 1 3 2 2 2 2 3 3 3 3 4
0 56445644928 1 1 1 1 1 1 1 1 1 3 1 2 2 2 3 3 3 3 5
0 56445653056 1 1 1 1 1 1 1 1 1 3 1 2 2 2 3 3 3 3 5
0 56447247440 1 1 1 1 1 1 1 1 1 3 2 2 2 2 3 3 3 3 4
0 56447279696 1 1 1 1 1 1 1 1 1 3 2 2 2 2 3 3 3 3 4
0 56449458240 1 1 1 1 1 1 1 1 1 3 1 2 2 2 3 3 3 3 5
0 56449708160 1 1 1 1 1 1 1 1 1 3 1 2 2 2 3 3 3 3 5
0 56449716288 1 1 1 1 1 1 1 1 1 3 1 2 2 2 3 3 3 3 5
0 56449845312 1 1 1 1 1 1 1 1 1 3 1 2 2 2 3 3 3 3 5
0 56449851408 1 1 1 1 1 1 1 1 1 3 1 2 2 2 3 3 3 3 5
0 56464524304 1 1 1 1 1 1 1 1 1 3 1 2 2 2 3 3 3 3 5
0 56478671200 2 1 1 1 1 1 1 1 1 3 2 2 2 3 3 3 3 3 5
0 56479191104 1 1 1 1 1 1 1 1 1 3 1 1 2 3 3 3 3 3 5
0 56479199232 1 1 1 1 1 1 1 1 1 3 0 2 2 3 3 3 3 3 5
0 56480606304 2 1 1 1 1 1 1 1 1 3 2 2 2 3 3 3 3 3 5
0 56480703072 2 1 1 1 1 1 1 1 1 3 2 2 2 3 3 3 3 3 5
0 56482734432 2 1 1 1 1 1 1 1 1 3 2 2 2 3 3 3 3 3 5
0 56482996288 1 1 1 1 1 1 1 1 1 3 1 1 2 3 3 3 3 3 5
0 56482996289 2 1 1 1 1 1 1 1 1 3 2 2 2 3 3 3 3 3 5
0 56483254336 1 1 1 1 1 1 1 1 1 3 1 1 2 3 3 3 3 3 5
0 56483262464 1 1 1 1 1 1 1 1 1 3 0 2 2 3 3 3 3 3 5
0 56497342816 2 1 1 1 1 1 1 1 1 3 2 2 2 3 3 3 3 3 5
0 56497344848 2 1 1 1 1 1 1 1 1 3 2 2 2 3 3 3 3 3 5
0 56497475648 1 1 1 1 1 1 1 1 1 3 1 1 2 3 3 3 3 3 5
0 56497475649 2 1 1 1 1 1 1 1 1 3 2 2 2 3 3 3 3 3 5
0 56497483776 1 1 1 1 1 1 1 1 1 3 0 2 2 3 3 3 3 3 5
0 56497604672 1 1 1 1 1 1 1 1 1 3 1 1 2 3 3 3 3 3 5
0 56497612800 1 1 1 1 1 1 1 1 1 3 0 2 2 3 3 3 3 3 5
0 56498062352 1 1 1 1 1 1 1 1 1 3 1 1 2 3 3 3 3 3 5
0 56572944992 1 1 1 1 1 1 1 1 1 3 2 2 2 2 3 3 3 3 4
0 56573174340 1 1 1 1 1 1 1 1 1 3 2 2 2 2 3 3 3 3 4
0 56577237316 1 1 1 1 1 1 1 1 1 3 2 2 2 2 3 3 3 3 4
0 56577269825 1 1 1 1 1 1 1 1 1 3 2 2 2 2 3 3 3 3 4
0 56577286208 1 1 1 1 1 1 1 1 1 3 1 2 2 2 3 3 3 3 5
0 56577536128 1 1 1 1 1 1 1 1 1 3 1 2 2 2 3 3 3 3 5
0 56577544256 1 1 1 1 1 1 1 1 1 3 1 2 2 2 3 3 3 3 5
0 56577548320 1 1 1 1 1 1 1 1 1 3 1 2 2 2 3 3 3 3 5
0 56577770048 1 1 1 1 1 1 1 1 1 3 1 2 2 2 3 3 3 3 5
0 56577777668 1 1 1 1 1 1 1 1 1 3 1 2 2 2 3 3 3 3 5
0 56585888128 1 1 1 1 1 1 1 1 1 3 1 2 2 2 3 3 3 3 5
0 56585896256 1 1 1 1 1 1 1 1 1 3 1 2 2 2 3 3 3 3 5
0 56585904130 1 1 1 1 1 1 1 1 1 3 1 2 2 2 3 3 3 3 5
0 56590125088 1 1 1 1 1 1 1 1 1 3 1 2 2 2 3 3 3 3 5
0 56590221856 1 1 1 1 1 1 1 1 1 3 1 2 2 2 3 3 3 3 5
0 56590225412 1 1 1 1 1 1 1 1 1 3 1 2 2 2 3 3 3 3 5
0 56594546689 1 1 1 1 1 1 1 1 1 3 1 2 2 2 3 3 3 3 5
0 56618918210 2 1 1 1 1 1 1 1 1 3 2 2 2 3 3 3 3 3 5
0 56619434304 1 1 1 1 1 1 1 1 1 3 1 1 2 3 3 3 3 3 5
0 56619442432 1 1 1 1 1 1 1 1 1 3 0 2 2 3 3 3 3 3 5
0 56627302722 2 1 1 1 1 1 1 1 1 3 2 2 2 3 3 3 3 3 5
0 56627560768 1 1 1 1 1 1 1 1 1 3 1 1 2 3 3 3 3 3 5
0 56627568896 1 1 1 1 1 1 1 1 1 3 0 2 2 3 3 3 3 3 5
0 56628084737 1 1 1 1 1 1 1 1 1 3 1 1 2 3 3 3 3 3 5
0 56914960576 1 1 1 1 1 1 1 1 1 3 2 2 2 2 2 3 3 3 5
0 56915218624 1 1 1 1 1 1 1 1 1 3 2 2 2 2 2 3 3 3 5
0 56915412160 1 1 1 1 1 1 1 1 1 3 2 2 2 2 2 3 3 3 5
0 56921507008 1 1 1 1 1 1 1 1 1 3 2 2 2 2 2 3 3 3 5
0 56927799456 1 1 1 1 1 1 1 1 1 3 2 2 2 2 2 3 3 3 5
0 56927863968 1 1 1 1 1 1 1 1 1 3 2 2 2 2 2 3 3 3 5
0 56930092168 1 1 1 1 1 1 1 1 1 3 2 2 2 2 2 3 3 3 5
0 56984388800 1 1 1 1 1 1 1 1 1 3 2 2 2 2 2 3 3 3 5
0 56986452416 1 1 1 1 1 1 1 1 1 3 2 2 2 2 2 3 3 3 5
0 56992777376 1 1 1 1 1 1 1 1 1 3 2 2 2 2 2 3 3 3 5
0 56992809632 1 1 1 1 1 1 1 1 1 3 2 2 2 2 2 3 3 3 5
0 56993006216 1 1 1 1 1 1 1 1 1 3 2 2 2 2 2 3 3 3 5
0 56995102849 1 1 1 1 1 1 1 1 1 3 2 2 2 2 2 3 3 3 5
0 57126961540 1 1 1 1 1 1 1 1 1 3 2 2 2 2 2 3 3 3 5
0 57126994049 1 1 1 1 1 1 1 1 1 3 2 2 2 2 2 3 3 3 5
0 57646555460 1 1 1 1 1 1 1 1 1 3 2 2 2 2 3 3 3 3 4
0 57647080064 1 1 1 1 1 1 1 1 1 3 1 2 2 2 3 3 3 3 5
0 57647088192 1 1 1 1 1 1 1 1 1 3 1 2 2 2 3 3 3 3 5
0 57647095812 1 1 1 1 1 1 1 1 1 3 1 2 2 2 3 3 3 3 5
0 57663832324 1 1 1 1 1 1 1 1 1 3 1 2 2 2 3 3 3 3 5
0 57663864833 1 1 1 1 1 1 1 1 1 3 1 2 2 2 3 3 3 3 5
0 57696846658 2 1 1 1 1 1 1 1 1 3 2 2 2 3 3 3 3 3 5
0 57696878912 1 1 1 1 1 1 1 1 1 3 1 1 2 3 3 3 3 3 5
0 57696887040 1 1 1 1 1 1 1 1 1 3 0 2 2 3 3 3 3 3 5
0 57697402881 1 1 1 1 1 1 1 1 1 3 1 1 2 3 3 3 3 3 5
0 57713724000 1 1 1 1 1 1 1 1 1 3 2 2 2 2 3 3 3 3 4
0 57713727556 1 1 1 1 1 1 1 1 1 3 2 2 2 2 3 3 3 3 4
0 57715855684 1 1 1 1 1 1 1 1 1 3 2 2 2 2 3 3 3 3 4
0 57715855938 1 1 1 1 1 1 1 1 1 3 2 2 2 2 3 3 3 3 4
0 57715896448 1 1 1 1 1 1 1 1 1 3 1 2 2 2 3 3 3 3 5
0 57715904576 1 1 1 1 1 1 1 1 1 3 1 2 2 2 3 3 3 3 5
0 57716122240 1 1 1 1 1 1 1 1 1 3 1 2 2 2 3 3 3 3 5
0 57716130368 1 1 1 1 1 1 1 1 1 3 1 2 2 2 3 3 3 3 5
0 57716137988 1 1 1 1 1 1 1 1 1 3 1 2 2 2 3 3 3 3 5
0 57716295712 1 1 1 1 1 1 1 1 1 3 1 2 2 2 3 3 3 3 5
0 57716392480 1 1 1 1 1 1 1 1 1 3 1 2 2 2 3 3 3 3 5
0 57716396036 1 1 1 1 1 1 1 1 1 3 1 2 2 2 3 3 3 3 5
0 57720717313 1 1 1 1 1 1 1 1 1 3 1 2 2 2 3 3 3 3 5
0 57726812161 1 1 1 1 1 1 1 1 1 3 1 2 2 2 3 3 3 3 5
0 57780765536 1 1 1 1 1 1 1 1 1 3 2 2 2 2 3 3 3 3 4
0 57780769092 1 1 1 1 1 1 1 1 1 3 2 2 2 2 3 3 3 3 4
0 57781035648 1 1 1 1 1 1 1 1 1 3 1 2 2 2 3 3 3 3 5
0 57781043776 1 1 1 1 1 1 1 1 1 3 1 2 2 2 3 3 3 3 5
0 57781051396 1 1 1 1 1 1 1 1 1 3 1 2 2 2 3 3 3 3 5
0 57781535236 1 1 1 1 1 1 1 1 1 3 1 2 2 2 3 3 3 3 5
0 57789661444 1 1 1 1 1 1 1 1 1 3 1 2 2 2 3 3 3 3 5
0 57789693953 1 1 1 1 1 1 1 1 1 3 1 2 2 2 3 3 3 3 5
0 57839452418 1 1 1 1 1 1 1 1 1 3 1 1 2 3 3 3 3 3 5
0 57839452419 2 1 1 1 1 1 1 1 1 3 2 2 2 3 3 3 3 3 5
0 59058016448 1 1 1 1 1 1 1 1 1 3 2 2 2 2 2 3 3 3 5
0 59058209984 1 1 1 1 1 1 1 1 1 3 2 2 2 2 2 3 3 3 5
0 59058700936 1 1 1 1 1 1 1 1 1 3 2 2 2 2 2 3 3 3 5
0 59064763528 1 1 1 1 1 1 1 1 1 3 2 2 2 2 2 3 3 3 5
0 59064795784 1 1 1 1 1 1 1 1 1 3 2 2 2 2 2 3 3 3 5
0 59066892417 1 1 1 1 1 1 1 1 1 3 2 2 2 2 2 3 3 3 5
0 59995325190 1 1 1 1 1 1 1 1 1 3 2 2 2 2 3 3 3 3 4
0 59995358080 1 1 1 1 1 1 1 1 1 3 1 2 2 2 3 3 3 3 5
0 59995373828 1 1 1 1 1 1 1 1 1 3 1 2 2 2 3 3 3 3 5
0 67645850248 1 1 1 1 1 1 1 1 1 3 2 2 2 2 2 3 3 3 5
0 67647946881 1 1 1 1 1 1 1 1 1 3 2 2 2 2 2 3 3 3 5
1 217739456 2 1 1 2 1 1 1 2 1 1 2 3 3 3 3 3 3 3 3
1 225865920 2 1 2 1 1 1 2 1 1 1 2 3 3 3 3 3 3 3 3
1 232419464 2 1 1 2 1 1 1 2 1 1 2 3 3 3 3 3 3 3 3
1 257585192 2 1 2 1 1 1 2 1 1 1 2 3 3 3 3 3 3 3 3
1 500588672 1 1 1 2 1 1 1 1 2 1 1 2 3 3 3 3 3 3 3
1 508752096 3 1 1 1 1 2 1 1 1 2 3 3 3 3 3 3 3 3 4
1 508881120 3 1 1 1 1 2 1 1 1 2 3 3 3 3 3 3 3 3 4
1 516317376 1 1 1 1 1 2 1 1 1 2 2 2 2 3 3 3 3 3 3
1 516317376 1 1 1 1 2 2 1 1 1 1 2 2 2 3 3 3 3 3 3
1 516575424 1 1 1 1 1 2 1 1 1 2 2 2 2 3 3 3 3 3 3
1 516575424 1 1 1 1 2 2 1 1 1 1 2 2 2 3 3 3 3 3 3
1 517365952 2 1 1 1 1 2 1 1 1 2 2 2 3 3 3 3 3 3 4
1 517615744 1 1 1 1 1 2 1 1 1 2 1 2 3 3 3 3 3 3 3
1 517615744 1 1 1 1 2 1 1 1 2 1 1 2 3 3 3 3 3 3 3
1 517624000 2 1 1 1 1 2 1 1 1 2 2 2 3 3 3 3 3 3 4
1 517632000 1 1 1 1 1 2 1 1 1 2 0 3 3 3 3 3 3 3 3
1 517632128 2 1 1 1 1 2 1 1 1 2 1 3 3 3 3 3 3 3 4
1 1291346112 1 1 1 2 1 1 1 2 1 1 2 2 2 3 3 3 3 3 3
1 1291346368 2 1 1 2 1 1 1 2 1 1 2 3 3 3 3 3 3 3 3
1 1295409856 2 1 1 2 2 1 1 1 1 1 2 3 3 3 3 3 3 3 3
1 1295409856 2 1 2 1 1 1 1 2 1 1 2 3 3 3 3 3 3 3 3
1 1295575200 2 1 1 2 1 1 2 1 1 1 2 3 3 3 3 3 3 3 3
1 1299472576 1 1 1 2 2 1 1 1 1 1 2 2 2 3 3 3 3 3 3
1 1299472576 1 1 2 1 1 1 2 1 1 1 2 2 2 3 3 3 3 3 3
1 1299734944 2 1 1 2 1 1 2 1 1 1 2 3 3 3 3 3 3 3 3
1 1299996800 1 1 1 2 1 1 2 1 1 1 1 2 3 3 3 3 3 3 3
1 1299996800 1 1 1 2 2 1 1 1 1 1 1 2 3 3 3 3 3 3 3
1 1327031344 2 1 1 1 2 2 1 1 1 1 2 3 3 3 3 3 3 3 3
1 1327915200 1 1 1 1 2 1 1 2 1 1 2 2 2 3 3 3 3 3 3
1 1327915200 1 1 1 1 2 2 1 1 1 1 2 2 2 3 3 3 3 3 3
1 1327915200 1 1 1 2 2 1 1 1 1 1 2 2 2 3 3 3 3 3 3
1 1327915200 1 1 2 1 1 2 1 1 1 1 2 2 2 3 3 3 3 3 3
1 1328173248 1 1 1 1 2 1 1 2 1 1 2 2 2 3 3 3 3 3 3
1 1328173248 1 1 1 1 2 2 1 1 1 1 2 2 2 3 3 3 3 3 3
1 1328173248 1 2 1 1 1 2 1 1 1 1 2 2 2 3 3 3 3 3 3
1 1329213568 1 1 1 1 2 1 2 1 1 1 1 2 3 3 3 3 3 3 3
1 1329225760 1 1 1 1 2 1 2 1 1 1 1 2 3 3 3 3 3 3 3
1 1383490656 2 1 1 2 1 2 1 1 1 1 2 3 3 3 3 3 3 3 3
1 1435718336 2 1 1 2 2 1 1 1 1 1 2 3 3 3 3 3 3 3 3
1 1437749440 1 1 1 2 2 1 1 1 1 1 2 2 2 3 3 3 3 3 3
1 1438015616 1 1 1 2 1 1 1 1 2 1 1 2 3 3 3 3 3 3 3
1 1438015616 1 1 1 2 1 2 1 1 1 1 1 2 3 3 3 3 3 3 3
1 1438015617 2 1 1 2 1 1 1 1 2 1 2 3 3 3 3 3 3 3 3
1 1438273664 1 1 1 2 2 1 1 1 1 1 1 2 3 3 3 3 3 3 3
1 1449939136 1 1 1 2 2 1 1 1 1 1 2 2 2 3 3 3 3 3 3
1 1450979456 1 1 1 2 1 1 2 1 1 1 1 2 3 3 3 3 3 3 3
1 1450979456 1 1 1 2 2 1 1 1 1 1 1 2 3 3 3 3 3 3 3
1 1453744320 1 1 1 1 2 2 1 1 1 1 2 2 2 3 3 3 3 3 3
1 1454002368 1 1 1 1 2 2 1 1 1 1 2 2 2 3 3 3 3 3 3
1 1454002368 1 1 1 2 2 1 1 1 1 1 2 2 2 3 3 3 3 3 3
1 1454131392 1 1 1 1 2 2 1 1 1 1 2 2 2 3 3 3 3 3 3
1 1455042688 1 1 1 2 2 1 1 1 1 1 1 2 3 3 3 3 3 3 3
1 1455050816 1 1 1 2 2 1 1 1 1 1 1 2 3 3 3 3 3 3 3
1 1455775936 1 1 1 1 2 1 1 1 2 1 2 2 2 3 3 3 3 3 3
1 1455775936 1 1 1 1 2 2 1 1 1 1 2 2 2 3 3 3 3 3 3
1 1455775936 1 1 2 1 1 1 2 1 1 1 2 2 2 3 3 3 3 3 3
1 1456033984 1 1 1 1 2 1 1 1 2 1 2 2 2 3 3 3 3 3 3
1 1456033984 1 1 1 1 2 2 1 1 1 1 2 2 2 3 3 3 3 3 3
1 1456033984 1 1 1 2 2 1 1 1 1 1 2 2 2 3 3 3 3 3 3
1 1456033984 1 2 1 1 1 1 2 1 1 1 2 2 2 3 3 3 3 3 3
1 1456227520 1 1 1 1 2 1 1 1 2 1 2 2 2 3 3 3 3 3 3
1 1456227520 1 1 1 1 2 2 1 1 1 1 2 2 2 3 3 3 3 3 3
1 1456227520 1 2 1 1 1 1 2 1 1 1 2 2 2 3 3 3 3 3 3
1 1457074304 1 1 1 1 2 1 1 1 2 1 1 2 3 3 3 3 3 3 3
1 1457074304 1 1 1 1 2 2 1 1 1 1 1 2 3 3 3 3 3 3 3
1 1457074304 1 1 1 2 2 1 1 1 1 1 1 2 3 3 3 3 3 3 3
1 1457082432 1 1 1 1 2 1 1 1 2 1 1 2 3 3 3 3 3 3 3
1 1457082432 1 1 1 1 2 2 1 1 1 1 1 2 3 3 3 3 3 3 3
1 1457082432 1 1 1 2 1 1 1 2 1 1 1 2 3 3 3 3 3 3 3
1 1457082432 1 1 1 2 1 1 2 1 1 1 1 2 3 3 3 3 3 3 3
1 1457082432 1 1 1 2 2 1 1 1 1 1 1 2 3 3 3 3 3 3 3
1 1457090560 1 1 1 1 2 1 1 1 2 1 0 3 3 3 3 3 3 3 3
1 1457267840 1 1 1 1 2 1 1 1 2 1 1 2 3 3 3 3 3 3 3
1 1457267840 1 1 1 2 1 1 2 1 1 1 1 2 3 3 3 3 3 3 3
1 1457275968 1 1 1 1 2 1 1 1 2 1 1 2 3 3 3 3 3 3 3
1 1457275968 1 1 1 2 1 1 2 1 1 1 1 2 3 3 3 3 3 3 3
1 1457283080 1 1 1 1 2 1 1 1 2 1 1 2 3 3 3 3 3 3 3
1 1457283080 1 1 1 2 1 1 2 1 1 1 1 2 3 3 3 3 3 3 3
1 1468223680 1 1 1 1 2 1 2 1 1 1 2 2 2 3 3 3 3 3 3
1 1468223680 1 1 1 2 2 1 1 1 1 1 2 2 2 3 3 3 3 3 3
1 1468352704 1 1 1 1 2 1 2 1 1 1 2 2 2 3 3 3 3 3 3
1 1468352704 1 1 1 1 2 2 1 1 1 1 2 2 2 3 3 3 3 3 3
1 1468417216 1 1 1 1 2 1 2 1 1 1 2 2 2 3 3 3 3 3 3
1 1468417216 1 1 1 1 2 2 1 1 1 1 2 2 2 3 3 3 3 3 3
1 1468810384 1 1 1 1 2 1 2 1 1 1 2 2 2 3 3 3 3 3 3
1 1557684352 1 2 1 1 1 2 1 1 1 1 1 2 2 2 3 3 3 3 3
1 1565810816 1 2 1 1 1 2 1 1 1 1 1 2 2 2 3 3 3 3 3
1 1573929408 1 2 1 1 1 1 1 2 1 1 2 2 2 3 3 3 3 3 3
1 1574453632 1 1 1 2 1 1 1 2 1 1 1 2 3 3 3 3 3 3 3
1 1578296032 3 1 1 1 1 2 1 1 1 2 3 3 3 3 3 3 3 3 4
1 1578525380 3 1 1 1 1 2 1 1 1 2 3 3 3 3 3 3 3 3 4
1 1582588096 1 1 1 1 1 2 1 1 1 2 2 2 2 2 3 3 3 3 4
1 1582588356 3 1 1 1 1 2 1 1 1 2 3 3 3 3 3 3 3 3 4
1 1582620864 2 1 1 1 1 2 1 1 1 2 2 2 3 3 3 3 3 3 4
1 1582620865 3 1 1 1 1 2 1 1 1 2 3 3 3 3 3 3 3 3 4
1 1582878912 2 1 1 1 1 2 1 1 1 2 2 2 3 3 3 3 3 3 4
1 1582887040 2 1 1 1 1 2 1 1 1 2 1 3 3 3 3 3 3 3 4
1 1583104704 2 1 1 1 1 2 1 1 1 2 2 2 3 3 3 3 3 3 4
1 1590182336 1 1 1 1 1 2 1 1 1 2 2 2 2 3 3 3 3 3 3
1 1590182336 1 1 1 1 2 2 1 1 1 1 2 2 2 3 3 3 3 3 3
1 1590182336 1 2 1 1 1 1 1 2 1 1 2 2 2 3 3 3 3 3 3
1 1591222656 1 1 1 1 1 2 1 1 1 2 1 2 3 3 3 3 3 3 3
1 1591222656 1 1 1 1 2 1 1 1 2 1 1 2 3 3 3 3 3 3 3
1 1591222656 1 1 1 2 1 1 1 2 1 1 1 2 3 3 3 3 3 3 3
1 1591230912 2 1 1 1 1 2 1 1 1 2 2 2 3 3 3 3 3 3 4
1 1591238658 1 1 1 1 1 2 1 1 1 2 1 2 3 3 3 3 3 3 3
1 1591238658 1 1 1 2 1 1 1 2 1 1 1 2 3 3 3 3 3 3 3
1 1591238784 1 1 1 1 1 2 1 1 1 2 1 2 2 3 3 3 3 3 4
1 1591238912 1 1 1 1 1 2 1 1 1 2 0 3 3 3 3 3 3 3 3
1 1591238912 1 1 1 2 1 1 1 2 1 1 0 3 3 3 3 3 3 3 3
1 1591239040 2 1 1 1 1 2 1 1 1 2 1 3 3 3 3 3 3 3 4
1 1594020032 1 1 1 1 1 2 1 1 1 2 2 2 2 3 3 3 3 3 3
1 1594020032 1 1 1 1 2 1 1 2 1 1 2 2 2 3 3 3 3 3 3
1 1594020032 1 1 1 1 2 1 2 1 1 1 2 2 2 3 3 3 3 3 3
1 1594020032 1 1 1 1 2 2 1 1 1 1 2 2 2 3 3 3 3 3 3
1 1594245824 1 1 1 1 1 2 1 1 1 2 2 2 2 3 3 3 3 3 3
1 1594245824 1 1 1 1 2 1 1 2 1 1 2 2 2 3 3 3 3 3 3
1 1594245824 1 1 1 1 2 2 1 1 1 1 2 2 2 3 3 3 3 3 3
1 1594245824 1 1 2 1 1 2 1 1 1 1 2 2 2 3 3 3 3 3 3
1 1594411168 1 1 1 1 1 2 1 1 1 2 2 2 2 3 3 3 3 3 3
1 1594411168 1 1 1 1 2 1 1 2 1 1 2 2 2 3 3 3 3 3 3
1 1594411168 1 1 1 1 2 2 1 1 1 1 2 2 2 3 3 3 3 3 3
1 1594507936 1 1 1 1 1 2 1 1 1 2 2 2 2 3 3 3 3 3 3
1 1594507936 1 1 1 1 2 1 1 2 1 1 2 2 2 3 3 3 3 3 3
1 1594507936 1 1 1 1 2 1 2 1 1 1 2 2 2 3 3 3 3 3 3
1 1594507936 1 1 1 1 2 2 1 1 1 1 2 2 2 3 3 3 3 3 3
1 1594507936 1 1 2 1 1 2 1 1 1 1 2 2 2 3 3 3 3 3 3
1 1595447424 1 1 1 1 1 2 1 1 1 2 1 2 3 3 3 3 3 3 3
1 1595447424 1 1 1 1 2 1 1 2 1 1 1 2 3 3 3 3 3 3 3
1 1595447424 1 1 1 1 2 2 1 1 1 1 1 2 3 3 3 3 3 3 3
1 1595459616 1 1 1 1 1 2 1 1 1 2 1 2 3 3 3 3 3 3 3
1 1595459616 1 1 1 1 2 1 1 2 1 1 1 2 3 3 3 3 3 3 3
1 1595459616 1 1 1 1 2 1 2 1 1 1 1 2 3 3 3 3 3 3 3
1 1595459616 1 1 1 1 2 2 1 1 1 1 1 2 3 3 3 3 3 3 3
1 1595459744 2 1 1 1 1 2 1 1 1 2 2 2 3 3 3 3 3 3 4
1 1595544192 1 1 1 1 1 2 1 1 1 2 1 2 3 3 3 3 3 3 3
1 1595544192 1 1 1 1 2 1 2 1 1 1 1 2 3 3 3 3 3 3 3
1 1595556384 1 1 1 1 1 2 1 1 1 2 1 2 3 3 3 3 3 3 3
1 1595556512 2 1 1 1 1 2 1 1 1 2 2 2 3 3 3 3 3 3 4
1 1598308800 1 1 1 1 1 2 1 1 1 2 2 2 2 3 3 3 3 3 3
1 1598308800 1 1 1 1 2 1 1 2 1 1 2 2 2 3 3 3 3 3 3
1 1598308800 1 1 1 1 2 1 2 1 1 1 2 2 2 3 3 3 3 3 3
1 1598308800 1 1 1 1 2 2 1 1 1 1 2 2 2 3 3 3 3 3 3
1 1598308800 1 2 1 1 1 1 2 1 1 1 2 2 2 3 3 3 3 3 3
1 1598570912 1 1 1 1 1 2 1 1 1 2 2 2 2 3 3 3 3 3 3
1 1598570912 1 1 1 1 2 1 1 2 1 1 2 2 2 3 3 3 3 3 3
1 1598570912 1 1 1 1 2 1 2 1 1 1 2 2 2 3 3 3 3 3 3
1 1598570912 1 1 1 1 2 2 1 1 1 1 2 2 2 3 3 3 3 3 3
1 1598832769 1 1 1 1 1 2 1 1 1 2 2 2 2 3 3 3 3 3 3
1 1598832769 1 1 1 1 2 1 1 2 1 1 2 2 2 3 3 3 3 3 3
1 1598832769 1 1 1 1 2 1 2 1 1 1 2 2 2 3 3 3 3 3 3
1 1598832769 1 1 1 1 2 2 1 1 1 1 2 2 2 3 3 3 3 3 3
1 1599365248 1 1 1 1 1 2 1 1 1 2 1 2 2 3 3 3 3 3 4
1 1599881217 1 1 1 1 1 2 1 1 1 2 1 2 3 3 3 3 3 3 3
1 1599881217 1 1 1 1 2 1 1 2 1 1 1 2 3 3 3 3 3 3 3
1 1599881344 1 1 1 1 1 2 1 1 1 2 1 1 3 3 3 3 3 3 4
1 1599881345 2 1 1 1 1 2 1 1 1 2 2 2 3 3 3 3 3 3 4
1 1931876544 1 1 1 1 1 2 1 2 1 1 2 2 2 3 3 3 3 3 3
1 1931876544 1 1 1 2 1 2 1 1 1 1 2 2 2 3 3 3 3 3 3
1 1931880608 1 1 1 1 1 2 1 2 1 1 2 2 2 3 3 3 3 3 3
1 1931880608 1 1 1 2 1 2 1 1 1 1 2 2 2 3 3 3 3 3 3
1 1933783200 1 1 1 1 1 2 2 1 1 1 2 2 2 3 3 3 3 3 3
1 1933908160 1 1 1 1 1 2 2 1 1 1 2 2 2 3 3 3 3 3 3
1 1933908160 1 1 1 2 2 1 1 1 1 1 2 2 2 3 3 3 3 3 3
1 1933912224 1 1 1 1 1 2 2 1 1 1 2 2 2 3 3 3 3 3 3
1 1933912224 1 1 1 2 2 1 1 1 1 1 2 2 2 3 3 3 3 3 3
1 1933976736 1 1 1 1 1 2 2 1 1 1 2 2 2 3 3 3 3 3 3
1 1960337440 1 2 1 1 1 2 1 1 1 1 1 2 2 2 3 3 3 3 3
1 1968463904 1 2 1 1 1 2 1 1 1 1 1 2 2 2 3 3 3 3 3
1 2000949696 1 1 1 1 1 2 2 1 1 1 2 2 2 3 3 3 3 3 3
1 2000949696 1 2 1 1 1 1 2 1 1 1 2 2 2 3 3 3 3 3 3
1 2000953760 1 1 1 1 1 2 2 1 1 1 2 2 2 3 3 3 3 3 3
1 2002522113 1 1 1 2 1 1 2 1 1 1 1 2 3 3 3 3 3 3 3
1 2005012928 1 1 1 1 1 2 1 2 1 1 2 2 2 3 3 3 3 3 3
1 2005012928 1 1 1 1 2 2 1 1 1 1 2 2 2 3 3 3 3 3 3
1 2005016992 1 1 1 1 1 2 1 2 1 1 2 2 2 3 3 3 3 3 3
1 2005016992 1 1 1 1 2 1 2 1 1 1 2 2 2 3 3 3 3 3 3
1 2005016992 1 1 1 1 2 2 1 1 1 1 2 2 2 3 3 3 3 3 3
1 2005278849 1 1 1 1 1 2 1 2 1 1 2 2 2 3 3 3 3 3 3
1 2005278849 1 1 1 1 2 2 1 1 1 1 2 2 2 3 3 3 3 3 3
1 3668066752 1 1 1 1 2 1 1 1 2 1 2 2 2 3 3 3 3 3 3
1 3668066752 1 1 1 1 2 1 2 1 1 1 2 2 2 3 3 3 3 3 3
1 3668066752 1 2 1 1 1 1 1 2 1 1 2 2 2 3 3 3 3 3 3
1 3668590721 1 1 1 1 2 1 1 1 2 1 2 2 2 3 3 3 3 3 3
1 3668590721 1 1 1 2 2 1 1 1 1 1 2 2 2 3 3 3 3 3 3
1 3669639169 1 1 1 1 2 1 1 1 2 1 1 2 3 3 3 3 3 3 3
1 3669639169 1 1 1 2 2 1 1 1 1 1 1 2 3 3 3 3 3 3 3
1 3700482176 1 2 1 1 1 1 2 1 1 1 1 2 2 2 3 3 3 3 3
1 3717218688 1 2 1 1 1 1 2 1 1 1 1 2 2 2 3 3 3 3 3
1 3725640672 3 1 1 1 1 1 2 1 1 2 3 3 3 3 3 3 3 3 4
1 3725643968 1 1 1 1 1 1 2 1 1 2 2 2 2 2 3 3 3 3 4
1 3725644228 3 1 1 1 1 1 2 1 1 2 3 3 3 3 3 3 3 3 4
1 3725902528 2 1 1 1 1 1 2 1 1 2 2 2 3 3 3 3 3 3 4
1 3725910656 2 1 1 1 1 1 2 1 1 2 1 3 3 3 3 3 3 3 4
1 3726393988 2 1 1 1 1 1 2 1 1 2 2 2 3 3 3 3 3 3 4
1 3732980160 1 1 1 1 1 1 2 1 1 2 2 2 2 3 3 3 3 3 3
1 3732980160 1 1 1 1 2 1 1 1 2 1 2 2 2 3 3 3 3 3 3
1 3732980160 1 1 1 1 2 1 2 1 1 1 2 2 2 3 3 3 3 3 3
1 3732980160 1 2 1 1 1 1 1 2 1 1 2 2 2 3 3 3 3 3 3
1 3733471620 1 1 1 1 1 1 2 1 1 2 2 2 2 3 3 3 3 3 3
1 3733471620 1 1 1 1 2 1 1 1 2 1 2 2 2 3 3 3 3 3 3
1 3733471620 1 1 1 1 2 1 2 1 1 1 2 2 2 3 3 3 3 3 3
1 3733471620 1 2 1 1 1 1 2 1 1 1 2 2 2 3 3 3 3 3 3
1 3733504129 1 1 1 1 1 1 2 1 1 2 2 2 2 3 3 3 3 3 3
1 3733504129 1 1 1 1 2 1 1 1 2 1 2 2 2 3 3 3 3 3 3
1 3733504129 1 1 1 1 2 1 2 1 1 1 2 2 2 3 3 3 3 3 3
1 3734036608 1 1 1 1 1 1 2 1 1 2 1 2 2 3 3 3 3 3 4
1 3734520196 2 1 1 1 1 1 2 1 1 2 2 2 3 3 3 3 3 3 4
1 3734552577 1 1 1 1 1 1 2 1 1 2 1 2 3 3 3 3 3 3 3
1 3734552577 1 1 1 1 2 1 1 1 2 1 1 2 3 3 3 3 3 3 3
1 3734552577 1 1 1 1 2 1 2 1 1 1 1 2 3 3 3 3 3 3 3
1 3734552704 1 1 1 1 1 1 2 1 1 2 1 1 3 3 3 3 3 3 4
1 3734552705 2 1 1 1 1 1 2 1 1 2 2 2 3 3 3 3 3 3 4
1 3749724546 1 1 1 1 1 1 2 1 1 2 2 2 2 3 3 3 3 3 3
1 3749724546 1 1 1 1 2 1 1 1 2 1 2 2 2 3 3 3 3 3 3
1 3749724546 1 1 1 1 2 1 2 1 1 1 2 2 2 3 3 3 3 3 3
1 3750773120 1 1 1 1 1 1 2 1 1 2 1 2 2 3 3 3 3 3 4
1 3799331008 2 1 1 1 1 1 2 1 1 2 2 2 3 3 3 3 3 3 4
1 3799347264 2 1 1 1 1 1 2 1 1 2 1 3 3 3 3 3 3 3 4
1 3799782592 2 1 1 1 1 1 2 1 1 2 2 2 3 3 3 3 3 3 4
1 3799789704 2 1 1 1 1 1 2 1 1 2 2 2 3 3 3 3 3 3 4
1 3799805960 2 1 1 1 1 1 2 1 1 2 1 3 3 3 3 3 3 3 4
1 3803523264 2 1 1 1 1 1 2 1 1 2 2 2 3 3 3 3 3 3 4
1 3803539520 2 1 1 1 1 1 2 1 1 2 1 3 3 3 3 3 3 3 4
1 3803587776 2 1 1 1 1 1 2 1 1 2 2 2 3 3 3 3 3 3 4
1 3803604032 2 1 1 1 1 1 2 1 1 2 1 3 3 3 3 3 3 3 4
1 3803781312 2 1 1 1 1 1 2 1 1 2 2 2 3 3 3 3 3 3 4
1 3803787408 2 1 1 1 1 1 2 1 1 2 2 2 3 3 3 3 3 3 4
1 3803803664 2 1 1 1 1 1 2 1 1 2 1 3 3 3 3 3 3 3 4
1 3803845824 2 1 1 1 1 1 2 1 1 2 2 2 3 3 3 3 3 3 4
1 3803849888 2 1 1 1 1 1 2 1 1 2 2 2 3 3 3 3 3 3 4
1 3803852936 2 1 1 1 1 1 2 1 1 2 2 2 3 3 3 3 3 3 4
1 3803869192 2 1 1 1 1 1 2 1 1 2 1 3 3 3 3 3 3 3 4
1 3803974848 2 1 1 1 1 1 2 1 1 2 2 2 3 3 3 3 3 3 4
1 3803980944 2 1 1 1 1 1 2 1 1 2 2 2 3 3 3 3 3 3 4
1 3803981960 2 1 1 1 1 1 2 1 1 2 2 2 3 3 3 3 3 3 4
1 3806078088 2 1 1 1 1 1 2 1 1 2 2 2 3 3 3 3 3 3 4
1 3818654856 2 1 1 1 1 1 2 1 1 2 2 2 3 3 3 3 3 3 4
1 3837026496 1 1 1 1 1 1 2 1 1 2 2 2 2 2 3 3 3 3 4
1 3851505856 1 1 1 1 1 1 2 1 1 2 2 2 2 2 3 3 3 3 4
1 3868501184 2 1 1 1 1 1 2 1 1 2 2 2 3 3 3 3 3 3 4
1 3868517440 2 1 1 1 1 1 2 1 1 2 1 3 3 3 3 3 3 3 4
1 3868533440 2 1 1 1 1 1 2 1 1 2 2 2 3 3 3 3 3 3 4
1 3868549696 2 1 1 1 1 1 2 1 1 2 1 3 3 3 3 3 3 3 4
1 3868759232 2 1 1 1 1 1 2 1 1 2 2 2 3 3 3 3 3 3 4
1 3868766344 2 1 1 1 1 1 2 1 1 2 2 2 3 3 3 3 3 3 4
1 3868782600 2 1 1 1 1 1 2 1 1 2 1 3 3 3 3 3 3 3 4
1 3868791488 2 1 1 1 1 1 2 1 1 2 2 2 3 3 3 3 3 3 4
1 3868795552 2 1 1 1 1 1 2 1 1 2 2 2 3 3 3 3 3 3 4
1 3868799108 2 1 1 1 1 1 2 1 1 2 2 2 3 3 3 3 3 3 4
1 3868815364 2 1 1 1 1 1 2 1 1 2 1 3 3 3 3 3 3 3 4
1 3868985024 2 1 1 1 1 1 2 1 1 2 2 2 3 3 3 3 3 3 4
1 3868992136 2 1 1 1 1 1 2 1 1 2 2 2 3 3 3 3 3 3 4
1 3868992644 2 1 1 1 1 1 2 1 1 2 2 2 3 3 3 3 3 3 4
1 3870056576 1 1 1 1 1 1 2 1 1 2 1 2 2 3 3 3 3 3 4
1 3870580800 1 1 1 1 1 1 2 1 1 2 1 2 2 3 3 3 3 3 4
1 3870842912 1 1 1 1 1 1 2 1 1 2 1 2 2 3 3 3 3 3 4
1 3871088768 1 1 1 1 1 1 2 1 1 2 1 1 3 3 3 3 3 3 4
1 3871088769 2 1 1 1 1 1 2 1 1 2 2 2 3 3 3 3 3 3 4
1 3871105024 1 1 1 1 1 1 2 1 1 2 0 2 3 3 3 3 3 3 4
1 3884277888 1 1 1 1 1 1 2 1 1 2 1 2 2 3 3 3 3 3 4
1 3884729472 1 1 1 1 1 1 2 1 1 2 1 2 2 3 3 3 3 3 4
1 3885060160 1 1 1 1 1 1 2 1 1 2 1 2 2 3 3 3 3 3 4
1 3885260808 1 1 1 1 1 1 2 1 1 2 1 2 2 3 3 3 3 3 4
1 3885761664 1 1 1 1 1 1 2 1 1 2 1 1 3 3 3 3 3 3 4
1 3885761665 2 1 1 1 1 1 2 1 1 2 2 2 3 3 3 3 3 3 4
1 3885777920 1 1 1 1 1 1 2 1 1 2 0 2 3 3 3 3 3 3 4
1 3899941056 1 1 1 1 1 1 2 1 1 2 2 2 2 2 3 3 3 3 4
1 3904004288 1 1 1 1 1 1 2 1 1 2 2 2 2 2 3 3 3 3 4
1 3906035904 1 1 1 1 1 1 2 1 1 2 2 2 2 2 3 3 3 3 4
1 3912388800 1 1 1 1 1 1 2 1 1 2 2 2 2 2 3 3 3 3 4
1 3914420416 1 1 1 1 1 1 2 1 1 2 2 2 2 2 3 3 3 3 4
1 3918612672 1 1 1 1 1 1 2 1 1 2 2 2 2 2 3 3 3 3 4
1 3935866048 2 1 1 1 1 1 2 1 1 2 2 2 3 3 3 3 3 3 4
1 3935872144 2 1 1 1 1 1 2 1 1 2 2 2 3 3 3 3 3 3 4
1 3935873160 2 1 1 1 1 1 2 1 1 2 2 2 3 3 3 3 3 3 4
1 3935888400 2 1 1 1 1 1 2 1 1 2 1 3 3 3 3 3 3 3 4
1 3935889416 2 1 1 1 1 1 2 1 1 2 1 3 3 3 3 3 3 3 4
1 3935962816 2 1 1 1 1 1 2 1 1 2 2 2 3 3 3 3 3 3 4
1 3935969928 2 1 1 1 1 1 2 1 1 2 2 2 3 3 3 3 3 3 4
1 3937034368 1 1 1 1 1 1 2 1 1 2 1 2 2 3 3 3 3 3 4
1 3937558592 1 1 1 1 1 1 2 1 1 2 1 2 2 3 3 3 3 3 4
1 3937929664 2 1 1 1 1 1 2 1 1 2 2 2 3 3 3 3 3 3 4
1 3937935760 2 1 1 1 1 1 2 1 1 2 2 2 3 3 3 3 3 3 4
1 3937937538 2 1 1 1 1 1 2 1 1 2 2 2 3 3 3 3 3 3 4
1 3937951760 1 1 1 1 1 1 2 1 1 2 1 2 2 3 3 3 3 3 4
1 3937952016 2 1 1 1 1 1 2 1 1 2 1 3 3 3 3 3 3 3 4
1 3937953794 2 1 1 1 1 1 2 1 1 2 1 3 3 3 3 3 3 3 4
1 3938066560 1 1 1 1 1 1 2 1 1 2 1 1 3 3 3 3 3 3 4
1 3938066561 2 1 1 1 1 1 2 1 1 2 2 2 3 3 3 3 3 3 4
1 3938082816 1 1 1 1 1 1 2 1 1 2 0 2 3 3 3 3 3 3 4
1 3939065984 1 1 1 1 1 1 2 1 1 2 1 2 2 3 3 3 3 3 4
1 3939590208 1 1 1 1 1 1 2 1 1 2 1 2 2 3 3 3 3 3 4
1 3940025792 2 1 1 1 1 1 2 1 1 2 2 2 3 3 3 3 3 3 4
1 3940032904 2 1 1 1 1 1 2 1 1 2 2 2 3 3 3 3 3 3 4
1 3940033666 2 1 1 1 1 1 2 1 1 2 2 2 3 3 3 3 3 3 4
1 3940048904 1 1 1 1 1 1 2 1 1 2 1 2 2 3 3 3 3 3 4
1 3940098176 1 1 1 1 1 1 2 1 1 2 1 1 3 3 3 3 3 3 4
1 3940098177 2 1 1 1 1 1 2 1 1 2 2 2 3 3 3 3 3 3 4
1 3940114432 1 1 1 1 1 1 2 1 1 2 0 2 3 3 3 3 3 3 4
1 3942750400 1 1 1 1 1 1 2 1 1 2 2 2 2 3 3 3 3 3 3
1 3942750400 1 1 1 1 1 2 1 1 2 1 2 2 2 3 3 3 3 3 3
1 3942756496 1 1 1 1 1 1 2 1 1 2 2 2 2 3 3 3 3 3 3
1 3942756496 1 1 1 1 1 2 1 1 2 1 2 2 2 3 3 3 3 3 3
1 3942950032 1 1 1 1 1 1 2 1 1 2 2 2 2 3 3 3 3 3 3
1 3942951048 1 1 1 1 1 1 2 1 1 2 2 2 2 3 3 3 3 3 3
1 3942951048 1 1 1 1 2 1 1 2 1 1 2 2 2 3 3 3 3 3 3
1 3942983812 1 1 1 1 1 1 2 1 1 2 2 2 2 3 3 3 3 3 3
1 3944482448 2 1 1 1 1 1 2 1 1 2 2 2 3 3 3 3 3 3 4
1 3944483464 2 1 1 1 1 1 2 1 1 2 2 2 3 3 3 3 3 3 4
1 3944878528 1 1 1 1 1 1 2 1 1 2 2 2 2 3 3 3 3 3 3
1 3944878528 1 1 1 1 1 2 1 1 2 1 2 2 2 3 3 3 3 3 3
1 3944878528 1 1 1 1 1 2 2 1 1 1 2 2 2 3 3 3 3 3 3
1 3944878528 1 1 1 1 2 1 1 2 1 1 2 2 2 3 3 3 3 3 3
1 3944878528 1 1 1 1 2 1 2 1 1 1 2 2 2 3 3 3 3 3 3
1 3944886402 1 1 1 1 1 1 2 1 1 2 2 2 2 3 3 3 3 3 3
1 3944886402 1 1 1 1 1 2 1 1 2 1 2 2 2 3 3 3 3 3 3
1 3944886402 1 1 1 1 1 2 2 1 1 1 2 2 2 3 3 3 3 3 3
1 3945013648 1 1 1 1 1 1 2 1 1 2 2 2 2 3 3 3 3 3 3
1 3945013648 1 1 1 1 1 2 1 1 2 1 2 2 2 3 3 3 3 3 3
1 3945013648 1 1 1 1 1 2 2 1 1 1 2 2 2 3 3 3 3 3 3
1 3945015426 1 1 1 1 1 1 2 1 1 2 2 2 2 3 3 3 3 3 3
1 3945015426 1 1 1 1 1 2 1 1 2 1 2 2 2 3 3 3 3 3 3
1 3945015426 1 1 1 1 1 2 2 1 1 1 2 2 2 3 3 3 3 3 3
1 3945015426 1 1 1 1 2 1 1 2 1 1 2 2 2 3 3 3 3 3 3
1 3945015426 1 1 1 1 2 1 2 1 1 1 2 2 2 3 3 3 3 3 3
1 3945015426 1 1 2 1 1 2 1 1 1 1 2 2 2 3 3 3 3 3 3
1 3945160832 1 1 1 1 1 1 2 1 1 2 1 2 2 3 3 3 3 3 4
1 3945547904 1 1 1 1 1 1 2 1 1 2 1 2 2 3 3 3 3 3 4
1 3945943104 1 1 1 1 1 1 2 1 1 2 1 2 2 3 3 3 3 3 4
1 3946078224 1 1 1 1 1 1 2 1 1 2 1 2 2 3 3 3 3 3 4
1 3946580096 1 1 1 1 1 1 2 1 1 2 1 1 3 3 3 3 3 3 4
1 3946580097 2 1 1 1 1 1 2 1 1 2 2 2 3 3 3 3 3 3 4
1 3946596352 1 1 1 1 1 1 2 1 1 2 0 2 3 3 3 3 3 3 4
1 3947192448 1 1 1 1 1 1 2 1 1 2 1 2 2 3 3 3 3 3 4
1 3947450496 1 1 1 1 1 1 2 1 1 2 1 2 2 3 3 3 3 3 4
1 3947644032 1 1 1 1 1 1 2 1 1 2 1 2 2 3 3 3 3 3 4
1 3947974720 1 1 1 1 1 1 2 1 1 2 1 2 2 3 3 3 3 3 4
1 3947978784 1 1 1 1 1 1 2 1 1 2 1 2 2 3 3 3 3 3 4
1 3948175368 1 1 1 1 1 1 2 1 1 2 1 2 2 3 3 3 3 3 4
1 3948676224 1 1 1 1 1 1 2 1 1 2 1 1 3 3 3 3 3 3 4
1 3948676225 2 1 1 1 1 1 2 1 1 2 2 2 3 3 3 3 3 3 4
1 3948692480 1 1 1 1 1 1 2 1 1 2 0 2 3 3 3 3 3 3 4
1 3951102400 1 1 1 1 1 1 2 1 1 2 2 2 2 3 3 3 3 3 3
1 3951102400 1 1 1 1 2 1 1 2 1 1 2 2 2 3 3 3 3 3 3
1 3951102400 1 2 1 1 1 1 1 2 1 1 2 2 2 3 3 3 3 3 3
1 3951108496 1 1 1 1 1 1 2 1 1 2 2 2 2 3 3 3 3 3 3
1 3951108496 1 1 1 1 1 2 1 1 2 1 2 2 2 3 3 3 3 3 3
1 3951108496 1 1 1 1 2 1 1 2 1 1 2 2 2 3 3 3 3 3 3
1 3951110274 1 1 1 1 1 1 2 1 1 2 2 2 2 3 3 3 3 3 3
1 3951110274 1 1 1 1 2 1 1 2 1 1 2 2 2 3 3 3 3 3 3
1 3951255680 1 1 1 1 1 1 2 1 1 2 1 2 2 3 3 3 3 3 4
1 3951642752 1 1 1 1 1 1 2 1 1 2 1 2 2 3 3 3 3 3 4
1 3951707264 1 1 1 1 1 1 2 1 1 2 1 2 2 3 3 3 3 3 4
1 3952166976 1 1 1 1 1 1 2 1 1 2 1 2 2 3 3 3 3 3 4
1 3952173072 1 1 1 1 1 1 2 1 1 2 1 2 2 3 3 3 3 3 4
1 3952238600 1 1 1 1 1 1 2 1 1 2 1 2 2 3 3 3 3 3 4
1 3968393344 1 2 1 1 1 1 2 1 1 1 1 2 2 2 3 3 3 3 3
1 3968917696 1 1 1 1 1 1 2 1 1 2 2 2 2 2 3 3 3 3 4
1 3976777856 1 2 1 1 1 1 2 1 1 1 1 2 2 2 3 3 3 3 3
1 3977003648 1 2 1 1 1 1 2 1 1 1 1 2 2 2 3 3 3 3 3
1 3977302208 1 1 1 1 1 1 2 1 1 2 2 2 2 2 3 3 3 3 4
1 3985654208 1 1 1 1 1 1 2 1 1 2 2 2 2 2 3 3 3 3 4
1 4018151810 1 1 1 1 1 1 2 1 1 2 2 2 2 3 3 3 3 3 3
1 4018151810 1 1 1 1 2 1 1 2 1 1 2 2 2 3 3 3 3 3 3
1 4018151810 1 1 1 1 2 1 2 1 1 1 2 2 2 3 3 3 3 3 3
1 4018684288 1 1 1 1 1 1 2 1 1 2 1 2 2 3 3 3 3 3 4
1 4019208512 1 1 1 1 1 1 2 1 1 2 1 2 2 3 3 3 3 3 4
1 4019216386 1 1 1 1 1 1 2 1 1 2 1 2 2 3 3 3 3 3 4
1 4166045888 1 1 1 1 1 1 2 1 1 2 2 2 2 2 3 3 3 3 4
1 4170238144 1 1 1 1 1 1 2 1 1 2 2 2 2 2 3 3 3 3 4
1 4170244112 1 2 1 1 1 2 1 1 1 1 1 2 2 2 3 3 3 3 3
1 4174397888 1 1 1 1 1 1 2 1 1 2 2 2 2 2 3 3 3 3 4
1 4186980624 1 2 1 1 1 2 1 1 1 1 1 2 2 2 3 3 3 3 3
1 4186980752 1 1 1 1 1 1 2 1 1 2 2 2 2 2 3 3 3 3 4
1 4219472258 1 1 1 1 1 1 2 1 1 2 2 2 2 3 3 3 3 3 3
1 4219472258 1 1 1 1 1 2 1 1 2 1 2 2 2 3 3 3 3 3 3
1 4219617664 1 1 1 1 1 1 2 1 1 2 1 2 2 3 3 3 3 3 4
1 4220535056 1 1 1 1 1 1 2 1 1 2 1 2 2 3 3 3 3 3 4
1 4220536834 1 1 1 1 1 1 2 1 1 2 1 2 2 3 3 3 3 3 4
1 4940640352 2 1 1 2 1 1 1 1 1 2 2 2 3 3 3 3 3 3 4
1 4940640352 2 1 2 1 1 1 1 1 1 2 2 2 3 3 3 3 3 3 4
1 4944703584 2 1 2 1 1 1 1 1 1 2 2 2 3 3 3 3 3 3 4
1 4944832608 2 1 1 2 1 1 1 1 1 2 2 2 3 3 3 3 3 3 4
1 4944832608 2 2 1 1 1 1 1 1 1 2 2 2 3 3 3 3 3 3 4
1 4959505504 2 1 1 1 2 1 1 1 1 2 2 2 3 3 3 3 3 3 4
1 4959505504 2 2 1 1 1 1 1 1 1 2 2 2 3 3 3 3 3 3 4
1 4959507536 2 1 1 1 2 1 1 1 1 2 2 2 3 3 3 3 3 3 4
1 5011810400 2 2 1 1 1 1 1 1 1 2 2 2 3 3 3 3 3 3 4
1 5011941456 2 1 1 2 1 1 1 1 1 2 2 2 3 3 3 3 3 3 4
1 5013842016 2 2 1 1 1 1 1 1 1 2 2 2 3 3 3 3 3 3 4
1 5013906528 2 2 1 1 1 1 1 1 1 2 2 2 3 3 3 3 3 3 4
1 5014037584 2 1 1 2 1 1 1 1 1 2 2 2 3 3 3 3 3 3 4
1 5020325968 2 1 1 2 1 1 1 1 1 2 2 2 3 3 3 3 3 3 4
1 5022291040 2 2 1 1 1 1 1 1 1 2 2 2 3 3 3 3 3 3 4
1 5022420064 2 1 1 2 1 1 1 1 1 2 2 2 3 3 3 3 3 3 4
1 5022420064 2 2 1 1 1 1 1 1 1 2 2 2 3 3 3 3 3 3 4
1 5022422096 2 1 1 2 1 1 1 1 1 2 2 2 3 3 3 3 3 3 4
1 5022423112 2 1 1 2 1 1 1 1 1 2 2 2 3 3 3 3 3 3 4
1 5026614352 2 1 1 1 2 1 1 1 1 2 2 2 3 3 3 3 3 3 4
1 5046558912 1 1 1 2 1 1 1 1 1 2 2 2 2 2 3 3 3 3 4
1 5054943424 1 1 1 2 1 1 1 1 1 2 2 2 2 2 3 3 3 3 4
1 5059135680 1 1 1 1 2 1 1 1 1 2 2 2 2 2 3 3 3 3 4
1 5080113216 1 1 1 2 1 1 1 1 1 2 1 2 2 3 3 3 3 3 4
1 5081145408 1 1 1 2 1 1 1 1 1 2 1 1 3 3 3 3 3 3 4
1 5081145409 2 1 1 2 1 1 1 1 1 2 2 2 3 3 3 3 3 3 4
1 5088489600 1 1 1 2 1 1 1 1 1 2 1 2 2 3 3 3 3 3 4
1 5088497728 1 1 1 2 1 1 1 1 1 2 1 2 2 3 3 3 3 3 4
1 5089529920 1 1 1 2 1 1 1 1 1 2 1 1 3 3 3 3 3 3 4
1 5089529921 2 1 1 2 1 1 1 1 1 2 2 2 3 3 3 3 3 3 4
1 5089538048 1 1 1 2 1 1 1 1 1 2 0 2 3 3 3 3 3 3 4
1 5089538048 1 1 2 1 1 1 1 1 1 2 0 2 3 3 3 3 3 3 4
1 5092302912 1 1 1 1 2 1 1 1 1 2 1 2 2 3 3 3 3 3 4
1 5092552832 1 1 1 1 2 1 1 1 1 2 1 2 2 3 3 3 3 3 4
1 5092552832 1 1 2 1 1 1 1 1 1 2 1 2 2 3 3 3 3 3 4
1 5092560960 1 1 1 1 2 1 1 1 1 2 1 2 2 3 3 3 3 3 4
1 5092565024 1 1 1 1 2 1 1 1 1 2 1 2 2 3 3 3 3 3 4
1 5092689984 1 1 1 1 2 1 1 1 1 2 1 2 2 3 3 3 3 3 4
1 5092689984 1 1 1 2 1 1 1 1 1 2 1 2 2 3 3 3 3 3 4
1 5092696080 1 1 1 1 2 1 1 1 1 2 1 2 2 3 3 3 3 3 4
1 5092696080 1 1 1 2 1 1 1 1 1 2 1 2 2 3 3 3 3 3 4
1 5093722176 1 1 1 1 2 1 1 1 1 2 1 1 3 3 3 3 3 3 4
1 5093722177 2 1 1 1 2 1 1 1 1 2 2 2 3 3 3 3 3 3 4
1 5093730304 1 1 1 1 2 1 1 1 1 2 0 2 3 3 3 3 3 3 4
1 5247492288 1 1 1 1 1 2 1 1 1 2 2 2 2 2 3 3 3 3 4
1 5247750336 1 1 1 1 1 2 1 1 1 2 2 2 2 2 3 3 3 3 4
1 5247879360 1 1 1 1 1 2 1 1 1 2 2 2 2 2 3 3 3 3 4
1 5247879360 1 1 1 2 1 1 1 1 1 2 2 2 2 2 3 3 3 3 4
1 5260462224 1 1 1 1 1 2 1 1 1 2 2 2 2 2 3 3 3 3 4
1 5260462224 1 1 1 1 2 1 1 1 1 2 2 2 2 2 3 3 3 3 4
1 5293615232 1 1 1 1 1 2 1 1 1 2 1 2 2 3 3 3 3 3 4
1 5293623360 1 1 1 1 1 2 1 1 1 2 1 2 2 3 3 3 3 3 4
1 5293629456 1 1 1 1 1 2 1 1 1 2 1 2 2 3 3 3 3 3 4
1 5294016528 1 1 1 1 1 2 1 1 1 2 1 2 2 3 3 3 3 3 4
1 5294016528 1 1 1 2 1 1 1 1 1 2 1 2 2 3 3 3 3 3 4
1 5295048720 1 1 1 1 1 2 1 1 1 2 1 1 3 3 3 3 3 3 4
1 5295048721 2 1 1 1 1 2 1 1 1 2 2 2 3 3 3 3 3 3 4
1 6046900416 1 1 1 2 1 1 1 1 1 2 2 2 2 2 3 3 3 3 4
1 6059477184 1 1 1 2 1 1 1 1 1 2 2 2 2 2 3 3 3 3 4
1 6091738208 2 2 1 1 1 1 1 1 1 2 2 2 3 3 3 3 3 3 4
1 6091770464 2 2 1 1 1 1 1 1 1 2 2 2 3 3 3 3 3 3 4
1 6091966032 2 1 1 2 1 1 1 1 1 2 2 2 3 3 3 3 3 3 4
1 6091967556 2 1 1 2 1 1 1 1 1 2 2 2 3 3 3 3 3 3 4
1 6092894336 1 1 2 1 1 1 1 1 1 2 1 2 2 3 3 3 3 3 4
1 6093031488 1 1 1 2 1 1 1 1 1 2 1 2 2 3 3 3 3 3 4
1 6093037584 1 1 1 2 1 1 1 1 1 2 1 2 2 3 3 3 3 3 4
1 6093942784 1 1 2 1 1 1 1 1 1 2 0 2 3 3 3 3 3 3 4
1 6094063680 1 1 1 2 1 1 1 1 1 2 1 1 3 3 3 3 3 3 4
1 6094063681 2 1 1 2 1 1 1 1 1 2 2 2 3 3 3 3 3 3 4
1 6094071808 1 1 1 2 1 1 1 1 1 2 0 2 3 3 3 3 3 3 4
1 6098739264 1 1 1 1 2 1 1 1 1 2 1 2 2 3 3 3 3 3 4
1 6099118208 1 1 1 1 2 1 1 1 1 2 1 2 2 3 3 3 3 3 4
1 6099126336 1 1 1 1 2 1 1 1 1 2 1 2 2 3 3 3 3 3 4
1 6099132432 1 1 1 1 2 1 1 1 1 2 1 2 2 3 3 3 3 3 4
1 6124487360 1 1 1 2 1 1 1 1 1 2 2 2 2 2 3 3 3 3 4
1 6157807744 1 1 2 1 1 1 1 1 1 2 1 2 2 3 3 3 3 3 4
1 6158041664 1 1 1 2 1 1 1 1 1 2 1 2 2 3 3 3 3 3 4
1 6158049284 1 1 1 2 1 1 1 1 1 2 1 2 2 3 3 3 3 3 4
1 6158856192 1 1 2 1 1 1 1 1 1 2 0 2 3 3 3 3 3 3 4
1 6159073856 1 1 1 2 1 1 1 1 1 2 1 1 3 3 3 3 3 3 4
1 6159073857 2 1 1 2 1 1 1 1 1 2 2 2 3 3 3 3 3 3 4
1 6159081984 1 1 1 2 1 1 1 1 1 2 0 2 3 3 3 3 3 3 4
1 6166159744 1 1 1 1 2 1 1 1 1 2 1 2 2 3 3 3 3 3 4
1 6166167872 1 1 1 1 2 1 1 1 1 2 1 2 2 3 3 3 3 3 4
1 6166175746 1 1 1 1 2 1 1 1 1 2 1 2 2 3 3 3 3 3 4
1 6181114048 1 1 1 2 1 1 1 1 1 2 2 2 2 2 3 3 3 3 4
1 6185306304 1 1 1 2 1 1 1 1 1 2 2 2 2 2 3 3 3 3 4
1 6187402432 1 1 1 2 1 1 1 1 1 2 2 2 2 2 3 3 3 3 4
1 6199985296 1 1 1 1 2 1 1 1 1 2 2 2 2 2 3 3 3 3 4
1 6232944768 1 1 1 1 2 1 1 1 1 2 1 2 2 3 3 3 3 3 4
1 6232944768 1 1 2 1 1 1 1 1 1 2 1 2 2 3 3 3 3 3 4
1 6232952896 1 1 1 1 2 1 1 1 1 2 1 2 2 3 3 3 3 3 4
1 6233073792 1 1 1 1 2 1 1 1 1 2 1 2 2 3 3 3 3 3 4
1 6233081920 1 1 1 1 2 1 1 1 1 2 1 2 2 3 3 3 3 3 4
1 6233088016 1 1 1 1 2 1 1 1 1 2 1 2 2 3 3 3 3 3 4
1 6233138304 1 1 1 1 2 1 1 1 1 2 1 2 2 3 3 3 3 3 4
1 6233146432 1 1 1 1 2 1 1 1 1 2 1 2 2 3 3 3 3 3 4
1 6233153544 1 1 1 1 2 1 1 1 1 2 1 2 2 3 3 3 3 3 4
1 6233539600 1 1 1 1 2 1 1 1 1 2 1 2 2 3 3 3 3 3 4
1 6233539600 1 1 1 2 1 1 1 1 1 2 1 2 2 3 3 3 3 3 4
1 6234571792 1 1 1 1 2 1 1 1 1 2 1 1 3 3 3 3 3 3 4
1 6234571793 2 1 1 1 2 1 1 1 1 2 2 2 3 3 3 3 3 3 4
1 6234573824 1 1 1 1 2 1 1 1 1 2 0 2 3 3 3 3 3 3 4
1 6250316480 1 1 1 2 1 1 1 1 1 2 2 2 2 2 3 3 3 3 4
1 6267093121 1 1 1 1 2 1 1 1 1 2 2 2 2 2 3 3 3 3 4
1 6300115328 1 1 1 1 2 1 1 1 1 2 1 2 2 3 3 3 3 3 4
1 6300123456 1 1 1 1 2 1 1 1 1 2 1 2 2 3 3 3 3 3 4
1 6300131330 1 1 1 1 2 1 1 1 1 2 1 2 2 3 3 3 3 3 4
1 6300647425 1 1 1 1 2 1 1 1 1 2 1 2 2 3 3 3 3 3 4
1 6300647425 1 1 1 2 1 1 1 1 1 2 1 2 2 3 3 3 3 3 4
1 6301679617 1 1 1 1 2 1 1 1 1 2 1 1 3 3 3 3 3 3 4
1 6312747200 1 1 1 1 1 2 1 1 1 2 2 2 2 2 3 3 3 3 4
1 6313005248 1 1 1 1 1 2 1 1 1 2 2 2 2 2 3 3 3 3 4
1 6313231040 1 1 1 1 1 2 1 1 1 2 2 2 2 2 3 3 3 3 4
1 6313231040 1 1 1 2 1 1 1 1 1 2 2 2 2 2 3 3 3 3 4
1 6317197504 1 1 1 1 1 2 1 1 1 2 2 2 2 2 3 3 3 3 4
1 6317294272 1 1 1 1 1 2 1 1 1 2 2 2 2 2 3 3 3 3 4
1 6321357248 1 1 1 1 1 2 1 1 1 2 2 2 2 2 3 3 3 3 4
1 6325586080 1 1 1 1 1 2 1 1 1 2 2 2 2 2 3 3 3 3 4
1 6325682848 1 1 1 1 1 2 1 1 1 2 2 2 2 2 3 3 3 3 4
1 6325813904 1 1 1 1 1 2 1 1 1 2 2 2 2 2 3 3 3 3 4
1 6325813904 1 1 1 2 1 1 1 1 1 2 2 2 2 2 3 3 3 3 4
1 6330007681 1 1 1 1 1 2 1 1 1 2 2 2 2 2 3 3 3 3 4
1 6330007681 1 1 1 2 1 1 1 1 1 2 2 2 2 2 3 3 3 3 4
1 6367093120 1 1 1 1 1 2 1 1 1 2 1 2 2 3 3 3 3 3 4
1 6367101248 1 1 1 1 1 2 1 1 1 2 1 2 2 3 3 3 3 3 4
1 6367109122 1 1 1 1 1 2 1 1 1 2 1 2 2 3 3 3 3 3 4
1 6367494416 1 1 1 1 1 2 1 1 1 2 1 2 2 3 3 3 3 3 4
1 6367496194 1 1 1 1 1 2 1 1 1 2 1 2 2 3 3 3 3 3 4
1 6367625217 1 1 1 1 1 2 1 1 1 2 1 2 2 3 3 3 3 3 4
1 7662493696 1 2 1 1 1 1 2 1 1 1 0 2 2 2 2 3 3 3 3
1 7670620160 1 2 1 1 1 1 2 1 1 1 0 2 2 2 2 3 3 3 3
1 8456028864 1 1 1 1 1 1 2 1 1 2 2 2 2 2 3 3 3 3 4
1 8456520324 1 1 1 1 1 1 2 1 1 2 2 2 2 2 3 3 3 3 4
1 8456520324 1 1 1 2 1 1 1 1 1 2 2 2 2 2 3 3 3 3 4
1 8464646532 1 1 1 1 1 1 2 1 1 2 2 2 2 2 3 3 3 3 4
1 8464679041 1 1 1 1 1 1 2 1 1 2 2 2 2 2 3 3 3 3 4
1 8514437379 1 1 1 1 1 1 2 1 1 2 2 2 2 3 3 3 3 3 3
1 8514453762 1 1 1 1 1 1 2 1 1 2 1 2 2 3 3 3 3 3 4
1 10977829056 1 1 1 1 1 1 1 1 2 2 2 2 2 2 2 3 3 4 4
1 11046973600 3 1 1 1 1 1 1 1 2 2 2 3 3 3 3 3 3 4 4
1 11047098560 3 1 1 1 1 1 1 1 2 2 2 3 3 3 3 3 3 4 4
1 11047102624 3 1 1 1 1 1 1 1 2 2 2 3 3 3 3 3 3 4 4
1 11109855392 3 1 1 1 1 1 1 1 2 2 2 3 3 3 3 3 3 4 4
1 11109980352 3 1 1 1 1 1 1 1 2 2 2 3 3 3 3 3 3 4 4
1 11109984416 3 1 1 1 1 1 1 1 2 2 2 3 3 3 3 3 3 4 4
1 11109986448 3 1 1 1 1 1 1 1 2 2 2 3 3 3 3 3 3 4 4
1 11110081184 3 1 1 1 1 1 1 1 2 2 2 3 3 3 3 3 3 4 4
1 11110084740 3 1 1 1 1 1 1 1 2 2 2 3 3 3 3 3 3 4 4
1 11112042688 1 1 1 1 1 1 1 1 2 2 2 2 2 2 2 3 3 4 4
1 11114139840 2 1 1 1 1 1 1 1 2 2 2 2 2 3 3 3 3 4 4
1 11114140096 3 1 1 1 1 1 1 1 2 2 2 3 3 3 3 3 3 4 4
1 11114144160 3 1 1 1 1 1 1 1 2 2 2 3 3 3 3 3 3 4 4
1 11114147970 3 1 1 1 1 1 1 1 2 2 2 3 3 3 3 3 3 4 4
1 11114664064 2 1 1 1 1 1 1 1 2 2 1 2 3 3 3 3 3 4 4
1 11116274832 3 1 1 1 1 1 1 1 2 2 2 3 3 3 3 3 3 4 4
1 11116307088 3 1 1 1 1 1 1 1 2 2 2 3 3 3 3 3 3 4 4
1 11116308612 3 1 1 1 1 1 1 1 2 2 2 3 3 3 3 3 3 4 4
1 11118203072 2 1 1 1 1 1 1 1 2 2 2 2 2 3 3 3 3 4 4
1 11118469248 2 1 1 1 1 1 1 1 2 2 1 2 3 3 3 3 3 4 4
1 11118469249 3 1 1 1 1 1 1 1 2 2 2 3 3 3 3 3 3 4 4
1 11118727296 2 1 1 1 1 1 1 1 2 2 1 2 3 3 3 3 3 4 4
1 11118856320 2 1 1 1 1 1 1 1 2 2 1 2 3 3 3 3 3 4 4
1 11126591648 2 1 1 1 1 1 1 1 2 2 2 2 2 3 3 3 3 4 4
1 11132815520 2 1 1 1 1 1 1 1 2 2 2 2 2 3 3 3 3 4 4
1 11241968320 3 1 1 1 1 1 1 1 2 2 2 3 3 3 3 3 3 4 4
1 11241972384 3 1 1 1 1 1 1 1 2 2 2 3 3 3 3 3 3 4 4
1 11241975940 3 1 1 1 1 1 1 1 2 2 2 3 3 3 3 3 3 4 4
1 11242201732 3 1 1 1 1 1 1 1 2 2 2 3 3 3 3 3 3 4 4
1 11246031040 2 1 1 1 1 1 1 1 2 2 2 2 2 3 3 3 3 4 4
1 11246264448 1 1 1 1 1 1 1 1 2 2 1 2 2 2 3 3 3 4 4
1 11246264708 3 1 1 1 1 1 1 1 2 2 2 3 3 3 3 3 3 4 4
1 11246297216 2 1 1 1 1 1 1 1 2 2 1 2 3 3 3 3 3 4 4
1 11246297217 3 1 1 1 1 1 1 1 2 2 2 3 3 3 3 3 3 4 4
1 11246555264 2 1 1 1 1 1 1 1 2 2 1 2 3 3 3 3 3 4 4
1 11246781056 2 1 1 1 1 1 1 1 2 2 1 2 3 3 3 3 3 4 4
1 11254383040 2 1 1 1 1 1 1 1 2 2 2 2 2 3 3 3 3 4 4
1 11254907008 1 1 1 1 1 1 1 1 2 2 1 1 2 3 3 3 3 4 4
1 11254907264 2 1 1 1 1 1 1 1 2 2 1 2 3 3 3 3 3 4 4
1 11258611872 2 1 1 1 1 1 1 1 2 2 2 2 2 3 3 3 3 4 4
1 11262771616 2 1 1 1 1 1 1 1 2 2 2 2 2 3 3 3 3 4 4
1 11263033472 1 1 1 1 1 1 1 1 2 2 1 1 2 3 3 3 3 4 4
1 11315802160 3 1 1 1 1 1 1 1 2 2 2 3 3 3 3 3 3 4 4
1 11315867688 3 1 1 1 1 1 1 1 2 2 2 3 3 3 3 3 3 4 4
1 11315998744 3 1 1 1 1 1 1 1 2 2 2 3 3 3 3 3 3 4 4
1 11322090544 3 1 1 1 1 1 1 1 2 2 2 3 3 3 3 3 3 4 4
1 11322091560 3 1 1 1 1 1 1 1 2 2 2 3 3 3 3 3 3 4 4
1 11382051008 2 1 1 1 1 1 1 1 2 2 2 2 2 3 3 3 3 4 4
1 11382845474 3 1 1 1 1 1 1 1 2 2 2 3 3 3 3 3 3 4 4
1 11383091328 2 1 1 1 1 1 1 1 2 2 1 2 3 3 3 3 3 4 4
1 11383099456 2 1 1 1 1 1 1 1 2 2 1 2 3 3 3 3 3 4 4
1 11383103520 2 1 1 1 1 1 1 1 2 2 1 2 3 3 3 3 3 4 4
1 11383107584 2 1 1 1 1 1 1 1 2 2 0 3 3 3 3 3 3 4 4
1 11384972336 3 1 1 1 1 1 1 1 2 2 2 3 3 3 3 3 3 4 4
1 11384973352 3 1 1 1 1 1 1 1 2 2 2 3 3 3 3 3 3 4 4
1 11384975384 3 1 1 1 1 1 1 1 2 2 2 3 3 3 3 3 3 4 4
1 11385856192 2 1 1 1 1 1 1 1 2 2 2 2 2 3 3 3 3 4 4
1 11386114240 2 1 1 1 1 1 1 1 2 2 2 2 2 3 3 3 3 4 4
1 11387035952 3 1 1 1 1 1 1 1 2 2 2 3 3 3 3 3 3 4 4
1 11387037730 3 1 1 1 1 1 1 1 2 2 2 3 3 3 3 3 3 4 4
1 11387154560 2 1 1 1 1 1 1 1 2 2 1 2 3 3 3 3 3 4 4
1 11387162688 2 1 1 1 1 1 1 1 2 2 1 2 3 3 3 3 3 4 4
1 11387166752 2 1 1 1 1 1 1 1 2 2 1 2 3 3 3 3 3 4 4
1 11387170816 2 1 1 1 1 1 1 1 2 2 0 3 3 3 3 3 3 4 4
1 11387887808 2 1 1 1 1 1 1 1 2 2 2 2 2 3 3 3 3 4 4
1 11388145856 2 1 1 1 1 1 1 1 2 2 2 2 2 3 3 3 3 4 4
1 11388339392 2 1 1 1 1 1 1 1 2 2 2 2 2 3 3 3 3 4 4
1 11389133096 3 1 1 1 1 1 1 1 2 2 2 3 3 3 3 3 3 4 4
1 11389133858 3 1 1 1 1 1 1 1 2 2 2 3 3 3 3 3 3 4 4
1 11389186176 2 1 1 1 1 1 1 1 2 2 1 2 3 3 3 3 3 4 4
1 11389194304 2 1 1 1 1 1 1 1 2 2 1 2 3 3 3 3 3 4 4
1 11389198368 2 1 1 1 1 1 1 1 2 2 1 2 3 3 3 3 3 4 4
1 11389202432 2 1 1 1 1 1 1 1 2 2 0 3 3 3 3 3 3 4 4
1 11394240704 2 1 1 1 1 1 1 1 2 2 2 2 2 3 3 3 3 4 4
1 11394502816 2 1 1 1 1 1 1 1 2 2 2 2 2 3 3 3 3 4 4
1 11394631840 2 1 1 1 1 1 1 1 2 2 2 2 2 3 3 3 3 4 4
1 11395551264 2 1 1 1 1 1 1 1 2 2 1 2 3 3 3 3 3 4 4
1 11395668096 2 1 1 1 1 1 1 1 2 2 1 2 3 3 3 3 3 4 4
1 11395680288 2 1 1 1 1 1 1 1 2 2 1 2 3 3 3 3 3 4 4
1 11395682320 2 1 1 1 1 1 1 1 2 2 1 2 3 3 3 3 3 4 4
1 11396272320 2 1 1 1 1 1 1 1 2 2 2 2 2 3 3 3 3 4 4
1 11396534432 2 1 1 1 1 1 1 1 2 2 2 2 2 3 3 3 3 4 4
1 11396727968 2 1 1 1 1 1 1 1 2 2 2 2 2 3 3 3 3 4 4
1 11397764224 2 1 1 1 1 1 1 1 2 2 1 2 3 3 3 3 3 4 4
1 11397776416 2 1 1 1 1 1 1 1 2 2 1 2 3 3 3 3 3 4 4
1 11397779464 2 1 1 1 1 1 1 1 2 2 1 2 3 3 3 3 3 4 4
1 11400335552 2 1 1 1 1 1 1 1 2 2 2 2 2 3 3 3 3 4 4
1 11400464576 2 1 1 1 1 1 1 1 2 2 2 2 2 3 3 3 3 4 4
1 11400529088 2 1 1 1 1 1 1 1 2 2 2 2 2 3 3 3 3 4 4
1 11400726688 2 1 1 1 1 1 1 1 2 2 2 2 2 3 3 3 3 4 4
1 11400791200 2 1 1 1 1 1 1 1 2 2 2 2 2 3 3 3 3 4 4
1 11400922256 2 1 1 1 1 1 1 1 2 2 2 2 2 3 3 3 3 4 4
1 11401956480 2 1 1 1 1 1 1 1 2 2 1 2 3 3 3 3 3 4 4
1 11401970704 2 1 1 1 1 1 1 1 2 2 1 2 3 3 3 3 3 4 4
1 11401971720 2 1 1 1 1 1 1 1 2 2 1 2 3 3 3 3 3 4 4
1 11489796224 1 1 1 1 1 1 1 1 2 2 1 2 2 2 3 3 3 4 4
1 11497922688 1 1 1 1 1 1 1 1 2 2 1 2 2 2 3 3 3 4 4
1 11514699840 1 1 1 1 1 1 1 1 2 2 1 2 2 2 3 3 3 4 4
1 11514961952 1 1 1 1 1 1 1 1 2 2 1 2 2 2 3 3 3 4 4
1 11522294208 2 1 1 1 1 1 1 1 2 2 2 2 2 3 3 3 3 4 4
1 11523334272 1 1 1 1 1 1 1 1 2 2 1 1 2 3 3 3 3 4 4
1 11523334528 2 1 1 1 1 1 1 1 2 2 1 2 3 3 3 3 3 4 4
1 11523350528 1 1 1 1 1 1 1 1 2 2 0 2 2 3 3 3 3 4 4
1 11523350530 2 1 1 1 1 1 1 1 2 2 1 2 3 3 3 3 3 4 4
1 11523350531 3 1 1 1 1 1 1 1 2 2 2 3 3 3 3 3 3 4 4
1 11523350784 2 1 1 1 1 1 1 1 2 2 0 3 3 3 3 3 3 4 4
1 11526131904 2 1 1 1 1 1 1 1 2 2 2 2 2 3 3 3 3 4 4
1 11526357696 2 1 1 1 1 1 1 1 2 2 2 2 2 3 3 3 3 4 4
1 11526523040 2 1 1 1 1 1 1 1 2 2 2 2 2 3 3 3 3 4 4
1 11526619808 2 1 1 1 1 1 1 1 2 2 2 2 2 3 3 3 3 4 4
1 11527559296 2 1 1 1 1 1 1 1 2 2 1 2 3 3 3 3 3 4 4
1 11527571488 2 1 1 1 1 1 1 1 2 2 1 2 3 3 3 3 3 4 4
1 11527656064 2 1 1 1 1 1 1 1 2 2 1 2 3 3 3 3 3 4 4
1 11527668256 2 1 1 1 1 1 1 1 2 2 1 2 3 3 3 3 3 4 4
1 11527671812 2 1 1 1 1 1 1 1 2 2 1 2 3 3 3 3 3 4 4
1 11530420672 2 1 1 1 1 1 1 1 2 2 2 2 2 3 3 3 3 4 4
1 11530682784 2 1 1 1 1 1 1 1 2 2 2 2 2 3 3 3 3 4 4
1 11530944640 1 1 1 1 1 1 1 1 2 2 1 1 2 3 3 3 3 4 4
1 11530944641 2 1 1 1 1 1 1 1 2 2 2 2 2 3 3 3 3 4 4
1 11531460736 1 1 1 1 1 1 1 1 2 2 1 1 2 3 3 3 3 4 4
1 11531476992 1 1 1 1 1 1 1 1 2 2 0 2 2 3 3 3 3 4 4
1 11531718784 1 1 1 1 1 1 1 1 2 2 1 1 2 3 3 3 3 4 4
1 11531993088 1 1 1 1 1 1 1 1 2 2 0 1 3 3 3 3 3 4 4
1 11531993089 2 1 1 1 1 1 1 1 2 2 1 2 3 3 3 3 3 4 4
1 11595565216 2 1 1 1 1 1 1 1 2 2 2 2 2 3 3 3 3 4 4
1 11597467808 2 1 1 1 1 1 1 1 2 2 2 2 2 3 3 3 3 4 4
1 11597596832 2 1 1 1 1 1 1 1 2 2 2 2 2 3 3 3 3 4 4
1 11597661344 2 1 1 1 1 1 1 1 2 2 2 2 2 3 3 3 3 4 4
1 11623751808 1 1 1 1 1 1 1 1 2 2 1 2 2 2 3 3 3 4 4
1 11632136320 1 1 1 1 1 1 1 1 2 2 1 2 2 2 3 3 3 4 4
1 11636199552 1 1 1 1 1 1 1 1 2 2 1 2 2 2 3 3 3 4 4
1 11648913472 1 1 1 1 1 1 1 1 2 2 1 2 2 2 3 3 3 4 4
1 11648917536 1 1 1 1 1 1 1 1 2 2 1 2 2 2 3 3 3 4 4
1 11653111824 1 1 1 1 1 1 1 1 2 2 1 2 2 2 3 3 3 4 4
1 11664638368 2 1 1 1 1 1 1 1 2 2 2 2 2 3 3 3 3 4 4
1 11665674368 1 1 1 1 1 1 1 1 2 2 1 1 2 3 3 3 3 4 4
1 11665690624 1 1 1 1 1 1 1 1 2 2 0 2 2 3 3 3 3 4 4
1 11668701600 2 1 1 1 1 1 1 1 2 2 2 2 2 3 3 3 3 4 4
1 11668963456 1 1 1 1 1 1 1 1 2 2 1 1 2 3 3 3 3 4 4
1 11668963457 2 1 1 1 1 1 1 1 2 2 2 2 2 3 3 3 3 4 4
1 11669737600 1 1 1 1 1 1 1 1 2 2 1 1 2 3 3 3 3 4 4
1 11669753856 1 1 1 1 1 1 1 1 2 2 0 2 2 3 3 3 3 4 4
1 11915256000 1 1 1 1 1 1 1 1 2 2 2 2 2 2 2 3 3 4 4
1 12047147200 1 1 1 1 1 1 1 1 2 2 2 2 2 2 2 3 3 4 4
1 12116447424 1 1 1 1 1 1 1 1 2 2 2 2 2 2 2 3 3 4 4
1 12181360832 1 1 1 1 1 1 1 1 2 2 2 2 2 2 2 3 3 4 4
1 12282020480 1 2 1 1 1 1 1 1 2 1 1 2 2 2 3 3 3 3 3
1 12314526084 1 1 1 1 1 1 1 1 2 2 2 2 2 3 3 3 3 3 3
1 12314526084 1 2 1 1 1 1 1 1 2 1 2 2 2 3 3 3 3 3 3
1 12315541892 1 1 1 1 1 1 1 1 2 2 2 2 2 2 3 3 3 3 4
1 12315542406 3 1 1 1 1 1 1 1 2 2 3 3 3 3 3 3 3 3 4
1 12315558784 1 1 1 1 1 1 1 1 2 2 1 2 3 3 3 3 3 3 3
1 12315558784 1 1 1 1 2 1 1 1 2 1 1 2 3 3 3 3 3 3 3
1 12315574660 2 1 1 1 1 1 1 1 2 2 2 2 3 3 3 3 3 3 4
1 12315574912 1 1 1 1 1 1 1 1 2 2 1 2 2 3 3 3 3 3 4
1 12315574976 2 1 1 1 1 1 1 1 2 2 2 2 2 3 3 3 3 4 4
1 12315575040 1 1 1 1 1 1 1 1 2 2 0 3 3 3 3 3 3 3 3
1 12315575168 2 1 1 1 1 1 1 1 2 2 1 3 3 3 3 3 3 3 4
1 12315575232 3 1 1 1 1 1 1 1 2 2 2 3 3 3 3 3 3 4 4
1 12315582592 1 1 1 1 1 1 1 1 2 2 1 2 2 2 3 3 3 4 4
1 12315582852 3 1 1 1 1 1 1 1 2 2 2 3 3 3 3 3 3 4 4
1 12316099200 2 1 1 1 1 1 1 1 2 2 1 2 3 3 3 3 3 4 4
1 12332319108 2 1 1 1 1 1 1 1 2 2 2 2 2 3 3 3 3 4 4
1 12332351616 1 1 1 1 1 1 1 1 2 2 1 1 2 3 3 3 3 4 4
1 12355457216 1 1 1 1 1 1 1 1 2 2 2 2 2 2 3 3 3 3 4
1 12355457216 1 1 1 1 1 1 2 1 1 2 2 2 2 2 3 3 3 3 4
1 12361745600 1 1 1 1 1 1 1 1 2 2 2 2 2 2 3 3 3 3 4
1 12361745600 1 1 1 1 1 1 1 2 1 2 2 2 2 2 3 3 3 3 4
1 12383787200 1 1 1 1 1 1 1 1 2 2 2 2 2 3 3 3 3 3 3
1 12383787200 1 1 1 1 1 1 1 2 1 2 2 2 2 3 3 3 3 3 3
1 12383787200 1 1 1 1 1 2 1 2 1 1 2 2 2 3 3 3 3 3 3
1 12383851712 1 1 1 1 1 1 1 1 2 2 2 2 2 3 3 3 3 3 3
1 12383851712 1 1 1 1 1 1 1 2 1 2 2 2 2 3 3 3 3 3 3
1 12384835776 2 1 1 1 1 1 1 1 2 2 2 2 3 3 3 3 3 3 4
1 12384835776 2 1 1 1 1 1 1 2 1 2 2 2 3 3 3 3 3 3 4
1 12384852032 2 1 1 1 1 1 1 1 2 2 1 3 3 3 3 3 3 3 4
1 12384852032 2 1 1 1 1 1 1 2 1 2 1 3 3 3 3 3 3 3 4
1 12384900288 2 1 1 1 1 1 1 1 2 2 2 2 3 3 3 3 3 3 4
1 12384900288 2 1 1 1 1 1 1 2 1 2 2 2 3 3 3 3 3 3 4
1 12384900288 2 1 1 1 1 1 2 1 1 2 2 2 3 3 3 3 3 3 4
1 12384907400 2 1 1 1 1 1 1 1 2 2 2 2 3 3 3 3 3 3 4
1 12384907400 2 1 1 1 1 1 2 1 1 2 2 2 3 3 3 3 3 3 4
1 12384916544 2 1 1 1 1 1 1 1 2 2 1 3 3 3 3 3 3 3 4
1 12384916544 2 1 1 1 1 1 1 2 1 2 1 3 3 3 3 3 3 3 4
1 12384923656 2 1 1 1 1 1 1 1 2 2 1 3 3 3 3 3 3 3 4
1 12384923656 2 1 1 1 1 1 2 1 1 2 1 3 3 3 3 3 3 3 4
1 12385126080 2 1 1 1 1 1 1 1 2 2 2 2 3 3 3 3 3 3 4
1 12385126080 2 1 1 1 1 1 1 2 1 2 2 2 3 3 3 3 3 3 4
1 12385133192 2 1 1 1 1 1 1 1 2 2 2 2 3 3 3 3 3 3 4
1 12385133192 2 1 1 1 1 1 1 2 1 2 2 2 3 3 3 3 3 3 4
1 12385313840 3 1 1 1 1 1 1 1 2 2 2 3 3 3 3 3 3 4 4
1 12385314856 3 1 1 1 1 1 1 1 2 2 2 3 3 3 3 3 3 4 4
1 12387132552 2 1 1 1 1 1 1 1 2 2 2 2 3 3 3 3 3 3 4
1 12387132552 2 1 1 1 1 1 1 2 1 2 2 2 3 3 3 3 3 3 4
1 12387148808 2 1 1 1 1 1 1 1 2 2 1 3 3 3 3 3 3 3 4
1 12387148808 2 1 1 1 1 1 1 2 1 2 1 3 3 3 3 3 3 3 4
1 12387157696 2 1 1 1 1 1 1 1 2 2 2 2 3 3 3 3 3 3 4
1 12387157696 2 1 1 1 1 1 1 2 1 2 2 2 3 3 3 3 3 3 4
1 12387157696 2 1 1 1 1 1 2 1 1 2 2 2 3 3 3 3 3 3 4
1 12387164808 2 1 1 1 1 1 1 1 2 2 2 2 3 3 3 3 3 3 4
1 12387164808 2 1 1 1 1 1 1 2 1 2 2 2 3 3 3 3 3 3 4
1 12387164808 2 1 1 1 1 1 2 1 1 2 2 2 3 3 3 3 3 3 4
1 12387165316 2 1 1 1 1 1 1 1 2 2 2 2 3 3 3 3 3 3 4
1 12387165316 2 1 1 1 1 1 1 2 1 2 2 2 3 3 3 3 3 3 4
1 12387165316 2 1 1 1 1 1 2 1 1 2 2 2 3 3 3 3 3 3 4
1 12387181572 2 1 1 1 1 1 1 1 2 2 1 3 3 3 3 3 3 3 4
1 12387181572 2 1 1 1 1 1 2 1 1 2 1 3 3 3 3 3 3 3 4
1 12387616392 2 1 1 1 1 1 1 1 2 2 2 2 3 3 3 3 3 3 4
1 12387616392 2 1 1 1 1 1 2 1 1 2 2 2 3 3 3 3 3 3 4
1 12387946944 1 1 1 1 1 1 1 1 2 2 2 2 2 3 3 3 3 3 3
1 12387946944 1 1 1 1 1 1 1 2 1 2 2 2 2 3 3 3 3 3 3
1 12387946944 1 1 1 1 1 1 2 1 1 2 2 2 2 3 3 3 3 3 3
1 12387946944 1 1 1 1 1 2 1 2 1 1 2 2 2 3 3 3 3 3 3
1 12387946944 1 1 1 1 1 2 2 1 1 1 2 2 2 3 3 3 3 3 3
1 12387946944 1 1 1 1 2 1 2 1 1 1 2 2 2 3 3 3 3 3 3
1 12387954818 1 1 1 1 1 1 1 1 2 2 2 2 2 3 3 3 3 3 3
1 12387954818 1 1 1 1 1 1 2 1 1 2 2 2 2 3 3 3 3 3 3
1 12387954818 1 1 1 1 2 1 1 1 2 1 2 2 2 3 3 3 3 3 3
1 12387954818 1 1 1 1 2 1 2 1 1 1 2 2 2 3 3 3 3 3 3
1 12387954818 1 1 2 1 2 1 1 1 1 1 2 2 2 3 3 3 3 3 3
1 12388229248 1 1 1 1 1 1 1 1 2 2 1 2 2 3 3 3 3 3 4
1 12388229248 1 1 1 1 1 1 1 2 1 2 1 2 2 3 3 3 3 3 4
1 12388229248 1 1 1 1 1 1 2 1 1 2 1 2 2 3 3 3 3 3 4
1 12388229312 2 1 1 1 1 1 1 1 2 2 2 2 2 3 3 3 3 4 4
1 12388487360 2 1 1 1 1 1 1 1 2 2 2 2 2 3 3 3 3 4 4
1 12388680832 1 1 1 1 1 1 1 1 2 2 1 2 2 3 3 3 3 3 4
1 12388680832 1 1 1 1 1 1 2 1 1 2 1 2 2 3 3 3 3 3 4
1 12388680896 2 1 1 1 1 1 1 1 2 2 2 2 2 3 3 3 3 4 4
1 12389011520 1 1 1 1 1 1 1 1 2 2 1 2 2 3 3 3 3 3 4
1 12389011520 1 1 1 1 1 1 1 2 1 2 1 2 2 3 3 3 3 3 4
1 12389011520 1 1 1 1 1 1 2 1 1 2 1 2 2 3 3 3 3 3 4
1 12389212168 1 1 1 1 1 1 1 1 2 2 1 2 2 3 3 3 3 3 4
1 12389212168 1 1 1 1 1 1 2 1 1 2 1 2 2 3 3 3 3 3 4
1 12389261440 1 1 1 1 1 1 1 1 2 2 1 1 3 3 3 3 3 3 4
1 12389261440 1 1 1 1 1 1 1 2 1 2 1 1 3 3 3 3 3 3 4
1 12389261441 2 1 1 1 1 1 1 1 2 2 2 2 3 3 3 3 3 3 4
1 12389261441 2 1 1 1 1 1 1 2 1 2 2 2 3 3 3 3 3 3 4
1 12389277696 1 1 1 1 1 1 1 1 2 2 0 2 3 3 3 3 3 3 4
1 12389277696 1 1 1 1 1 1 1 2 1 2 0 2 3 3 3 3 3 3 4
1 12389474600 3 1 1 1 1 1 1 1 2 2 2 3 3 3 3 3 3 4 4
1 12389475362 3 1 1 1 1 1 1 1 2 2 2 3 3 3 3 3 3 4 4
1 12389527680 2 1 1 1 1 1 1 1 2 2 1 2 3 3 3 3 3 4 4
1 12389535808 2 1 1 1 1 1 1 1 2 2 1 2 3 3 3 3 3 4 4
1 12389539872 2 1 1 1 1 1 1 1 2 2 1 2 3 3 3 3 3 4 4
1 12389543936 2 1 1 1 1 1 1 1 2 2 0 3 3 3 3 3 3 4 4
1 12389713024 1 1 1 1 1 1 1 1 2 2 1 1 3 3 3 3 3 3 4
1 12389713024 1 1 1 1 1 1 2 1 1 2 1 1 3 3 3 3 3 3 4
1 12389713025 2 1 1 1 1 1 1 1 2 2 2 2 3 3 3 3 3 3 4
1 12389713025 2 1 1 1 1 1 2 1 1 2 2 2 3 3 3 3 3 3 4
1 12389729280 1 1 1 1 1 1 1 1 2 2 0 2 3 3 3 3 3 3 4
1 12389729280 1 1 1 1 1 1 2 1 1 2 0 2 3 3 3 3 3 3 4
1 12394775680 1 1 1 1 1 1 1 1 2 2 1 2 2 3 3 3 3 3 4
1 12394775680 1 1 1 1 1 1 1 2 1 2 1 2 2 3 3 3 3 3 4
1 12395299904 1 1 1 1 1 1 1 1 2 2 1 2 2 3 3 3 3 3 4
1 12395299904 1 1 1 1 1 1 1 2 1 2 1 2 2 3 3 3 3 3 4
1 12395307016 1 1 1 1 1 1 1 1 2 2 1 2 2 3 3 3 3 3 4
1 12395307016 1 1 1 1 1 1 1 2 1 2 1 2 2 3 3 3 3 3 4
1 12400677056 2 1 1 1 1 1 1 1 2 2 2 2 2 3 3 3 3 4 4
1 12400870592 2 1 1 1 1 1 1 1 2 2 2 2 2 3 3 3 3 4 4
1 12401068192 2 1 1 1 1 1 1 1 2 2 2 2 2 3 3 3 3 4 4
1 12401132704 2 1 1 1 1 1 1 1 2 2 2 2 2 3 3 3 3 4 4
1 12402104448 2 1 1 1 1 1 1 1 2 2 1 2 3 3 3 3 3 4 4
1 12402116640 2 1 1 1 1 1 1 1 2 2 1 2 3 3 3 3 3 4 4
1 12402168960 2 1 1 1 1 1 1 1 2 2 1 2 3 3 3 3 3 4 4
1 12402181152 2 1 1 1 1 1 1 1 2 2 1 2 3 3 3 3 3 4 4
1 12402184200 2 1 1 1 1 1 1 1 2 2 1 2 3 3 3 3 3 4 4
1 12402902208 2 1 1 1 1 1 1 1 2 2 2 2 2 3 3 3 3 4 4
1 12403164320 2 1 1 1 1 1 1 1 2 2 2 2 2 3 3 3 3 4 4
1 12403360904 2 1 1 1 1 1 1 1 2 2 2 2 2 3 3 3 3 4 4
1 12404409352 2 1 1 1 1 1 1 1 2 2 1 2 3 3 3 3 3 4 4
1 12417556608 1 2 1 1 1 1 2 1 1 1 1 2 2 2 3 3 3 3 3
1 12418040448 1 2 1 1 1 1 2 1 1 1 1 2 2 2 3 3 3 3 3
1 12418339008 1 1 1 1 1 1 1 1 2 2 2 2 2 2 3 3 3 3 4
1 12418339008 1 1 1 1 1 1 2 1 1 2 2 2 2 2 3 3 3 3 4
1 12424103040 1 2 1 1 1 1 2 1 1 1 1 2 2 2 3 3 3 3 3
1 12424135296 1 2 1 1 1 1 2 1 1 1 1 2 2 2 3 3 3 3 3
1 12424627392 1 1 1 1 1 1 1 1 2 2 2 2 2 2 3 3 3 3 4
1 12424627392 1 1 1 1 1 1 1 2 1 2 2 2 2 2 3 3 3 3 4
1 12424627392 1 1 1 1 1 1 2 1 1 2 2 2 2 2 3 3 3 3 4
1 12426691008 1 1 1 1 1 1 1 1 2 2 2 2 2 2 3 3 3 3 4
1 12426691008 1 1 1 1 1 1 1 2 1 2 2 2 2 2 3 3 3 3 4
1 12426691008 1 1 1 1 1 1 2 1 1 2 2 2 2 2 3 3 3 3 4
1 12427223168 1 1 1 1 1 1 1 1 2 2 1 2 2 2 3 3 3 4 4
1 12435349632 1 1 1 1 1 1 1 1 2 2 1 2 2 2 3 3 3 4 4
1 12441371016 1 1 1 1 1 1 1 1 2 2 2 2 2 2 3 3 3 3 4
1 12441371016 1 1 1 1 1 1 2 1 1 2 2 2 2 2 3 3 3 3 4
1 12441444480 1 1 1 1 1 1 1 1 2 2 1 2 2 2 3 3 3 4 4
1 12452126784 1 1 1 1 1 1 1 1 2 2 1 2 2 2 3 3 3 4 4
1 12452388896 1 1 1 1 1 1 1 1 2 2 1 2 2 2 3 3 3 4 4
1 12457205888 1 1 1 1 1 1 1 1 2 2 1 2 2 3 3 3 3 3 4
1 12457205888 1 1 1 1 1 1 1 2 1 2 1 2 2 3 3 3 3 3 4
1 12457657472 1 1 1 1 1 1 1 1 2 2 1 2 2 3 3 3 3 3 4
1 12457657472 1 1 1 1 1 1 1 2 1 2 1 2 2 3 3 3 3 3 4
1 12457657472 1 1 1 1 1 1 2 1 1 2 1 2 2 3 3 3 3 3 4
1 12458181696 1 1 1 1 1 1 1 1 2 2 1 2 2 3 3 3 3 3 4
1 12458181696 1 1 1 1 1 1 1 2 1 2 1 2 2 3 3 3 3 3 4
1 12458188808 1 1 1 1 1 1 1 1 2 2 1 2 2 3 3 3 3 3 4
1 12458188808 1 1 1 1 1 1 1 2 1 2 1 2 2 3 3 3 3 3 4
1 12458188808 1 1 1 1 1 1 2 1 1 2 1 2 2 3 3 3 3 3 4
1 12458656648 2 1 1 1 1 1 1 1 2 2 2 2 3 3 3 3 3 3 4
1 12458656648 2 1 1 1 1 1 2 1 1 2 2 2 3 3 3 3 3 3 4
1 12458680328 1 1 1 1 1 1 1 1 2 2 1 2 2 2 3 3 3 4 4
1 12458689664 1 1 1 1 1 1 1 1 2 2 1 1 3 3 3 3 3 3 4
1 12458689664 1 1 1 1 1 1 2 1 1 2 1 1 3 3 3 3 3 3 4
1 12458689665 2 1 1 1 1 1 1 1 2 2 2 2 3 3 3 3 3 3 4
1 12458689665 2 1 1 1 1 1 2 1 1 2 2 2 3 3 3 3 3 3 4
1 12458705920 1 1 1 1 1 1 1 1 2 2 0 2 3 3 3 3 3 3 4
1 12458705920 1 1 1 1 1 1 2 1 1 2 0 2 3 3 3 3 3 3 4
1 12459188610 1 1 1 1 1 1 1 1 2 2 2 2 2 3 3 3 3 3 3
1 12459188610 1 1 1 1 1 1 1 2 1 2 2 2 2 3 3 3 3 3 3
1 12459188610 1 1 1 1 1 2 1 2 1 1 2 2 2 3 3 3 3 3 3
1 12459188610 1 1 1 1 1 2 2 1 1 1 2 2 2 3 3 3 3 3 3
1 12459721088 1 1 1 1 1 1 1 1 2 2 1 2 2 3 3 3 3 3 4
1 12459721088 1 1 1 1 1 1 1 2 1 2 1 2 2 3 3 3 3 3 4
1 12459721152 2 1 1 1 1 1 1 1 2 2 2 2 2 3 3 3 3 4 4
1 12460245312 1 1 1 1 1 1 1 1 2 2 1 2 2 3 3 3 3 3 4
1 12460245312 1 1 1 1 1 1 1 2 1 2 1 2 2 3 3 3 3 3 4
1 12460253186 1 1 1 1 1 1 1 1 2 2 1 2 2 3 3 3 3 3 4
1 12460253186 1 1 1 1 1 1 1 2 1 2 1 2 2 3 3 3 3 3 4
1 12460761216 1 1 1 1 1 1 1 1 2 2 1 1 2 3 3 3 3 4 4
1 12460761472 2 1 1 1 1 1 1 1 2 2 1 2 3 3 3 3 3 4 4
1 12460777472 1 1 1 1 1 1 1 1 2 2 0 2 2 3 3 3 3 4 4
1 12460777474 2 1 1 1 1 1 1 1 2 2 1 2 3 3 3 3 3 4 4
1 12460777475 3 1 1 1 1 1 1 1 2 2 2 3 3 3 3 3 3 4 4
1 12460777728 2 1 1 1 1 1 1 1 2 2 0 3 3 3 3 3 3 4 4
1 12465590464 2 1 1 1 1 1 1 1 2 2 2 2 2 3 3 3 3 4 4
1 12465784000 2 1 1 1 1 1 1 1 2 2 2 2 2 3 3 3 3 4 4
1 12465816256 2 1 1 1 1 1 1 1 2 2 2 2 2 3 3 3 3 4 4
1 12466046112 2 1 1 1 1 1 1 1 2 2 2 2 2 3 3 3 3 4 4
1 12466078368 2 1 1 1 1 1 1 1 2 2 2 2 2 3 3 3 3 4 4
1 12466274952 2 1 1 1 1 1 1 1 2 2 2 2 2 3 3 3 3 4 4
1 12467082368 2 1 1 1 1 1 1 1 2 2 1 2 3 3 3 3 3 4 4
1 12467094560 2 1 1 1 1 1 1 1 2 2 1 2 3 3 3 3 3 4 4
1 12467097608 2 1 1 1 1 1 1 1 2 2 1 2 3 3 3 3 3 4 4
1 12467114624 2 1 1 1 1 1 1 1 2 2 1 2 3 3 3 3 3 4 4
1 12467126816 2 1 1 1 1 1 1 1 2 2 1 2 3 3 3 3 3 4 4
1 12467130372 2 1 1 1 1 1 1 1 2 2 1 2 3 3 3 3 3 4 4
1 12467308160 2 1 1 1 1 1 1 1 2 2 1 2 3 3 3 3 3 4 4
1 12467323400 2 1 1 1 1 1 1 1 2 2 1 2 3 3 3 3 3 4 4
1 12467323908 2 1 1 1 1 1 1 1 2 2 1 2 3 3 3 3 3 4 4
1 12467847616 2 1 1 1 1 1 1 1 2 2 2 2 2 3 3 3 3 4 4
1 12468109728 2 1 1 1 1 1 1 1 2 2 2 2 2 3 3 3 3 4 4
1 12468371584 1 1 1 1 1 1 1 1 2 2 1 1 2 3 3 3 3 4 4
1 12468371585 2 1 1 1 1 1 1 1 2 2 2 2 2 3 3 3 3 4 4
1 12468887680 1 1 1 1 1 1 1 1 2 2 1 1 2 3 3 3 3 4 4
1 12468903936 1 1 1 1 1 1 1 1 2 2 0 2 2 3 3 3 3 4 4
1 12469145728 1 1 1 1 1 1 1 1 2 2 1 1 2 3 3 3 3 4 4
1 12469420032 1 1 1 1 1 1 1 1 2 2 0 1 3 3 3 3 3 4 4
1 12469420033 2 1 1 1 1 1 1 1 2 2 1 2 3 3 3 3 3 4 4
1 12473861506 1 1 1 1 1 1 1 1 2 2 2 2 2 3 3 3 3 3 3
1 12473861506 1 1 1 1 1 1 2 1 1 2 2 2 2 3 3 3 3 3 3
1 12473861506 1 1 1 1 2 1 2 1 1 1 2 2 2 3 3 3 3 3 3
1 12473942400 1 1 1 1 1 1 1 1 2 2 1 2 2 3 3 3 3 3 4
1 12473942400 1 1 1 1 1 1 2 1 1 2 1 2 2 3 3 3 3 3 4
1 12473942464 2 1 1 1 1 1 1 1 2 2 2 2 2 3 3 3 3 4 4
1 12474401160 2 1 1 1 1 1 1 1 2 2 2 2 2 3 3 3 3 4 4
1 12474466432 1 1 1 1 1 1 1 1 2 2 1 1 2 3 3 3 3 4 4
1 12474466433 2 1 1 1 1 1 1 1 2 2 2 2 2 3 3 3 3 4 4
1 12474925320 1 1 1 1 1 1 1 1 2 2 1 2 2 3 3 3 3 3 4
1 12474925320 1 1 1 1 1 1 2 1 1 2 1 2 2 3 3 3 3 3 4
1 12474926082 1 1 1 1 1 1 1 1 2 2 1 2 2 3 3 3 3 3 4
1 12474926082 1 1 1 1 1 1 2 1 1 2 1 2 2 3 3 3 3 3 4
1 12474982528 1 1 1 1 1 1 1 1 2 2 1 1 2 3 3 3 3 4 4
1 12474998784 1 1 1 1 1 1 1 1 2 2 0 2 2 3 3 3 3 4 4
1 12475434112 1 1 1 1 1 1 1 1 2 2 1 1 2 3 3 3 3 4 4
1 12549931648 1 2 1 1 1 1 1 2 1 1 1 2 2 2 3 3 3 3 3
1 12550455872 1 2 1 1 1 2 1 1 1 1 1 2 2 2 3 3 3 3 3
1 12550456000 1 1 1 1 1 1 1 1 2 2 2 2 2 2 3 3 3 3 4
1 12550456000 1 1 1 1 1 1 1 2 1 2 2 2 2 2 3 3 3 3 4
1 12567200132 1 1 1 1 1 1 1 1 2 2 2 2 2 2 3 3 3 3 4
1 12567200132 1 1 1 1 1 1 1 2 1 2 2 2 2 2 3 3 3 3 4
1 12567240832 1 1 1 1 1 1 1 1 2 2 1 2 2 2 3 3 3 4 4
1 12584017984 1 1 1 1 1 1 1 1 2 2 1 2 2 2 3 3 3 4 4
1 12584509444 1 1 1 1 1 1 1 1 2 2 1 2 2 2 3 3 3 4 4
1 12599738816 2 1 1 1 1 1 1 1 2 2 2 2 2 3 3 3 3 4 4
1 12600230276 2 1 1 1 1 1 1 1 2 2 2 2 2 3 3 3 3 4 4
1 12600262784 1 1 1 1 1 1 1 1 2 2 1 1 2 3 3 3 3 4 4
1 12600262785 2 1 1 1 1 1 1 1 2 2 2 2 2 3 3 3 3 4 4
1 12600778880 1 1 1 1 1 1 1 1 2 2 1 1 2 3 3 3 3 4 4
1 12600795136 1 1 1 1 1 1 1 1 2 2 0 2 2 3 3 3 3 4 4
1 12601262720 1 1 1 1 1 1 1 1 2 2 1 1 2 3 3 3 3 4 4
1 12601262976 2 1 1 1 1 1 1 1 2 2 1 2 3 3 3 3 3 4 4
1 12601278724 2 1 1 1 1 1 1 1 2 2 1 2 3 3 3 3 3 4 4
1 12601311232 1 1 1 1 1 1 1 1 2 2 0 1 3 3 3 3 3 4 4
1 12601311233 2 1 1 1 1 1 1 1 2 2 1 2 3 3 3 3 3 4 4
1 12624093312 1 1 1 1 1 1 1 1 2 2 1 2 2 2 3 3 3 4 4
1 12630188160 1 1 1 1 1 1 1 1 2 2 1 2 2 2 3 3 3 4 4
1 12636541056 1 1 1 1 1 1 1 1 2 2 1 2 2 2 3 3 3 4 4
1 12638572672 1 1 1 1 1 1 1 1 2 2 1 2 2 2 3 3 3 4 4
1 12653318208 1 1 1 1 1 1 1 1 2 2 1 2 2 2 3 3 3 4 4
1 12653322272 1 1 1 1 1 1 1 1 2 2 1 2 2 2 3 3 3 4 4
1 12655550472 1 1 1 1 1 1 1 1 2 2 1 2 2 2 3 3 3 4 4
1 12666914976 2 1 1 1 1 1 1 1 2 2 2 2 2 3 3 3 3 4 4
1 12666979488 2 1 1 1 1 1 1 1 2 2 2 2 2 3 3 3 3 4 4
1 12667208328 2 1 1 1 1 1 1 1 2 2 2 2 2 3 3 3 3 4 4
1 12669043104 2 1 1 1 1 1 1 1 2 2 2 2 2 3 3 3 3 4 4
1 12669304960 1 1 1 1 1 1 1 1 2 2 1 1 2 3 3 3 3 4 4
1 12669304961 2 1 1 1 1 1 1 1 2 2 2 2 2 3 3 3 3 4 4
1 12670079104 1 1 1 1 1 1 1 1 2 2 1 1 2 3 3 3 3 4 4
1 12670095360 1 1 1 1 1 1 1 1 2 2 0 2 2 3 3 3 3 4 4
1 12671074720 2 1 1 1 1 1 1 1 2 2 2 2 2 3 3 3 3 4 4
1 12671271304 2 1 1 1 1 1 1 1 2 2 2 2 2 3 3 3 3 4 4
1 12671336576 1 1 1 1 1 1 1 1 2 2 1 1 2 3 3 3 3 4 4
1 12671336577 2 1 1 1 1 1 1 1 2 2 2 2 2 3 3 3 3 4 4
1 12672110720 1 1 1 1 1 1 1 1 2 2 1 1 2 3 3 3 3 4 4
1 12672126976 1 1 1 1 1 1 1 1 2 2 0 2 2 3 3 3 3 4 4
1 12672304256 1 1 1 1 1 1 1 1 2 2 1 1 2 3 3 3 3 4 4
1 12693069952 1 1 1 1 1 1 1 1 2 2 1 2 2 2 3 3 3 4 4
1 12701454464 1 1 1 1 1 1 1 1 2 2 1 2 2 2 3 3 3 4 4
1 12709806464 1 1 1 1 1 1 1 1 2 2 1 2 2 2 3 3 3 4 4
1 12718231616 1 1 1 1 1 1 1 1 2 2 1 2 2 2 3 3 3 4 4
1 12718235680 1 1 1 1 1 1 1 1 2 2 1 2 2 2 3 3 3 4 4
1 12718465028 1 1 1 1 1 1 1 1 2 2 1 2 2 2 3 3 3 4 4
1 12742312322 2 1 1 1 1 1 1 1 2 2 2 2 2 3 3 3 3 4 4
1 12743344512 1 1 1 1 1 1 1 1 2 2 1 1 2 3 3 3 3 4 4
1 12743360768 1 1 1 1 1 1 1 1 2 2 0 2 2 3 3 3 3 4 4
1 13100409024 1 1 1 1 1 1 1 1 2 2 2 2 2 2 2 3 3 4 4
1 13108535488 1 1 1 1 1 1 1 1 2 2 2 2 2 2 2 3 3 4 4
1 13112598720 1 1 1 1 1 1 1 1 2 2 2 2 2 2 2 3 3 4 4
1 13242749120 1 1 1 1 1 1 1 1 2 2 2 2 2 2 2 3 3 4 4
1 13246812352 1 1 1 1 1 1 1 1 2 2 2 2 2 2 2 3 3 4 4
1 13313919168 1 1 1 1 1 1 1 1 2 2 2 2 2 2 2 3 3 4 4
1 13462876256 2 1 1 1 1 1 1 1 2 2 2 2 3 3 3 3 3 3 4
1 13462876256 2 1 2 1 1 1 1 1 1 2 2 2 3 3 3 3 3 3 4
1 13463005280 2 1 1 1 1 1 1 1 2 2 2 2 3 3 3 3 3 3 4
1 13463005280 2 1 1 1 1 1 1 2 1 2 2 2 3 3 3 3 3 3 4
1 13463005280 2 2 1 1 1 1 1 1 1 2 2 2 3 3 3 3 3 3 4
1 13463456864 2 1 1 1 1 1 1 1 2 2 2 2 3 3 3 3 3 3 4
1 13463456864 2 1 1 2 1 1 1 1 1 2 2 2 3 3 3 3 3 3 4
1 13463456864 2 2 1 1 1 1 1 1 1 2 2 2 3 3 3 3 3 3 4
1 13463458896 2 1 1 1 1 1 1 1 2 2 2 2 3 3 3 3 3 3 4
1 13463458896 2 1 1 2 1 1 1 1 1 2 2 2 3 3 3 3 3 3 4
1 13467199568 2 1 1 1 1 1 1 1 2 2 2 2 3 3 3 3 3 3 4
1 13467199568 2 1 1 1 1 1 1 2 1 2 2 2 3 3 3 3 3 3 4
1 13467264080 2 1 1 1 1 1 1 1 2 2 2 2 3 3 3 3 3 3 4
1 13467264080 2 1 1 1 1 1 1 2 1 2 2 2 3 3 3 3 3 3 4
1 13467457616 2 1 1 1 1 1 1 1 2 2 2 2 3 3 3 3 3 3 4
1 13467520096 2 1 1 1 1 1 1 1 2 2 2 2 3 3 3 3 3 3 4
1 13467520096 2 2 1 1 1 1 1 1 1 2 2 2 3 3 3 3 3 3 4
1 13467522128 2 1 1 1 1 1 1 1 2 2 2 2 3 3 3 3 3 3 4
1 13467523144 2 1 1 1 1 1 1 1 2 2 2 2 3 3 3 3 3 3 4
1 13467651152 2 1 1 1 1 1 1 1 2 2 2 2 3 3 3 3 3 3 4
1 13467651152 2 1 1 1 1 1 1 2 1 2 2 2 3 3 3 3 3 3 4
1 13467651152 2 1 1 2 1 1 1 1 1 2 2 2 3 3 3 3 3 3 4
1 13482331160 2 1 1 1 1 1 1 1 2 2 2 2 3 3 3 3 3 3 4
1 13482331160 2 1 1 1 2 1 1 1 1 2 2 2 3 3 3 3 3 3 4
1 13495980224 1 1 1 1 1 1 1 1 2 2 2 2 2 2 3 3 3 3 4
1 13495980224 1 1 1 2 1 1 1 1 1 2 2 2 2 2 3 3 3 3 4
1 13499785408 1 1 1 1 1 1 1 1 2 2 2 2 2 2 3 3 3 3 4
1 13499785408 1 1 1 1 1 1 1 2 1 2 2 2 2 2 3 3 3 3 4
1 13500043456 1 1 1 1 1 1 1 1 2 2 2 2 2 2 3 3 3 3 4
1 13500172480 1 1 1 1 1 1 1 1 2 2 2 2 2 2 3 3 3 3 4
1 13500172480 1 1 1 1 1 1 1 2 1 2 2 2 2 2 3 3 3 3 4
1 13500172480 1 1 1 2 1 1 1 1 1 2 2 2 2 2 3 3 3 3 4
1 13514851472 1 1 1 1 1 1 1 1 2 2 2 2 2 2 3 3 3 3 4
1 13514851472 1 1 1 1 2 1 1 1 1 2 2 2 2 2 3 3 3 3 4
1 13529526400 1 1 1 1 1 1 1 1 2 2 1 2 2 3 3 3 3 3 4
1 13529526400 1 1 1 2 1 1 1 1 1 2 1 2 2 3 3 3 3 3 4
1 13529534528 1 1 1 1 1 1 1 1 2 2 1 2 2 3 3 3 3 3 4
1 13529534528 1 1 1 1 1 1 1 2 1 2 1 2 2 3 3 3 3 3 4
1 13529534528 1 1 1 2 1 1 1 1 1 2 1 2 2 3 3 3 3 3 4
1 13530046816 2 1 1 1 1 1 1 1 2 2 2 2 3 3 3 3 3 3 4
1 13530046816 2 1 1 1 1 1 1 2 1 2 2 2 3 3 3 3 3 3 4
1 13530046816 2 2 1 1 1 1 1 1 1 2 2 2 3 3 3 3 3 3 4
1 13530566720 1 1 1 1 1 1 1 1 2 2 1 1 3 3 3 3 3 3 4
1 13530566720 1 1 1 2 1 1 1 1 1 2 1 1 3 3 3 3 3 3 4
1 13530566721 2 1 1 1 1 1 1 1 2 2 2 2 3 3 3 3 3 3 4
1 13530566721 2 1 1 2 1 1 1 1 1 2 2 2 3 3 3 3 3 3 4
1 13530574848 1 1 1 1 1 1 1 1 2 2 0 2 3 3 3 3 3 3 4
1 13530574848 1 1 1 2 1 1 1 1 1 2 0 2 3 3 3 3 3 3 4
1 13530574848 1 1 2 1 1 1 1 1 1 2 0 2 3 3 3 3 3 3 4
1 13532177488 2 1 1 1 1 1 1 1 2 2 2 2 3 3 3 3 3 3 4
1 13532177488 2 1 1 1 1 1 1 2 1 2 2 2 3 3 3 3 3 3 4
1 13532209744 2 1 1 1 1 1 1 1 2 2 2 2 3 3 3 3 3 3 4
1 13532209744 2 1 1 1 1 1 1 2 1 2 2 2 3 3 3 3 3 3 4
1 13532433504 2 1 1 1 1 1 1 1 2 2 2 2 3 3 3 3 3 3 4
1 13532433504 2 2 1 1 1 1 1 1 1 2 2 2 3 3 3 3 3 3 4
1 13532435536 2 1 1 1 1 1 1 1 2 2 2 2 3 3 3 3 3 3 4
1 13532465760 2 1 1 1 1 1 1 1 2 2 2 2 3 3 3 3 3 3 4
1 13532465760 2 1 1 1 1 1 1 2 1 2 2 2 3 3 3 3 3 3 4
1 13532465760 2 2 1 1 1 1 1 1 1 2 2 2 3 3 3 3 3 3 4
1 13532467792 2 1 1 1 1 1 1 1 2 2 2 2 3 3 3 3 3 3 4
1 13532467792 2 1 1 1 1 1 1 2 1 2 2 2 3 3 3 3 3 3 4
1 13532469316 2 1 1 1 1 1 1 1 2 2 2 2 3 3 3 3 3 3 4
1 13532469316 2 1 1 1 1 1 1 2 1 2 2 2 3 3 3 3 3 3 4
1 13532661328 2 1 1 1 1 1 1 1 2 2 2 2 3 3 3 3 3 3 4
1 13532661328 2 1 1 1 1 1 1 2 1 2 2 2 3 3 3 3 3 3 4
1 13532661328 2 1 1 2 1 1 1 1 1 2 2 2 3 3 3 3 3 3 4
1 13532662852 2 1 1 1 1 1 1 1 2 2 2 2 3 3 3 3 3 3 4
1 13532662852 2 1 1 1 1 1 1 2 1 2 2 2 3 3 3 3 3 3 4
1 13532662852 2 1 1 2 1 1 1 1 1 2 2 2 3 3 3 3 3 3 4
1 13533339712 1 1 1 1 1 1 1 1 2 2 1 2 2 3 3 3 3 3 4
1 13533339712 1 1 1 1 1 1 1 2 1 2 1 2 2 3 3 3 3 3 4
1 13533589632 1 1 1 1 1 1 1 1 2 2 1 2 2 3 3 3 3 3 4
1 13533589632 1 1 1 1 1 1 1 2 1 2 1 2 2 3 3 3 3 3 4
1 13533589632 1 1 2 1 1 1 1 1 1 2 1 2 2 3 3 3 3 3 4
1 13533597760 1 1 1 1 1 1 1 1 2 2 1 2 2 3 3 3 3 3 4
1 13533597760 1 1 1 1 1 1 1 2 1 2 1 2 2 3 3 3 3 3 4
1 13533601824 1 1 1 1 1 1 1 1 2 2 1 2 2 3 3 3 3 3 4
1 13533601824 1 1 1 1 1 1 1 2 1 2 1 2 2 3 3 3 3 3 4
1 13533726784 1 1 1 1 1 1 1 1 2 2 1 2 2 3 3 3 3 3 4
1 13533726784 1 1 1 1 1 1 1 2 1 2 1 2 2 3 3 3 3 3 4
1 13533726784 1 1 1 2 1 1 1 1 1 2 1 2 2 3 3 3 3 3 4
1 13533732880 1 1 1 1 1 1 1 1 2 2 1 2 2 3 3 3 3 3 4
1 13533732880 1 1 1 1 1 1 1 2 1 2 1 2 2 3 3 3 3 3 4
1 13533732880 1 1 1 2 1 1 1 1 1 2 1 2 2 3 3 3 3 3 4
1 13534371904 1 1 1 1 1 1 1 1 2 2 1 1 3 3 3 3 3 3 4
1 13534371904 1 1 1 1 1 1 1 2 1 2 1 1 3 3 3 3 3 3 4
1 13534371905 2 1 1 1 1 1 1 1 2 2 2 2 3 3 3 3 3 3 4
1 13534371905 2 1 1 1 1 1 1 2 1 2 2 2 3 3 3 3 3 3 4
1 13534629952 1 1 1 1 1 1 1 1 2 2 1 1 3 3 3 3 3 3 4
1 13534629953 2 1 1 1 1 1 1 1 2 2 2 2 3 3 3 3 3 3 4
1 13534638080 1 1 1 1 1 1 1 1 2 2 0 2 3 3 3 3 3 3 4
1 13534638080 1 1 2 1 1 1 1 1 1 2 0 2 3 3 3 3 3 3 4
1 13534758976 1 1 1 1 1 1 1 1 2 2 1 1 3 3 3 3 3 3 4
1 13534758976 1 1 1 1 1 1 1 2 1 2 1 1 3 3 3 3 3 3 4
1 13534758976 1 1 1 2 1 1 1 1 1 2 1 1 3 3 3 3 3 3 4
1 13534758977 2 1 1 1 1 1 1 1 2 2 2 2 3 3 3 3 3 3 4
1 13534758977 2 1 1 1 1 1 1 2 1 2 2 2 3 3 3 3 3 3 4
1 135347…12415 tokens truncated…56834 1 1 2 1 1 1 1 1 1 2 1 2 2 3 3 3 3 3 4
1 23406714880 1 1 2 1 1 1 1 1 1 2 0 1 2 3 3 3 3 3 4
1 23406714881 1 1 1 1 1 1 1 1 2 2 1 2 2 3 3 3 3 3 4
1 23406714881 1 1 1 1 1 2 1 1 1 2 1 2 2 3 3 3 3 3 4
1 23406714881 1 1 2 1 1 1 1 1 1 2 1 2 2 3 3 3 3 3 4
1 23408480320 1 2 1 1 1 1 1 1 1 2 1 1 1 3 3 3 3 3 4
1 23408480576 1 1 1 1 1 1 1 1 2 2 1 2 2 3 3 3 3 3 4
1 23408480576 1 1 1 1 1 2 1 1 1 2 1 2 2 3 3 3 3 3 4
1 23408480576 1 1 1 1 2 1 1 1 1 2 1 2 2 3 3 3 3 3 4
1 23408480576 2 2 1 1 1 1 1 1 1 2 1 2 2 3 3 3 3 3 4
1 23408484640 1 1 1 1 1 1 1 1 2 2 1 2 2 3 3 3 3 3 4
1 23408484640 1 1 1 1 1 2 1 1 1 2 1 2 2 3 3 3 3 3 4
1 23408484640 1 1 1 1 2 1 1 1 1 2 1 2 2 3 3 3 3 3 4
1 23408484640 1 1 2 1 1 1 1 1 1 2 1 2 2 3 3 3 3 3 4
1 23408488450 1 1 1 1 1 1 1 1 2 2 1 2 2 3 3 3 3 3 4
1 23408488450 1 1 1 1 1 2 1 1 1 2 1 2 2 3 3 3 3 3 4
1 23408488450 1 1 1 1 2 1 1 1 1 2 1 2 2 3 3 3 3 3 4
1 23408488450 1 1 2 1 1 1 1 1 1 2 1 2 2 3 3 3 3 3 4
1 23408681224 1 1 1 1 1 1 1 1 2 2 1 2 2 3 3 3 3 3 4
1 23408681224 1 1 1 1 1 2 1 1 1 2 1 2 2 3 3 3 3 3 4
1 23408681224 1 1 1 1 2 1 1 1 1 2 1 2 2 3 3 3 3 3 4
1 23408681224 1 1 2 1 1 1 1 1 1 2 1 2 2 3 3 3 3 3 4
1 23408681986 1 1 1 1 1 1 1 1 2 2 1 2 2 3 3 3 3 3 4
1 23408681986 1 1 1 1 1 2 1 1 1 2 1 2 2 3 3 3 3 3 4
1 23408681986 1 1 1 1 2 1 1 1 1 2 1 2 2 3 3 3 3 3 4
1 23408681986 1 1 2 1 1 1 1 1 1 2 1 2 2 3 3 3 3 3 4
1 23408746496 1 1 2 1 1 1 1 1 1 2 0 1 2 3 3 3 3 3 4
1 23408746497 1 1 1 1 1 1 1 1 2 2 1 2 2 3 3 3 3 3 4
1 23408746497 1 1 1 1 1 2 1 1 1 2 1 2 2 3 3 3 3 3 4
1 23408746497 1 1 1 1 2 1 1 1 1 2 1 2 2 3 3 3 3 3 4
1 23408746497 1 1 2 1 1 1 1 1 1 2 1 2 2 3 3 3 3 3 4
1 23421297344 1 1 1 1 1 1 1 1 2 2 2 2 2 2 3 3 3 3 4
1 23421297344 1 1 1 1 1 2 1 1 1 2 2 2 2 2 3 3 3 3 4
1 23421297344 1 1 2 1 1 1 1 1 1 2 2 2 2 2 3 3 3 3 4
1 23421297344 1 2 1 1 1 1 1 1 1 2 2 2 2 2 3 3 3 3 4
1 23421559456 1 1 1 1 1 1 1 1 2 2 2 2 2 2 3 3 3 3 4
1 23421559456 1 1 1 1 1 2 1 1 1 2 2 2 2 2 3 3 3 3 4
1 23421559456 1 1 1 2 1 1 1 1 1 2 2 2 2 2 3 3 3 3 4
1 23421563012 1 1 1 1 1 1 1 1 2 2 2 2 2 2 3 3 3 3 4
1 23421563012 1 1 1 1 1 2 1 1 1 2 2 2 2 2 3 3 3 3 4
1 23421563012 1 1 1 2 1 1 1 1 1 2 2 2 2 2 3 3 3 3 4
1 23421563012 1 1 2 1 1 1 1 1 1 2 2 2 2 2 3 3 3 3 4
1 23429915012 1 1 1 1 1 1 1 1 2 2 2 2 2 2 3 3 3 3 4
1 23429915012 1 1 1 1 1 2 1 1 1 2 2 2 2 2 3 3 3 3 4
1 23429915012 1 1 1 2 1 1 1 1 1 2 2 2 2 2 3 3 3 3 4
1 23429915266 1 1 1 1 1 1 1 1 2 2 2 2 2 2 3 3 3 3 4
1 23429915266 1 1 1 1 1 2 1 1 1 2 2 2 2 2 3 3 3 3 4
1 23429915266 1 1 1 2 1 1 1 1 1 2 2 2 2 2 3 3 3 3 4
1 23429915266 1 1 2 1 1 1 1 1 1 2 2 2 2 2 3 3 3 3 4
1 23429947520 1 1 2 1 1 1 1 1 1 2 1 1 2 2 3 3 3 3 4
1 23430471744 1 1 2 1 1 1 1 1 1 2 1 1 2 2 3 3 3 3 4
1 23430955584 1 2 1 1 1 1 1 1 1 2 1 1 2 2 3 3 3 3 4
1 23438856256 1 2 1 1 1 1 1 1 1 2 1 1 2 2 3 3 3 3 4
1 23439082048 1 2 1 1 1 1 1 1 1 2 1 1 2 2 3 3 3 3 4
1 23447208256 1 2 1 1 1 1 1 1 1 2 1 1 2 2 3 3 3 3 4
1 23479714112 1 2 1 1 1 1 1 1 1 2 1 1 1 3 3 3 3 3 4
1 23479722242 1 1 1 1 1 1 1 1 2 2 1 2 2 3 3 3 3 3 4
1 23479722242 1 1 1 1 1 2 1 1 1 2 1 2 2 3 3 3 3 3 4
1 23479722242 1 1 2 1 1 1 1 1 1 2 1 2 2 3 3 3 3 3 4
1 23701250112 1 2 1 1 1 1 1 1 1 2 1 2 2 2 2 3 3 3 4
1 23709634624 1 2 1 1 1 1 1 1 1 2 1 2 2 2 2 3 3 3 4
1 23715729472 1 2 1 1 1 1 1 1 1 2 1 2 2 2 2 3 3 3 4
1 23768227904 1 2 1 1 1 1 1 1 1 2 1 2 2 2 2 3 3 3 4
1 23770259520 1 2 1 1 1 1 1 1 1 2 1 2 2 2 2 3 3 3 4
1 23776612416 1 2 1 1 1 1 1 1 1 2 1 2 2 2 2 3 3 3 4
1 23778644032 1 2 1 1 1 1 1 1 1 2 1 2 2 2 2 3 3 3 4
1 23782836288 1 2 1 1 1 1 1 1 1 2 1 2 2 2 2 3 3 3 4
1 23841525824 1 2 1 1 1 1 1 1 1 2 1 2 2 2 2 3 3 3 4
1 23849877824 1 2 1 1 1 1 1 1 1 2 1 2 2 2 2 3 3 3 4
1 24429899936 1 1 1 1 1 1 1 1 2 2 2 2 2 2 3 3 3 3 4
1 24429899936 1 1 1 1 1 1 2 1 1 2 2 2 2 2 3 3 3 3 4
1 24429899936 1 1 2 1 1 1 1 1 1 2 2 2 2 2 3 3 3 3 4
1 24430024896 1 1 1 1 1 1 1 1 2 2 2 2 2 2 3 3 3 3 4
1 24430024896 1 1 1 1 1 1 2 1 1 2 2 2 2 2 3 3 3 3 4
1 24430024896 1 1 1 1 1 2 1 1 1 2 2 2 2 2 3 3 3 3 4
1 24430024896 1 2 1 1 1 1 1 1 1 2 2 2 2 2 3 3 3 3 4
1 24430028960 1 1 1 1 1 1 1 1 2 2 2 2 2 2 3 3 3 3 4
1 24430028960 1 1 1 1 1 1 2 1 1 2 2 2 2 2 3 3 3 3 4
1 24430028960 1 1 1 1 1 2 1 1 1 2 2 2 2 2 3 3 3 3 4
1 24430028960 1 1 2 1 1 1 1 1 1 2 2 2 2 2 3 3 3 3 4
1 24430030992 1 1 1 1 1 1 1 1 2 2 2 2 2 2 3 3 3 3 4
1 24430030992 1 1 1 1 1 1 2 1 1 2 2 2 2 2 3 3 3 3 4
1 24430030992 1 1 1 1 1 2 1 1 1 2 2 2 2 2 3 3 3 3 4
1 24430030992 1 1 2 1 1 1 1 1 1 2 2 2 2 2 3 3 3 3 4
1 24430125728 1 1 1 1 1 1 1 1 2 2 2 2 2 2 3 3 3 3 4
1 24430125728 1 1 1 1 1 1 2 1 1 2 2 2 2 2 3 3 3 3 4
1 24430125728 1 1 1 1 1 2 1 1 1 2 2 2 2 2 3 3 3 3 4
1 24430125728 1 1 2 1 1 1 1 1 1 2 2 2 2 2 3 3 3 3 4
1 24430129284 1 1 1 1 1 1 1 1 2 2 2 2 2 2 3 3 3 3 4
1 24430129284 1 1 1 1 1 1 2 1 1 2 2 2 2 2 3 3 3 3 4
1 24430129284 1 1 1 1 1 2 1 1 1 2 2 2 2 2 3 3 3 3 4
1 24430129284 1 1 2 1 1 1 1 1 1 2 2 2 2 2 3 3 3 3 4
1 24434184640 1 1 1 1 1 1 1 1 2 2 2 2 2 2 3 3 3 3 4
1 24434184640 1 1 1 1 1 1 2 1 1 2 2 2 2 2 3 3 3 3 4
1 24434184640 1 2 1 1 1 1 1 1 1 2 2 2 2 2 3 3 3 3 4
1 24434188704 1 1 1 1 1 1 1 1 2 2 2 2 2 2 3 3 3 3 4
1 24434188704 1 1 1 1 1 1 2 1 1 2 2 2 2 2 3 3 3 3 4
1 24434188704 1 1 2 1 1 1 1 1 1 2 2 2 2 2 3 3 3 3 4
1 24434192514 1 1 1 1 1 1 1 1 2 2 2 2 2 2 3 3 3 3 4
1 24434192514 1 1 1 1 1 1 2 1 1 2 2 2 2 2 3 3 3 3 4
1 24434192514 1 1 2 1 1 1 1 1 1 2 2 2 2 2 3 3 3 3 4
1 24435232832 1 2 1 1 1 1 1 1 1 2 1 1 2 2 3 3 3 3 4
1 24436319376 1 1 1 1 1 1 1 1 2 2 2 2 2 2 3 3 3 3 4
1 24436319376 1 1 1 1 1 1 2 1 1 2 2 2 2 2 3 3 3 3 4
1 24436319376 1 1 1 1 1 2 1 1 1 2 2 2 2 2 3 3 3 3 4
1 24436319376 1 1 2 1 1 1 1 1 1 2 2 2 2 2 3 3 3 3 4
1 24436351632 1 1 1 1 1 1 1 1 2 2 2 2 2 2 3 3 3 3 4
1 24436351632 1 1 1 1 1 1 2 1 1 2 2 2 2 2 3 3 3 3 4
1 24436351632 1 1 1 1 1 2 1 1 1 2 2 2 2 2 3 3 3 3 4
1 24436351632 1 1 2 1 1 1 1 1 1 2 2 2 2 2 3 3 3 3 4
1 24436353156 1 1 1 1 1 1 1 1 2 2 2 2 2 2 3 3 3 3 4
1 24436353156 1 1 1 1 1 1 2 1 1 2 2 2 2 2 3 3 3 3 4
1 24436353156 1 1 1 1 1 2 1 1 1 2 2 2 2 2 3 3 3 3 4
1 24436353156 1 1 2 1 1 1 1 1 1 2 2 2 2 2 3 3 3 3 4
1 24438513792 1 1 2 1 1 1 1 1 1 2 1 1 2 2 3 3 3 3 4
1 24438513793 1 1 1 1 1 1 1 1 2 2 2 2 2 2 3 3 3 3 4
1 24438513793 1 1 1 1 1 1 2 1 1 2 2 2 2 2 3 3 3 3 4
1 24438513793 1 1 2 1 1 1 1 1 1 2 2 2 2 2 3 3 3 3 4
1 24439296064 1 2 1 1 1 1 1 1 1 2 1 1 2 2 3 3 3 3 4
1 24439425088 1 2 1 1 1 1 1 1 1 2 1 1 2 2 3 3 3 3 4
1 24478062624 1 1 1 1 1 1 1 1 2 2 1 2 2 3 3 3 3 3 4
1 24478062624 1 1 1 1 1 1 2 1 1 2 1 2 2 3 3 3 3 3 4
1 24478062624 1 1 1 1 1 2 1 1 1 2 1 2 2 3 3 3 3 3 4
1 24478258192 1 1 1 1 1 1 1 1 2 2 1 2 2 3 3 3 3 3 4
1 24478258192 1 1 1 1 1 1 2 1 1 2 1 2 2 3 3 3 3 3 4
1 24478258192 1 1 1 1 1 2 1 1 1 2 1 2 2 3 3 3 3 3 4
1 24480190752 1 1 1 1 1 1 1 1 2 2 1 2 2 3 3 3 3 3 4
1 24480190752 1 1 1 1 1 1 2 1 1 2 1 2 2 3 3 3 3 3 4
1 24480190752 1 1 1 1 1 2 1 1 1 2 1 2 2 3 3 3 3 3 4
1 24480321808 1 1 1 1 1 1 1 1 2 2 1 2 2 3 3 3 3 3 4
1 24480321808 1 1 1 1 1 1 2 1 1 2 1 2 2 3 3 3 3 3 4
1 24480321808 1 1 1 1 1 2 1 1 1 2 1 2 2 3 3 3 3 3 4
1 24480323586 1 1 1 1 1 1 1 1 2 2 1 2 2 3 3 3 3 3 4
1 24480323586 1 1 1 1 1 1 2 1 1 2 1 2 2 3 3 3 3 3 4
1 24480323586 1 1 1 1 1 2 1 1 1 2 1 2 2 3 3 3 3 3 4
1 24486414624 1 1 1 1 1 1 1 1 2 2 1 2 2 3 3 3 3 3 4
1 24486414624 1 1 1 1 1 1 2 1 1 2 1 2 2 3 3 3 3 3 4
1 24486414624 1 1 1 1 2 1 1 1 1 2 1 2 2 3 3 3 3 3 4
1 24486416656 1 1 1 1 1 1 1 1 2 2 1 2 2 3 3 3 3 3 4
1 24486416656 1 1 1 1 1 1 2 1 1 2 1 2 2 3 3 3 3 3 4
1 24486416656 1 1 1 1 1 2 1 1 1 2 1 2 2 3 3 3 3 3 4
1 24486416656 1 1 1 1 2 1 1 1 1 2 1 2 2 3 3 3 3 3 4
1 24486418434 1 1 1 1 1 1 1 1 2 2 1 2 2 3 3 3 3 3 4
1 24486418434 1 1 1 1 1 1 2 1 1 2 1 2 2 3 3 3 3 3 4
1 24486418434 1 1 1 1 1 2 1 1 1 2 1 2 2 3 3 3 3 3 4
1 24486418434 1 1 1 1 2 1 1 1 1 2 1 2 2 3 3 3 3 3 4
1 24486547457 1 1 1 1 1 1 1 1 2 2 1 2 2 3 3 3 3 3 4
1 24486547457 1 1 1 1 1 1 2 1 1 2 1 2 2 3 3 3 3 3 4
1 24486547457 1 1 1 1 2 1 1 1 1 2 1 2 2 3 3 3 3 3 4
1 24495035072 1 1 1 1 1 1 1 1 2 2 2 2 2 2 3 3 3 3 4
1 24495035072 1 1 1 1 1 1 2 1 1 2 2 2 2 2 3 3 3 3 4
1 24495035072 1 2 1 1 1 1 1 1 1 2 2 2 2 2 3 3 3 3 4
1 24495039136 1 1 1 1 1 1 1 1 2 2 2 2 2 2 3 3 3 3 4
1 24495039136 1 1 1 1 1 1 2 1 1 2 2 2 2 2 3 3 3 3 4
1 24495039136 1 1 2 1 1 1 1 1 1 2 2 2 2 2 3 3 3 3 4
1 24495042692 1 1 1 1 1 1 1 1 2 2 2 2 2 2 3 3 3 3 4
1 24495042692 1 1 1 1 1 1 2 1 1 2 2 2 2 2 3 3 3 3 4
1 24495042692 1 1 2 1 1 1 1 1 1 2 2 2 2 2 3 3 3 3 4
1 24503394692 1 1 1 1 1 1 1 1 2 2 2 2 2 2 3 3 3 3 4
1 24503394692 1 1 1 1 1 1 2 1 1 2 2 2 2 2 3 3 3 3 4
1 24503394692 1 1 2 1 1 1 1 1 1 2 2 2 2 2 3 3 3 3 4
1 24503427200 1 1 2 1 1 1 1 1 1 2 1 1 2 2 3 3 3 3 4
1 24503427201 1 1 1 1 1 1 1 1 2 2 2 2 2 2 3 3 3 3 4
1 24503427201 1 1 1 1 1 1 2 1 1 2 2 2 2 2 3 3 3 3 4
1 24503427201 1 1 2 1 1 1 1 1 1 2 2 2 2 2 3 3 3 3 4
1 24504209472 1 2 1 1 1 1 1 1 1 2 1 1 2 2 3 3 3 3 4
1 24504435264 1 2 1 1 1 1 1 1 1 2 1 1 2 2 3 3 3 3 4
1 24553459970 1 1 1 1 1 1 1 1 2 2 1 2 2 3 3 3 3 3 4
1 24553459970 1 1 1 1 1 1 2 1 1 2 1 2 2 3 3 3 3 3 4
1 24553459970 1 1 1 1 2 1 1 1 1 2 1 2 2 3 3 3 3 3 4
1 24562012864 1 1 1 1 1 1 1 1 2 2 2 2 2 2 3 3 3 3 4
1 24562012864 1 1 1 1 1 1 2 1 1 2 2 2 2 2 3 3 3 3 4
1 24562012864 1 1 1 1 1 2 1 1 1 2 2 2 2 2 3 3 3 3 4
1 24562012864 1 2 1 1 1 1 1 1 1 2 2 2 2 2 3 3 3 3 4
1 24562016928 1 1 1 1 1 1 1 1 2 2 2 2 2 2 3 3 3 3 4
1 24562016928 1 1 1 1 1 1 2 1 1 2 2 2 2 2 3 3 3 3 4
1 24562016928 1 1 1 1 1 2 1 1 1 2 2 2 2 2 3 3 3 3 4
1 24562016928 1 1 2 1 1 1 1 1 1 2 2 2 2 2 3 3 3 3 4
1 24562020484 1 1 1 1 1 1 1 1 2 2 2 2 2 2 3 3 3 3 4
1 24562020484 1 1 1 1 1 1 2 1 1 2 2 2 2 2 3 3 3 3 4
1 24562020484 1 1 1 1 1 2 1 1 1 2 2 2 2 2 3 3 3 3 4
1 24562020484 1 1 2 1 1 1 1 1 1 2 2 2 2 2 3 3 3 3 4
1 24562147984 1 1 1 1 1 1 1 1 2 2 2 2 2 2 3 3 3 3 4
1 24562147984 1 1 1 1 1 1 2 1 1 2 2 2 2 2 3 3 3 3 4
1 24562147984 1 1 1 1 1 2 1 1 1 2 2 2 2 2 3 3 3 3 4
1 24562147984 1 1 2 1 1 1 1 1 1 2 2 2 2 2 3 3 3 3 4
1 24562149508 1 1 1 1 1 1 1 1 2 2 2 2 2 2 3 3 3 3 4
1 24562149508 1 1 1 1 1 1 2 1 1 2 2 2 2 2 3 3 3 3 4
1 24562149508 1 1 1 1 1 2 1 1 1 2 2 2 2 2 3 3 3 3 4
1 24562149508 1 1 2 1 1 1 1 1 1 2 2 2 2 2 3 3 3 3 4
1 24562246276 1 1 1 1 1 1 1 1 2 2 2 2 2 2 3 3 3 3 4
1 24562246276 1 1 1 1 1 1 2 1 1 2 2 2 2 2 3 3 3 3 4
1 24562246276 1 1 1 1 1 2 1 1 1 2 2 2 2 2 3 3 3 3 4
1 24562246276 1 1 2 1 1 1 1 1 1 2 2 2 2 2 3 3 3 3 4
1 24566309252 1 1 1 1 1 1 1 1 2 2 2 2 2 2 3 3 3 3 4
1 24566309252 1 1 1 1 1 1 2 1 1 2 2 2 2 2 3 3 3 3 4
1 24566309252 1 1 1 1 1 2 1 1 1 2 2 2 2 2 3 3 3 3 4
1 24566309252 1 1 2 1 1 1 1 1 1 2 2 2 2 2 3 3 3 3 4
1 24566309506 1 1 1 1 1 1 1 1 2 2 2 2 2 2 3 3 3 3 4
1 24566309506 1 1 1 1 1 1 2 1 1 2 2 2 2 2 3 3 3 3 4
1 24566309506 1 1 1 1 1 2 1 1 1 2 2 2 2 2 3 3 3 3 4
1 24566309506 1 1 2 1 1 1 1 1 1 2 2 2 2 2 3 3 3 3 4
1 24566341760 1 1 2 1 1 1 1 1 1 2 1 1 2 2 3 3 3 3 4
1 24566341761 1 1 1 1 1 1 1 1 2 2 2 2 2 2 3 3 3 3 4
1 24566341761 1 1 1 1 1 1 2 1 1 2 2 2 2 2 3 3 3 3 4
1 24566341761 1 1 1 1 1 2 1 1 1 2 2 2 2 2 3 3 3 3 4
1 24566341761 1 1 2 1 1 1 1 1 1 2 2 2 2 2 3 3 3 3 4
1 24567124032 1 2 1 1 1 1 1 1 1 2 1 1 2 2 3 3 3 3 4
1 24567349824 1 2 1 1 1 1 1 1 1 2 1 1 2 2 3 3 3 3 4
1 24571316288 1 2 1 1 1 1 1 1 1 2 1 1 2 2 3 3 3 3 4
1 24571413056 1 2 1 1 1 1 1 1 1 2 1 1 2 2 3 3 3 3 4
1 24575476032 1 2 1 1 1 1 1 1 1 2 1 1 2 2 3 3 3 3 4
1 24620566786 1 1 1 1 1 1 1 1 2 2 1 2 2 3 3 3 3 3 4
1 24620566786 1 1 1 1 1 1 2 1 1 2 1 2 2 3 3 3 3 3 4
1 24620566786 1 1 1 1 1 2 1 1 1 2 1 2 2 3 3 3 3 3 4
1 24707686464 1 2 1 1 1 1 1 1 1 2 1 2 2 2 2 3 3 3 4
1 24716070976 1 2 1 1 1 1 1 1 1 2 1 2 2 2 2 3 3 3 4
1 24722359360 1 2 1 1 1 1 1 1 1 2 1 2 2 2 2 3 3 3 4
1 24848155712 1 2 1 1 1 1 1 1 1 2 1 2 2 2 2 3 3 3 4
1 24850219328 1 2 1 1 1 1 1 1 1 2 1 2 2 2 2 3 3 3 4
1 25635619776 1 1 1 1 1 1 1 1 2 2 2 2 2 2 3 3 3 3 4
1 25635619776 1 1 1 1 1 1 2 1 1 2 2 2 2 2 3 3 3 3 4
1 25635619776 1 2 1 1 1 1 1 1 1 2 2 2 2 2 3 3 3 3 4
1 25635627396 1 1 1 1 1 1 1 1 2 2 2 2 2 2 3 3 3 3 4
1 25635627396 1 1 1 1 1 1 2 1 1 2 2 2 2 2 3 3 3 3 4
1 25635627396 1 1 2 1 1 1 1 1 1 2 2 2 2 2 3 3 3 3 4
1 25636667968 1 2 1 1 1 1 1 1 1 2 1 1 2 2 3 3 3 3 4
1 32218898624 1 1 1 1 1 1 1 1 2 2 2 2 2 2 2 3 3 4 4
1 32219156672 1 1 1 1 1 1 1 1 2 2 2 2 2 2 2 3 3 4 4
1 32219680832 1 2 1 1 1 1 1 1 1 2 1 2 2 2 2 3 3 3 4
1 32225445056 1 1 1 1 1 1 1 1 2 2 2 2 2 2 2 3 3 4 4
1 32225969216 1 2 1 1 1 1 1 1 1 2 1 2 2 2 2 3 3 3 4
1 32231737504 1 1 1 1 1 1 1 1 2 2 2 2 2 2 2 3 3 4 4
1 32231802016 1 1 1 1 1 1 1 1 2 2 2 2 2 2 2 3 3 4 4
1 32288326848 1 1 1 1 1 1 1 1 2 2 2 2 2 2 2 3 3 4 4
1 32288851008 1 2 1 1 1 1 1 1 1 2 1 2 2 2 2 3 3 3 4
1 32290390464 1 1 1 1 1 1 1 1 2 2 2 2 2 2 2 3 3 4 4
1 32290914624 1 2 1 1 1 1 1 1 1 2 1 2 2 2 2 3 3 3 4
1 32296715424 1 1 1 1 1 1 1 1 2 2 2 2 2 2 2 3 3 4 4
1 32296747680 1 1 1 1 1 1 1 1 2 2 2 2 2 2 2 3 3 4 4
1 32430899588 1 1 1 1 1 1 1 1 2 2 2 2 2 2 2 3 3 4 4
1 32430932097 1 1 1 1 1 1 1 1 2 2 2 2 2 2 2 3 3 4 4
1 33017662112 1 1 1 1 1 1 1 1 2 2 2 2 2 2 3 3 3 3 4
1 33017662112 1 1 1 1 1 1 1 2 1 2 2 2 2 2 3 3 3 3 4
1 33017662112 1 1 1 1 1 1 2 1 1 2 2 2 2 2 3 3 3 3 4
1 33017665668 1 1 1 1 1 1 1 1 2 2 2 2 2 2 3 3 3 3 4
1 33017665668 1 1 1 1 1 1 1 2 1 2 2 2 2 2 3 3 3 3 4
1 33017665668 1 1 1 1 1 2 1 1 1 2 2 2 2 2 3 3 3 3 4
1 33019793796 1 1 1 1 1 1 1 1 2 2 2 2 2 2 3 3 3 3 4
1 33019793796 1 1 1 1 1 1 1 2 1 2 2 2 2 2 3 3 3 3 4
1 33019793796 1 1 1 1 1 2 1 1 1 2 2 2 2 2 3 3 3 3 4
1 33019834496 1 1 1 1 1 1 1 1 2 2 1 2 2 2 3 3 3 4 4
1 33019846688 1 1 1 1 1 1 1 1 2 2 1 2 2 2 3 3 3 4 4
1 33020060288 1 1 1 1 1 1 1 1 2 2 1 2 2 2 3 3 3 4 4
1 33020076036 1 1 1 1 1 1 1 1 2 2 1 2 2 2 3 3 3 4 4
1 33020233760 1 1 1 1 1 1 1 1 2 2 1 2 2 2 3 3 3 4 4
1 33020334084 1 1 1 1 1 1 1 1 2 2 1 2 2 2 3 3 3 4 4
1 33024393504 1 1 1 1 1 1 1 1 2 2 1 2 2 2 3 3 3 4 4
1 33024397314 1 1 1 1 1 1 1 1 2 2 1 2 2 2 3 3 3 4 4
1 33067926832 2 1 1 1 1 1 1 1 2 2 2 2 2 3 3 3 3 4 4
1 33067993120 1 1 1 1 1 1 1 1 2 2 1 1 2 3 3 3 3 4 4
1 33067997184 1 1 1 1 1 1 1 1 2 2 0 2 2 3 3 3 3 4 4
1 33069992226 2 1 1 1 1 1 1 1 2 2 2 2 2 3 3 3 3 4 4
1 33070121248 1 1 1 1 1 1 1 1 2 2 1 1 2 3 3 3 3 4 4
1 33070125312 1 1 1 1 1 1 1 1 2 2 0 2 2 3 3 3 3 4 4
1 33070383105 1 1 1 1 1 1 1 1 2 2 1 1 2 3 3 3 3 4 4
1 33084703648 1 1 1 1 1 1 1 1 2 2 2 2 2 2 3 3 3 3 4
1 33084703648 1 1 1 1 1 1 1 2 1 2 2 2 2 2 3 3 3 3 4
1 33084703648 1 1 1 1 1 1 2 1 1 2 2 2 2 2 3 3 3 3 4
1 33084707204 1 1 1 1 1 1 1 1 2 2 2 2 2 2 3 3 3 3 4
1 33084707204 1 1 1 1 1 1 1 2 1 2 2 2 2 2 3 3 3 3 4
1 33084707204 1 1 1 1 1 1 2 1 1 2 2 2 2 2 3 3 3 3 4
1 33084973696 1 1 1 1 1 1 1 1 2 2 1 2 2 2 3 3 3 4 4
1 33084989444 1 1 1 1 1 1 1 1 2 2 1 2 2 2 3 3 3 4 4
1 33085243936 1 1 1 1 1 1 1 1 2 2 1 2 2 2 3 3 3 4 4
1 33085247492 1 1 1 1 1 1 1 1 2 2 1 2 2 2 3 3 3 4 4
1 33093599492 1 1 1 1 1 1 1 1 2 2 1 2 2 2 3 3 3 4 4
1 33093599746 1 1 1 1 1 1 1 1 2 2 1 2 2 2 3 3 3 4 4
1 33143390466 1 1 1 1 1 1 1 1 2 2 1 1 2 3 3 3 3 4 4
1 33143390467 2 1 1 1 1 1 1 1 2 2 2 2 2 3 3 3 3 4 4
1 33288216576 1 2 1 1 1 1 1 2 1 1 0 2 2 2 2 3 3 3 3
1 33288216768 1 1 1 1 1 1 1 1 2 2 2 2 2 2 2 3 3 4 4
1 33288668160 1 2 1 1 1 1 1 2 1 1 0 2 2 2 2 3 3 3 3
1 33288668352 1 1 1 1 1 1 1 1 2 2 2 2 2 2 2 3 3 4 4
1 33289192512 1 2 1 1 1 1 1 1 1 2 1 2 2 2 2 3 3 3 4
1 33303348360 1 1 1 1 1 1 1 1 2 2 2 2 2 2 2 3 3 4 4
1 33303380616 1 1 1 1 1 1 1 1 2 2 2 2 2 2 2 3 3 4 4
1 45171888320 1 1 1 1 1 1 1 1 2 2 2 2 2 2 2 3 3 4 4
1 45175951552 1 1 1 1 1 1 1 1 2 2 2 2 2 2 2 3 3 4 4
1 45177983168 1 1 1 1 1 1 1 1 2 2 2 2 2 2 2 3 3 4 4
1 45184340128 1 1 1 1 1 1 1 1 2 2 2 2 2 2 2 3 3 4 4
1 45186371744 1 1 1 1 1 1 1 1 2 2 2 2 2 2 2 3 3 4 4
1 45190564000 1 1 1 1 1 1 1 1 2 2 2 2 2 2 2 3 3 4 4
1 45312131520 1 1 1 1 1 1 1 1 2 2 2 2 2 2 2 3 3 4 4
1 45316360352 1 1 1 1 1 1 1 1 2 2 2 2 2 2 2 3 3 4 4
1 45320520096 1 1 1 1 1 1 1 1 2 2 2 2 2 2 2 3 3 4 4
1 45402413104 3 1 1 1 1 1 1 1 2 2 2 3 3 3 3 3 3 4 4
1 45402477616 3 1 1 1 1 1 1 1 2 2 2 3 3 3 3 3 3 4 4
1 45402511396 3 1 1 1 1 1 1 1 2 2 2 3 3 3 3 3 3 4 4
1 45402707980 3 1 1 1 1 1 1 1 2 2 2 3 3 3 3 3 3 4 4
1 45405655200 2 1 1 1 1 1 1 1 2 2 2 2 2 3 3 3 3 4 4
1 45405784224 2 1 1 1 1 1 1 1 2 2 2 2 2 3 3 3 3 4 4
1 45406703648 2 1 1 1 1 1 1 1 2 2 1 2 3 3 3 3 3 4 4
1 45406820480 2 1 1 1 1 1 1 1 2 2 1 2 3 3 3 3 3 4 4
1 45406832672 2 1 1 1 1 1 1 1 2 2 1 2 3 3 3 3 3 4 4
1 45406836736 2 1 1 1 1 1 1 1 2 2 0 3 3 3 3 3 3 4 4
1 45440323712 1 1 1 1 1 1 1 1 2 2 1 2 2 2 3 3 3 4 4
1 45444386944 1 1 1 1 1 1 1 1 2 2 1 2 2 2 3 3 3 4 4
1 45467423280 3 1 1 1 1 1 1 1 2 2 2 3 3 3 3 3 3 4 4
1 45467424804 3 1 1 1 1 1 1 1 2 2 2 3 3 3 3 3 3 4 4
1 45467521572 3 1 1 1 1 1 1 1 2 2 2 3 3 3 3 3 3 4 4
1 45467619864 3 1 1 1 1 1 1 1 2 2 2 3 3 3 3 3 3 4 4
1 45467620372 3 1 1 1 1 1 1 1 2 2 2 3 3 3 3 3 3 4 4
1 45468536992 2 1 1 1 1 1 1 1 2 2 2 2 2 3 3 3 3 4 4
1 45468666016 2 1 1 1 1 1 1 1 2 2 2 2 2 3 3 3 3 4 4
1 45468762784 2 1 1 1 1 1 1 1 2 2 2 2 2 3 3 3 3 4 4
1 45469552672 1 1 1 1 1 1 1 1 2 2 1 2 2 2 3 3 3 4 4
1 45469552932 3 1 1 1 1 1 1 1 2 2 2 3 3 3 3 3 3 4 4
1 45469585440 2 1 1 1 1 1 1 1 2 2 1 2 3 3 3 3 3 4 4
1 45469585441 3 1 1 1 1 1 1 1 2 2 2 3 3 3 3 3 3 4 4
1 45469683728 1 1 1 1 1 1 1 1 2 2 1 2 2 2 3 3 3 4 4
1 45469702272 2 1 1 1 1 1 1 1 2 2 1 2 3 3 3 3 3 4 4
1 45469714464 2 1 1 1 1 1 1 1 2 2 1 2 3 3 3 3 3 4 4
1 45469716496 2 1 1 1 1 1 1 1 2 2 1 2 3 3 3 3 3 4 4
1 45469718528 2 1 1 1 1 1 1 1 2 2 0 3 3 3 3 3 3 4 4
1 45469799040 2 1 1 1 1 1 1 1 2 2 1 2 3 3 3 3 3 4 4
1 45469811232 2 1 1 1 1 1 1 1 2 2 1 2 3 3 3 3 3 4 4
1 45469814788 2 1 1 1 1 1 1 1 2 2 1 2 3 3 3 3 3 4 4
1 45472825760 2 1 1 1 1 1 1 1 2 2 2 2 2 3 3 3 3 4 4
1 45473861760 1 1 1 1 1 1 1 1 2 2 1 1 2 3 3 3 3 4 4
1 45473862016 2 1 1 1 1 1 1 1 2 2 1 2 3 3 3 3 3 4 4
1 45473874208 2 1 1 1 1 1 1 1 2 2 1 2 3 3 3 3 3 4 4
1 45473878016 1 1 1 1 1 1 1 1 2 2 0 2 2 3 3 3 3 4 4
1 45473878018 2 1 1 1 1 1 1 1 2 2 1 2 3 3 3 3 3 4 4
1 45473878272 2 1 1 1 1 1 1 1 2 2 0 3 3 3 3 3 3 4 4
1 45474760864 2 1 1 1 1 1 1 1 2 2 2 2 2 3 3 3 3 4 4
1 45474857632 2 1 1 1 1 1 1 1 2 2 2 2 2 3 3 3 3 4 4
1 45474956432 2 1 1 1 1 1 1 1 2 2 2 2 2 3 3 3 3 4 4
1 45474988688 2 1 1 1 1 1 1 1 2 2 2 2 2 3 3 3 3 4 4
1 45475990656 2 1 1 1 1 1 1 1 2 2 1 2 3 3 3 3 3 4 4
1 45476004880 2 1 1 1 1 1 1 1 2 2 1 2 3 3 3 3 3 4 4
1 45476022912 2 1 1 1 1 1 1 1 2 2 1 2 3 3 3 3 3 4 4
1 45476037136 2 1 1 1 1 1 1 1 2 2 1 2 3 3 3 3 3 4 4
1 45476038660 2 1 1 1 1 1 1 1 2 2 1 2 3 3 3 3 3 4 4
1 45476888992 2 1 1 1 1 1 1 1 2 2 2 2 2 3 3 3 3 4 4
1 45477020048 2 1 1 1 1 1 1 1 2 2 2 2 2 3 3 3 3 4 4
1 45477150848 1 1 1 1 1 1 1 1 2 2 1 1 2 3 3 3 3 4 4
1 45477150849 2 1 1 1 1 1 1 1 2 2 2 2 2 3 3 3 3 4 4
1 45477924992 1 1 1 1 1 1 1 1 2 2 1 1 2 3 3 3 3 4 4
1 45477941248 1 1 1 1 1 1 1 1 2 2 0 2 2 3 3 3 3 4 4
1 45478054016 1 1 1 1 1 1 1 1 2 2 1 1 2 3 3 3 3 4 4
1 45478199296 1 1 1 1 1 1 1 1 2 2 0 1 3 3 3 3 3 4 4
1 45478199297 2 1 1 1 1 1 1 1 2 2 1 2 3 3 3 3 3 4 4
1 45572214912 1 1 1 1 1 1 1 1 2 2 1 2 2 2 3 3 3 4 4
1 45580566912 1 1 1 1 1 1 1 1 2 2 1 2 2 2 3 3 3 4 4
1 45600653984 2 1 1 1 1 1 1 1 2 2 2 2 2 3 3 3 3 4 4
1 45600883332 2 1 1 1 1 1 1 1 2 2 2 2 2 3 3 3 3 4 4
1 45601571632 3 1 1 1 1 1 1 1 2 2 2 3 3 3 3 3 3 4 4
1 45601572896 1 1 1 1 1 1 1 1 2 2 1 2 2 2 3 3 3 4 4
1 45601573156 3 1 1 1 1 1 1 1 2 2 2 3 3 3 3 3 3 4 4
1 45601673220 1 1 1 1 1 1 1 1 2 2 1 2 2 2 3 3 3 4 4
1 45601690240 2 1 1 1 1 1 1 1 2 2 1 2 3 3 3 3 3 4 4
1 45601702432 2 1 1 1 1 1 1 1 2 2 1 2 3 3 3 3 3 4 4
1 45601705988 2 1 1 1 1 1 1 1 2 2 1 2 3 3 3 3 3 4 4
1 45601706496 2 1 1 1 1 1 1 1 2 2 0 3 3 3 3 3 3 4 4
1 45601931780 2 1 1 1 1 1 1 1 2 2 1 2 3 3 3 3 3 4 4
1 45604716960 2 1 1 1 1 1 1 1 2 2 2 2 2 3 3 3 3 4 4
1 45604946308 2 1 1 1 1 1 1 1 2 2 2 2 2 3 3 3 3 4 4
1 45604978816 1 1 1 1 1 1 1 1 2 2 1 1 2 3 3 3 3 4 4
1 45604978817 2 1 1 1 1 1 1 1 2 2 2 2 2 3 3 3 3 4 4
1 45605752960 1 1 1 1 1 1 1 1 2 2 1 1 2 3 3 3 3 4 4
1 45605769216 1 1 1 1 1 1 1 1 2 2 0 2 2 3 3 3 3 4 4
1 45605978752 1 1 1 1 1 1 1 1 2 2 1 1 2 3 3 3 3 4 4
1 45605979008 2 1 1 1 1 1 1 1 2 2 1 2 3 3 3 3 3 4 4
1 45605994756 2 1 1 1 1 1 1 1 2 2 1 2 3 3 3 3 3 4 4
1 45606027264 1 1 1 1 1 1 1 1 2 2 0 1 3 3 3 3 3 4 4
1 45606027265 2 1 1 1 1 1 1 1 2 2 1 2 3 3 3 3 3 4 4
1 45613072770 2 1 1 1 1 1 1 1 2 2 2 2 2 3 3 3 3 4 4
1 45614104960 1 1 1 1 1 1 1 1 2 2 1 1 2 3 3 3 3 4 4
1 45614121216 1 1 1 1 1 1 1 1 2 2 0 2 2 3 3 3 3 4 4
1 45674082464 2 1 1 1 1 1 1 1 2 2 2 2 2 3 3 3 3 4 4
1 45674207424 2 1 1 1 1 1 1 1 2 2 2 2 2 3 3 3 3 4 4
1 45674211488 2 1 1 1 1 1 1 1 2 2 2 2 2 3 3 3 3 4 4
1 45674213520 2 1 1 1 1 1 1 1 2 2 2 2 2 3 3 3 3 4 4
1 45674276000 2 1 1 1 1 1 1 1 2 2 2 2 2 3 3 3 3 4 4
1 45674279048 2 1 1 1 1 1 1 1 2 2 2 2 2 3 3 3 3 4 4
1 45675517984 2 1 1 1 1 1 1 1 2 2 1 2 3 3 3 3 3 4 4
1 45675582496 2 1 1 1 1 1 1 1 2 2 1 2 3 3 3 3 3 4 4
1 45675711520 2 1 1 1 1 1 1 1 2 2 1 2 3 3 3 3 3 4 4
1 45675713552 2 1 1 1 1 1 1 1 2 2 1 2 3 3 3 3 3 4 4
1 45675714568 2 1 1 1 1 1 1 1 2 2 1 2 3 3 3 3 3 4 4
1 45680366784 2 1 1 1 1 1 1 1 2 2 2 2 2 3 3 3 3 4 4
1 45680370848 2 1 1 1 1 1 1 1 2 2 2 2 2 3 3 3 3 4 4
1 45680373896 2 1 1 1 1 1 1 1 2 2 2 2 2 3 3 3 3 4 4
1 45680567432 2 1 1 1 1 1 1 1 2 2 2 2 2 3 3 3 3 4 4
1 45681806368 2 1 1 1 1 1 1 1 2 2 1 2 3 3 3 3 3 4 4
1 45681809416 2 1 1 1 1 1 1 1 2 2 1 2 3 3 3 3 3 4 4
1 45681873928 2 1 1 1 1 1 1 1 2 2 1 2 3 3 3 3 3 4 4
1 45686659232 2 1 1 1 1 1 1 1 2 2 2 2 2 3 3 3 3 4 4
1 45686855816 2 1 1 1 1 1 1 1 2 2 2 2 2 3 3 3 3 4 4
1 45688755360 2 1 1 1 1 1 1 1 2 2 2 2 2 3 3 3 3 4 4
1 45688886416 2 1 1 1 1 1 1 1 2 2 2 2 2 3 3 3 3 4 4
1 45688887432 2 1 1 1 1 1 1 1 2 2 2 2 2 3 3 3 3 4 4
1 45708234880 1 1 1 1 1 1 1 1 2 2 1 2 2 2 3 3 3 4 4
1 45708759104 1 1 1 1 1 1 1 1 2 2 1 2 2 2 3 3 3 4 4
1 45708763168 1 1 1 1 1 1 1 1 2 2 1 2 2 2 3 3 3 4 4
1 45712040064 1 1 1 1 1 1 1 1 2 2 1 2 2 2 3 3 3 4 4
1 45712298112 1 1 1 1 1 1 1 1 2 2 1 2 2 2 3 3 3 4 4
1 45712427136 1 1 1 1 1 1 1 1 2 2 1 2 2 2 3 3 3 4 4
1 45712822336 1 1 1 1 1 1 1 1 2 2 1 2 2 2 3 3 3 4 4
1 45712826400 1 1 1 1 1 1 1 1 2 2 1 2 2 2 3 3 3 4 4
1 45712957456 1 1 1 1 1 1 1 1 2 2 1 2 2 2 3 3 3 4 4
1 45714329728 1 1 1 1 1 1 1 1 2 2 1 2 2 2 3 3 3 4 4
1 45714523264 1 1 1 1 1 1 1 1 2 2 1 2 2 2 3 3 3 4 4
1 45714853952 1 1 1 1 1 1 1 1 2 2 1 2 2 2 3 3 3 4 4
1 45714858016 1 1 1 1 1 1 1 1 2 2 1 2 2 2 3 3 3 4 4
1 45715054600 1 1 1 1 1 1 1 1 2 2 1 2 2 2 3 3 3 4 4
1 45721210912 1 1 1 1 1 1 1 1 2 2 1 2 2 2 3 3 3 4 4
1 45721341968 1 1 1 1 1 1 1 1 2 2 1 2 2 2 3 3 3 4 4
1 45723242528 1 1 1 1 1 1 1 1 2 2 1 2 2 2 3 3 3 4 4
1 45723439112 1 1 1 1 1 1 1 1 2 2 1 2 2 2 3 3 3 4 4
1 45727434784 1 1 1 1 1 1 1 1 2 2 1 2 2 2 3 3 3 4 4
1 45727436816 1 1 1 1 1 1 1 1 2 2 1 2 2 2 3 3 3 4 4
1 45727502344 1 1 1 1 1 1 1 1 2 2 1 2 2 2 3 3 3 4 4
1 45741248960 2 1 1 1 1 1 1 1 2 2 2 2 2 3 3 3 3 4 4
1 45741253024 2 1 1 1 1 1 1 1 2 2 2 2 2 3 3 3 3 4 4
1 45741256834 2 1 1 1 1 1 1 1 2 2 2 2 2 3 3 3 3 4 4
1 45741772928 1 1 1 1 1 1 1 1 2 2 1 1 2 3 3 3 3 4 4
1 45741789184 1 1 1 1 1 1 1 1 2 2 0 2 2 3 3 3 3 4 4
1 45742297152 1 1 1 1 1 1 1 1 2 2 1 1 2 3 3 3 3 4 4
1 45742559264 1 1 1 1 1 1 1 1 2 2 1 1 2 3 3 3 3 4 4
1 45742559520 2 1 1 1 1 1 1 1 2 2 1 2 3 3 3 3 3 4 4
1 45742821376 1 1 1 1 1 1 1 1 2 2 0 1 3 3 3 3 3 4 4
1 45742821377 2 1 1 1 1 1 1 1 2 2 1 2 3 3 3 3 3 4 4
1 45743184064 2 1 1 1 1 1 1 1 2 2 2 2 2 3 3 3 3 4 4
1 45743188128 2 1 1 1 1 1 1 1 2 2 2 2 2 3 3 3 3 4 4
1 45743248576 2 1 1 1 1 1 1 1 2 2 2 2 2 3 3 3 3 4 4
1 45743252640 2 1 1 1 1 1 1 1 2 2 2 2 2 3 3 3 3 4 4
1 45743255688 2 1 1 1 1 1 1 1 2 2 2 2 2 3 3 3 3 4 4
1 45743280832 2 1 1 1 1 1 1 1 2 2 2 2 2 3 3 3 3 4 4
1 45743284896 2 1 1 1 1 1 1 1 2 2 2 2 2 3 3 3 3 4 4
1 45743288452 2 1 1 1 1 1 1 1 2 2 2 2 2 3 3 3 3 4 4
1 45744688160 2 1 1 1 1 1 1 1 2 2 1 2 3 3 3 3 3 4 4
1 45744690192 2 1 1 1 1 1 1 1 2 2 1 2 3 3 3 3 3 4 4
1 45744691208 2 1 1 1 1 1 1 1 2 2 1 2 3 3 3 3 3 4 4
1 45745312192 2 1 1 1 1 1 1 1 2 2 2 2 2 3 3 3 3 4 4
1 45745316256 2 1 1 1 1 1 1 1 2 2 2 2 2 3 3 3 3 4 4
1 45745320066 2 1 1 1 1 1 1 1 2 2 2 2 2 3 3 3 3 4 4
1 45745578112 1 1 1 1 1 1 1 1 2 2 1 1 2 3 3 3 3 4 4
1 45745578113 2 1 1 1 1 1 1 1 2 2 2 2 2 3 3 3 3 4 4
1 45745594368 1 1 1 1 1 1 1 1 2 2 0 2 2 3 3 3 3 4 4
1 45745836160 1 1 1 1 1 1 1 1 2 2 1 1 2 3 3 3 3 4 4
1 45745852416 1 1 1 1 1 1 1 1 2 2 0 2 2 3 3 3 3 4 4
1 45746360384 1 1 1 1 1 1 1 1 2 2 1 1 2 3 3 3 3 4 4
1 45746751520 1 1 1 1 1 1 1 1 2 2 1 1 2 3 3 3 3 4 4
1 45746751776 2 1 1 1 1 1 1 1 2 2 1 2 3 3 3 3 3 4 4
1 45746755586 2 1 1 1 1 1 1 1 2 2 1 2 3 3 3 3 3 4 4
1 45746884608 1 1 1 1 1 1 1 1 2 2 0 1 3 3 3 3 3 4 4
1 45746884609 2 1 1 1 1 1 1 1 2 2 1 2 3 3 3 3 3 4 4
1 45747343808 2 1 1 1 1 1 1 1 2 2 2 2 2 3 3 3 3 4 4
1 45747347872 2 1 1 1 1 1 1 1 2 2 2 2 2 3 3 3 3 4 4
1 45747351682 2 1 1 1 1 1 1 1 2 2 2 2 2 3 3 3 3 4 4
1 45747609728 1 1 1 1 1 1 1 1 2 2 1 1 2 3 3 3 3 4 4
1 45747609729 2 1 1 1 1 1 1 1 2 2 2 2 2 3 3 3 3 4 4
1 45747625984 1 1 1 1 1 1 1 1 2 2 0 2 2 3 3 3 3 4 4
1 45747867776 1 1 1 1 1 1 1 1 2 2 1 1 2 3 3 3 3 4 4
1 45747884032 1 1 1 1 1 1 1 1 2 2 0 2 2 3 3 3 3 4 4
1 45748061312 1 1 1 1 1 1 1 1 2 2 1 1 2 3 3 3 3 4 4
1 45748077568 1 1 1 1 1 1 1 1 2 2 0 2 2 3 3 3 3 4 4
1 45748847648 1 1 1 1 1 1 1 1 2 2 1 1 2 3 3 3 3 4 4
1 45748847904 2 1 1 1 1 1 1 1 2 2 1 2 3 3 3 3 3 4 4
1 45748851714 2 1 1 1 1 1 1 1 2 2 1 2 3 3 3 3 3 4 4
1 45748916224 1 1 1 1 1 1 1 1 2 2 0 1 3 3 3 3 3 4 4
1 45748916225 2 1 1 1 1 1 1 1 2 2 1 2 3 3 3 3 3 4 4
1 45751572640 2 1 1 1 1 1 1 1 2 2 2 2 2 3 3 3 3 4 4
1 45751637152 2 1 1 1 1 1 1 1 2 2 2 2 2 3 3 3 3 4 4
1 45751669408 2 1 1 1 1 1 1 1 2 2 2 2 2 3 3 3 3 4 4
1 45751768208 2 1 1 1 1 1 1 1 2 2 2 2 2 3 3 3 3 4 4
1 45751769224 2 1 1 1 1 1 1 1 2 2 2 2 2 3 3 3 3 4 4
1 45751801988 2 1 1 1 1 1 1 1 2 2 2 2 2 3 3 3 3 4 4
1 45753700768 2 1 1 1 1 1 1 1 2 2 2 2 2 3 3 3 3 4 4
1 45753831824 2 1 1 1 1 1 1 1 2 2 2 2 2 3 3 3 3 4 4
1 45753833602 2 1 1 1 1 1 1 1 2 2 2 2 2 3 3 3 3 4 4
1 45753962624 1 1 1 1 1 1 1 1 2 2 1 1 2 3 3 3 3 4 4
1 45753978880 1 1 1 1 1 1 1 1 2 2 0 2 2 3 3 3 3 4 4
1 45754748960 1 1 1 1 1 1 1 1 2 2 1 1 2 3 3 3 3 4 4
1 45754877984 1 1 1 1 1 1 1 1 2 2 1 1 2 3 3 3 3 4 4
1 45755732384 2 1 1 1 1 1 1 1 2 2 2 2 2 3 3 3 3 4 4
1 45755928968 2 1 1 1 1 1 1 1 2 2 2 2 2 3 3 3 3 4 4
1 45755929730 2 1 1 1 1 1 1 1 2 2 2 2 2 3 3 3 3 4 4
1 45755994240 1 1 1 1 1 1 1 1 2 2 1 1 2 3 3 3 3 4 4
1 45756010496 1 1 1 1 1 1 1 1 2 2 0 2 2 3 3 3 3 4 4
1 45756780576 1 1 1 1 1 1 1 1 2 2 1 1 2 3 3 3 3 4 4
1 45756974112 1 1 1 1 1 1 1 1 2 2 1 1 2 3 3 3 3 4 4
1 45759924640 2 1 1 1 1 1 1 1 2 2 2 2 2 3 3 3 3 4 4
1 45759926672 2 1 1 1 1 1 1 1 2 2 2 2 2 3 3 3 3 4 4
1 45759928450 2 1 1 1 1 1 1 1 2 2 2 2 2 3 3 3 3 4 4
1 45759992200 2 1 1 1 1 1 1 1 2 2 2 2 2 3 3 3 3 4 4
1 45759992962 2 1 1 1 1 1 1 1 2 2 2 2 2 3 3 3 3 4 4
1 45760057472 1 1 1 1 1 1 1 1 2 2 1 1 2 3 3 3 3 4 4
1 45760057473 2 1 1 1 1 1 1 1 2 2 2 2 2 3 3 3 3 4 4
1 45760073728 1 1 1 1 1 1 1 1 2 2 0 2 2 3 3 3 3 4 4
1 45760186496 1 1 1 1 1 1 1 1 2 2 1 1 2 3 3 3 3 4 4
1 45760202752 1 1 1 1 1 1 1 1 2 2 0 2 2 3 3 3 3 4 4
1 45760251008 1 1 1 1 1 1 1 1 2 2 1 1 2 3 3 3 3 4 4
1 45760267264 1 1 1 1 1 1 1 1 2 2 0 2 2 3 3 3 3 4 4
1 45760972832 1 1 1 1 1 1 1 1 2 2 1 1 2 3 3 3 3 4 4
1 45761037344 1 1 1 1 1 1 1 1 2 2 1 1 2 3 3 3 3 4 4
1 45761168400 1 1 1 1 1 1 1 1 2 2 1 1 2 3 3 3 3 4 4
1 45839868032 1 1 1 1 1 1 1 1 2 2 1 2 2 2 3 3 3 4 4
1 45840126080 1 1 1 1 1 1 1 1 2 2 1 2 2 2 3 3 3 4 4
1 45840351872 1 1 1 1 1 1 1 1 2 2 1 2 2 2 3 3 3 4 4
1 45840650304 1 1 1 1 1 1 1 1 2 2 1 2 2 2 3 3 3 4 4
1 45840654368 1 1 1 1 1 1 1 1 2 2 1 2 2 2 3 3 3 4 4
1 45840883716 1 1 1 1 1 1 1 1 2 2 1 2 2 2 3 3 3 4 4
1 45848478080 1 1 1 1 1 1 1 1 2 2 1 2 2 2 3 3 3 4 4
1 45849002304 1 1 1 1 1 1 1 1 2 2 1 2 2 2 3 3 3 4 4
1 45849010178 1 1 1 1 1 1 1 1 2 2 1 2 2 2 3 3 3 4 4
1 45853231136 1 1 1 1 1 1 1 1 2 2 1 2 2 2 3 3 3 4 4
1 45853331460 1 1 1 1 1 1 1 1 2 2 1 2 2 2 3 3 3 4 4
1 45857390880 1 1 1 1 1 1 1 1 2 2 1 2 2 2 3 3 3 4 4
1 45857394690 1 1 1 1 1 1 1 1 2 2 1 2 2 2 3 3 3 4 4
1 45881500034 2 1 1 1 1 1 1 1 2 2 2 2 2 3 3 3 3 4 4
1 45882016128 1 1 1 1 1 1 1 1 2 2 1 1 2 3 3 3 3 4 4
1 45882032384 1 1 1 1 1 1 1 1 2 2 0 2 2 3 3 3 3 4 4
1 45883064321 1 1 1 1 1 1 1 1 2 2 1 1 2 3 3 3 3 4 4
1 45883064576 1 1 1 1 1 1 1 1 2 2 0 1 3 3 3 3 3 4 4
1 45883064577 2 1 1 1 1 1 1 1 2 2 1 2 3 3 3 3 3 4 4
1 45885720992 2 1 1 1 1 1 1 1 2 2 2 2 2 3 3 3 3 4 4
1 45885724802 2 1 1 1 1 1 1 1 2 2 2 2 2 3 3 3 3 4 4
1 45885821316 2 1 1 1 1 1 1 1 2 2 2 2 2 3 3 3 3 4 4
1 45885821570 2 1 1 1 1 1 1 1 2 2 2 2 2 3 3 3 3 4 4
1 45885853824 1 1 1 1 1 1 1 1 2 2 1 1 2 3 3 3 3 4 4
1 45885870080 1 1 1 1 1 1 1 1 2 2 0 2 2 3 3 3 3 4 4
1 45886079616 1 1 1 1 1 1 1 1 2 2 1 1 2 3 3 3 3 4 4
1 45886095872 1 1 1 1 1 1 1 1 2 2 0 2 2 3 3 3 3 4 4
1 45886769184 1 1 1 1 1 1 1 1 2 2 1 1 2 3 3 3 3 4 4
1 45886865952 1 1 1 1 1 1 1 1 2 2 1 1 2 3 3 3 3 4 4
1 45889884546 2 1 1 1 1 1 1 1 2 2 2 2 2 3 3 3 3 4 4
1 45890142592 1 1 1 1 1 1 1 1 2 2 1 1 2 3 3 3 3 4 4
1 45890158848 1 1 1 1 1 1 1 1 2 2 0 2 2 3 3 3 3 4 4
1 45890928928 1 1 1 1 1 1 1 1 2 2 1 1 2 3 3 3 3 4 4
1 45891190785 1 1 1 1 1 1 1 1 2 2 1 1 2 3 3 3 3 4 4
1 45909168256 1 1 1 1 1 1 1 1 2 2 1 2 2 2 3 3 3 4 4
1 45909954592 1 1 1 1 1 1 1 1 2 2 1 2 2 2 3 3 3 4 4
1 45910085648 1 1 1 1 1 1 1 1 2 2 1 2 2 2 3 3 3 4 4
1 45915456640 1 1 1 1 1 1 1 1 2 2 1 2 2 2 3 3 3 4 4
1 45916178464 1 1 1 1 1 1 1 1 2 2 1 2 2 2 3 3 3 4 4
1 45916246024 1 1 1 1 1 1 1 1 2 2 1 2 2 2 3 3 3 4 4
1 45974081664 1 1 1 1 1 1 1 1 2 2 1 2 2 2 3 3 3 4 4
1 45974868000 1 1 1 1 1 1 1 1 2 2 1 2 2 2 3 3 3 4 4
1 45975097348 1 1 1 1 1 1 1 1 2 2 1 2 2 2 3 3 3 4 4
1 45978273920 1 1 1 1 1 1 1 1 2 2 1 2 2 2 3 3 3 4 4
1 45978370688 1 1 1 1 1 1 1 1 2 2 1 2 2 2 3 3 3 4 4
1 45979060256 1 1 1 1 1 1 1 1 2 2 1 2 2 2 3 3 3 4 4
1 45979062288 1 1 1 1 1 1 1 1 2 2 1 2 2 2 3 3 3 4 4
1 45979160580 1 1 1 1 1 1 1 1 2 2 1 2 2 2 3 3 3 4 4
1 45983220000 1 1 1 1 1 1 1 1 2 2 1 2 2 2 3 3 3 4 4
1 45983223810 1 1 1 1 1 1 1 1 2 2 1 2 2 2 3 3 3 4 4
1 46178324672 1 1 1 1 1 1 1 1 2 2 2 2 2 2 2 3 3 4 4
1 46184613056 1 1 1 1 1 1 1 1 2 2 2 2 2 2 2 3 3 4 4
1 46190905504 1 1 1 1 1 1 1 1 2 2 2 2 2 2 2 3 3 4 4
1 46193001632 1 1 1 1 1 1 1 1 2 2 2 2 2 2 2 3 3 4 4
1 46247494848 1 1 1 1 1 1 1 1 2 2 2 2 2 2 2 3 3 4 4
1 46249558464 1 1 1 1 1 1 1 1 2 2 2 2 2 2 2 3 3 4 4
1 46255883424 1 1 1 1 1 1 1 1 2 2 2 2 2 2 2 3 3 4 4
1 46257947040 1 1 1 1 1 1 1 1 2 2 2 2 2 2 2 3 3 4 4
1 46264238472 1 1 1 1 1 1 1 1 2 2 2 2 2 2 2 3 3 4 4
1 46390067588 1 1 1 1 1 1 1 1 2 2 2 2 2 2 2 3 3 4 4
1 46641758848 1 1 1 1 1 1 1 1 2 2 1 2 2 2 3 3 3 4 4
1 46674264452 2 1 1 1 1 1 1 1 2 2 2 2 2 3 3 3 3 4 4
1 46675280132 1 1 1 1 1 1 1 1 2 2 1 2 2 2 3 3 3 4 4
1 46675296896 1 1 1 1 1 1 1 1 2 2 1 1 2 3 3 3 3 4 4
1 46675297152 2 1 1 1 1 1 1 1 2 2 1 2 3 3 3 3 3 4 4
1 46675312900 2 1 1 1 1 1 1 1 2 2 1 2 3 3 3 3 3 4 4
1 46675313152 1 1 1 1 1 1 1 1 2 2 0 2 2 3 3 3 3 4 4
1 46675313408 2 1 1 1 1 1 1 1 2 2 0 3 3 3 3 3 3 4 4
1 46714413184 1 1 1 1 1 1 1 1 2 2 1 2 2 2 3 3 3 4 4
1 46714671232 1 1 1 1 1 1 1 1 2 2 1 2 2 2 3 3 3 4 4
1 46714864768 1 1 1 1 1 1 1 1 2 2 1 2 2 2 3 3 3 4 4
1 46715195456 1 1 1 1 1 1 1 1 2 2 1 2 2 2 3 3 3 4 4
1 46715199520 1 1 1 1 1 1 1 1 2 2 1 2 2 2 3 3 3 4 4
1 46715396104 1 1 1 1 1 1 1 1 2 2 1 2 2 2 3 3 3 4 4
1 46720959616 1 1 1 1 1 1 1 1 2 2 1 2 2 2 3 3 3 4 4
1 46721483840 1 1 1 1 1 1 1 1 2 2 1 2 2 2 3 3 3 4 4
1 46721490952 1 1 1 1 1 1 1 1 2 2 1 2 2 2 3 3 3 4 4
1 46727776288 1 1 1 1 1 1 1 1 2 2 1 2 2 2 3 3 3 4 4
1 46727843848 1 1 1 1 1 1 1 1 2 2 1 2 2 2 3 3 3 4 4
1 46729872416 1 1 1 1 1 1 1 1 2 2 1 2 2 2 3 3 3 4 4
1 46729875464 1 1 1 1 1 1 1 1 2 2 1 2 2 2 3 3 3 4 4
1 46743525568 2 1 1 1 1 1 1 1 2 2 2 2 2 3 3 3 3 4 4
1 46743529632 2 1 1 1 1 1 1 1 2 2 2 2 2 3 3 3 3 4 4
1 46743590080 2 1 1 1 1 1 1 1 2 2 2 2 2 3 3 3 3 4 4
1 46743594144 2 1 1 1 1 1 1 1 2 2 2 2 2 3 3 3 3 4 4
1 46743597192 2 1 1 1 1 1 1 1 2 2 2 2 2 3 3 3 3 4 4
1 46745029664 2 1 1 1 1 1 1 1 2 2 1 2 3 3 3 3 3 4 4
1 46745032712 2 1 1 1 1 1 1 1 2 2 1 2 3 3 3 3 3 4 4
1 46747685312 2 1 1 1 1 1 1 1 2 2 2 2 2 3 3 3 3 4 4
1 46747689376 2 1 1 1 1 1 1 1 2 2 2 2 2 3 3 3 3 4 4
1 46747693186 2 1 1 1 1 1 1 1 2 2 2 2 2 3 3 3 3 4 4
1 46747951232 1 1 1 1 1 1 1 1 2 2 1 1 2 3 3 3 3 4 4
1 46747951233 2 1 1 1 1 1 1 1 2 2 2 2 2 3 3 3 3 4 4
1 46747967488 1 1 1 1 1 1 1 1 2 2 0 2 2 3 3 3 3 4 4
1 46748209280 1 1 1 1 1 1 1 1 2 2 1 1 2 3 3 3 3 4 4
1 46748225536 1 1 1 1 1 1 1 1 2 2 0 2 2 3 3 3 3 4 4
1 46748402816 1 1 1 1 1 1 1 1 2 2 1 1 2 3 3 3 3 4 4
1 46748419072 1 1 1 1 1 1 1 1 2 2 0 2 2 3 3 3 3 4 4
1 46749189152 1 1 1 1 1 1 1 1 2 2 1 1 2 3 3 3 3 4 4
1 46749189408 2 1 1 1 1 1 1 1 2 2 1 2 3 3 3 3 3 4 4
1 46749193218 2 1 1 1 1 1 1 1 2 2 1 2 3 3 3 3 3 4 4
1 46749257728 1 1 1 1 1 1 1 1 2 2 0 1 3 3 3 3 3 4 4
1 46749257729 2 1 1 1 1 1 1 1 2 2 1 2 3 3 3 3 3 4 4
1 46758202528 2 1 1 1 1 1 1 1 2 2 2 2 2 3 3 3 3 4 4
1 46758205576 2 1 1 1 1 1 1 1 2 2 2 2 2 3 3 3 3 4 4
1 46758270088 2 1 1 1 1 1 1 1 2 2 2 2 2 3 3 3 3 4 4
1 46758302852 2 1 1 1 1 1 1 1 2 2 2 2 2 3 3 3 3 4 4
1 46760266144 2 1 1 1 1 1 1 1 2 2 2 2 2 3 3 3 3 4 4
1 46760269954 2 1 1 1 1 1 1 1 2 2 2 2 2 3 3 3 3 4 4
1 46760333704 2 1 1 1 1 1 1 1 2 2 2 2 2 3 3 3 3 4 4
1 46760334466 2 1 1 1 1 1 1 1 2 2 2 2 2 3 3 3 3 4 4
1 46760398976 1 1 1 1 1 1 1 1 2 2 1 1 2 3 3 3 3 4 4
1 46760415232 1 1 1 1 1 1 1 1 2 2 0 2 2 3 3 3 3 4 4
1 46760592512 1 1 1 1 1 1 1 1 2 2 1 1 2 3 3 3 3 4 4
1 46760608768 1 1 1 1 1 1 1 1 2 2 0 2 2 3 3 3 3 4 4
1 46761314336 1 1 1 1 1 1 1 1 2 2 1 1 2 3 3 3 3 4 4
1 46761378848 1 1 1 1 1 1 1 1 2 2 1 1 2 3 3 3 3 4 4
1 46762362272 2 1 1 1 1 1 1 1 2 2 2 2 2 3 3 3 3 4 4
1 46762365320 2 1 1 1 1 1 1 1 2 2 2 2 2 3 3 3 3 4 4
1 46762366082 2 1 1 1 1 1 1 1 2 2 2 2 2 3 3 3 3 4 4
1 46762624128 1 1 1 1 1 1 1 1 2 2 1 1 2 3 3 3 3 4 4
1 46762640384 1 1 1 1 1 1 1 1 2 2 0 2 2 3 3 3 3 4 4
1 46763410464 1 1 1 1 1 1 1 1 2 2 1 1 2 3 3 3 3 4 4
1 46763607048 1 1 1 1 1 1 1 1 2 2 1 1 2 3 3 3 3 4 4
1 46777294976 1 1 1 1 1 1 1 1 2 2 1 2 2 2 3 3 3 4 4
1 46777553024 1 1 1 1 1 1 1 1 2 2 1 2 2 2 3 3 3 4 4
1 46777778816 1 1 1 1 1 1 1 1 2 2 1 2 2 2 3 3 3 4 4
1 46778077248 1 1 1 1 1 1 1 1 2 2 1 2 2 2 3 3 3 4 4
1 46778081312 1 1 1 1 1 1 1 1 2 2 1 2 2 2 3 3 3 4 4
1 46778310660 1 1 1 1 1 1 1 1 2 2 1 2 2 2 3 3 3 4 4
1 46783841408 1 1 1 1 1 1 1 1 2 2 1 2 2 2 3 3 3 4 4
1 46783873664 1 1 1 1 1 1 1 1 2 2 1 2 2 2 3 3 3 4 4
1 46784365632 1 1 1 1 1 1 1 1 2 2 1 2 2 2 3 3 3 4 4
1 46784372744 1 1 1 1 1 1 1 1 2 2 1 2 2 2 3 3 3 4 4
1 46784405508 1 1 1 1 1 1 1 1 2 2 1 2 2 2 3 3 3 4 4
1 46785905024 1 1 1 1 1 1 1 1 2 2 1 2 2 2 3 3 3 4 4
1 46786429248 1 1 1 1 1 1 1 1 2 2 1 2 2 2 3 3 3 4 4
1 46786437122 1 1 1 1 1 1 1 1 2 2 1 2 2 2 3 3 3 4 4
1 46792754208 1 1 1 1 1 1 1 1 2 2 1 2 2 2 3 3 3 4 4
1 46792757256 1 1 1 1 1 1 1 1 2 2 1 2 2 2 3 3 3 4 4
1 46792790020 1 1 1 1 1 1 1 1 2 2 1 2 2 2 3 3 3 4 4
1 46794817824 1 1 1 1 1 1 1 1 2 2 1 2 2 2 3 3 3 4 4
1 46794821634 1 1 1 1 1 1 1 1 2 2 1 2 2 2 3 3 3 4 4
1 46801109256 1 1 1 1 1 1 1 1 2 2 1 2 2 2 3 3 3 4 4
1 46801110018 1 1 1 1 1 1 1 1 2 2 1 2 2 2 3 3 3 4 4
1 46818926978 2 1 1 1 1 1 1 1 2 2 2 2 2 3 3 3 3 4 4
1 46819443072 1 1 1 1 1 1 1 1 2 2 1 1 2 3 3 3 3 4 4
1 46819459328 1 1 1 1 1 1 1 1 2 2 0 2 2 3 3 3 3 4 4
1 46820491265 1 1 1 1 1 1 1 1 2 2 1 1 2 3 3 3 3 4 4
1 46820491520 1 1 1 1 1 1 1 1 2 2 0 1 3 3 3 3 3 4 4
1 46820491521 2 1 1 1 1 1 1 1 2 2 1 2 3 3 3 3 3 4 4
1 46825244064 2 1 1 1 1 1 1 1 2 2 2 2 2 3 3 3 3 4 4
1 46825247112 2 1 1 1 1 1 1 1 2 2 2 2 2 3 3 3 3 4 4
1 46825247874 2 1 1 1 1 1 1 1 2 2 2 2 2 3 3 3 3 4 4
1 46825279876 2 1 1 1 1 1 1 1 2 2 2 2 2 3 3 3 3 4 4
1 46825280130 2 1 1 1 1 1 1 1 2 2 2 2 2 3 3 3 3 4 4
1 46825312384 1 1 1 1 1 1 1 1 2 2 1 1 2 3 3 3 3 4 4
1 46825312385 2 1 1 1 1 1 1 1 2 2 2 2 2 3 3 3 3 4 4
1 46825328640 1 1 1 1 1 1 1 1 2 2 0 2 2 3 3 3 3 4 4
1 46825505920 1 1 1 1 1 1 1 1 2 2 1 1 2 3 3 3 3 4 4
1 46825522176 1 1 1 1 1 1 1 1 2 2 0 2 2 3 3 3 3 4 4
1 46825538176 1 1 1 1 1 1 1 1 2 2 1 1 2 3 3 3 3 4 4
1 46825554432 1 1 1 1 1 1 1 1 2 2 0 2 2 3 3 3 3 4 4
1 46826292256 1 1 1 1 1 1 1 1 2 2 1 1 2 3 3 3 3 4 4
1 46826324512 1 1 1 1 1 1 1 1 2 2 1 1 2 3 3 3 3 4 4
1 46826521096 1 1 1 1 1 1 1 1 2 2 1 1 2 3 3 3 3 4 4
1 46827311490 2 1 1 1 1 1 1 1 2 2 2 2 2 3 3 3 3 4 4
1 46827569536 1 1 1 1 1 1 1 1 2 2 1 1 2 3 3 3 3 4 4
1 46827585792 1 1 1 1 1 1 1 1 2 2 0 2 2 3 3 3 3 4 4
1 46828355872 1 1 1 1 1 1 1 1 2 2 1 1 2 3 3 3 3 4 4
1 46828617729 1 1 1 1 1 1 1 1 2 2 1 1 2 3 3 3 3 4 4
1 46833599874 2 1 1 1 1 1 1 1 2 2 2 2 2 3 3 3 3 4 4
1 46833664384 1 1 1 1 1 1 1 1 2 2 1 1 2 3 3 3 3 4 4
1 46833680640 1 1 1 1 1 1 1 1 2 2 0 2 2 3 3 3 3 4 4
1 46834647304 1 1 1 1 1 1 1 1 2 2 1 1 2 3 3 3 3 4 4
1 46834712577 1 1 1 1 1 1 1 1 2 2 1 1 2 3 3 3 3 4 4
1 46909670016 1 1 1 1 1 1 1 1 2 2 1 2 2 2 3 3 3 4 4
1 46910194240 1 1 1 1 1 1 1 1 2 2 1 2 2 2 3 3 3 4 4
1 46910201860 1 1 1 1 1 1 1 1 2 2 1 2 2 2 3 3 3 4 4
1 46926938372 1 1 1 1 1 1 1 1 2 2 1 2 2 2 3 3 3 4 4
1 46926938626 1 1 1 1 1 1 1 1 2 2 1 2 2 2 3 3 3 4 4
1 46959428482 2 1 1 1 1 1 1 1 2 2 2 2 2 3 3 3 3 4 4
1 46959460736 1 1 1 1 1 1 1 1 2 2 1 1 2 3 3 3 3 4 4
1 46959476992 1 1 1 1 1 1 1 1 2 2 0 2 2 3 3 3 3 4 4
1 46960476420 1 1 1 1 1 1 1 1 2 2 1 1 2 3 3 3 3 4 4
1 46960508929 1 1 1 1 1 1 1 1 2 2 1 1 2 3 3 3 3 4 4
1 46978486400 1 1 1 1 1 1 1 1 2 2 1 2 2 2 3 3 3 4 4
1 46978712192 1 1 1 1 1 1 1 1 2 2 1 2 2 2 3 3 3 4 4
1 46979401760 1 1 1 1 1 1 1 1 2 2 1 2 2 2 3 3 3 4 4
1 46979502084 1 1 1 1 1 1 1 1 2 2 1 2 2 2 3 3 3 4 4
1 46980711552 1 1 1 1 1 1 1 1 2 2 1 2 2 2 3 3 3 4 4
1 46980743808 1 1 1 1 1 1 1 1 2 2 1 2 2 2 3 3 3 4 4
1 46981497888 1 1 1 1 1 1 1 1 2 2 1 2 2 2 3 3 3 4 4
1 46981500936 1 1 1 1 1 1 1 1 2 2 1 2 2 2 3 3 3 4 4
1 46981533700 1 1 1 1 1 1 1 1 2 2 1 2 2 2 3 3 3 4 4
1 46983561504 1 1 1 1 1 1 1 1 2 2 1 2 2 2 3 3 3 4 4
1 46983565314 1 1 1 1 1 1 1 1 2 2 1 2 2 2 3 3 3 4 4
1 46989852936 1 1 1 1 1 1 1 1 2 2 1 2 2 2 3 3 3 4 4
1 46989853698 1 1 1 1 1 1 1 1 2 2 1 2 2 2 3 3 3 4 4
1 47043625600 1 1 1 1 1 1 1 1 2 2 1 2 2 2 3 3 3 4 4
1 47044411936 1 1 1 1 1 1 1 1 2 2 1 2 2 2 3 3 3 4 4
1 47044415492 1 1 1 1 1 1 1 1 2 2 1 2 2 2 3 3 3 4 4
1 47052767492 1 1 1 1 1 1 1 1 2 2 1 2 2 2 3 3 3 4 4
1 47052767746 1 1 1 1 1 1 1 1 2 2 1 2 2 2 3 3 3 4 4
1 47318847680 1 1 1 1 1 1 1 1 2 2 2 2 2 2 2 3 3 4 4
1 47322652864 1 1 1 1 1 1 1 1 2 2 2 2 2 2 2 3 3 4 4
1 47322910912 1 1 1 1 1 1 1 1 2 2 2 2 2 2 2 3 3 4 4
1 47323039936 1 1 1 1 1 1 1 1 2 2 2 2 2 2 2 3 3 4 4
1 47324942528 1 1 1 1 1 1 1 1 2 2 2 2 2 2 2 3 3 4 4
1 47325136064 1 1 1 1 1 1 1 1 2 2 2 2 2 2 2 3 3 4 4
1 47331299488 1 1 1 1 1 1 1 1 2 2 2 2 2 2 2 3 3 4 4
1 47331428512 1 1 1 1 1 1 1 1 2 2 2 2 2 2 2 3 3 4 4
1 47333524640 1 1 1 1 1 1 1 1 2 2 2 2 2 2 2 3 3 4 4
1 47337718928 1 1 1 1 1 1 1 1 2 2 2 2 2 2 2 3 3 4 4
1 47459090880 1 1 1 1 1 1 1 1 2 2 2 2 2 2 2 3 3 4 4
1 47463319712 1 1 1 1 1 1 1 1 2 2 2 2 2 2 2 3 3 4 4
1 47463416480 1 1 1 1 1 1 1 1 2 2 2 2 2 2 2 3 3 4 4
1 47463547536 1 1 1 1 1 1 1 1 2 2 2 2 2 2 2 3 3 4 4
1 48056643712 1 1 1 1 1 1 1 1 2 2 1 2 2 2 3 3 3 4 4
1 48056651840 1 1 1 1 1 1 1 1 2 2 1 2 2 2 3 3 3 4 4
1 48056655904 1 1 1 1 1 1 1 1 2 2 1 2 2 2 3 3 3 4 4
1 48056913952 1 1 1 1 1 1 1 1 2 2 1 2 2 2 3 3 3 4 4
1 48057042976 1 1 1 1 1 1 1 1 2 2 1 2 2 2 3 3 3 4 4
1 48057045008 1 1 1 1 1 1 1 1 2 2 1 2 2 2 3 3 3 4 4
1 48062932096 1 1 1 1 1 1 1 1 2 2 1 2 2 2 3 3 3 4 4
1 48062947336 1 1 1 1 1 1 1 1 2 2 1 2 2 2 3 3 3 4 4
1 48063137824 1 1 1 1 1 1 1 1 2 2 1 2 2 2 3 3 3 4 4
1 48063139856 1 1 1 1 1 1 1 1 2 2 1 2 2 2 3 3 3 4 4
1 48063205384 1 1 1 1 1 1 1 1 2 2 1 2 2 2 3 3 3 4 4
1 48063334408 1 1 1 1 1 1 1 1 2 2 1 2 2 2 3 3 3 4 4
1 48100382768 2 1 1 1 1 1 1 1 2 2 2 2 2 3 3 3 3 4 4
1 48100447280 2 1 1 1 1 1 1 1 2 2 2 2 2 3 3 3 3 4 4
1 48102510896 2 1 1 1 1 1 1 1 2 2 2 2 2 3 3 3 3 4 4
1 48102770720 1 1 1 1 1 1 1 1 2 2 1 1 2 3 3 3 3 4 4
1 48102774784 1 1 1 1 1 1 1 1 2 2 0 2 2 3 3 3 3 4 4
1 48104542512 2 1 1 1 1 1 1 1 2 2 2 2 2 3 3 3 3 4 4
1 48104608040 2 1 1 1 1 1 1 1 2 2 2 2 2 3 3 3 3 4 4
1 48104673312 1 1 1 1 1 1 1 1 2 2 1 1 2 3 3 3 3 4 4
1 48104673313 2 1 1 1 1 1 1 1 2 2 2 2 2 3 3 3 3 4 4
1 48104802336 1 1 1 1 1 1 1 1 2 2 1 1 2 3 3 3 3 4 4
1 48104806400 1 1 1 1 1 1 1 1 2 2 0 2 2 3 3 3 3 4 4
1 48104866848 1 1 1 1 1 1 1 1 2 2 1 1 2 3 3 3 3 4 4
1 48121557120 1 1 1 1 1 1 1 1 2 2 1 2 2 2 3 3 3 4 4
1 48121565248 1 1 1 1 1 1 1 1 2 2 1 2 2 2 3 3 3 4 4
1 48121569312 1 1 1 1 1 1 1 1 2 2 1 2 2 2 3 3 3 4 4
1 48121827360 1 1 1 1 1 1 1 1 2 2 1 2 2 2 3 3 3 4 4
1 48122053152 1 1 1 1 1 1 1 1 2 2 1 2 2 2 3 3 3 4 4
1 48122056708 1 1 1 1 1 1 1 1 2 2 1 2 2 2 3 3 3 4 4
1 48125749376 1 1 1 1 1 1 1 1 2 2 1 2 2 2 3 3 3 4 4
1 48125757504 1 1 1 1 1 1 1 1 2 2 1 2 2 2 3 3 3 4 4
1 48125763600 1 1 1 1 1 1 1 1 2 2 1 2 2 2 3 3 3 4 4
1 48125846144 1 1 1 1 1 1 1 1 2 2 1 2 2 2 3 3 3 4 4
1 48125854272 1 1 1 1 1 1 1 1 2 2 1 2 2 2 3 3 3 4 4
1 48125861892 1 1 1 1 1 1 1 1 2 2 1 2 2 2 3 3 3 4 4
1 48126019616 1 1 1 1 1 1 1 1 2 2 1 2 2 2 3 3 3 4 4
1 48126021648 1 1 1 1 1 1 1 1 2 2 1 2 2 2 3 3 3 4 4
1 48126116384 1 1 1 1 1 1 1 1 2 2 1 2 2 2 3 3 3 4 4
1 48126119940 1 1 1 1 1 1 1 1 2 2 1 2 2 2 3 3 3 4 4
1 48126247440 1 1 1 1 1 1 1 1 2 2 1 2 2 2 3 3 3 4 4
1 48126248964 1 1 1 1 1 1 1 1 2 2 1 2 2 2 3 3 3 4 4
1 48130179360 1 1 1 1 1 1 1 1 2 2 1 2 2 2 3 3 3 4 4
1 48130183170 1 1 1 1 1 1 1 1 2 2 1 2 2 2 3 3 3 4 4
1 48130441217 1 1 1 1 1 1 1 1 2 2 1 2 2 2 3 3 3 4 4
1 48171585826 2 1 1 1 1 1 1 1 2 2 2 2 2 3 3 3 3 4 4
1 48171843872 1 1 1 1 1 1 1 1 2 2 1 1 2 3 3 3 3 4 4
1 48171847936 1 1 1 1 1 1 1 1 2 2 0 2 2 3 3 3 3 4 4
1 48175778082 2 1 1 1 1 1 1 1 2 2 2 2 2 3 3 3 3 4 4
1 48175907104 1 1 1 1 1 1 1 1 2 2 1 1 2 3 3 3 3 4 4
1 48175911168 1 1 1 1 1 1 1 1 2 2 0 2 2 3 3 3 3 4 4
1 48176168961 1 1 1 1 1 1 1 1 2 2 1 1 2 3 3 3 3 4 4
1 48325025984 1 1 1 1 1 1 1 1 2 2 2 2 2 2 2 3 3 4 4
1 48325284032 1 1 1 1 1 1 1 1 2 2 2 2 2 2 2 3 3 4 4
1 48325477568 1 1 1 1 1 1 1 1 2 2 2 2 2 2 2 3 3 4 4
1 48331572416 1 1 1 1 1 1 1 1 2 2 2 2 2 2 2 3 3 4 4
1 48337864864 1 1 1 1 1 1 1 1 2 2 2 2 2 2 2 3 3 4 4
1 48337929376 1 1 1 1 1 1 1 1 2 2 2 2 2 2 2 3 3 4 4
1 48338060432 1 1 1 1 1 1 1 1 2 2 2 2 2 2 2 3 3 4 4
1 48394454208 1 1 1 1 1 1 1 1 2 2 2 2 2 2 2 3 3 4 4
1 48394486464 1 1 1 1 1 1 1 1 2 2 2 2 2 2 2 3 3 4 4
1 48396517824 1 1 1 1 1 1 1 1 2 2 2 2 2 2 2 3 3 4 4
1 48402842784 1 1 1 1 1 1 1 1 2 2 2 2 2 2 2 3 3 4 4
1 48402875040 1 1 1 1 1 1 1 1 2 2 2 2 2 2 2 3 3 4 4
1 48403071624 1 1 1 1 1 1 1 1 2 2 2 2 2 2 2 3 3 4 4
1 48405168257 1 1 1 1 1 1 1 1 2 2 2 2 2 2 2 3 3 4 4
1 48537026948 1 1 1 1 1 1 1 1 2 2 2 2 2 2 2 3 3 4 4
1 48537059457 1 1 1 1 1 1 1 1 2 2 2 2 2 2 2 3 3 4 4
1 49125961856 1 1 1 1 1 1 1 1 2 2 1 2 2 2 3 3 3 4 4
1 49125969984 1 1 1 1 1 1 1 1 2 2 1 2 2 2 3 3 3 4 4
1 49125974048 1 1 1 1 1 1 1 1 2 2 1 2 2 2 3 3 3 4 4
1 49126187648 1 1 1 1 1 1 1 1 2 2 1 2 2 2 3 3 3 4 4
1 49126203396 1 1 1 1 1 1 1 1 2 2 1 2 2 2 3 3 3 4 4
1 49126361120 1 1 1 1 1 1 1 1 2 2 1 2 2 2 3 3 3 4 4
1 49126363152 1 1 1 1 1 1 1 1 2 2 1 2 2 2 3 3 3 4 4
1 49126461444 1 1 1 1 1 1 1 1 2 2 1 2 2 2 3 3 3 4 4
1 49126590468 1 1 1 1 1 1 1 1 2 2 1 2 2 2 3 3 3 4 4
1 49128187008 1 1 1 1 1 1 1 1 2 2 1 2 2 2 3 3 3 4 4
1 49128202248 1 1 1 1 1 1 1 1 2 2 1 2 2 2 3 3 3 4 4
1 49128219264 1 1 1 1 1 1 1 1 2 2 1 2 2 2 3 3 3 4 4
1 49128227392 1 1 1 1 1 1 1 1 2 2 1 2 2 2 3 3 3 4 4
1 49128235012 1 1 1 1 1 1 1 1 2 2 1 2 2 2 3 3 3 4 4
1 49128457248 1 1 1 1 1 1 1 1 2 2 1 2 2 2 3 3 3 4 4
1 49128460296 1 1 1 1 1 1 1 1 2 2 1 2 2 2 3 3 3 4 4
1 49128489504 1 1 1 1 1 1 1 1 2 2 1 2 2 2 3 3 3 4 4
1 49128493060 1 1 1 1 1 1 1 1 2 2 1 2 2 2 3 3 3 4 4
1 49128686088 1 1 1 1 1 1 1 1 2 2 1 2 2 2 3 3 3 4 4
1 49128686596 1 1 1 1 1 1 1 1 2 2 1 2 2 2 3 3 3 4 4
1 49130520864 1 1 1 1 1 1 1 1 2 2 1 2 2 2 3 3 3 4 4
1 49130524674 1 1 1 1 1 1 1 1 2 2 1 2 2 2 3 3 3 4 4
1 49130782721 1 1 1 1 1 1 1 1 2 2 1 2 2 2 3 3 3 4 4
1 49136812296 1 1 1 1 1 1 1 1 2 2 1 2 2 2 3 3 3 4 4
1 49136813058 1 1 1 1 1 1 1 1 2 2 1 2 2 2 3 3 3 4 4
1 49174054192 2 1 1 1 1 1 1 1 2 2 2 2 2 3 3 3 3 4 4
1 49174055208 2 1 1 1 1 1 1 1 2 2 2 2 2 3 3 3 3 4 4
1 49174120480 1 1 1 1 1 1 1 1 2 2 1 1 2 3 3 3 3 4 4
1 49174120481 2 1 1 1 1 1 1 1 2 2 2 2 2 3 3 3 3 4 4
1 49174124544 1 1 1 1 1 1 1 1 2 2 0 2 2 3 3 3 3 4 4
1 49174184992 1 1 1 1 1 1 1 1 2 2 1 1 2 3 3 3 3 4 4
1 49174189056 1 1 1 1 1 1 1 1 2 2 0 2 2 3 3 3 3 4 4
1 49174413832 1 1 1 1 1 1 1 1 2 2 1 1 2 3 3 3 3 4 4
1 49176119586 2 1 1 1 1 1 1 1 2 2 2 2 2 3 3 3 3 4 4
1 49176248608 1 1 1 1 1 1 1 1 2 2 1 1 2 3 3 3 3 4 4
1 49176252672 1 1 1 1 1 1 1 1 2 2 0 2 2 3 3 3 3 4 4
1 49176510465 1 1 1 1 1 1 1 1 2 2 1 1 2 3 3 3 3 4 4
1 49178215714 2 1 1 1 1 1 1 1 2 2 2 2 2 3 3 3 3 4 4
1 49178280224 1 1 1 1 1 1 1 1 2 2 1 1 2 3 3 3 3 4 4
1 49178284288 1 1 1 1 1 1 1 1 2 2 0 2 2 3 3 3 3 4 4
1 49178476808 1 1 1 1 1 1 1 1 2 2 1 1 2 3 3 3 3 4 4
1 49178542081 1 1 1 1 1 1 1 1 2 2 1 1 2 3 3 3 3 4 4
1 49191101056 1 1 1 1 1 1 1 1 2 2 1 2 2 2 3 3 3 4 4
1 49191109184 1 1 1 1 1 1 1 1 2 2 1 2 2 2 3 3 3 4 4
1 49191116804 1 1 1 1 1 1 1 1 2 2 1 2 2 2 3 3 3 4 4
1 49191371296 1 1 1 1 1 1 1 1 2 2 1 2 2 2 3 3 3 4 4
1 49191374852 1 1 1 1 1 1 1 1 2 2 1 2 2 2 3 3 3 4 4
1 49191600644 1 1 1 1 1 1 1 1 2 2 1 2 2 2 3 3 3 4 4
1 49199726852 1 1 1 1 1 1 1 1 2 2 1 2 2 2 3 3 3 4 4
1 49199727106 1 1 1 1 1 1 1 1 2 2 1 2 2 2 3 3 3 4 4
1 49199759361 1 1 1 1 1 1 1 1 2 2 1 2 2 2 3 3 3 4 4
1 49249517826 1 1 1 1 1 1 1 1 2 2 1 1 2 3 3 3 3 4 4
1 49249517827 2 1 1 1 1 1 1 1 2 2 2 2 2 3 3 3 3 4 4
1 49398763712 1 1 1 1 1 1 1 1 2 2 2 2 2 2 2 3 3 4 4
1 49399025824 1 1 1 1 1 1 1 1 2 2 2 2 2 2 2 3 3 4 4
1 49399219360 1 1 1 1 1 1 1 1 2 2 2 2 2 2 2 3 3 4 4
1 49402955968 1 1 1 1 1 1 1 1 2 2 2 2 2 2 2 3 3 4 4
1 49403020480 1 1 1 1 1 1 1 1 2 2 2 2 2 2 2 3 3 4 4
1 49403218080 1 1 1 1 1 1 1 1 2 2 2 2 2 2 2 3 3 4 4
1 49403282592 1 1 1 1 1 1 1 1 2 2 2 2 2 2 2 3 3 4 4
1 49403413648 1 1 1 1 1 1 1 1 2 2 2 2 2 2 2 3 3 4 4
1 49405314208 1 1 1 1 1 1 1 1 2 2 2 2 2 2 2 3 3 4 4
1 49405510792 1 1 1 1 1 1 1 1 2 2 2 2 2 2 2 3 3 4 4
1 49467933888 1 1 1 1 1 1 1 1 2 2 2 2 2 2 2 3 3 4 4
1 49467966144 1 1 1 1 1 1 1 1 2 2 2 2 2 2 2 3 3 4 4
1 49468196000 1 1 1 1 1 1 1 1 2 2 2 2 2 2 2 3 3 4 4
1 49468228256 1 1 1 1 1 1 1 1 2 2 2 2 2 2 2 3 3 4 4
1 49468424840 1 1 1 1 1 1 1 1 2 2 2 2 2 2 2 3 3 4 4
1 49470259616 1 1 1 1 1 1 1 1 2 2 2 2 2 2 2 3 3 4 4
1 49470521473 1 1 1 1 1 1 1 1 2 2 2 2 2 2 2 3 3 4 4
1 49535304848 1 1 1 1 1 1 1 1 2 2 2 2 2 2 2 3 3 4 4
1 49535402632 1 1 1 1 1 1 1 1 2 2 2 2 2 2 2 3 3 4 4
1 49537368464 1 1 1 1 1 1 1 1 2 2 2 2 2 2 2 3 3 4 4
1 49537499265 1 1 1 1 1 1 1 1 2 2 2 2 2 2 2 3 3 4 4
1 49539465608 1 1 1 1 1 1 1 1 2 2 2 2 2 2 2 3 3 4 4
1 49539530881 1 1 1 1 1 1 1 1 2 2 2 2 2 2 2 3 3 4 4
1 50199711776 1 1 1 1 1 1 1 1 2 2 1 2 2 2 3 3 3 4 4
1 50199828608 1 1 1 1 1 1 1 1 2 2 1 2 2 2 3 3 3 4 4
1 50199840800 1 1 1 1 1 1 1 1 2 2 1 2 2 2 3 3 3 4 4
1 50199842832 1 1 1 1 1 1 1 1 2 2 1 2 2 2 3 3 3 4 4
1 50199937568 1 1 1 1 1 1 1 1 2 2 1 2 2 2 3 3 3 4 4
1 50199941124 1 1 1 1 1 1 1 1 2 2 1 2 2 2 3 3 3 4 4
1 50203988352 1 1 1 1 1 1 1 1 2 2 1 2 2 2 3 3 3 4 4
1 50204000544 1 1 1 1 1 1 1 1 2 2 1 2 2 2 3 3 3 4 4
1 50204004354 1 1 1 1 1 1 1 1 2 2 1 2 2 2 3 3 3 4 4
1 50206131216 1 1 1 1 1 1 1 1 2 2 1 2 2 2 3 3 3 4 4
1 50206163472 1 1 1 1 1 1 1 1 2 2 1 2 2 2 3 3 3 4 4
1 50206164996 1 1 1 1 1 1 1 1 2 2 1 2 2 2 3 3 3 4 4
1 50208325633 1 1 1 1 1 1 1 1 2 2 1 2 2 2 3 3 3 4 4
1 50264838784 1 1 1 1 1 1 1 1 2 2 1 2 2 2 3 3 3 4 4
1 50264850976 1 1 1 1 1 1 1 1 2 2 1 2 2 2 3 3 3 4 4
1 50264854532 1 1 1 1 1 1 1 1 2 2 1 2 2 2 3 3 3 4 4
1 50273206532 1 1 1 1 1 1 1 1 2 2 1 2 2 2 3 3 3 4 4
1 50273239041 1 1 1 1 1 1 1 1 2 2 1 2 2 2 3 3 3 4 4
1 50331816576 1 1 1 1 1 1 1 1 2 2 1 2 2 2 3 3 3 4 4
1 50331828768 1 1 1 1 1 1 1 1 2 2 1 2 2 2 3 3 3 4 4
1 50331832324 1 1 1 1 1 1 1 1 2 2 1 2 2 2 3 3 3 4 4
1 50331959824 1 1 1 1 1 1 1 1 2 2 1 2 2 2 3 3 3 4 4
1 50331961348 1 1 1 1 1 1 1 1 2 2 1 2 2 2 3 3 3 4 4
1 50332058116 1 1 1 1 1 1 1 1 2 2 1 2 2 2 3 3 3 4 4
1 50336121092 1 1 1 1 1 1 1 1 2 2 1 2 2 2 3 3 3 4 4
1 50336121346 1 1 1 1 1 1 1 1 2 2 1 2 2 2 3 3 3 4 4
1 50336153601 1 1 1 1 1 1 1 1 2 2 1 2 2 2 3 3 3 4 4
1 50468081856 1 1 1 1 1 1 1 1 2 2 2 2 2 2 2 3 3 4 4
1 50468275392 1 1 1 1 1 1 1 1 2 2 2 2 2 2 2 3 3 4 4
1 50468537504 1 1 1 1 1 1 1 1 2 2 2 2 2 2 2 3 3 4 4
1 50468766344 1 1 1 1 1 1 1 1 2 2 2 2 2 2 2 3 3 4 4
1 50474828936 1 1 1 1 1 1 1 1 2 2 2 2 2 2 2 3 3 4 4
1 50474861192 1 1 1 1 1 1 1 1 2 2 2 2 2 2 2 3 3 4 4
1 50476892552 1 1 1 1 1 1 1 1 2 2 2 2 2 2 2 3 3 4 4
1 50476957825 1 1 1 1 1 1 1 1 2 2 2 2 2 2 2 3 3 4 4
1 51405423488 1 1 1 1 1 1 1 1 2 2 1 2 2 2 3 3 3 4 4
1 51405439236 1 1 1 1 1 1 1 1 2 2 1 2 2 2 3 3 3 4 4
1 51755114496 1 2 1 1 1 1 1 1 1 2 0 2 2 2 2 2 3 3 4
1 51763240960 1 2 1 1 1 1 1 1 1 2 0 2 2 2 2 2 3 3 4
1 51767304192 1 2 1 1 1 1 1 1 1 2 0 2 2 2 2 2 3 3 4
1 51968624640 1 2 1 1 1 1 1 1 1 2 0 2 2 2 2 2 3 3 4
1 52767645696 1 2 1 1 1 1 1 1 1 2 0 2 2 2 2 2 3 3 4
1 52832559104 1 2 1 1 1 1 1 1 1 2 0 2 2 2 2 2 3 3 4
1 52908083200 1 2 1 1 1 1 1 1 1 2 0 2 2 2 2 2 3 3 4
1 52975124736 1 2 1 1 1 1 1 1 1 2 0 2 2 2 2 2 3 3 4
1 55908774016 1 2 1 1 1 1 1 1 1 2 1 2 2 2 2 3 3 3 4
1 55908782144 1 2 1 1 1 1 1 1 1 2 1 2 2 2 2 3 3 3 4
1 55912587328 1 2 1 1 1 1 1 1 1 2 1 2 2 2 2 3 3 3 4
1 55912837248 1 2 1 1 1 1 1 1 1 2 1 2 2 2 2 3 3 3 4
1 55912845376 1 2 1 1 1 1 1 1 1 2 1 2 2 2 2 3 3 3 4
1 55912849440 1 2 1 1 1 1 1 1 1 2 1 2 2 2 2 3 3 3 4
1 55915070528 1 2 1 1 1 1 1 1 1 2 1 2 2 2 2 3 3 3 4
1 55915077640 1 2 1 1 1 1 1 1 1 2 1 2 2 2 2 3 3 3 4
1 55927653392 1 2 1 1 1 1 1 1 1 2 1 2 2 2 2 3 3 3 4
1 55927654408 1 2 1 1 1 1 1 1 1 2 1 2 2 2 2 3 3 3 4
1 56050065408 1 2 1 1 1 1 1 1 1 2 0 1 2 2 2 3 3 3 4
1 56057675776 1 2 1 1 1 1 1 1 1 2 0 1 2 2 2 3 3 3 4
1 56057675777 1 2 1 1 1 1 1 1 1 2 1 2 2 2 2 3 3 3 4
1 56058191872 1 2 1 1 1 1 1 1 1 2 0 1 2 2 2 3 3 3 4
1 56377946208 1 1 1 1 1 1 1 1 2 2 2 2 2 2 3 3 3 3 4
1 56377946208 1 1 1 1 2 1 1 1 1 2 2 2 2 2 3 3 3 3 4
1 56378075232 1 1 1 1 1 1 1 1 2 2 2 2 2 2 3 3 3 3 4
1 56378075232 1 1 1 1 2 1 1 1 1 2 2 2 2 2 3 3 3 3 4
1 56440828000 1 1 1 1 1 1 1 1 2 2 2 2 2 2 3 3 3 3 4
1 56440828000 1 1 1 1 1 1 2 1 1 2 2 2 2 2 3 3 3 3 4
1 56440828000 1 1 1 1 2 1 1 1 1 2 2 2 2 2 3 3 3 3 4
1 56440828000 1 1 2 1 1 1 1 1 1 2 2 2 2 2 3 3 3 3 4
1 56440957024 1 1 1 1 1 1 1 1 2 2 2 2 2 2 3 3 3 3 4
1 56440957024 1 1 1 1 1 1 1 2 1 2 2 2 2 2 3 3 3 3 4
1 56440957024 1 1 1 1 1 1 2 1 1 2 2 2 2 2 3 3 3 3 4
1 56440957024 1 1 1 1 1 2 1 1 1 2 2 2 2 2 3 3 3 3 4
1 56440957024 1 1 1 1 2 1 1 1 1 2 2 2 2 2 3 3 3 3 4
1 56440957024 1 1 1 2 1 1 1 1 1 2 2 2 2 2 3 3 3 3 4
1 56440957024 1 1 2 1 1 1 1 1 1 2 2 2 2 2 3 3 3 3 4
1 56440957024 1 2 1 1 1 1 1 1 1 2 2 2 2 2 3 3 3 3 4
1 56445116768 1 1 1 1 1 1 1 1 2 2 2 2 2 2 3 3 3 3 4
1 56445116768 1 1 1 1 1 1 2 1 1 2 2 2 2 2 3 3 3 3 4
1 56445116768 1 1 1 1 2 1 1 1 1 2 2 2 2 2 3 3 3 3 4
1 56445116768 1 1 1 2 1 1 1 1 1 2 2 2 2 2 3 3 3 3 4
1 56445116768 1 2 1 1 1 1 1 1 1 2 2 2 2 2 3 3 3 3 4
1 56445636672 1 1 2 1 1 1 1 1 1 2 1 1 2 2 3 3 3 3 4
1 56445644800 2 2 1 1 1 1 1 1 1 2 0 2 2 2 3 3 3 3 4
1 56447247440 1 1 1 1 1 1 1 1 2 2 2 2 2 2 3 3 3 3 4
1 56447247440 1 1 1 1 1 1 1 2 1 2 2 2 2 2 3 3 3 3 4
1 56447247440 1 1 1 1 1 1 2 1 1 2 2 2 2 2 3 3 3 3 4
1 56447247440 1 1 1 1 2 1 1 1 1 2 2 2 2 2 3 3 3 3 4
1 56447247440 1 1 2 1 1 1 1 1 1 2 2 2 2 2 3 3 3 3 4
1 56447279696 1 1 1 1 1 1 1 1 2 2 2 2 2 2 3 3 3 3 4
1 56447279696 1 1 1 1 1 1 2 1 1 2 2 2 2 2 3 3 3 3 4
1 56447279696 1 1 1 1 2 1 1 1 1 2 2 2 2 2 3 3 3 3 4
1 56447279696 1 1 1 2 1 1 1 1 1 2 2 2 2 2 3 3 3 3 4
1 56449441856 1 1 2 1 1 1 1 1 1 2 1 1 2 2 3 3 3 3 4
1 56449699904 1 1 2 1 1 1 1 1 1 2 1 1 2 2 3 3 3 3 4
1 56449708032 2 2 1 1 1 1 1 1 1 2 0 2 2 2 3 3 3 3 4
1 56449828928 1 1 2 1 1 1 1 1 1 2 1 1 2 2 3 3 3 3 4
1 56449828928 1 2 1 1 1 1 1 1 1 2 1 1 2 2 3 3 3 3 4
1 56464507920 1 1 2 1 1 1 1 1 1 2 1 1 2 2 3 3 3 3 4
1 56572944992 1 1 1 1 1 1 1 1 2 2 2 2 2 2 3 3 3 3 4
1 56572944992 1 1 1 1 1 1 1 2 1 2 2 2 2 2 3 3 3 3 4
1 56572944992 1 1 1 1 1 1 2 1 1 2 2 2 2 2 3 3 3 3 4
1 56572944992 1 1 1 1 1 2 1 1 1 2 2 2 2 2 3 3 3 3 4
1 56572944992 1 1 1 1 2 1 1 1 1 2 2 2 2 2 3 3 3 3 4
1 56572944992 1 1 1 2 1 1 1 1 1 2 2 2 2 2 3 3 3 3 4
1 56572944992 1 1 2 1 1 1 1 1 1 2 2 2 2 2 3 3 3 3 4
1 56572944992 1 2 1 1 1 1 1 1 1 2 2 2 2 2 3 3 3 3 4
1 56573174340 1 1 1 1 1 1 1 1 2 2 2 2 2 2 3 3 3 3 4
1 56573174340 1 1 1 1 1 1 1 2 1 2 2 2 2 2 3 3 3 3 4
1 56573174340 1 1 1 1 1 2 1 1 1 2 2 2 2 2 3 3 3 3 4
1 56573174340 1 1 1 1 2 1 1 1 1 2 2 2 2 2 3 3 3 3 4
1 56573174340 1 1 1 2 1 1 1 1 1 2 2 2 2 2 3 3 3 3 4
1 56573174340 1 1 2 1 1 1 1 1 1 2 2 2 2 2 3 3 3 3 4
1 56577237316 1 1 1 1 1 1 1 1 2 2 2 2 2 2 3 3 3 3 4
1 56577237316 1 1 1 1 1 1 1 2 1 2 2 2 2 2 3 3 3 3 4
1 56577237316 1 1 1 1 1 2 1 1 1 2 2 2 2 2 3 3 3 3 4
1 56577237316 1 1 1 1 2 1 1 1 1 2 2 2 2 2 3 3 3 3 4
1 56577237316 1 1 2 1 1 1 1 1 1 2 2 2 2 2 3 3 3 3 4
1 56577269824 1 1 2 1 1 1 1 1 1 2 1 1 2 2 3 3 3 3 4
1 56577269825 1 1 1 1 1 1 1 1 2 2 2 2 2 2 3 3 3 3 4
1 56577269825 1 1 1 1 1 1 1 2 1 2 2 2 2 2 3 3 3 3 4
1 56577269825 1 1 1 1 1 2 1 1 1 2 2 2 2 2 3 3 3 3 4
1 56577269825 1 1 1 1 2 1 1 1 1 2 2 2 2 2 3 3 3 3 4
1 56577269825 1 1 2 1 1 1 1 1 1 2 2 2 2 2 3 3 3 3 4
1 56577527872 1 1 2 1 1 1 1 1 1 2 1 1 2 2 3 3 3 3 4
1 56577527872 1 2 1 1 1 1 1 1 1 2 1 1 2 2 3 3 3 3 4
1 56577536000 2 2 1 1 1 1 1 1 1 2 0 2 2 2 3 3 3 3 4
1 56577753664 1 1 2 1 1 1 1 1 1 2 1 1 2 2 3 3 3 3 4
1 56577753664 1 2 1 1 1 1 1 1 1 2 1 1 2 2 3 3 3 3 4
1 56585879872 1 1 2 1 1 1 1 1 1 2 1 1 2 2 3 3 3 3 4
1 56585879872 1 2 1 1 1 1 1 1 1 2 1 1 2 2 3 3 3 3 4
1 56585887744 1 2 1 1 1 1 1 1 1 2 0 1 1 2 3 3 3 3 4
1 56585888000 2 2 1 1 1 1 1 1 1 2 0 2 2 2 3 3 3 3 4
1 56590108704 1 1 2 1 1 1 1 1 1 2 1 1 2 2 3 3 3 3 4
1 56590205472 1 1 2 1 1 1 1 1 1 2 1 1 2 2 3 3 3 3 4
1 56590205472 1 2 1 1 1 1 1 1 1 2 1 1 2 2 3 3 3 3 4
1 56594014208 1 2 1 1 1 1 1 1 1 2 0 1 1 2 3 3 3 3 4
1 56594530304 1 1 2 1 1 1 1 1 1 2 0 0 2 2 3 3 3 3 4
1 56594530305 1 1 2 1 1 1 1 1 1 2 1 1 2 2 3 3 3 3 4
1 56914960448 1 2 1 1 1 1 1 1 1 2 1 2 2 2 2 3 3 3 4
1 56915210368 1 2 1 1 1 1 1 1 1 2 1 2 2 2 2 3 3 3 4
1 56915218496 1 2 1 1 1 1 1 1 1 2 1 2 2 2 2 3 3 3 4
1 56915222560 1 2 1 1 1 1 1 1 1 2 1 2 2 2 2 3 3 3 4
1 56915412032 1 2 1 1 1 1 1 1 1 2 1 2 2 2 2 3 3 3 4
1 56915419144 1 2 1 1 1 1 1 1 1 2 1 2 2 2 2 3 3 3 4
1 56921498752 1 2 1 1 1 1 1 1 1 2 1 2 2 2 2 3 3 3 4
1 56921506880 1 2 1 1 1 1 1 1 1 2 1 2 2 2 2 3 3 3 4
1 56921513992 1 2 1 1 1 1 1 1 1 2 1 2 2 2 2 3 3 3 4
1 56927799328 1 2 1 1 1 1 1 1 1 2 1 2 2 2 2 3 3 3 4
1 56927863840 1 2 1 1 1 1 1 1 1 2 1 2 2 2 2 3 3 3 4
1 56927866888 1 2 1 1 1 1 1 1 1 2 1 2 2 2 2 3 3 3 4
1 56930092040 1 2 1 1 1 1 1 1 1 2 1 2 2 2 2 3 3 3 4
1 56984380544 1 2 1 1 1 1 1 1 1 2 1 2 2 2 2 3 3 3 4
1 56984388672 1 2 1 1 1 1 1 1 1 2 1 2 2 2 2 3 3 3 4
1 56984395784 1 2 1 1 1 1 1 1 1 2 1 2 2 2 2 3 3 3 4
1 56986444160 1 2 1 1 1 1 1 1 1 2 1 2 2 2 2 3 3 3 4
1 56986452288 1 2 1 1 1 1 1 1 1 2 1 2 2 2 2 3 3 3 4
1 56986460162 1 2 1 1 1 1 1 1 1 2 1 2 2 2 2 3 3 3 4
1 56987492352 1 2 1 1 1 1 1 1 1 2 0 1 2 2 2 3 3 3 4
1 56992777248 1 2 1 1 1 1 1 1 1 2 1 2 2 2 2 3 3 3 4
1 56992780296 1 2 1 1 1 1 1 1 1 2 1 2 2 2 2 3 3 3 4
1 56992809504 1 2 1 1 1 1 1 1 1 2 1 2 2 2 2 3 3 3 4
1 56992813060 1 2 1 1 1 1 1 1 1 2 1 2 2 2 2 3 3 3 4
1 56993006088 1 2 1 1 1 1 1 1 1 2 1 2 2 2 2 3 3 3 4
1 56993006596 1 2 1 1 1 1 1 1 1 2 1 2 2 2 2 3 3 3 4
1 56995102720 1 2 1 1 1 1 1 1 1 2 0 1 2 2 2 3 3 3 4
1 56995102721 1 2 1 1 1 1 1 1 1 2 1 2 2 2 2 3 3 3 4
1 56995618816 1 2 1 1 1 1 1 1 1 2 0 1 2 2 2 3 3 3 4
1 56995876864 1 2 1 1 1 1 1 1 1 2 0 1 2 2 2 3 3 3 4
1 57001713664 1 2 1 1 1 1 1 1 1 2 0 1 2 2 2 3 3 3 4
1 57002165248 1 2 1 1 1 1 1 1 1 2 0 1 2 2 2 3 3 3 4
1 57126961412 1 2 1 1 1 1 1 1 1 2 1 2 2 2 2 3 3 3 4
1 57126993920 1 2 1 1 1 1 1 1 1 2 0 1 2 2 2 3 3 3 4
1 57126993921 1 2 1 1 1 1 1 1 1 2 1 2 2 2 2 3 3 3 4
1 57127510016 1 2 1 1 1 1 1 1 1 2 0 1 2 2 2 3 3 3 4
1 57127993856 1 2 1 1 1 1 1 1 1 2 0 1 2 2 2 3 3 3 4
1 57196810240 1 2 1 1 1 1 1 1 1 2 0 1 2 2 2 3 3 3 4
1 57198841856 1 2 1 1 1 1 1 1 1 2 0 1 2 2 2 3 3 3 4
1 57199035392 1 2 1 1 1 1 1 1 1 2 0 1 2 2 2 3 3 3 4
1 57270075648 1 2 1 1 1 1 1 1 1 2 0 1 2 2 2 3 3 3 4
1 57646555460 1 1 1 1 1 1 1 1 2 2 2 2 2 2 3 3 3 3 4
1 57646555460 1 1 1 1 1 1 1 2 1 2 2 2 2 2 3 3 3 3 4
1 57646555460 1 1 1 1 2 1 1 1 1 2 2 2 2 2 3 3 3 3 4
1 57646555460 1 1 2 1 1 1 1 1 1 2 2 2 2 2 3 3 3 3 4
1 57647071808 1 1 2 1 1 1 1 1 1 2 1 1 2 2 3 3 3 3 4
1 57647071808 1 2 1 1 1 1 1 1 1 2 1 1 2 2 3 3 3 3 4
1 57647079936 2 2 1 1 1 1 1 1 1 2 0 2 2 2 3 3 3 3 4
1 57663332352 1 2 1 1 1 1 1 1 1 2 0 1 1 2 3 3 3 3 4
1 57663815940 1 1 2 1 1 1 1 1 1 2 1 1 2 2 3 3 3 3 4
1 57663848448 1 1 2 1 1 1 1 1 1 2 0 0 2 2 3 3 3 3 4
1 57663848449 1 1 2 1 1 1 1 1 1 2 1 1 2 2 3 3 3 3 4
1 57713724000 1 1 1 1 1 1 1 1 2 2 2 2 2 2 3 3 3 3 4
1 57713724000 1 1 1 1 1 1 2 1 1 2 2 2 2 2 3 3 3 3 4
1 57713724000 1 1 1 1 2 1 1 1 1 2 2 2 2 2 3 3 3 3 4
1 57713724000 1 1 1 2 1 1 1 1 1 2 2 2 2 2 3 3 3 3 4
1 57713724000 1 2 1 1 1 1 1 1 1 2 2 2 2 2 3 3 3 3 4
1 57713727556 1 1 1 1 1 1 1 1 2 2 2 2 2 2 3 3 3 3 4
1 57713727556 1 1 1 1 1 1 1 2 1 2 2 2 2 2 3 3 3 3 4
1 57713727556 1 1 1 1 2 1 1 1 1 2 2 2 2 2 3 3 3 3 4
1 57713727556 1 1 1 2 1 1 1 1 1 2 2 2 2 2 3 3 3 3 4
1 57713727556 1 1 2 1 1 1 1 1 1 2 2 2 2 2 3 3 3 3 4
1 57715855684 1 1 1 1 1 1 1 1 2 2 2 2 2 2 3 3 3 3 4
1 57715855684 1 1 1 1 2 1 1 1 1 2 2 2 2 2 3 3 3 3 4
1 57715855938 1 1 1 1 1 1 1 1 2 2 2 2 2 2 3 3 3 3 4
1 57715855938 1 1 1 1 2 1 1 1 1 2 2 2 2 2 3 3 3 3 4
1 57715888192 1 1 2 1 1 1 1 1 1 2 1 1 2 2 3 3 3 3 4
1 57715896320 2 2 1 1 1 1 1 1 1 2 0 2 2 2 3 3 3 3 4
1 57716113984 1 1 2 1 1 1 1 1 1 2 1 1 2 2 3 3 3 3 4
1 57716113984 1 2 1 1 1 1 1 1 1 2 1 1 2 2 3 3 3 3 4
1 57716122112 2 2 1 1 1 1 1 1 1 2 0 2 2 2 3 3 3 3 4
1 57716279328 1 1 2 1 1 1 1 1 1 2 1 1 2 2 3 3 3 3 4
1 57716376096 1 1 2 1 1 1 1 1 1 2 1 1 2 2 3 3 3 3 4
1 57716376096 1 2 1 1 1 1 1 1 1 2 1 1 2 2 3 3 3 3 4
1 57720184832 1 2 1 1 1 1 1 1 1 2 0 1 1 2 3 3 3 3 4
1 57720700928 1 1 2 1 1 1 1 1 1 2 0 0 2 2 3 3 3 3 4
1 57720700929 1 1 2 1 1 1 1 1 1 2 1 1 2 2 3 3 3 3 4
1 57726279680 1 2 1 1 1 1 1 1 1 2 0 1 1 2 3 3 3 3 4
1 57726795776 1 1 2 1 1 1 1 1 1 2 0 0 2 2 3 3 3 3 4
1 57726795777 1 1 2 1 1 1 1 1 1 2 1 1 2 2 3 3 3 3 4
1 57780765536 1 1 1 1 1 1 1 1 2 2 2 2 2 2 3 3 3 3 4
1 57780765536 1 1 1 1 1 1 2 1 1 2 2 2 2 2 3 3 3 3 4
1 57780765536 1 1 1 1 2 1 1 1 1 2 2 2 2 2 3 3 3 3 4
1 57780765536 1 2 1 1 1 1 1 1 1 2 2 2 2 2 3 3 3 3 4
1 57780769092 1 1 1 1 1 1 1 1 2 2 2 2 2 2 3 3 3 3 4
1 57780769092 1 1 1 1 1 1 2 1 1 2 2 2 2 2 3 3 3 3 4
1 57780769092 1 1 1 1 2 1 1 1 1 2 2 2 2 2 3 3 3 3 4
1 57780769092 1 1 2 1 1 1 1 1 1 2 2 2 2 2 3 3 3 3 4
1 57781027392 1 1 2 1 1 1 1 1 1 2 1 1 2 2 3 3 3 3 4
1 57781027392 1 2 1 1 1 1 1 1 1 2 1 1 2 2 3 3 3 3 4
1 57781035520 2 2 1 1 1 1 1 1 1 2 0 2 2 2 3 3 3 3 4
1 57781518852 1 1 2 1 1 1 1 1 1 2 1 1 2 2 3 3 3 3 4
1 57789161472 1 2 1 1 1 1 1 1 1 2 0 1 1 2 3 3 3 3 4
1 57789645060 1 1 2 1 1 1 1 1 1 2 1 1 2 2 3 3 3 3 4
1 57789677568 1 1 2 1 1 1 1 1 1 2 0 0 2 2 3 3 3 3 4
1 57789677569 1 1 2 1 1 1 1 1 1 2 1 1 2 2 3 3 3 3 4
1 57805897984 1 2 1 1 1 1 1 1 1 2 0 1 1 2 3 3 3 3 4
1 59058008192 1 2 1 1 1 1 1 1 1 2 1 2 2 2 2 3 3 3 4
1 59058016320 1 2 1 1 1 1 1 1 1 2 1 2 2 2 2 3 3 3 4
1 59058201728 1 2 1 1 1 1 1 1 1 2 1 2 2 2 2 3 3 3 4
1 59058209856 1 2 1 1 1 1 1 1 1 2 1 2 2 2 2 3 3 3 4
1 59058216968 1 2 1 1 1 1 1 1 1 2 1 2 2 2 2 3 3 3 4
1 59058700808 1 2 1 1 1 1 1 1 1 2 1 2 2 2 2 3 3 3 4
1 59064763400 1 2 1 1 1 1 1 1 1 2 1 2 2 2 2 3 3 3 4
1 59064795656 1 2 1 1 1 1 1 1 1 2 1 2 2 2 2 3 3 3 4
1 59064796164 1 2 1 1 1 1 1 1 1 2 1 2 2 2 2 3 3 3 4
1 59066892288 1 2 1 1 1 1 1 1 1 2 0 1 2 2 2 3 3 3 4
1 59066892289 1 2 1 1 1 1 1 1 1 2 1 2 2 2 2 3 3 3 4
1 59067408384 1 2 1 1 1 1 1 1 1 2 0 1 2 2 2 3 3 3 4
1 59067859968 1 2 1 1 1 1 1 1 1 2 0 1 2 2 2 3 3 3 4
1 59082081280 1 2 1 1 1 1 1 1 1 2 0 1 2 2 2 3 3 3 4
1 59207877632 1 2 1 1 1 1 1 1 1 2 0 1 2 2 2 3 3 3 4
1 59209941248 1 2 1 1 1 1 1 1 1 2 0 1 2 2 2 3 3 3 4
1 59995325190 1 1 1 1 1 1 1 1 2 2 2 2 2 2 3 3 3 3 4
1 59995325190 1 1 1 1 2 1 1 1 1 2 2 2 2 2 3 3 3 3 4
1 59995357444 1 1 2 1 1 1 1 1 1 2 1 1 2 2 3 3 3 3 4
1 59995357696 1 2 1 1 1 1 1 1 1 2 0 1 1 2 3 3 3 3 4
1 59995357952 2 2 1 1 1 1 1 1 1 2 0 2 2 2 3 3 3 3 4
1 60204277760 1 2 1 1 1 1 1 1 1 2 0 2 2 2 2 2 3 3 4
1 60208340992 1 2 1 1 1 1 1 1 1 2 0 2 2 2 2 2 3 3 4
1 60222949376 1 2 1 1 1 1 1 1 1 2 0 2 2 2 2 2 3 3 4
1 60283832320 1 2 1 1 1 1 1 1 1 2 0 2 2 2 2 2 3 3 4
1 60285863936 1 2 1 1 1 1 1 1 1 2 0 2 2 2 2 2 3 3 4
1 60352905472 1 2 1 1 1 1 1 1 1 2 0 2 2 2 2 2 3 3 4
1 66574194880 1 1 1 1 1 1 1 1 2 2 2 2 2 2 2 3 3 4 4
1 66574198944 1 1 1 1 1 1 1 1 2 2 2 2 2 2 2 3 3 4 4
1 66574259392 1 1 1 1 1 1 1 1 2 2 2 2 2 2 2 3 3 4 4
1 66574263456 1 1 1 1 1 1 1 1 2 2 2 2 2 2 2 3 3 4 4
1 66574492296 1 1 1 1 1 1 1 1 2 2 2 2 2 2 2 3 3 4 4
1 66576491656 1 1 1 1 1 1 1 1 2 2 2 2 2 2 2 3 3 4 4
1 66576523912 1 1 1 1 1 1 1 1 2 2 2 2 2 2 2 3 3 4 4
1 66578620545 1 1 1 1 1 1 1 1 2 2 2 2 2 2 2 3 3 4 4
1 67377400352 1 1 1 1 1 1 1 1 2 2 1 2 2 2 3 3 3 4 4
1 67377403908 1 1 1 1 1 1 1 1 2 2 1 2 2 2 3 3 3 4 4
1 67379532036 1 1 1 1 1 1 1 1 2 2 1 2 2 2 3 3 3 4 4
1 67444441888 1 1 1 1 1 1 1 1 2 2 1 2 2 2 3 3 3 4 4
1 67444445444 1 1 1 1 1 1 1 1 2 2 1 2 2 2 3 3 3 4 4
1 67645834752 1 2 1 1 1 1 1 1 1 2 0 2 2 2 2 3 3 3 3
1 67645834880 1 2 1 1 1 1 1 1 1 2 1 2 2 2 2 3 3 3 4
1 67645834944 1 1 1 1 1 1 1 1 2 2 2 2 2 2 2 3 3 4 4
1 67645842056 1 1 1 1 1 1 1 1 2 2 2 2 2 2 2 3 3 4 4
1 67645850120 1 2 1 1 1 1 1 1 1 2 1 2 2 2 2 3 3 3 4
1 67647938689 1 1 1 1 1 1 1 1 2 2 2 2 2 2 2 3 3 4 4
1 67647946752 1 2 1 1 1 1 1 1 1 2 0 1 2 2 2 3 3 3 4
1 67647946753 1 2 1 1 1 1 1 1 1 2 1 2 2 2 2 3 3 3 4
1 67648914432 1 2 1 1 1 1 1 1 1 2 0 1 2 2 2 3 3 3 4
